scale_mu,g1,g2,g3,yt,lambda
173.10000000000005,0.46252892000000001,0.64778039999999992,1.1667104000000001,0.93553429309878466,0.12595336245590702
164.65781338107368,0.46239790407262815,0.64804277299114632,1.170359380280861,0.93824633598757834,0.12696312314432726
156.62735706202471,0.46226698436527014,0.64830540489972088,1.1740435739290791,0.94098416485580316,0.12798359036704324
148.98855071917762,0.46213616055430851,0.64856829534907445,1.1777635583601866,0.94374821999124803,0.12901495443686881
141.7222933577988,0.46200543231281138,0.64883144394308123,1.1815199244539241,0.9465389524564285,0.1300574106319351
134.81041554966035,0.46187479931043035,0.64909485026556368,1.185313276963448,0.94935682443231451,0.13111115936417145
128.23563400000555,0.46174426121329487,0.6493585138796959,1.1891442349399315,0.95220230957560481,0.13217640635480221
121.9815083303095,0.46161381768390292,0.64962243432738709,1.1930134321732466,0.9550758933901855,0.13325336281720626
116.03239996876937,0.46148346838100762,0.64988661112864266,1.1969215176494596,0.957978073613445,0.13434224564750588
110.37343304572917,0.46135321295949999,0.65015104378090283,1.2008691560259046,0.96090936061815313,0.13544327762327271
104.99045719625707,0.46122305107028738,0.65041573175835699,1.2048570281246442,0.96387027783065415,0.13655668761076128
99.870012176862474,0.46109298236016755,0.65068067451123379,1.2088858314451687,0.96686136216616214,0.13768271078110456
94.999294207876204,0.46096300647169791,0.65094587146506511,1.2129562806972292,0.96988316448199519,0.13882158883593154
90.366123957332121,0.46083312304306029,0.65121132201992271,1.2170691083547531,0.97293625004962858,0.13997357024289458
85.958916086293229,0.46070333170792044,0.6514770255496275,1.221225065231839,0.97602119904650164,0.14113891048162303
81.766650279469886,0.46057363209528218,0.65174298140092823,1.2254249210818826,0.97913860706856304,0.14231787230065129
77.77884368869131,0.4604440238293363,0.65200918889265025,1.2296694652209474,0.98228908566459916,0.143510725985903
73.985524720324833,0.46031450652930356,0.65227564731481158,1.2339595071765537,0.98547326289345005,0.14471774964134801
70.377208101097949,0.46018507980927165,0.65254235592770549,1.2382958773631259,0.98869178390528367,0.14593922948248816
66.944871159974412,0.46005574327802584,0.65280931396094766,1.2426794277854099,0.99194531154816801,0.14717546014336791
63.679931266776912,0.45992649653887308,0.65307652061248678,1.2471110327712467,0.99523452700125548,0.14842674499785014
60.574224371141241,0.45979733918945903,0.65334397504757602,1.2515915897351704,0.99856013043597325,0.14969339649594443
57.619984588137818,0.45966827082157818,0.6536116763977049,1.2561220199743801,1.001922841706699,0.15097573651602553
54.809824779514358,0.4595392910209759,0.65387962375948772,1.2607032694987339,1.0053234010724912,0.15227409673383366
52.136718082002425,0.45941039936714295,0.65414781619350859,1.2653363098965025,1.0087625699515417,0.15358881900920673
49.593980336499143,0.45928159543310121,0.65441625272311932,1.27002213923773,1.0122411317101221,0.15492025579155649
47.175253374187818,0.45915287878518113,0.65468493233318881,1.2747617830171589,1.0157598924879068,0.15626877054516822
44.874489117804053,0.45902424898278948,0.65495385396880101,1.2795562951387944,1.0193196820616761,0.15763473819547519
42.685934458292309,0.45889570557816772,0.65522301653389936,1.2844067589443118,1.0229213547495313,0.15901854559753728
40.604116869036595,0.45876724811614011,0.65549241888987442,1.289314288287646,1.0265657903578893,0.16042059202803632
38.623830721693423,0.45863887613385118,0.65576205985409275,1.2942800286582512,1.0302538951736782,0.16184128970219111
36.740124269409435,0.45851058916049198,0.65603193819836292,1.2993051583556676,1.0339866030043066,0.16328106431709202
34.948287264875063,0.4583823867170142,0.65630205264733643,1.3043908897182122,1.0377648762681575,0.16474035562306033
33.243839182252742,0.45825426831583249,0.65657240187683941,1.3095384704087756,1.0415897071385385,0.16621961802475013
31.62251801352857,0.45812623346051295,0.65684298451213208,1.3147491847609158,1.0454621187442183,0.16771932121383323
30.08026961127225,0.45799828164544842,0.65711379912609158,1.3200243551886321,1.0493831664298954,0.16923995083523991
28.613237551156821,0.45787041235551873,0.65738484423731469,1.3253653436634392,1.0533539390801729,0.1707820091890711
27.21775348888913,0.45774262506573604,0.65765611830813531,1.3307735532625906,1.0573755605108639,0.17234601597045296
25.890327987438312,0.45761491924087372,0.65792761974255343,1.3362504297925668,1.0614491909317185,0.17393250904977214
24.627641791625678,0.45748729433507823,0.65819934688406923,1.3417974634922163,1.0655760284849556,0.17554204529591316
23.426537528257832,0.4573597497914631,0.65847129801341764,1.3474161908202402,1.0697573108642948,0.17717520144531548
22.28401181104908,0.45723228504168367,0.65874347134619859,1.3531081963320353,1.0739943170195232,0.17883257501988403
21.197207730591334,0.45710489950549166,0.65901586503039578,1.3588751146512563,1.0782883689519986,0.18051478529701903
20.163407710592484,0.45697759259026882,0.65928847714377858,1.3647186325418381,1.0826408336068913,0.18222247433528557
19.180026712520153,0.4568503636905375,0.65956130569117966,1.3706404910866239,1.0870531248683939,0.18395630805951921
18.244605771658868,0.45672321218744788,0.65983434860164181,1.376642487979189,1.0915267056646003,0.18571697740946538
17.354805848417474,0.45659613744823963,0.66010760372542565,1.3827264799359233,1.0960630901892641,0.1875051995563784
16.508401979511781,0.45646913882567686,0.66038106883087067,1.3888943852359548,1.1006638462481955,0.18932171919236462
15.703277714397444,0.45634221565745459,0.66065474160110005,1.3951481863970558,1.1053305977386616,0.19116730989764585
14.93741982304117,0.45621536726557532,0.66092861963056049,1.4014899329962842,1.1100650272708099,0.19304277559134725
14.208913261797013,0.45608859295569337,0.6612027004213864,1.4079217446447654,1.1148688789408427,0.19494895207188298
13.515936384799737,0.45596189201642534,0.66147698137957833,1.4144458141267482,1.1197439612664584,0.19688670865352612
12.856756388901317,0.45583526371862432,0.66175145981098316,1.4210644107138404,1.124692150295916,0.19885694990631306
12.22972498076048,0.45570870731461582,0.66202613291706425,1.4277798836661828,1.1297153929030146,0.20086061750705023
11.6332742552508,0.45558222203739263,0.66230099779044804,1.4345946659332482,1.1348157102812912,0.20289869220987125
11.065912774881193,0.45545580709976619,0.66257605141023246,1.4415112780679595,1.1399952016518546,0.20497219594553917
10.526221840425338,0.45532946169347144,0.6628512906370414,1.448532332368925,1.1452560482004912,0.20708219405951203
10.012851943434642,0.45520318498822221,0.66312671220780939,1.455660537266797,1.1506005172610145,0.20922979769969716
9.5245193917641924,0.45507697613071352,0.66340231273027772,1.4628987019720749,1.1560309667632984,0.2114161663658205
9.0600030996737448,0.45495083424356758,0.66367808867718248,1.4702497414031197,1.161549849966049,0.21364251063344414
8.6181415344773438,0.45482475842421938,0.66395403638011441,1.4777166814147291,1.1671597204961426,0.21591009506688813
8.1978298121065851,0.45469874774373759,0.6642301520230266,1.4853026643493632,1.1728632377183168,0.21822024133666856
7.798016934324945,0.45457280124557625,0.66450643163536638,1.493010954935011,1.1786631724611547,0.22057433155856593
7.4177031606847406,0.45444691794425252,0.66478287108480472,1.5008449465557945,1.1845624131276882,0.22297381187310589
7.0559375086552727,0.45432109682394478,0.66505946606953381,1.5088081679237106,1.1905639722215751,0.22542019628608939
6.7118153756711569,0.45419533683700564,0.66533621211010219,1.5169042901824628,1.1966709933227206,0.22791507079287238
6.3844762771547181,0.45406963690238311,0.66561310454075251,1.5251371344771398,1.2028867585494425,0.2304600978113959
6.0731016948563425,0.45394399590394341,0.66589013850022649,1.5335106800266063,1.2092146965478581,0.23305702095153477
5.7769130301325093,0.45381841268868772,0.66616730892199505,1.5420290727389032,1.215658391053156,0.23570767015120228
5.4951696570436228,0.45369288606485492,0.66644461052387149,1.5506966344137612,1.2222215900718369,0.23841396721285976
5.2271670704033912,0.45356741479990109,0.66672203779695871,1.559517872580549,1.2289082157389415,0.24117793177768018
4.9722351241489005,0.45344199761834636,0.66699958499387912,1.5684974910246663,1.2357223749097823,0.24400168777865577
4.7297363556263949,0.45331663319947801,0.66727724611622963,1.5776404010606022,1.2426683705518426,0.24688747041848416
4.4990643916025999,0.45319132017489888,0.66755501490120006,1.5869517336156864,1.2497507140093749,0.24983763372318499
4.2796424320157955,0.45306605712590758,0.66783288480728598,1.5964368521950361,1.2569741382209356,0.25285465872817131
4.0709218076752212,0.45294084258069672,0.66811084899902073,1.6061013668054342,1.2643436119787321,0.25594116236002434
3.8723806083023069,0.45281567501135389,0.66838890033064557,1.6159511489239715,1.2718643553283719,0.25909990708460251
3.6835223774831283,0.45269055283064813,0.66866703132862559,1.6259923476063503,1.2795418562185328,0.26233381140049061
3.5038748712687777,0.45256547438858347,0.66894523417291263,1.6362314068399337,1.287381888522408,0.26564596126630619
3.3329888773195129,0.45244043796869832,0.669223500676845,1.64667508425807,1.2953905315667009,0.269039622561209
3.1704370916399207,0.45231544178408856,0.66950182226556165,1.6573304713451129,1.3035741913197081,0.27251825469030794
3.0158130500963591,0.4521904839731285,0.66978018995279742,1.6682050152761145,1.3119396234078931,0.27608552546077197
2.8687301120449025,0.45206556259486191,0.67005859431590886,1.6793065425516085,1.3204939581506507,0.27974532737061303
2.7288204935283416,0.45194067562403178,0.67033702546896579,1.6906432846065365,1.3292447278260553,0.28350179547065618
2.5957343476247186,0.45181582094571426,0.67061547303372537,1.7022239055935131,1.338199896406723,0.28735932698154482
2.4691388896477973,0.45169099634951831,0.67089392610828225,1.7140575325646688,1.3473678920350205,0.2913226028722225
2.3487175650120058,0.45156619952330773,0.67117237323316759,1.7261537883037144,1.356757642541311,0.29539661163475306
2.2341692576810885,0.45144142804639725,0.6714508023546415,1.7385228270911695,1.3663786143484939,0.29958667552326129
2.1252075372211694,0.45131667938216918,0.67172920078489251,1.7511753737215257,1.3762408551515919,0.30389847956301153
2.0215599425754727,0.45119195087004932,0.67200755515882427,1.7641227661322274,1.3863550408136163,0.30833810368015968
1.9229673007697632,0.4510672397167747,0.67228585138706842,1.7773770020516388,1.3967325269795852,0.31291205835469427
1.829183078844913,0.45094254298687564,0.67256407460481926,1.7909507901276969,1.4073854059808559,0.31762732425994333
1.7399727673960907,0.45081785759228549,0.67284220911603032,1.8048576060619936,1.4183265696835912,0.32249139642349262
1.6551132941770981,0.45069318028098027,0.67312023833245715,1.8191117543471182,1.4295697790303146,0.32751233352854003
1.574392466303562,0.45056850762453582,0.6733981447069568,1.8337284362900643,1.4411297411346604,0.33269881307417631
1.4976084396601972,0.45044383600447652,0.67367590966037894,1.848723825103584,1.4530221949196698,0.33806019323099012
1.4245692141853816,0.45031916159727026,0.67395351350128618,1.8641151489632577,1.4652640064430535,0.34360658236864766
1.355092153770995,0.45019448035780452,0.67423093533763623,1.8799207830640121,1.4778732752333399,0.34934891739951357
1.2890035295770166,0.45006978800115421,0.67450815297943101,1.8961603518698944,1.4908694531743221,0.35529905228296649
1.2261380856189346,0.44994507998242306,0.67478514283118962,1.9128548429399981,1.5042734777286633,0.36146985827631178
1.1663386255417063,0.44982035147440702,0.67506187977292909,1.9300267339376351,1.5181079215934201,0.36787533780952208
1.1094556195469911,0.44969559734278952,0.67533833702813151,1.9477001346966683,1.532397161241243,0.37453075421430904
1.0553468304907674,0.44957081211853078,0.67561448601693441,1.9659009465377228,1.5471675672343455,0.38145277996830912
1.0038769582163853,0.44944598996705853,0.67589029619249286,1.9846570414095253,1.5624477197206192,0.38865966664163881
1,0.44943632835853509,0.67591162587974807,1.9861325626619528,1.5636523685415706,0.38922984318144688
181.97502678268978,0.46266003246778736,0.64751828628401142,1.1630960687406955,0.93284760634557418,0.12495412279249218
191.3050859188946,0.46279124179327141,0.64725643218252848,1.1595158348465147,0.93018585600962944,0.12396522329290224
201.11350741626578,0.46292254829070517,0.64699483801703739,1.1559691589835339,0.92754863219157002,0.12298648759473157
211.42481743752532,0.4630539522714025,0.64673350409166575,1.1524555137864323,0.92493553451567379,0.12201774369082211
222.26479962864792,0.4631854540438245,0.64647243069366933,1.1489743835169901,0.92234617184541512,0.12105882379127576
233.66055959140596,0.46331705391366285,0.64621161809390282,1.1455252637344842,0.91978016200935531,0.12010956419075722
245.6405926614926,0.46344875218392056,0.64595106654727541,1.1421076609774878,0.91723713153694086,0.11916980514084959
258.23485516170359,0.46358054915499025,0.64569077629319183,1.1387210924566116,0.91471671540379007,0.11823939072723794
271.4748393083479,0.4637124451247297,0.64543074755597951,1.1353650857577413,0.91221855678606534,0.1173181687515068
285.39365195819175,0.46384444038853528,0.64517098054530198,1.1320391785553501,0.90974230682355117,0.11640599061734898
300.02609739284566,0.4639765352394129,0.64491147545655891,1.1287429183354809,0.90728762439107336,0.11550271122099275
315.40876434759656,0.46410872996804675,0.64465223247127468,1.125475862128015,0.90485417587791506,0.11460818884566455
331.58011750230474,0.46424102486286606,0.64439325175747375,1.1222375762478585,0.9024416349748996,0.11372228505991319
348.58059366313876,0.46437342021010958,0.64413453347004501,1.1190276360446989,0.90004968246882722,0.11284486461963004
366.45270287565313,0.46450591629388843,0.6438760777510949,1.1158456256609939,0.89767800604396586,0.11197579537360808
385.24113472204516,0.46463851339624662,0.64361788473028969,1.1126911377978748,0.89532630009031167,0.11111494817248999
404.99287006838796,0.46477121179722014,0.64335995452518724,1.109563773488659,0.89299426551834771,0.11026219678096312
425.75729854126678,0.46490401177489399,0.64310228724155871,1.1064631418796798,0.8906816095800405,0.10941741779306549
447.58634202757162,0.46503691360545762,0.64284488297370113,1.1033888600181543,0.88838804569582852,0.10858049055047396
470.53458450625919,0.46516991756325893,0.64258774180473999,1.1003405526468235,0.88611329328736566,0.10775129706365155
494.65940853673197,0.46530302392085621,0.64233086380692306,1.0973178520051081,0.88385707761579457,0.10692972193573673
520.02113874512577,0.46543623294906916,0.64207424904190569,1.0943203976365383,0.88161912962533417,0.106115652289063
546.68319266729668,0.4655695449170279,0.64181789756102769,1.0913478362022229,0.87939918579197651,0.10530897769420239
574.7122393256941,0.46570296009222095,0.64156180940558205,1.0883998213001331,0.87719698797709589,0.10450959010143124
604.17836593664231,0.46583647874054152,0.64130598460707566,1.0854760132899901,0.87501228328578262,0.10371738377452147
635.15525316488845,0.46597010112633286,0.64105042318748306,1.0825760791235486,0.87284482392972162,0.10293225522676491
667.7203593636433,0.46610382751243196,0.64079512515949233,1.0796996921800814,0.87069436709444481,0.10215410315914243
701.95511426080986,0.46623765816021229,0.64054009052674421,1.0768465321068781,0.86856067481079191,0.10138282840055367
737.94512257571876,0.46637159332962508,0.64028531928406451,1.0740162846645744,0.86644351383042373,0.1006183338500269
775.78037807551516,0.46650563327923988,0.6400308114176898,1.0712086415771438,0.8643426555052367,0.099860524420832236
815.55548860645308,0.46663977826628356,0.63977656690548668,1.0684233003863817,0.86225787567053447,0.099109306986424603
857.36991266278983,0.46677402854667843,0.63952258571716514,1.0656599643107261,0.86018895453181976,0.098364590328146456
901.32820808482688,0.46690838437507942,0.63926886781448589,1.0629183421082611,0.85813567655507306,0.097626285084622982
947.54029350797293,0.46704284600491008,0.63901541315146193,1.060198147943757,0.85609783036039244,0.096894303702785678
996.12172321658613,0.46717741368839777,0.63876222167455454,1.0574991012596078,0.85407520861887276,0.096168560390462884
1047.1939760898747,0.46731208767660776,0.63850929332286388,1.0548209266505291,0.85206760795260861,0.095448971070478561
1100.8847593623702,0.46744686821947651,0.6382566280283144,1.0521633537418902,0.85007482883770891,0.094735453336203021
1157.3283279585341,0.46758175556584419,0.63800422571583548,1.0495261170715526,0.84809667551021661,0.094027926408501827
1216.6658201999987,0.46771674996348606,0.63775208630353675,1.0469089559750995,0.84613295587483084,0.093326311094031361
1279.045610724887,0.46785185165914328,0.63750020970287891,1.0443116144743367,0.84418348141633326,0.092630529744831575
1344.6236815016928,0.46798706089855291,0.6372485958188403,1.0417338411689605,0.84224806711362432,0.091940506219168758
1413.5640118654501,0.46812237792647687,0.63699724455007811,1.0391753891312816,0.84032653135627822,0.091256165843582926
1486.0389885514826,0.46825780298673064,0.63674615578908667,1.0366360158039059,0.83841869586353046,0.090577435376096388
1562.2298367520345,0.46839333632221081,0.6364953294223501,1.0341154829002734,0.83652438560561404,0.08990424297054192
1642.3270732736482,0.46852897817492201,0.63624476533049223,1.0316135563079618,0.83464342872736363,0.089236518141970533
1726.5309829284147,0.46866472878600335,0.63599446338842169,1.0291300059946622,0.83277565647401142,0.088574191733100563
1815.0521193503287,0.46880058839575417,0.63574442346547388,1.0266646059167426,0.83092090311910005,0.087917195881771326
1908.1118314890457,0.46893655724365885,0.63549464542554868,1.0242171339303123,0.8290790058944415,0.087265463989366104
2005.9428170975518,0.46907263556841144,0.63524512912724507,1.0217873717047086,0.82724980492205358,0.08661893069017057
2108.7897045977534,0.46920882360793942,0.63499587442399197,1.0193751046383268,0.82543314314800853,0.085977531821634229
2216.9096647789515,0.46934512159942687,0.63474688116417621,1.0169801217767194,0.82362886627812948,0.085341204395503592
2330.5730538587718,0.46948152977933733,0.63449814919126657,1.0146022157328911,0.82183682271547509,0.084709886569797166
2450.0640895145293,0.46961804838343574,0.6342496783439352,1.0122411826097222,0.82005686349955265,0.084083517621593509
2575.6815615754635,0.46975467764681023,0.63400146845617578,1.00989682192445,0.81828884224720433,0.083462037920604623
2707.739579152947,0.4698914178038931,0.63375351935741875,1.0075689365351481,0.81653261509511166,0.082845388903508135
2846.5683560768721,0.47002826908848155,0.63350583087264367,1.0052573325691379,0.81478804064386601,0.082233513049012774
2992.515036602229,0.47016523173375774,0.63325840282248869,1.0029618193532726,0.81305497990355513,0.081626353853632441
3145.9445634505655,0.47030230597230838,0.63301123502335754,1.0006822093460388,0.81133329624081696,0.081023855808145404
3307.2405903568706,0.4704394920361441,0.63276432728752363,0.99841831807141568,0.80962285532731426,0.080425964374715816
3476.8064414037585,0.47057679015671811,0.63251767942323156,0.99616996405444125,0.8079235250895852,0.079832625964655721
3655.0661195417547,0.47071420056494445,0.63227129123479653,0.99393696875843218,0.8062351756602264,0.079243787916806488
3842.4653668175229,0.47085172349121618,0.6320251625227008,0.9917191565238076,0.80455767933036637,0.078659398476519524
4039.4727789611616,0.47098935916542267,0.63177929308368808,0.98951635450846842,0.80289091050339012,0.078079406775216617
4246.5809771196082,0.47112710781696682,0.63153368271085597,0.9873283926296853,0.80123474564987496,0.077503762810511398
4464.3078396661003,0.47126496967478171,0.63128833119374539,0.98515510350745061,0.79958906326370072,0.076932417426873581
4693.1977971658644,0.47140294496734719,0.63104323831842846,0.98299632240925061,0.7979537438192984,0.076365322296818861
4933.8231937361024,0.47154103392270569,0.63079840386759423,0.98085188719621552,0.79632866973000205,0.075802429902607465
5186.7857182044127,0.47167923676847795,0.63055382762063217,0.97872163827060799,0.79471372530747042,0.075243693518435434
5452.7179086442602,0.47181755373187839,0.63030950935371366,0.97660541852460903,0.7931087967221464,0.074689067193102907
5732.2847340496364,0.47195598503973013,0.63006544883987181,0.97450307329036545,0.79151377196472195,0.074138505733144511
6026.1852571039108,0.47209453091847958,0.62982164584907907,0.97241445029126028,0.78992854080857966,0.073591964686407399
6335.1543822006652,0.47223319159421095,0.62957810014832349,0.97033939959437276,0.78835299477318055,0.073049400326062899
6659.9646930874715,0.47237196729266012,0.62933481150168247,0.96827777356409162,0.78678702708837078,0.072510769635038552
7001.4283847276811,0.47251085823922856,0.62909177967039553,0.96622942681685031,0.78523053265958009,0.071976030290857279
7360.3992942108898,0.47264986465899678,0.62884900441293512,0.96419421617695122,0.78368340803388481,0.071445140650871486
7737.7750357904015,0.47278898677673753,0.62860648548507547,0.96217200063344832,0.782145551366911,0.070918059737879777
8134.4992453864097,0.47292822481692881,0.62836422263996028,0.96016264129805817,0.78061686239055328,0.070394747226114829
8551.5639401673161,0.47306757900376634,0.62812221562816883,0.95816600136407026,0.77909724238148437,0.069875163427591105
8990.0119991093743,0.47320704956117615,0.62788046419778043,0.95618194606622897,0.77758659413043441,0.069359269278801552
9450.93977073733,0.47334663671282673,0.62763896809443709,0.95421034264155957,0.77608482191221595,0.068847026327752817
9935.4998145668087,0.4734863406821409,0.6273977270614054,0.95225106029111295,0.77459183145647481,0.068338396721328951
10444.90378310344,0.47362616169230753,0.62715674083963679,0.95030397014260237,0.773107529919145,0.067833343192973725
10980.425451605242,0.47376609996629288,0.62691600916782608,0.94836894521390847,0.77163182585458812,0.067331829050682176
11543.403903184251,0.47390615572685202,0.62667553178246915,0.94644586037742895,0.77016462918839801,0.066833818165292339
12135.246877211792,0.47404632919653977,0.62643530841791906,0.94453459232524917,0.768705851190852,0.066339274959068176
12757.434289400171,0.47418662059772138,0.62619533880644096,0.94263501953511175,0.76725540445098961,0.065848164394565409
13411.52193236281,0.47432703015258326,0.62595562267826599,0.94074702223716355,0.76581320285130305,0.065360451963771896
14099.145365906154,0.47446755808314334,0.62571615976164363,0.93887048238145898,0.76437916154302032,0.064876103677514674
14822.024006781112,0.47460820461126119,0.62547694978289303,0.93700528360619906,0.7629531969219665,0.064395086055125908
15581.965428120538,0.47474896995864807,0.6252379924664534,0.93515131120668726,0.76153522660498596,0.063917366114360386
16380.869879313594,0.47488985434687686,0.62499928753493295,0.93330845210498259,0.76012516940691066,0.063442911361557358
17220.735037619001,0.47503085799739148,0.62476083470915711,0.93147659482023082,0.75872294531805951,0.062971689782039736
18103.661003398753,0.47517198113151649,0.62452263370821537,0.92965562943965774,0.75732847548225424,0.062503669830743944
19031.855551462893,0.47531322397046627,0.62428468424950734,0.92784544759020493,0.75594168217533819,0.062038820423073932
20007.639651656529,0.47545458673535429,0.62404698604878761,0.92604594241079241,0.75456248878418364,0.06157711092597308
21033.453272493385,0.47559606964720191,0.62380953882020984,0.92425700852519221,0.75319081978617564,0.061118511149207799
22111.861482348006,0.47573767292694719,0.6235723422763696,0.9224785420154954,0.75182660072915852,0.060662991336857035
23245.560863462782,0.4758793967954536,0.62333539612834676,0.92071044039615901,0.75046975821183359,0.060210522159001925
24437.386254808131,0.47602124147351849,0.62309870008574653,0.91895260258861688,0.74912021986459554,0.059761074703610084
25690.317840656542,0.47616320718188132,0.62286225385673966,0.91720492889644001,0.74777791433079599,0.059314620468609143
27007.488602595553,0.47630529414123202,0.62262605714810215,0.91546732098103256,0.7464427712484234,0.058871131354144408
28392.192153613621,0.47644750257221885,0.62239010966525354,0.91373968183785037,0.74511472123218814,0.058430579655015587
29847.89097384816,0.47658983269545641,0.62215441111229497,0.91202191577312752,0.74379369585600152,0.057992938053287688
31378.225068589411,0.47673228473153351,0.62191896119204593,0.91031392838109926,0.74247962763583997,0.057558179611071451
32987.021070189658,0.47687485890102066,0.62168375960608069,0.90861562652170846,0.74117245001298271,0.057126277763468694
34678.301806637312,0.4770175554244776,0.6214488060547636,0.90692691829878291,0.73987209733761483,0.056697206311678135
36456.296360722285,0.47716037452246085,0.62121410023728374,0.90524771303867291,0.73857850485278553,0.056270939416257472
38325.450644945799,0.47730331641553075,0.62097964185168897,0.90357792126933623,0.73729160867871213,0.055847451590537486
40290.438518617397,0.47744638132425887,0.62074543059491905,0.90191745469986073,0.73601134579742211,0.055426717694184155
42356.173474937728,0.47758956946923481,0.62051146616283825,0.90026622620041297,0.73473765403772384,0.055008712926904936
44527.820927290886,0.47773288107107331,0.62027774825026738,0.89862414978260263,0.73347047206049765,0.054593412822295309
46810.81112546839,0.47787631635042099,0.62004427655101457,0.89699114058025264,0.73220973934429956,0.054180793241822019
49210.852734122178,0.47801987552796299,0.61981105075790632,0.89536711483056497,0.73095539617126959,0.053770830368939371
51733.947107399712,0.47816355882442974,0.619578070562817,0.8937519898556725,0.7297073836133372,0.053363500703335162
54386.403295455377,0.47830736646060329,0.61934533565669847,0.89214568404456784,0.72846564351871612,0.052958781055302898
57174.853820362019,0.47845129865732378,0.61911284572960856,0.89054811683539947,0.72723011849868202,0.052556648540236985
60106.271260870926,0.47859535563549582,0.61888060047073923,0.88895920869812728,0.72600075191462521,0.052157080573247812
63187.985687490531,0.47873953761609461,0.6186485995684442,0.88737888111752761,0.72477748786537255,0.051760054863893609
66427.702991480735,0.47888384482017204,0.61841684271026576,0.88580705657654102,0.72356027117477084,0.051365549411026112
69833.524153594888,0.47902827746886278,0.61818532958296124,0.88424365853995346,0.72234904737952677,0.050973542497747139
73413.965500751307,0.47917283578339021,0.61795405987252883,0.88268861143840316,0.72114376271729563,0.05058401268647332
77177.980001286487,0.4793175199850721,0.61772303326423306,0.88114184065270618,0.71994436411501384,0.050196938814106168
81134.979652039357,0.47946233029532676,0.61749224944262948,0.87960327249849235,0.71875079917746887,0.049812299987304923
85294.859013245878,0.47960726693567823,0.61726170809158909,0.87807283421114468,0.71756301617610141,0.04943007557785959
89668.019950093454,0.47975233012776236,0.61703140889432195,0.87655045393103548,0.71638096403803342,0.04905024521816162
94265.397642802011,0.47989752009333192,0.61680135153340088,0.8750360606890516,0.7152045923353173,0.04867278879676986
99098.487930270421,0.48004283705426232,0.61657153569078393,0.87352958439240269,0.71403385127440078,0.048297686454069441
104179.37605566165,0.48018828123255686,0.61634196104783723,0.87203095581070578,0.71286869168580236,0.047924918578021211
109520.7668858056,0.48033385285035207,0.61611262728535654,0.87054010656233949,0.71170906501399211,0.047554465799999633
115136.01667998388,0.48047955212992294,0.61588353408358887,0.86905696910106234,0.71055492330747339,0.047186308990716838
121039.16648753494,0.48062537929368798,0.61565468112225386,0.86758147670288877,0.70940621920906066,0.046820429256230867
127244.97725779105,0.48077133456421445,0.61542606808056399,0.86611356345321666,0.70826290594634889,0.046456807934035955
133768.96675014033,0.48091741816422329,0.61519769463724516,0.86465316423420147,0.70712493732236947,0.046095426589232956
140627.44833650804,0.4810636303165941,0.6149695604705564,0.86320021471237052,0.70599226770642953,0.045736267010777883
147837.57179328357,0.48120997124437004,0.61474166525830942,0.861754651326473,0.70486485202512916,0.045379311207806798
155417.36618469452,0.48135644117076254,0.61451400867788752,0.86031641127555958,0.70374264575355305,0.045024541406035144
163385.78494485791,0.48150304031915631,0.61428659040626432,0.85888543250728655,0.70262560490663284,0.044671940044229759
171762.75327123818,0.48164976891311378,0.61405941012002219,0.85746165370644034,0.70151368603067565,0.044321489770751892
180569.21794801921,0.48179662717637989,0.61383246749537002,0.85604501428367652,0.70040684619505544,0.043973173440169461
189827.19972397553,0.48194361533288671,0.61360576220816099,0.85463545436446908,0.69930504298406326,0.04362697410993701
199559.84837581438,0.48209073360675786,0.61337929393390955,0.85323291477826513,0.69820823448891267,0.043282875037141698
209791.50059467566,0.48223798222231312,0.61315306234780864,0.85183733704784081,0.69711637929989789,0.042940859675313837
220547.74084053613,0.48238536140407273,0.61292706712474609,0.85044866337885361,0.69602943649869931,0.042600911671300389
231855.46531668579,0.48253287137676187,0.61270130793932076,0.84906683664958715,0.69494736565083504,0.042263014862200084
243742.94922424565,0.4826805123653149,0.61247578446585882,0.84769180040088399,0.69387012679825399,0.041927153272358582
256239.91746489846,0.48282828459487964,0.61225049637842888,0.84632349882626257,0.69279768045206802,0.041593311110422436
269377.6189686259,0.48297618829082173,0.61202544335085762,0.84496187676221424,0.69172998758541915,0.04126147276645039
283188.90483231045,0.48312422367872859,0.61180062505674471,0.84360687967867654,0.69066700962648053,0.040931622809080768
297708.31046458875,0.48327239098441377,0.6115760411694775,0.84225845366967877,0.68960870845158617,0.040603745982753632
312972.14194236218,0.48342069043392089,0.61135169136224543,0.84091654544415662,0.6885550463784883,0.040277827204986502
329018.56679489993,0.48356912225352766,0.61112757530805428,0.8395811023169315,0.68750598615973857,0.039953851563702361
345887.70944254281,0.48371768666975007,0.61090369267973976,0.83825207219985221,0.68646149097619102,0.039631804314608846
363621.75152865384,0.48386638390934611,0.61068004314998148,0.83692940359309387,0.68542152443062365,0.039311670878627386
382265.03739569843,0.48401521419931987,0.61045662639131582,0.83561304557661287,0.68438605054147639,0.038993436839371239
401864.18496919796,0.48416417776692527,0.61023344207614938,0.8343029478017524,0.6833550337367027,0.038677087940671262
422468.2023268264,0.48431327483967002,0.61001048987677176,0.83299906048299721,0.68232843884773275,0.038362610084148423
444128.61024413101,0.48446250564531929,0.60978776946536772,0.83170133438987348,0.68130623110354527,0.038049989326831943
466899.5710233078,0.48461187041189951,0.60956528051403003,0.83040972083899089,0.68028837612484638,0.037739211878822142
490838.02392716845,0.4847613693677022,0.60934302269477103,0.82912417168622421,0.67927483991835258,0.037430264100996896
516003.82755695586,0.48491100274128751,0.60912099567953504,0.82784463931903141,0.67826558887117561,0.037123132502760836
542459.90953002626,0.48506077076148796,0.6088991991402094,0.8265710766489055,0.67726058974530778,0.036817803739836327
570272.42383166985,0.48521067365741194,0.60867763274863618,0.82530343710395704,0.676259809672205,0.036514264612095254
599510.91623453272,0.48536071165844741,0.60845629617662322,0.82404167462162536,0.67526321614746576,0.036212502061430833
630248.49819927232,0.48551088499426537,0.60823518909595531,0.8227857436415148,0.67427077702560356,0.035912503169668479
662562.02969129209,0.48566119389482343,0.60801431117840443,0.82153559909835461,0.6732824605149117,0.035614255156514944
696532.31137068896,0.4858116385903693,0.60779366209574082,0.82029119641507942,0.67229823517241782,0.035317745377544868
732244.28663599084,0.48596221931144412,0.6075732415197429,0.81905249149602732,0.6713180698989264,0.035022961322223975
769787.2540268983,0.48611293628888602,0.60735304912220767,0.81781944072025414,0.67034193393414798,0.034729890611968073
809255.09051714686,0.48626378975383344,0.6071330845749604,0.81659200093496109,0.66936979685191234,0.034438520998237132
850746.48625584017,0.48641477993772847,0.60691334754986448,0.81537012944903364,0.66840162855546503,0.034148840360663707
894365.19134422776,0.48656590707232028,0.60669383771883079,0.81415378402668914,0.66743739927284451,0.033860836705214926
940220.27526499948,0.48671717138966836,0.6064745547538275,0.81294292288123138,0.66647707955233892,0.033574498162387369
988426.39961280383,0.48686857312214576,0.60625549832688863,0.8117375046689097,0.66552064025802093,0.033289812985434139
1039104.1048079592,0.48702011250244248,0.60603666811012358,0.81053748848288076,0.66456805256535845,0.033006769548623444
1092380.111510291,0.48717178976356851,0.60581806377572556,0.8093428338472709,0.66361928795690006,0.03272535634552802
1148387.6374867877,0.48732360513885714,0.6055996849959806,0.80815350071133718,0.66267431821803402,0.03244556198734478
1207266.7307254083,0.48747555886196814,0.60538153144327556,0.80696944944372451,0.66173311543281876,0.032167375201244006
1269164.6196279991,0.48762765116689094,0.60516360279010695,0.80579064082681839,0.66079565197988344,0.031890784828747541
1334236.081157987,0.48777988228794766,0.60494589870908866,0.80461703605119006,0.6598619005283981,0.031615779824135305
1402643.8278634078,0.48793225245979627,0.60472841887296025,0.80344859671013269,0.65893183403411071,0.031342349252879625
1474558.914743029,0.48808476191743366,0.60451116295459462,0.80228528479428707,0.65800542573545062,0.031070482290106734
1550161.1669729452,0.48823741089619871,0.60429413062700577,0.80112706268635525,0.65708264914969694,0.030800168219084947
1629639.6295631863,0.48839019963177538,0.60407732156335636,0.7999738931558994,0.6561634780692106,0.030531396429738924
1713193.0400687098,0.4885431283601957,0.60386073543696506,0.79882573935422563,0.65524788655772859,0.030264156417189499
1801030.3255368073,0.48869619731784264,0.60364437192131359,0.79768256480934996,0.65433584894671948,0.029998437780318563
1893371.1249335483,0.48884940674145327,0.60342823069005425,0.7965443334210458,0.6534273398317989,0.029734230220358499
1990446.3383555987,0.48900275686812167,0.60321231141701659,0.79541100945597076,0.6525223340692039,0.029471523539505651
2092498.7044007343,0.48915624793530177,0.60299661377621427,0.79428255754287169,0.65162080677232448,0.02921030763955736
2199783.4071407714,0.4893098801808104,0.60278113744185169,0.7931589426678658,0.65072273330829233,0.028950572520572086
2312568.7142146658,0.48946365384283008,0.60256588208833084,0.79204013016979757,0.64982808929462466,0.028692308279552162
2431136.6476373458,0.48961756915991206,0.60235084739025735,0.79092608573566892,0.64893685059592221,0.028435505109148718
2555783.6890016459,0.48977162637097899,0.60213603302244711,0.78981677539614192,0.64804899332062105,0.028180153296388344
2686821.5208367216,0.48992582571532789,0.6019214386599322,0.78871216552111234,0.64716449381779639,0.027926243221421052
2824577.8059767187,0.490080167432633,0.60170706397796725,0.78761222281535292,0.64628332867401794,0.027673765356289119
2969397.0068885316,0.4902346517629485,0.60149290865203497,0.7865169143142251,0.64540547471025522,0.027422710263716402
3121641.2470073933,0.49038927894671142,0.60127897235785244,0.78542620737945756,0.64453090897883281,0.027173068595917726
3281691.2162340833,0.49054404922474432,0.60106525477137629,0.78434006969499093,0.6436596087604336,0.026924831093427925
3449947.1228579748,0.49069896283825815,0.60085175556880888,0.783258469262887,0.64279155156114998,0.026677988583950197
3626829.6942862156,0.49085402002885498,0.60063847442660334,0.78218137439930124,0.6419267151095811,0.026432531981223355
3812781.2290813928,0.49100922103853067,0.60042541102146907,0.78110875373051813,0.64106507735397689,0.026188452283907634
4008266.7029383229,0.49116456610967774,0.60021256503037712,0.78004057618904687,0.64020661645942589,0.025945740574488677
4213774.9313654853,0.49132005548508795,0.59999993613056524,0.77897681100977789,0.63935131080508789,0.025704388018199357
4429819.7919784021,0.49147568940795511,0.59978752399954283,0.77791742772619754,0.63849913898146993,0.025464385861959097
4656941.5094613489,0.49163146812187764,0.59957532831509608,0.77686239616666142,0.63765007978774424,0.025225725433330334
4895708.0064104516,0.49178739187086135,0.59936334875529285,0.77581168645072429,0.63680411222910815,0.024988398139491826
5146716.3234359985,0.49194346089932206,0.59915158499848731,0.77476526898552522,0.63596121551418527,0.024752395466228445
5410594.1120749451,0.49209967545208833,0.59894003672332452,0.77372311446222863,0.63512136905246608,0.024517708976937173
5688001.2042466924,0.49225603577440391,0.59872870360874531,0.7726851938525181,0.63428455245178883,0.024284330311648988
5979631.2621765696,0.49241254211193053,0.59851758533399047,0.77165147840514392,0.63345074551585856,0.024052251186066312
6286213.5129127149,0.49256919471075056,0.59830668157860523,0.77062193964252179,0.63261992824180435,0.023821463390615773
6608514.5717735318,0.49272599381736942,0.59809599202244357,0.76959654935738309,0.63179208081777383,0.023591958789515949
6947340.3592852969,0.49288293967871832,0.59788551634567244,0.76857527960947503,0.63096718362056459,0.023363729319859833
7303538.1164032603,0.49304003254215678,0.59767525422877577,0.76755810272231018,0.63014521721329109,0.023136766990711762
7677998.523055342,0.49319727265547531,0.59746520535255854,0.76654499127996389,0.62932616234308769,0.022911063882218495
8071657.925305889,0.49335466026689789,0.59725536939815105,0.76553591812391997,0.62850999993884571,0.022686612144734213
8485500.6767085511,0.49351219562508447,0.59704574604701222,0.76453085634996221,0.62769671110898473,0.022463403997959163
8920561.5997028835,0.49366987897913361,0.59683633498093391,0.76352977930511234,0.62688627713925749,0.022241431730091729
9377928.5732095148,0.49382771057858499,0.5966271358820443,0.76253266058461289,0.62607867949058804,0.022020687696993616
9858745.252894016,0.49398569067342202,0.5964181484328116,0.76153947402895417,0.62527389979694137,0.021801164321367968
10364213.930901824,0.49414381951407416,0.59620937231604787,0.76055019372094479,0.62447191986322548,0.021582854091950158
10895598.542214829,0.49430209735141961,0.596000807214912,0.75956479398282539,0.62367272166322441,0.02136574956271101
11454227.8251472,0.49446052443678778,0.59579245281291349,0.75858324937342347,0.62287628733756184,0.021149843352072244
12041498.643883267,0.49461910102196177,0.59558430879391577,0.75760553468535052,0.62208259919169506,0.020935128142133913
12658879.481365578,0.49477782735918086,0.59537637484213946,0.7566316249422389,0.62129163969393775,0.020721596677913595
13307914.111267155,0.4949367037011429,0.59516865064216529,0.75566149539601923,0.62050339147351308,0.020509241766597183
13990225.458229793,0.49509573030100701,0.59496113587893751,0.75469512152423657,0.61971783731863406,0.020298056276800983
14707519.65602101,0.49525490741239581,0.59475383023776707,0.75373247902740537,0.6189349601746128,0.020088033137845001
15461590.313757142,0.49541423528939804,0.59454673340433417,0.75277354382640238,0.61815474314199703,0.019879165339037143
16254323.000860395,0.49557371418657103,0.59433984506469173,0.75181829205989636,0.61737716947473376,0.01967144592896819
17087699.961964544,0.49573334435894295,0.5941331649052678,0.750866700081815,0.61660222257835962,0.019464868014817328
17963805.073559023,0.49589312606201547,0.59392669261286857,0.74991874445884754,0.6158298860082172,0.019259424761668031
18884829.054765593,0.49605305955176615,0.59372042787468116,0.74897440196798271,0.61506014346769722,0.019055109391834166
19853074.945277233,0.49621314508465075,0.59351437037827615,0.74803364959408158,0.61429297880650624,0.018851915184196065
20870963.864156984,0.49637338291760585,0.59330851981161026,0.7470964645274849,0.6135283760189586,0.018649835473546459
21941041.063896708,0.49653377330805115,0.59310287586302912,0.74616282416165347,0.61276631924229352,0.018448863649946051
23065982.294874072,0.49669431651389184,0.5928974382212695,0.74523270609084236,0.61200679275501579,0.018248993158088582
24248600.496122241,0.49685501279352118,0.59269220657546184,0.74430608810780696,0.61124978097526006,0.018050217496675222
25491852.829142649,0.49701586240582274,0.59248718061513261,0.74338294820154172,0.61049526845917856,0.017852530217798101
26798848.07234906,0.49717686561017299,0.59228236003020684,0.74246326455504963,0.60974323989935153,0.017655924926332865
28172854.394632917,0.49733802266644345,0.59207774451101014,0.74154701554314351,0.60899368012321997,0.017460395279340041
29617307.527487855,0.49749933383500333,0.59187333374827122,0.74063417973027701,0.60824657409154093,0.017265934985475132
31135819.356128048,0.49766079937672181,0.59166912743312383,0.73972473586840592,0.60750190689686379,0.017072537804407203
32732186.951082587,0.49782241955297041,0.59146512525710904,0.73881866289487919,0.6067596637620285,0.016880197546245892
34410402.062849604,0.49798419462562543,0.59126132691217714,0.7379159399303582,0.60601983003868443,0.016688908070976657
36174661.103351727,0.49814612485707033,0.5910577320906899,0.73701654627676538,0.60528239120583027,0.016498663287904124
38029375.639151707,0.49830821051019802,0.59085434048542229,0.73612046141526033,0.60454733286837359,0.016309457155103405
39979183.422666706,0.49847045184841338,0.59065115178956484,0.73522766500424386,0.60381464075571112,0.016121283678879241
42028959.98896502,0.49863284913563549,0.59044816569672509,0.73433813687738914,0.60308430072032793,0.015934136913232849
44183830.847143337,0.49879540263630018,0.59024538190092968,0.73345185704169913,0.60235629873641661,0.015748010959336329
46449184.296769202,0.49895811261536216,0.59004280009662602,0.73256880567559113,0.60163062089851504,0.015562899965014516
48830684.90143659,0.49912097933829763,0.58984041997868408,0.7316889631270066,0.60090725342016271,0.015378798124234132
51334287.653125443,0.49928400307110649,0.58963824124239816,0.73081230991154633,0.60018618263257617,0.015195699676600139
53966252.862783417,0.49944718408031469,0.58943626358348855,0.72993882671063137,0.59946739498334167,0.01501359890685915
56733161.814364113,0.49961052263297673,0.58923448669810297,0.7290684943696879,0.59875087703512608,0.014832490144409799
59641933.221464984,0.49977401899667789,0.58903291028281857,0.7282012938963569,0.59803661546440534,0.014652367762819939
62699840.527715147,0.49993767343953666,0.58883153403464294,0.72733720645872701,0.59732459706021002,0.014473226179350554
65914530.094173014,0.500101486230207,0.58863035765101601,0.72647621338359203,0.59661480872288797,0.014295059854486291
69294040.319211751,0.50026545763788088,0.58842938082981133,0.72561829615473017,0.59590723746288332,0.014117863291472478
72846821.738702208,0.50042958793229053,0.58822860326933768,0.72476343641120733,0.59520187039953232,0.013941631035858536
76581758.1567543,0.50059387738371053,0.58802802466834014,0.72391161594570208,0.59449869475987505,0.013766357675047684
80508188.859854668,0.50075832626296068,0.58782764472600169,0.72306281670285277,0.59379769787748338,0.013592037837852807
84635931.969947487,0.50092293484140804,0.58762746314194447,0.72221702077762662,0.59309886719130389,0.01341866619405842
88975308.994853348,0.5010877033909692,0.58742747961623099,0.72137421041371019,0.59240219024451712,0.013246237453988603
93537170.637415051,0.50125263218411276,0.58722769384936546,0.7205343680019205,0.59170765468341102,0.013074746368080826
98332923.927906632,0.50141772149386188,0.58702810554229501,0.71969747607863754,0.59101524825627028,0.012904187726465547
103374560.74755065,0.50158297159379617,0.58682871439641071,0.71886351732425646,0.59032495881227942,0.012734556358551514
108674687.81446755,0.50174838275805445,0.58662952011354874,0.71803247456166053,0.58963677430044115,0.012565847132616666
114246558.20703752,0.50191395526133697,0.58643052239599169,0.71720433075471335,0.58895068276850826,0.01239805495540453
120104104.50349967,0.50207968937890757,0.58623172094646947,0.71637906900677106,0.5882666723619302,0.012231174771726059
126261973.62065475,0.50224558538659625,0.58603311546816028,0.71555667255921329,0.58758473132281275,0.012065201564066782
132735563.43878643,0.50241164356080159,0.58583470566469176,0.71473712478999318,0.58690484798889198,0.011900130352199214
139541061.30438241,0.50257786417849282,0.58563649124014183,0.71392040921220612,0.58622701079252093,0.011735956192800424
146695484.50693217,0.50274424751721247,0.58543847189903997,0.71310650947267684,0.58555120825966989,0.011572674179074685
154216722.83101475,0.50291079385507842,0.58524064734636749,0.71229540935056412,0.58487742900893946,0.011410279440381128
162123583.2900784,0.5030775034707865,0.58504301728755914,0.71148709275598376,0.58420566175058652,0.011248767141866298
170435837.15377051,0.50324437664361277,0.58484558142850351,0.71068154372864911,0.58353589528556249,0.011088132484101579
179174269.38640994,0.5034114136534158,0.58464833947554395,0.70987874643652837,0.58286811850456421,0.010928370702725357
188360730.62022439,0.50357861478063914,0.58445129113547933,0.70907868517451911,0.58220232038709707,0.010769477068089893
198018191.79331237,0.50374598030631357,0.58425443611556505,0.70828134436313994,0.5815384900005498,0.010611446884912801
208170801.58895344,0.50391351051205957,0.58405777412351345,0.70748670854723783,0.58087661649928135,0.010454275491933075
218843946.819895,0.50408120568008963,0.58386130486749488,0.70669476239471252,0.58021668912371938,0.01029795826157158
230064315.90860748,0.50424906609321063,0.58366502805613796,0.70590549069525632,0.57955869719947017,0.010142490599595955
241859965.62224191,0.5044170920348261,0.58346894339853062,0.70511887835911002,0.57890263013643972,0.0099878679447898445
254260391.22916192,0.50458528378893863,0.58327305060422052,0.70433491041583418,0.57824847742796637,0.0098340857686263945
267296600.25247803,0.50475364164015246,0.58307734938321587,0.70355357201309576,0.57759622864996374,0.009681139574945952
281001190.00500661,0.50492216587367555,0.58288183944598582,0.70277484841546978,0.57694587346007509,0.0095290248996378977
295408429.09953099,0.50509085677532206,0.58268652050346104,0.701998725003256,0.57629740159683784,0.009377737310326548
310554343.13818312,0.50525971463151476,0.5824913922670345,0.70122518727131,0.57565080287885895,0.0092272724060610649
326476804.79521394,0.50542873972928737,0.5822964544485616,0.70045422082788888,0.57500606720400038,0.0090776258170093133
343215628.51840603,0.50559793235628692,0.58210170676036099,0.69968581139351116,0.57436318454857449,0.0089287932041556099
360812670.08593112,0.50576729280077626,0.581907148915215,0.69891994479983033,0.57372214496655016,0.0087807702590022834
379311931.26759773,0.50593682135163631,0.58171278062636977,0.69815660698852289,0.57308293858876824,0.0086335527032750208
398759669.85219485,0.5061065182983685,0.58151860160753621,0.69739578401018931,0.57244555562216648,0.0084871362886319059
419204515.31605852,0.50627638393109708,0.58132461157288995,0.69663746202326882,0.5718099863490147,0.0083415167963761319
440697590.42209291,0.5064464185405716,0.58113081023707203,0.69588162729296721,0.57117622112615929,0.0081966900371722908
463292639.05330592,0.50661662241816929,0.58093719731518889,0.69512826619019796,0.57054425038427625,0.0080526518507662258
487046160.6005109,0.50678699585589748,0.58074377252281328,0.69437736519053572,0.56991406462713456,0.0079093981057083637
512017551.24023253,0.50695753914639585,0.58055053557598402,0.69362891087318268,0.56928565443086743,0.0077669246990804868
538269252.45608664,0.50712825258293925,0.58035748619120653,0.69288288991994762,0.56865901044325351,0.0076252275562258953
565866907.17501354,0.50729913645943958,0.58016462408545333,0.69213928911423706,0.56803412338300596,0.0074843026304829028
594879523.90878665,0.50747019107044844,0.579971948976164,0.69139809534005847,0.56741098403907098,0.0073441459029216158
625379649.31123781,0.5076414167111597,0.57977946058124552,0.69065929558103534,0.56678958326993389,0.0072047533820839525
657443549.58267891,0.5078128136774116,0.57958715861907251,0.68992287691943455,0.56616991200293487,0.0070661211037268516
691151401.17512822,0.50798438226568954,0.57939504280848741,0.68918882653520463,0.56555196123359164,0.0069282451305686188
726587491.27520287,0.50815612277312816,0.57920311286880077,0.68845713170502609,0.56493572202493136,0.0067911215520383697
763840428.56598783,0.50832803549751393,0.57901136851979129,0.68772777980137256,0.56432118550683008,0.0066547464840285217
803003364.79489863,0.50850012073728768,0.57881980948170608,0.68700075829158358,0.56370834287536009,0.0065191160686502931
844174227.70157015,0.50867237879154681,0.57862843547526077,0.68627605473694775,0.56309718539214537,0.0063842264739921543
887455965.88821363,0.50884480996004799,0.57843724622163961,0.68555365679179714,0.56248770438372442,0.0062500738938812053
932956806.24474633,0.50901741454320937,0.57824624144249559,0.68483355220261233,0.56187989124092086,0.006116654547647417
980790524.57238901,0.5091901928421132,0.57805542085995054,0.68411572880713767,0.56127373741822151,0.0059839646798907128
1031076730.0824319,0.50936314515850822,0.57786478419659526,0.68340017453350732,0.56066923443316197,0.0058520005602508357
1083941164.4815648,0.5095362717948122,0.57767433117548939,0.68268687739938128,0.56006637386571922,0.0057207584831799685
1139516016.3916397,0.50970957305411413,0.57748406152016163,0.68197582551109148,0.55946514735771158,0.0055902347677180587
1197940251.8900793,0.50988304924017713,0.57729397495460977,0.68126700706279797,0.55886554661220567,0.0054604257572708204
1259359961.9974549,0.51005670065744058,0.57710407120330054,0.68056041033565484,0.55826756339293038,0.0053313278193903649
1323928727.9811332,0.51023052761102272,0.57691434999116986,0.67985602369698594,0.55767118952369787,0.0052029373455584269
1391808005.3884418,0.51040453040672307,0.5767248110436225,0.67915383559946974,0.55707641688783094,0.0050752507509721472
1463167527.7696354,0.51057870935102512,0.5765354540865324,0.67845383458033415,0.55648323742759764,0.0049482644743323746
1538185731.1001823,0.5107530647510985,0.57634627884624245,0.67775600926056023,0.55589164314365191,0.0048219749776344531
1617050199.9636459,0.51092759691480183,0.57615728504956443,0.67706034834409556,0.55530162609448142,0.0046963787459614603
1699958136.6108522,0.51110230615068497,0.5759684724237788,0.67636684061707586,0.55471317839586098,0.0045714722872798553
1787116854.0682347,0.51127719276799166,0.57577984069663501,0.67567547494705615,0.55412629222031307,0.0044472521322375079
1878744294.5283854,0.51145225707666186,0.57559138959635092,0.6749862402822504,0.55354095979657392,0.0043237148339640751
1975069574.319057,0.51162749938733454,0.57540311885161322,0.67429912565078032,0.55295717340906658,0.0042008569678736885
2076333556.8133237,0.51180292001135008,0.57521502819157666,0.67361412015993183,0.5523749253973792,0.004078675131469923
2182789454.7134738,0.51197851926075266,0.57502711734586454,0.67293121299542091,0.55179420815574987,0.0039571659441530104
2294703463.2146592,0.51215429744829311,0.5748393860445683,0.67225039342066717,0.55121501413255691,0.0038363260470292734
2412355425.6315355,0.51233025488743111,0.57465183401824715,0.67157165077607595,0.55063733582981578,0.0037161521027227434
2536039533.1523166,0.51250639189233804,0.57446446099792836,0.67089497447832835,0.55006116580268061,0.0035966407951889307
2666065060.4699779,0.51268270877789923,0.57427726671510659,0.67022035401967928,0.54948649665895244,0.0034777888295307226
2802757139.1300864,0.51285920585971689,0.57409025090174415,0.66954777896726336,0.54891332105859258,0.0033595929318163734
2946457570.5290165,0.51303588345411233,0.57390341329027039,0.66887723896240903,0.54834163171324124,0.0032420498488995625
3097525680.5954776,0.51321274187812882,0.57371675361358188,0.66820872371995954,0.54777142138574242,0.0031251563482414891
3256339218.2925,0.51338978144953384,0.57353027160504166,0.66754222302760247,0.54720268288967311,0.0030089092177349752
3423295300.186604,0.51356700248682197,0.57334396699847967,0.66687772674520585,0.54663540908887875,0.0028933052655305508
3598811403.446064,0.51374440530921739,0.57315783952819188,0.66621522480416229,0.54606959289701329,0.0027783413198644922
3783326409.7512841,0.51392199023667651,0.57297188892894046,0.66555470720674004,0.54550522727708484,0.0026640142288887887
3977301702.727602,0.51409975758989035,0.57278611493595333,0.66489616402544161,0.54494230524100584,0.0025503208605030087
4181222321.6446767,0.51427770769028747,0.57260051728492389,0.66423958540236894,0.5443808198491491,0.0024372581021880413
4395598174.2673073,0.51445584086003626,0.57241509571201077,0.66358496154859603,0.54382076420990788,0.0023248228608416868
4620965311.8904448,0.51463415742204799,0.57222984995383741,0.66293228274354854,0.5432621314792615,0.0022130120626160711
4857887269.7466469,0.51481265769997919,0.57204477974749202,0.6622815393343896,0.54270491486034578,0.0021018226527568596
5106956476.1376915,0.51499134201823404,0.57185988483052697,0.6616327217354131,0.54214910760302759,0.0019912515954442454
5368795733.8139105,0.51517021070196756,0.5716751649409586,0.66098582042744314,0.54159470300348489,0.0018812958736356882
5644059777.3054743,0.5153492640770877,0.57149061981726712,0.66034082595724031,0.54104169440379102,0.0017719524889103805
5933436910.0997486,0.51552850247025861,0.57130624919839568,0.65969772893691425,0.54049007519150361,0.0016632184613154183
6237650725.7585354,0.51570792620890271,0.57112205282375061,0.6590565200433427,0.53993983879925789,0.0015550908292136512
6557461917.278882,0.51588753562120371,0.57093803043320079,0.6584171900175968,0.53939097870436492,0.001447566649133192
6893670179.2217999,0.51606733103610913,0.57075418176707726,0.65777972966437293,0.53884348842841345,0.001340642995618563
7247116207.3652086,0.51624731278333325,0.57057050656617292,0.65714412985143011,0.53829736153687713,0.0012343169610834548
7618683800.8812819,0.51642748119335946,0.57038700457174218,0.65651038150903396,0.5377525916387248,0.0011285856556650798
8009302072.2947245,0.51660783659744325,0.57020367552550044,0.65587847562940649,0.53720917238603627,0.0010234462070800967
8419947770.7480431,0.51678837932761468,0.57002051916962382,0.65524840326618172,0.5366670974736214,0.00091889576048208505
8851647724.3831615,0.5169691097166812,0.56983753524674874,0.65462015553386754,0.5361263606386435,0.00081493147832055154
9305481407.9466305,0.51715002809823052,0.56965472349997137,0.65399372360731256,0.53558695566024717,0.00071155054020144535
9782583642.0387688,0.51733113480663306,0.5694720836728473,0.65336909872117954,0.53504887635918963,0.00060875014274916364
10284147430.756262,0.51751243017704496,0.56928961550939128,0.65274627216942394,0.53451211659747633,0.00050652749947002859
10811426944.823814,0.51769391454541069,0.5691073187540765,0.65212523530477795,0.53397667027800055,0.00040487984061721448
11365740657.674227,0.51787558824846591,0.56892519315183421,0.65150597953824041,0.53344253134418662,0.00030380441305710818
11948474642.318747,0.51805745162373995,0.56874323844805352,0.6508884963385716,0.53290969377963704,0.00020329848013708222
12561086037.251558,0.51823950500955884,0.56856145438858052,0.65027277723179411,0.53237815160778346,0.00010335932155466397
13205106690.055023,0.51842174874504821,0.56837984071971837,0.64965881380069834,0.53184789889154127,3.9842332280810676e-006
13882146987.816523,0.51860418317013579,0.56819839718822618,0.64904659768435324,0.53131892973296824,-9.4829472831833389e-005
14593899883.935007,0.51878680862555426,0.56801712354131906,0.64843612057762268,0.53079123827292596,-0.00019308446864839483
15342145131.386295,0.51896962545284431,0.5678360195266674,0.64782737423068648,0.53026481869074571,-0.00029078341040449627
16128753733.03256,0.51915263399435707,0.56765508489239647,0.64722035044856674,0.5297396652038977,-0.00038792893856673063
16955692620.104042,0.51933583459325727,0.56747431938708592,0.64661504109065882,0.52921577206766313,-0.00048452367800822286
17825029570.551651,0.51951922759352587,0.56729372275976908,0.64601143807026762,0.52869313357481063,-0.00058057023813018786
18738938379.568893,0.51970281333996293,0.56711329475993288,0.64540953335414819,0.52817174405527567,-0.00067607121298223123
19699704295.212162,0.51988659217819055,0.56693303513751681,0.64480931896205151,0.52765159787584326,-0.00077102918138140903
20709729732.711174,0.5200705644546556,0.56675294364291295,0.64421078696627487,0.52713268943983393,-0.00086544670703006131
21771540281.758434,0.52025473051663285,0.56657302002696497,0.6436139294912171,0.52661501318679349,-0.00095932633863243615
22887791021.798977,0.52043909071222738,0.5663932640409679,0.64301873871293791,0.52609856359218532,-0.0010526706100101191
24061273161.111946,0.52062364539037786,0.56621367543666745,0.64242520685872218,0.52558333516708644,-0.0011454820402162832
25294921016.285175,0.52080839490085939,0.56603425396625973,0.6418333262066489,0.52506932245788662,-0.0012377631336487737
26591819349.535069,0.52099333959428618,0.56585499938239026,0.64124308908516403,0.52455652004599007,-0.0013295163801620453
27955211082.218922,0.52117847982211474,0.56567591143815377,0.640654487872658,0.52404492254752122,-0.0014207442551779606
29388505403.827484,0.52136381593664649,0.56549698988709363,0.64006751499704762,0.52353452461303263,-0.0015114492197954707
30895286296.734447,0.52154934829103117,0.56531823448320107,0.63948216293536242,0.52302532092721632,-0.0016016337208991866
32479321498.019199,0.52173507723926915,0.56513964498091496,0.63889842421333454,0.52251730620861814,-0.0016913001912668589
34144571920.772034,0.52192100313621492,0.56496122113512082,0.63831629140499369,0.52201047520935484,-0.0017804510496757765
35895201558.440048,0.52210712633757983,0.56478296270115069,0.6377357571322656,0.52150482271483412,-0.0018690887010081004
37735587896.97966,0.52229344719993498,0.56460486943478216,0.63715681406457469,0.5210003435434778,-0.0019572155363551448
39670332860.851662,0.52247996608071434,0.56442694109223823,0.63657945491845103,0.5204970325464473,-0.002044833933120617
41704274320.22937,0.52266668333821764,0.56424917743018621,0.63600367245714073,0.51999488460737253,-0.0021319462551228317
43842498188.194023,0.52285359933161335,0.5640715782057375,0.63542945949022089,0.51949389464208295,-0.002218554852695911
46090351138.166611,0.5230407144209418,0.56389414317644693,0.63485680887321816,0.51899405759834183,-0.0023046620627899818
48453453973.376373,0.52322802896711829,0.56371687210031207,0.63428571350723095,0.51849536845558308,-0.002390270209070385
50937715681.796638,0.52341554333193574,0.56353976473577283,0.63371616633855565,0.51799782222465041,-0.0024753816020159059
53549348211.692581,0.52360325787806794,0.56336282084171052,0.63314816035831656,0.51750141394753946,-0.0025599985390160414
56294882004.727585,0.52379117296907285,0.56318604017744756,0.63258168860209962,0.51700613869714285,-0.0026441233044673107
59181182325.468918,0.52397928896939516,0.56300942250274677,0.63201674414958953,0.5165119915769969,-0.0027277581698686277
62215466428.12513,0.52416760624436975,0.56283296757781076,0.63145332012421074,0.51601896772103173,-0.0028109053939157406
65405321603.440865,0.52435612516022456,0.56265667516328111,0.63089140969277202,0.51552706229332335,-0.0028935672225947522
68758724150.875778,0.5245448460840838,0.56248054502023814,0.63033100606511427,0.5150362704878485,-0.0029757458892747338
72284059323.507828,0.52473376938397087,0.56230457691020008,0.62977210249376203,0.51454658752824189,-0.0030574436147994409
75990142295.533691,0.52492289542881176,0.56212877059512223,0.62921469227357851,0.51405800866755591,-0.0031386626075781427
79886240204.795837,0.52511222458843798,0.56195312583739687,0.62865876874142412,0.51357052918802237,-0.0032194050636755768
83982095325.454193,0.52530175723358952,0.56177764239985195,0.62810432527581783,0.51308414440081718,-0.0032996731669010389
88287949428.746063,0.52549149373591841,0.56160232004575106,0.62755135529660244,0.51259884964582692,-0.0033794690888966166
92814569392.748901,0.52568143446799143,0.56142715853879244,0.62699985226461286,0.51211464029141796,-0.0034587949892245797
97573274125.183762,0.52587157980329369,0.56125215764310843,0.62644980968134767,0.51163151173420751,-0.0035376530154539363
102575962866.58035,0.52606193011623148,0.56107731712326492,0.6259012210886441,0.51114945939883771,-0.0036160453032461639
107835144944.57632,0.52625248578213557,0.56090263674426044,0.6253540800683558,0.51066847873775079,-0.0036939739764401272
113363971053.7523,0.52644324717726443,0.56072811627152586,0.62480838024203411,0.51018856523096756,-0.0037714411471361886
119176266139.21812,0.52663421467880733,0.56055375547092334,0.62426411527061232,0.50970971438586743,-0.0038484489157795251
125286563966.17676,0.52682538866488782,0.56037955410874618,0.62372127885409279,0.50923192173697052,-0.0039249993712426592
131710143461.90759,0.52701676951456655,0.56020551195171764,0.62317986473123743,0.50875518284572241,-0.0040010945909072114
138463066921.04312,0.5272083576078449,0.56003162876699053,0.62263986667926108,0.50827949330028066,-0.0040767366407448869
145562220169.67188,0.52740015332566803,0.55985790432214677,0.6221012785135277,0.50780484871530318,-0.004151927575397704
153025354788.69928,0.52759215704992812,0.55968433838519616,0.62156409408724966,0.50733124473173918,-0.0042266694382574691
160871132502.04605,0.52778436916346783,0.55951093072457625,0.62102830729118985,0.50685867701662179,-0.0043009642615445152
169119171840.67871,0.52797679005008324,0.55933768110915139,0.62049391205336668,0.50638714126286277,-0.0043748140663857054
177790097199.15564,0.52816942009452761,0.55916458930821211,0.619960902338762,0.50591663318904923,-0.0044482208628917131
186905590407.35638,0.52836225968251427,0.55899165509147442,0.61942927214903143,0.50544714853924211,-0.0045211866502335874
196488444946.34976,0.52855530920072025,0.55881887822907927,0.61889901552221827,0.50497868308277716,-0.0045937134167186111
206562622943.9693,0.52874856903678935,0.55864625849159188,0.61837012653246914,0.50451123261406716,-0.0046658031398654591
217153315092.61401,0.52894203957933572,0.55847379565000066,0.61784259928975305,0.50404479295240645,-0.0047374577864786648
228287003639.10071,0.52913572121794705,0.55830148947571701,0.61731642793958286,0.50357935994177716,-0.0048086793127224085
239991528604.07495,0.52932961434318804,0.55812933974057444,0.61679160666273947,0.50311492945065717,-0.0048794696641936237
252296157396.564,0.52952371934660369,0.55795734621682791,0.61626812967499867,0.50265149737183057,-0.004949830775994442
265231657997.74396,0.52971803662072292,0.55778550867715304,0.61574599122686025,0.50218905962219895,-0.0050197645728039747
278830375896.91913,0.52991256655906149,0.55761382689464556,0.61522518560328032,0.50172761214259509,-0.0050892729689494438
293126314972.09326,0.53010730955612595,0.55744230064282063,0.61470570712340533,0.50126715089759855,-0.0051583578684766661
308155222517.37646,0.53030226600741681,0.55727092969561198,0.61418755014030935,0.50080767187535236,-0.0052270211652199047
323954678629.84027,0.53049743630943214,0.55709971382737133,0.6136707090407334,0.50034917108738197,-0.0052952647428710841
340564190179.3349,0.53069282085967062,0.55692865281286774,0.61315517824482713,0.499891644568416,-0.0053630904750483861
358025289596.24243,0.53088842005663561,0.55675774642728681,0.61264095220589343,0.49943508837620815,-0.0054305002253642294
376381638724.18555,0.53108423429983809,0.55658699444623005,0.612128025410135,0.49897949859136126,-0.0054974958474926384
395679137997.37946,0.53128026398980055,0.55641639664571418,0.61161639237640308,0.49852487131715267,-0.0055640791852360118
415966041215.62549,0.53147650952806025,0.55624595280217037,0.61110604765594934,0.49807120267936167,-0.0056302520725912937
437293076203.94531,0.53167297131717284,0.55607566269244357,0.61059698583217925,0.49761848882609799,-0.0056960163338155576
459713571658.56616,0.53186964976071593,0.55590552609379185,0.61008920152040824,0.49716672592763239,-0.0057613737834910066
483283590496.43909,0.53206654526329245,0.55573554278388559,0.60958268936761983,0.49671591017622857,-0.0058263262265893989
508062070041.73328,0.53226365823053445,0.555565712540807,0.60907744405222608,0.49626603778597667,-0.0058908754585359048
534110969399.84564,0.53246098906910655,0.55539603514304903,0.60857346028383053,0.49581710499262838,-0.0059550232652723963
561495424387.43713,0.53265853818670961,0.55522651036951498,0.60807073280299284,0.49536910805343359,-0.0060187714233201879
590283910405.90234,0.53285630599208411,0.55505713799951761,0.6075692563809959,0.49492204324697842,-0.0060821216998422183
620548413665.54016,0.53305429289501405,0.55488791781277869,0.60706902581961508,0.49447590687302484,-0.0061450758527046923
652364611188.57544,0.53325249930633045,0.55471884958942796,0.60657003595088965,0.49403069525235194,-0.0062076356305381828
685812060041.13281,0.53345092563791485,0.55454993311000267,0.60607228163689597,0.4935864047265982,-0.0062698027727982027
720974396267.3418,0.53364957230270327,0.55438116815544669,0.60557575776952322,0.4931430316581058,-0.0063315790098252443
757939544023.01099,0.53384843971468954,0.55421255450710993,0.60508045927025067,0.49270057242976578,-0.0063929660629043041
796799935431.81506,0.53404752828892932,0.55404409194674742,0.60458638108992735,0.49225902344486516,-0.0064539656443238875
837652741713.75,0.53424683844154353,0.55387578025651896,0.60409351820855384,0.49181838112693493,-0.0065145794574345064
880600116163.797,0.53444637058972211,0.55370761921898792,0.60360186563506557,0.49137864191959996,-0.006574809196706671
925749449588.36975,0.53464612515172794,0.55353960861712104,0.60311141840711835,0.49093980228642969,-0.0066346565477883842
973213638838.26697,0.53484610254690035,0.55337174823428725,0.60262217159087594,0.49050185871079088,-0.0066941231875621426
1023111369109.6055,0.53504630319565905,0.55320403785425731,0.60213412028079949,0.49006480769570099,-0.0067532107842014485
1075567410718.6307,0.53524672751950764,0.55303647726120286,0.60164725959943866,0.48962864576368337,-0.0068119209972268401
1130712931092.4971,0.53544737594103764,0.55286906623969578,0.6011615846972248,0.48919336945662356,-0.0068702554775614431
1188685822756.158,0.53564824888393225,0.55270180457470752,0.60067709075226616,0.48875897533562696,-0.0069282158675860505
1249631048135.5032,0.53584934677297003,0.55253469205160821,0.60019377297014465,0.48832545998087773,-0.006985803801193736
1313701002038.9314,0.53605067003402895,0.55236772845616611,0.59971162658371446,0.48789281999149903,-0.0070430209038440045
1381055892723.75,0.53625221909408993,0.55220091357454681,0.59923064685290273,0.48746105198541445,-0.0070998687926164834
1451864142500.2664,0.53645399438124086,0.55203424719331262,0.59875082906451171,0.48703015259921062,-0.0071563490762641645
1526302808875.292,0.53665599632468064,0.55186772909942161,0.59827216853202281,0.48660011848800128,-0.0072124633552661946
1604558027288.1345,0.53685822535472283,0.55170135908022711,0.59779466059540232,0.4861709463252924,-0.0072682132218802268
1686825476546.1484,0.53706068190279954,0.55153513692347689,0.59731830062090918,0.48574263280284841,-0.0073236002601943318
1773310868123.6802,0.53726336640146555,0.55136906241731243,0.59684308400090402,0.4853151746305599,-0.0073786260461784726
1864230460547.9014,0.53746627928440194,0.55120313535026833,0.59636900615366006,0.48488856853631224,-0.0074332921477355575
1959811600157.7739,0.53766942098642034,0.55103735551127131,0.59589606252317573,0.4844628112658555,-0.0074876001247520599
2060293289588.3145,0.53787279194346682,0.55087172268963969,0.59542424857898901,0.4840378995826754,-0.0075415515291482231
2165926785401.6743,0.53807639259262563,0.55070623667508267,0.59495355981599318,0.48361383026786564,-0.0075951479049278505
2276976226359.417,0.53828022337212356,0.55054089725769961,0.59448399175425448,0.48319060012000115,-0.007648390788227679
2393719293907.0078,0.53848428472133369,0.5503757042279791,0.59401553993883116,0.48276820595501246,-0.0077012817073663494
2516447906522.064,0.53868857708077955,0.55021065737679842,0.59354819993959407,0.4823466446060613,-0.0077538221828929747
2645468949662.6025,0.53889310089213904,0.55004575649542276,0.59308196735104901,0.48192591292341724,-0.0078060137276353058
2781105043140.5352,0.5390978565982486,0.54988100137550466,0.59261683779216079,0.48150600777433533,-0.0078578578467475065
2923695347839.2422,0.53930284464310718,0.54971639180908294,0.59215280690617822,0.48108692604293496,-0.0079093560377575343
3073596413792.4429,0.53950806547188046,0.54955192758858229,0.59168987036046139,0.48066866463007968,-0.0079605097906141394
3231183071744.9995,0.53971351953090474,0.54938760850681234,0.59122802384630957,0.48025122045325808,-0.0080113205877334753
3396849370425.0171,0.53991920726769149,0.54922343435696708,0.59076726307879168,0.47983459044646565,-0.0080617899040453366
3571009561870.9175,0.54012512913093091,0.54905940493262406,0.59030758379657733,0.479418771560088,-0.00811191920703902
3754099137277.3071,0.54033128557049659,0.54889552002774367,0.58984898176176959,0.47900376076078449,-0.0081617099568088141
3946575915949.8037,0.54053767703744937,0.54873177943666829,0.58939145275973948,0.47858955503137351,-0.0082111636060991176
4148921190091.7642,0.54074430398404172,0.54856818295412191,0.58893499259896165,0.47817615137071828,-0.0082602816003492056
4361640928285.4907,0.54095116686372169,0.54840473037520898,0.5884795971108514,0.47776354679361388,-0.0083090653777376268
4585267040677.2305,0.54115826613113749,0.54824142149541399,0.58802526214960327,0.47735173833067529,-0.0083575163692262439
4820358709029.6025,0.54136560224214147,0.54807825611060057,0.587571983592031,0.4769407230282261,-0.0084056359986039303
5067503784967.2695,0.54157317565379437,0.54791523401701092,0.58711975733740884,0.47653049794818853,-0.0084534256825299098
5327320259912.1973,0.54178098682436981,0.54775235501126507,0.58666857930731409,0.47612106016797417,-0.0085008868305767558
5600457810384.1045,0.54198903621335826,0.54758961889035984,0.58621844544547119,0.4757124067803758,-0.0085480208452730459
5887599422530.1689,0.54219732428147183,0.54742702545166844,0.58576935171759714,0.47530453489346003,-0.008594829122145679
6189463099946.1406,0.54240585149064802,0.54726457449293986,0.585321294111248,0.47489744163046088,-0.0086413130497618555
6506803659059.3281,0.54261461830405433,0.54710226581229771,0.58487426863566694,0.47449112412967431,-0.0086874740097707334
6840414616562.8301,0.54282362518609295,0.54694009920823972,0.58442827132163344,0.4740855795443536,-0.0087333133769447457
7191130173620.5918,0.54303287260240451,0.54677807447963722,0.58398329822131401,0.47368080504260568,-0.0087788325192205991
7559827301804.833,0.54324236101987289,0.54661619142573414,0.5835393454081137,0.47327679780728826,-0.0088240327977399478
7947427935981.7715,0.54345209090662949,0.54645444984614633,0.58309640897652948,0.47287355503590789,-0.0088689155668897537
8354901279629.0049,0.54366206273205786,0.54629284954086088,0.58265448504200423,0.4724710739405189,-0.0089134821743423239
8783266228349.0361,0.54387227696679785,0.5461313903102355,0.58221356974078264,0.4720693517476231,-0.0089577339610950411
9233593917639.0039,0.54408273408275032,0.54597007195499758,0.58177365922976754,0.47166838569807051,-0.0090016722615097848
9707010401287.3496,0.54429343455308143,0.54580889427624357,0.58133474968637822,0.47126817304696073,-0.0090452984033520395
10204699467094.828,0.54450437885222747,0.54564785707543828,0.58089683730840935,0.47086871106354511,-0.0090886137078297104
10727905596960.615,0.54471556745589889,0.54548696015441422,0.58045991831389143,0.47046999703113007,-0.0091316194896316275
11277937078735.279,0.54492700084108525,0.54532620331537074,0.58002398894095242,0.47007202824698091,-0.0091743170569657615
11856169277621.859,0.54513867948605965,0.54516558636087331,0.57958904544767997,0.46967480202222645,-0.0092167077115971417
12464048075305.273,0.54535060387038325,0.54500510909385302,0.57915508411198569,0.46927831568176465,-0.0092587927488854797
13103093485409.656,0.54556277447491008,0.54484477131760567,0.57872210123146972,0.46888256656416888,-0.0093005734578225085
13774903454324.158,0.54577519178179146,0.54468457283579097,0.57829009312328727,0.46848755202159498,-0.0093420511210690338
14481157856901.248,0.54598785627448054,0.54452451345243202,0.57785905612401522,0.4680932694196891,-0.0093832270149917015
15223622697018.861,0.54620076843773735,0.54436459297191453,0.57742898658952091,0.46769971613749645,-0.0094241024096994846
16004154523509.953,0.54641392875763306,0.544204811198986,0.57699988089483123,0.46730688956737049,-0.009464678569079895
16824705072501.625,0.54662733772155481,0.54404516793875524,0.57657173543400309,0.46691478711488321,-0.009504956750834917
17687326147772.051,0.54684099581821066,0.54388566299669128,0.57614454661999515,0.46652340619873589,-0.0095449382065166712
18594174751328.652,0.54705490353763409,0.543726296178623,0.57571831088454006,0.46613274425067086,-0.0095846241815628029
19547518477036.672,0.54726906137118858,0.54356706729073834,0.57529302467801857,0.46574279871538365,-0.009624015915331614
20549741180784.945,0.54748346981157292,0.54340797613958347,0.5748686844693337,0.46535356705043618,-0.0096631146411369166
21603348941367.332,0.54769812935282547,0.54324902253206209,0.57444528674578677,0.46496504672617051,-0.0097019215862826358
22710976326985.07,0.5479130404903293,0.54309020627543492,0.57402282801295412,0.46457723522562322,-0.0097404379720971435
23875392983039.539,0.54812820372081683,0.54293152717731863,0.57360130479456473,0.46419013004444082,-0.0097786650139673453
25099510557688.426,0.54834361954237476,0.54277298504568539,0.57318071363237888,0.46380372869079534,-0.009816603921372501
26386389982482.723,0.54855928845444912,0.54261457968886229,0.57276105108606812,0.46341802868530108,-0.0098542558979178036
27739249126289.969,0.54877521095784987,0.54245631091553015,0.57234231373309563,0.46303302756093179,-0.0098916221413676963
29161470841642.543,0.54899138755475596,0.54229817853472329,0.57192449816859836,0.46264872286293862,-0.0099287038436789554
30656611423631.035,0.54920781874872038,0.54214018235582861,0.57150760100526932,0.46226511214876864,-0.0099655021910335182
32228409502494.363,0.54942450504467488,0.54198232218858478,0.57109161887324111,0.46188219298798416,-0.010002018363871067
33880795392142.746,0.54964144694893513,0.54182459784308179,0.57067654841997084,0.4614999629621826,-0.010038253536921381
35617900917989.672,0.54985864496920556,0.54166700912976018,0.57026238631012516,0.4611184196649169,-0.010074208879236442
37444069748667.625,0.55007609961458459,0.54150955585940996,0.56984912922546693,0.46073756070161692,-0.010109885554222302
39363868257462.156,0.55029381139556965,0.54135223784317055,0.56943677386474245,0.46035738368951118,-0.010145284719670728
41382096940623.641,0.55051178082406205,0.54119505489252939,0.56902531694356973,0.45997788625754926,-0.010180407527790602
43503802421108.352,0.55073000841337205,0.5410380068193219,0.56861475519432747,0.45959906604632494,-0.010215255125239096
45734290067764.539,0.55094849467822438,0.54088109343573021,0.56820508536604519,0.4592209207079998,-0.010249828653152623
48079137261517.969,0.55116724013476293,0.54072431455428283,0.56779630422429406,0.45884344790622766,-0.010284129247177556
50544207341729.383,0.55138624530055613,0.54056766998785377,0.56738840855107864,0.45846664531607939,-0.010318158037500724
53135664267596.969,0.55160551069460195,0.54041115954966201,0.56698139514472956,0.45809051062396844,-0.010351916148879696
55859988031265.031,0.5518250368373333,0.54025478305327046,0.56657526081979703,0.45771504152757692,-0.010385404700672831
58723990861179.609,0.55204482425062307,0.54009854031258553,0.56617000240694526,0.45734023573578236,-0.010418624806869123
61734834256207.945,0.55226487345778952,0.53994243114185658,0.56576561675284731,0.45696609096858487,-0.010451577576117817
64900046893115.898,0.55248518498360155,0.53978645535567482,0.56536210072008131,0.45659260495703519,-0.010484264111757825
68227543452181.375,0.55270575935428368,0.53963061276897284,0.56495945118702739,0.45621977544316289,-0.010516685511846927
71725644408017.594,0.55292659709752179,0.53947490319702396,0.56455766504776528,0.45584760017990544,-0.010548842869190755
75403096835093.531,0.55314769874246827,0.53931932645544145,0.56415673921197251,0.45547607693103787,-0.010580737271371573
79269096279976.344,0.55336906481974713,0.53916388236017776,0.56375667060482415,0.45510520347110273,-0.010612369800776856
83333309754987.109,0.55359069586145981,0.53900857072752406,0.56335745616689237,0.45473497758534082,-0.010643741534627658
87605899910767.875,0.5538125924011903,0.53885339137410926,0.56295909285404766,0.45436539706962237,-0.010674853545006781
92097550448200.906,0.55403475497401067,0.53869834411689965,0.56256157763736037,0.45399645973037878,-0.010705706898886743
96819492833226.078,0.5542571841164865,0.53854342877319783,0.56216490750300296,0.45362816338453488,-0.010736302658157549
101783534381355.89,0.55447988036668228,0.53838864516064233,0.56176907945215326,0.45326050585944189,-0.010766641879654256
107002087782114.44,0.55470284426416705,0.53823399309720676,0.56137409050089859,0.45289348499281051,-0.01079672561518436
112488202137226.69,0.55492607635001967,0.53807947240119924,0.56097993768013998,0.45252709863264495,-0.010826554911554971
118255595590169.78,0.55514957716683477,0.53792508289126151,0.56058661803549814,0.45216134463717722,-0.010856130810599808
124318689628677.14,0.55537334725872789,0.53777082438636847,0.56019412862721918,0.45179622087480209,-0.010885454349206
130692645145969.69,0.55559738717134122,0.53761669670582746,0.5598024665300817,0.45143172522401243,-0.010914526559340701
137393400350885.83,0.55582169745184939,0.53746269966927729,0.55941162883330442,0.45106785557333506,-0.010943348468077515
144437710621705.34,0.55604627864896494,0.53730883309668809,0.55902161264045447,0.45070460982126725,-0.010971921097622732
151843190403322.62,0.55627113131294403,0.53715509680836004,0.55863241506935635,0.45034198587621344,-0.011000245465341393
159628357252533.91,0.55649625599559205,0.53700149062492319,0.55824403325200189,0.44997998165642272,-0.011028322583783164
167812678141574.5,0.55672165325026945,0.53684801436733642,0.55785646433446057,0.44961859508992663,-0.011056153460708032
176416618135689.34,0.55694732363189747,0.53669466785688702,0.55746970547679053,0.44925782411447757,-0.011083739099111815
185461691566455.97,0.55717326769696374,0.53654145091518979,0.55708375385295061,0.44889766667748754,-0.01111108049725151
194970515828819.62,0.55739948600352829,0.53638836336418649,0.55669860665071291,0.44853812073596733,-0.011138178648670451
204966867936361.59,0.55762597911122935,0.53623540502614508,0.55631426107157556,0.44817918425646636,-0.011165034542223305
215475743976217.97,0.557852747581289,0.53608257572365925,0.55593071433067698,0.44782085521501297,-0.011191649162100881
226523421612317.47,0.55807979197651914,0.53592987527964764,0.55554796365671022,0.44746313159705481,-0.011218023487854783
238137525793228.66,0.55830711286132739,0.53577730351735287,0.55516600629183821,0.44710601139740019,-0.011244158494421881
250347097828920.47,0.55853471080172323,0.5356248602603414,0.55478483949160939,0.44674949262015956,-0.011270055152148623
263182668009164.22,0.5587625863653235,0.53547254533250244,0.55440446052487424,0.44639357327868745,-0.011295714426815172
276676331945160.44,0.55899074012135863,0.53532035855804738,0.55402486667370254,0.44603825139552505,-0.011321137279659383
290861830825284.75,0.55921917264067877,0.53516829976150937,0.5536460552333009,0.44568352500234293,-0.011346324667400619
305774635785633.88,0.55944788449575944,0.53501636876774228,0.55326802351193116,0.44532939213988443,-0.011371277542263395
321452036606341.81,0.55967687626070795,0.53486456540192018,0.55289076883082933,0.44497585085790947,-0.011395996852000868
337933234955453.81,0.55990614851126941,0.53471288948953688,0.55251428852412521,0.44462289921513859,-0.011420483539918164
355259442413515.44,0.56013570182483252,0.53456134085640494,0.55213857993876247,0.44427053527919763,-0.011444738544895553
373473983523990.31,0.5603655367804361,0.53440991932865523,0.55176364043441972,0.4439187571265627,-0.011468762801411451
392622404127185.31,0.56059565395877498,0.53425862473273611,0.55138946738343153,0.44356756284250559,-0.011492557239565288
412752585248575.31,0.56082605394220642,0.53410745689541295,0.55101605817071075,0.4432169505210396,-0.011516122785100202
433914862826306.88,0.56105673731475614,0.53395641564376728,0.55064341019367091,0.44286691826486579,-0.011539460359425591
456162153577262.44,0.56128770466212452,0.53380550080519618,0.55027152086214948,0.44251746418531968,-0.011562570879639513
479550087316415.56,0.56151895657169326,0.53365471220741179,0.54990038759833137,0.4421685864023181,-0.011585455258550929
504137146060344.81,0.56175049363253104,0.53350404967844045,0.5495300078366735,0.44182028304430682,-0.011608114404701796
529984810262736.94,0.56198231643540053,0.53335351304662215,0.54916037902382964,0.44147255224820831,-0.011630549222389024
557157712547544.94,0.56221442557276424,0.53320310214060984,0.54879149861857557,0.44112539215936986,-0.011652760611686276
585723799324213.62,0.56244682163879112,0.53305281678936867,0.54842336409173553,0.44077880093151228,-0.011674749468465615
615754500689094.5,0.56267950522936294,0.53290265682217552,0.5480559729261083,0.44043277672667891,-0.011696516684419027
647324909037893.88,0.56291247694208069,0.5327526220686184,0.54768932261639469,0.44008731771518483,-0.011718063147079783
680513966835774.75,0.56314573737627116,0.53260271235859558,0.54732341066912482,0.43974242207556674,-0.011739389739843667
715404664014640.12,0.56337928713299323,0.53245292752231488,0.54695823460258652,0.43939808799453295,-0.011760497341990058
752084245491189.75,0.56361312681504483,0.53230326739029343,0.54659379194675395,0.43905431366691394,-0.011781386828702878
790644429324655.62,0.56384725702696892,0.53215373179335668,0.54623008024321695,0.43871109729561319,-0.011802059071091399
831181636059724.12,0.56408167837506051,0.53200432056263769,0.54586709704511061,0.43836843709155826,-0.011822514936210907
873797229828121.12,0.56431639146737322,0.53185503352957697,0.54550483991704568,0.43802633127365248,-0.011842755287083239
918597771811739,0.56455139691372558,0.53170587052592111,0.54514330643503928,0.4376847780687268,-0.01186278098271718
965695286701096.88,0.56478669532570824,0.53155683138372289,0.54478249418644631,0.43734377571149208,-0.01188259287812872
1015207542815418,0.56502228731669035,0.53140791593534009,0.54442240076989112,0.43700332244449164,-0.011902191824361188
1067258346584770.9,0.56525817350182628,0.53125912401343511,0.5440630237952,0.43666341651805429,-0.01192157866850525
1121977852130631.5,0.56549435449806262,0.53111045545097413,0.54370436088333363,0.43632405619024767,-0.011940754253718771
1179502886718982.2,0.56573083092414467,0.53096191008122684,0.54334640966632086,0.43598523972683167,-0.011959719419246556
1239977292899746.2,0.56596760340062358,0.53081348773776538,0.5429891677871922,0.43564696540121273,-0.011978475000439954
1303552288188086.8,0.56620467254986306,0.53066518825446396,0.54263263289991404,0.43530923149439787,-0.011997021828776338
1370386843186961,0.56644203899604617,0.53051701146549812,0.54227680266932354,0.43497203629494957,-0.012015360731878456
1440648079096430.8,0.56667970336518259,0.53036895720534416,0.5419216747710639,0.43463537809894048,-0.012033492533533663
1514511685603713.5,0.5669176662851152,0.53022102530877857,0.54156724689151992,0.43429925520990897,-0.012051418053713014
1592162360198911.8,0.5671559283855272,0.53007321561087717,0.5412135167277542,0.43396366593881464,-0.01206913810859025
1673794270014943.2,0.56739449029794931,0.52992552794701475,0.54086048198744374,0.43362860860399416,-0.012086653510560645
1759611537346511.2,0.56763335265576664,0.52977796215286421,0.54050814038881712,0.4332940815311177,-0.012103965068259746
1849828750062162.8,0.56787251609422562,0.52963051806439609,0.54015648966059204,0.43296008305314548,-0.012121073586581979
1944671498185734.5,0.5681119812504416,0.52948319551787792,0.53980552754191324,0.43262661151028448,-0.012137979866699143
2044376937988916.5,0.56835174876340555,0.52933599434987344,0.53945525178229103,0.43229366524994589,-0.012154684706078785
2149194385005461,0.56859181927399138,0.52918891439724225,0.53910566014153993,0.43196124262670238,-0.012171188898502447
2259385937449879.5,0.56883219342496338,0.52904195549713895,0.53875675038971849,0.43162934200224601,-0.012187493234083812
2375227131599498.5,0.5690728718609831,0.52889511748701257,0.53840852030706843,0.43129796174534629,-0.012203598499286716
2497007630778676.5,0.56931385522861677,0.52874840020460612,0.5380609676839555,0.43096710023180873,-0.01221950547694306
2625031949667990,0.5695551441763429,0.52860180348795571,0.53771409032080952,0.43063675584443334,-0.012235214946270598
2759620215749552,0.56979673935455932,0.52845532717539023,0.53736788602806573,0.43030692697297368,-0.012250727682890612
2901108969792463.5,0.57003864141559057,0.52830897110553032,0.53702235262610631,0.42997761201409618,-0.012266044458845481
3049852007380032,0.57028085101369541,0.52816273511728817,0.53667748794520209,0.4296488093713397,-0.012281166042616129
3206221263583015,0.57052336880507437,0.52801661904986663,0.53633328982545492,0.42932051745507543,-0.012296093199139366
3370607742991027.5,0.5707661954478771,0.52787062274275887,0.53598975611674049,0.4289927346824669,-0.012310826689825121
3543422497427683.5,0.5710093316022099,0.52772474603574737,0.5356468846786514,0.42866545947743051,-0.012325367272573565
3725097653794259.5,0.57125277793014329,0.52757898876890363,0.53530467338044063,0.42833869027059618,-0.012339715701792119
3916087494612034.5,0.57149653509571974,0.52743335078258746,0.53496312010096547,0.42801242549926843,-0.012353872728412364
4116869593965219,0.57174060376496105,0.52728783191744644,0.53462222272863202,0.42768666360738744,-0.012367839099906835
4327946011684920.5,0.57198498460587632,0.52714243201441513,0.53428197916133968,0.42736140304549075,-0.012381615560305717
4549844548760234,0.57222967828846938,0.52699715091471477,0.5339423873064264,0.42703664227067495,-0.012395202850213432
4783120067115634,0.57247468548474667,0.52685198845985226,0.53360344508061419,0.42671237974655779,-0.012408601706825118
5028355877054800,0.57272000686872504,0.52670694449161981,0.53326515040995492,0.42638861394324046,-0.012421812863943008
5286165195840208,0.57296564311643949,0.52656201885209453,0.53292750122977661,0.42606534333727025,-0.012434837051992713
5557192681055700,0.57321159490595108,0.5264172113836374,0.53259049548463022,0.4257425664116033,-0.012447674998039384
5842116042586226,0.57345786291735468,0.52627252192889284,0.53225413112823661,0.42542028165556772,-0.012460327425803797
6141647737245563,0.57370444783278718,0.52612795033078841,0.53191840612343366,0.4250984875648271,-0.012472795055678311
6456536750289452,0.57395135033643496,0.52598349643253373,0.53158331844212448,0.4247771826413439,-0.012485078604742751
6787570468268864,0.57419857111454242,0.5258391600776201,0.53124886606522514,0.42445636539334347,-0.012497178786780173
7135576647906511,0.57444611085541974,0.52569494110981996,0.53091504698261349,0.42413603433527813,-0.012509096312292547
7501425485919811,0.57469397024945101,0.52555083937318636,0.53058185919307777,0.42381618798779147,-0.012520831888516323
7886031794965946,0.57494214998910231,0.52540685471205206,0.53024930070426601,0.42349682487768314,-0.012532386219437915
8290357291150011,0.57519065076892983,0.52526298697102924,0.52991736953263535,0.42317794353787347,-0.012543760005809089
8715412998816213,0.5754394732855882,0.52511923599500865,0.52958606370340222,0.42285954250736879,-0.012554953945162239
9162261778635346,0.57568861823783857,0.52497560162915935,0.52925538125049243,0.4225416203312265,-0.012565968731825595
9632020985310092,0.57593808632655696,0.52483208371892798,0.52892532021649175,0.42222417556052094,-0.01257680505693831
10125865261543784,0.57618787825474249,0.52468868211003783,0.52859587865259705,0.42190720675230897,-0.012587463608465467
10645029475258998,0.57643799472752577,0.52454539664848887,0.52826705461856738,0.42159071246959617,-0.012597945071212997
11190811807410586,0.57668843645217749,0.52440222718055662,0.52793884618267573,0.42127469128130296,-0.012608250126842493
11764576998114250,0.57693920413811628,0.52425917355279195,0.52761125142166088,0.42095914176223126,-0.012618379453885942
12367759759207686,0.57719029849691794,0.52411623561202036,0.52728426842067988,0.4206440624930311,-0.012628333727760364
13001868361777498,0.57744172024232321,0.52397341320534119,0.52695789527326042,0.42032945206016759,-0.012638113620782359
13668488407622530,0.57769347009024685,0.52383070618012739,0.52663213008125387,0.42001530905588824,-0.012647719802182563
14369286794084272,0.5779455487587859,0.52368811438402485,0.52630697095478862,0.41970163207819017,-0.012657152938120021
15106015882158454,0.57819795696822862,0.52354563766495155,0.52598241601222373,0.41938841973078789,-0.012666413691696465
15880517878310304,0.57845069544106276,0.52340327587109725,0.52565846338010258,0.41907567062308099,-0.012675502722970513
16694729440950276,0.57870376490198461,0.52326102885092296,0.52533511119310727,0.41876338337012237,-0.012684420688971772
17550686523088834,0.57895716607790759,0.52311889645316012,0.52501235759401321,0.41845155659258643,-0.012693168243714859
18450529463279456,0.57921089969797124,0.5229768785268103,0.5246902007336437,0.41814018891673754,-0.012701746038213337
19396508337579872,0.57946496649354962,0.52283497492114439,0.5243686387708254,0.41782927897439881,-0.012710154720493564
20390988585914228,0.57971936719826067,0.52269318548570221,0.52404766987234364,0.41751882540292085,-0.012718394935608456
21436456926904980,0.57997410254797477,0.52255151007029177,0.52372729221289827,0.41720882684515109,-0.012726467325651176
22535527575964748,0.58022917328082413,0.5224099485249889,0.52340750397505942,0.41689928194940301,-0.012734372529768724
23690948782196520,0.58048458013721127,0.52226850070013653,0.52308830334922429,0.4165901893694256,-0.012742111184175455
24905609700447896,0.58074032385981855,0.52212716644634405,0.52276968853357353,0.41628154776437326,-0.012749683922166513
26182547615703124,0.58099640519361695,0.52198594561448708,0.52245165773402824,0.41597335579877559,-0.012757091374131181
27524955537877600,0.58125282488587537,0.52184483805570658,0.52213420916420727,0.41566561214250758,-0.012764334167566154
28936190186005816,0.58150958368616967,0.52170384362140843,0.5218173410453848,0.41535831547075991,-0.012771412927088726
30419780381787392,0.58176668234639206,0.52156296216326281,0.52150105160644777,0.41505146446400953,-0.012778328274449904
31979435873479408,0.58202412162076023,0.52142219353320363,0.52118533908385456,0.41474505780799042,-0.012785080828547435
33619056612199356,0.58228190226582688,0.52128153758342821,0.52087020172159304,0.41443909419366443,-0.012791671205438761
35342742503834340,0.58254002504048885,0.52114099416639625,0.52055563777113922,0.41413357231719239,-0.012798100018353889
37154803660941328,0.58279849070599676,0.52100056313482968,0.52024164549141627,0.41382849087990542,-0.012804367877708195
39059771180273584,0.58305730002596412,0.52086024434171196,0.51992822314875364,0.41352384858827645,-0.012810475391115132
41062408472882720,0.5833164537663772,0.52072003764028763,0.51961536901684668,0.41321964415389201,-0.012816423163398882
43167723175127440,0.58357595269560436,0.52057994288406151,0.51930308137671644,0.41291587629342374,-0.012822211796606916
45380979670372792,0.58383579758440574,0.52043995992679837,0.51899135851666944,0.4126125437286009,-0.012827841890022489
47707712252690728,0.58409598920594274,0.52030008862252231,0.51868019873225812,0.41230964518618224,-0.012833314040177053
50153738965477912,0.58435652833578811,0.52016032882551622,0.51836960032624146,0.41200717939792858,-0.012838628840862594
52725176149594736,0.58461741575193527,0.52002068039032123,0.51805956160854572,0.41170514510057538,-0.012843786883143912
55428453737403296,0.58487865223480817,0.51988114317173617,0.51775008089622554,0.41140354103580551,-0.012848788755370795
58270331330947520,0.58514023856727126,0.51974171702481686,0.51744115651342526,0.41110236595022215,-0.012853635043190157
61257915104479216,0.58540217553463936,0.51960240180487594,0.51713278679134045,0.41080161859532199,-0.012858326329558075
64398675573595080,0.58566446392468752,0.51946319736748203,0.51682497006817996,0.41050129772746852,-0.012862863194751769
67700466275416992,0.58592710452766084,0.51932410356845915,0.51651770468912772,0.41020140210786543,-0.012867246216381502
71171543406525456,0.58619009813628487,0.51918512026388641,0.51621098900630547,0.40990193050253027,-0.012871475969402416
74820586467751584,0.5864534455457755,0.5190462473100973,0.51590482137873506,0.40960288168226838,-0.012875553026126293
78656719967450096,0.58671714755384885,0.51890748456367919,0.51559920017230132,0.40930425442264678,-0.012879477956233249
82689536237522928,0.58698120496073192,0.51876883188147294,0.51529412375971539,0.40900604750396835,-0.01288325132678335
86929119419245456,0.58724561856917246,0.51863028912057196,0.51498959052047766,0.40870825971124602,-0.012886873702228172
91386070678872224,0.58751038918444931,0.51849185613832216,0.51468559884084175,0.4084108898341775,-0.012890345644422279
96071534716074560,0.58777551761438285,0.5183535327923211,0.51438214711377817,0.4081139366671197,-0.012893667712634642
1.0099722763149467e+017,0.58804100466934517,0.51821531894041761,0.51407923373893816,0.40781739900906372,-0.012896840463559983
1.0617546622309997e+017,0.58830685116227088,0.51807721444071109,0.51377685712261834,0.40752127566360963,-0.012899864451330064
1.116191987845935e+017,0.5885730579086671,0.51793921915155128,0.51347501567772491,0.40722556543894173,-0.012902740227524887
1.1734203748289264e+017,0.5888396257266244,0.51780133293153741,0.51317370782373872,0.40693026714780384,-0.012905468341183852
1.233582923956367e+017,0.58910655543682711,0.51766355563951771,0.51287293198667983,0.4066353796074747,-0.01290804933881683
1.2968300729383478e+017,0.58937384786256419,0.51752588713458925,0.51257268659907307,0.40634090163974357,-0.012910483764415183
1.3633199725912922e+017,0.5896415038297399,0.51738832727609685,0.51227297009991335,0.40604683207088604,-0.012912772159462706
1.4332188822973747e+017,0.58990952416688414,0.51725087592363306,0.51197378093463131,0.40575316973163988,-0.01291491506294652
1.5067015857395766e+017,0.59017790970516393,0.51711353293703732,0.51167511755505923,0.40545991345718119,-0.012916913011367884
1.5839518279519341e+017,0.59044666127839363,0.51697629817639557,0.51137697841939722,0.40516706208710046,-0.012918766538752957
1.6651627747778326e+017,0.59071577972304634,0.51683917150203962,0.51107936199217929,0.40487461446537909,-0.012920476176663484
1.7505374958852294e+017,0.59098526587826461,0.51670215277454679,0.5107822667442401,0.40458256944036586,-0.012922042454207434
1.8402894725465997e+017,0.59125512058587137,0.51656524185473929,0.51048569115268161,0.40429092586475351,-0.012923465898049553
1.9346431314533133e+017,0.59152534469038132,0.5164284386036837,0.51018963370084014,0.40399968259555569,-0.01292474703242188
2.0338344058992634e+017,0.59179593903901173,0.51629174288269042,0.50989409287825349,0.40370883849408379,-0.012925886379134178
2.138111325736992e+017,0.59206690448169386,0.5161551545533134,0.50959906718062842,0.40341839242592414,-0.012926884457584326
2.2477346375815152e+017,0.59233824187108397,0.5160186734773492,0.5093045551098081,0.40312834326091523,-0.012927741784768623
2.3629784568126781e+017,0.59260995206257505,0.51588229951683684,0.50901055517374005,0.40283868987312493,-0.012928458875292056
2.4841309530063824e+017,0.59288203591430766,0.51574603253405715,0.50871706588644416,0.40254943114082831,-0.012929036241378495
2.6114950705086294e+017,0.59315449428718159,0.51560987239153222,0.5084240857679807,0.40226056594648507,-0.012929474392880825
2.7453892859541814e+017,0.59342732804486742,0.51547381895202493,0.50813161334441914,0.40197209317671745,-0.01292977383729103
2.8861484046240339e+017,0.59370053805381795,0.51533787207853843,0.50783964714780638,0.40168401172228813,-0.012929935079750206
3.0341243976330118e+017,0.59397412518327963,0.51520203163431577,0.50754818571613569,0.40139632047807838,-0.012929958623058523
3.1896872820408909e+017,0.59424809030530457,0.51506629748283916,0.50725722759331604,0.40110901834306617,-0.012929844967685122
3.3532260460877779e+017,0.59452243429476193,0.51493066948782962,0.50696677132914092,0.40082210422030462,-0.012929594611777957
3.5251496218673286e+017,0.59479715802934974,0.5147951475132464,0.50667681547925791,0.40053557701690035,-0.012929208051173582
3.7058879078699827e+017,0.59507226238960687,0.51465973142328658,0.50638735860513828,0.40024943564399235,-0.012928685779406871
3.8958928439531155e+017,0.59534774825892478,0.51452442108238439,0.50609839927404687,0.39996367901673041,-0.012928028287720696
4.0956395414260864e+017,0.59562361652355955,0.51438921635521084,0.50580993605901203,0.39967830605425425,-0.012927236065075528
4.3056274710759859e+017,0.59589986807264383,0.51425411710667324,0.50552196753879575,0.3993933156796724,-0.012926309598159004
4.5263817121047667e+017,0.59617650379819886,0.51411912320191455,0.50523449229786421,0.39910870682004135,-0.012925249371395416
4.7584542651007494e+017,0.59645352459514678,0.51398423450631314,0.50494750892635809,0.39882447840634488,-0.012924055866955161
5.0024254323276186e+017,0.5967309313613226,0.51384945088548217,0.50466101602006352,0.39854062937347345,-0.012922729564764125
5.2589052687823462e+017,0.59700872499748658,0.51371477220526884,0.50437501218038305,0.39825715866020361,-0.012921270942513021
5.5285351076504512e+017,0.59728690640733673,0.51358019833175439,0.50408949601430653,0.39797406520917772,-0.012919680475666658
5.8119891639730138e+017,0.59756547649752068,0.51344572913125308,0.50380446613438246,0.39769134796688371,-0.012917958637473175
6.1099762205354637e+017,0.5978444361776486,0.51331136447031211,0.50351992115868982,0.39740900588363504,-0.0129161058989732
6.4232414001937344e+017,0.5981237863603055,0.51317710421571094,0.5032358597108092,0.39712703791355058,-0.012914122729008973
6.7525680290695155e+017,0.598403527961064,0.51304294823446084,0.50295228041979512,0.39684544301453478,-0.012912009594233401
7.098779595273577e+017,0.59868366189849653,0.51290889639380444,0.50266918192014753,0.39656422014825804,-0.01290976695911907
7.4627418080549798e+017,0.59896418909418847,0.51277494856121508,0.50238656285178451,0.39628336828013694,-0.012907395285967202
7.845364762525129e+017,0.59924511047275086,0.5126411046043966,0.50210442186001436,0.39600288637931474,-0.012904895034916554
8.2476052153695949e+017,0.599526426961833,0.51250736439128264,0.5018227575955081,0.39572277341864209,-0.012902266663952269
8.6704689772381824e+017,0.59980813949213541,0.51237372779003609,0.50154156871427213,0.39544302837465772,-0.012899510628914677
9.1150134277954624e+017,0.60009024899742314,0.51224019466904891,0.50126085387762154,0.39516365022756922,-0.012896627383508039
9.5823501597206899e+017,0.60037275641453824,0.5121067648969414,0.50098061175215247,0.39488463796123402,-0.012893617379309242
1.0073647758268509e+018,0.60065566268341342,0.51197343834256182,0.5007008410097159,0.3946059905631405,-0.012890481065776446
1.0590134723340782e+018,0.60093896874708475,0.51184021487498566,0.50042154032739061,0.39432770702438913,-0.012887218890257674
1.1133102541376236e+018,0.60122267555170528,0.51170709436351569,0.50014270838745711,0.39404978633967386,-0.012883831297999358
1.1703908914739261e+018,0.601506784046558,0.51157407667768107,0.49986434387737094,0.39377222750726332,-0.012880318732154826
1.2303981156683028e+018,0.60179129518406949,0.51144116168723686,0.49958644548973685,0.39349502952898258,-0.012876681633792752
1.2934819760376072e+018,0.60207620991982336,0.51130834926216373,0.49930901192228266,0.39321819141019465,-0.012872920441905541
1.3598002150916774e+018,0.60236152921257347,0.5111756392726674,0.49903204187783351,0.39294171215978219,-0.012869035593417679
1.429518662971777e+018,0.60264725402425789,0.5110430315891783,0.49875553406428613,0.39266559079012936,-0.012865027523194024
1.5028116521123238e+018,0.60293338532001228,0.51091052608235077,0.49847948719458351,0.39238982631710395,-0.012860896664048051
1.5798624531627822e+018,0.60321992406818381,0.51077812262306288,0.49820389998668935,0.39211441776003914,-0.012856643446750053
1.6608637332597484e+018,0.60350687124034486,0.51064582108241596,0.49792877116356299,0.39183936414171594,-0.012852268300035281
1.746018037795147e+018,0.60379422781130687,0.51051362133173406,0.49765409945313444,0.39156466448834526,-0.012847771650612056
1.8355382968852129e+018,0.60408199475913427,0.51038152324256325,0.49737988358827934,0.39129031782955043,-0.012843153923169813
1.9296483578066924e+018,0.60437017306515872,0.51024952668667156,0.49710612230679441,0.39101632319834956,-0.012838415540387109
2.0285835447316301e+018,0.60465876371399296,0.51011763153604828,0.49683281435137272,0.39074267963113823,-0.012833556922939582
2.1325912471603758e+018,0.60494776769354508,0.50998583766290362,0.4965599584695794,0.39046938616767207,-0.012828578489507862
2.2419315385241943e+018,0.60523718599503262,0.50985414493966796,0.49628755341382719,0.39019644185104957,-0.012823480656785432
2.3568778265043098e+018,0.60552701961299726,0.50972255323899185,0.49601559794135258,0.38992384572769495,-0.012818263839486452
2.4777175366935188e+018,0.60581726954531867,0.50959106243374508,0.49574409081419157,0.3896515968473413,-0.012812928450353528
2.60475283130989e+018,0.6061079367932295,0.50945967239701651,0.495473030799156,0.38937969426301339,-0.012807474900165433
2.7383013647596928e+018,0.60639902236132959,0.50932838300211358,0.49520241666780979,0.3891081370310111,-0.012801903597744795
2.8786970779388769e+018,0.60669052725760064,0.5091971941225617,0.49493224719644535,0.38883692421089255,-0.012796214949965728
3.0262910332592517e+018,0.60698245249342109,0.50906610563210408,0.4946625211660603,0.38856605486545748,-0.012790409361761419
3.1814522924873748e+018,0.60727479908358073,0.50893511740470088,0.49439323736233409,0.38829552806073075,-0.012784487236131677
3.3445688395912084e+018,0.60756756804629564,0.50880422931452907,0.49412439457560503,0.38802534286594603,-0.01277844897415043
3.5160485509021261e+018,0.6078607604032229,0.5086734412359819,0.49385599160084709,0.38775549835352918,-0.01277229497497318
3.696320215018198e+018,0.60815437717947607,0.50854275304366836,0.49358802723764722,0.38748599359908226,-0.012766025635844416
3.8858346049990308e+018,0.60844841940363981,0.50841216461241268,0.49332050029018265,0.38721682768136723,-0.012759641352104978
4.0850656055332137e+018,0.60874288810778521,0.50828167581725425,0.49305340956719818,0.38694799968228999,-0.012753142517199383
4.294511397896876e+018,0.60903778432748534,0.50815128653344666,0.4927867538819839,0.38667950868688428,-0.012746529522683103
4.514695705666368e+018,0.60933310910183003,0.50802099663645772,0.49252053205235286,0.386411353783296,-0.012739802758229802
4.7461691042999962e+018,0.60962886347344181,0.50789080600196856,0.49225474290061877,0.38614353406276719,-0.012732962611638527
4.9895103978634547e+018,0.60992504848849116,0.50776071450587346,0.49198938525357416,0.38587604861962055,-0.01272600946884086
5.2453280663414712e+018,0.61022166519671206,0.5076307220242795,0.49172445794246833,0.3856088965512437,-0.01271894371390803
5.5142617871547136e+018,0.61051871465141772,0.50750082843350586,0.49145995980298568,0.38534207695807365,-0.012711765729057967
5.7969840346865326e+018,0.61081619790951647,0.5073710336100834,0.49119588967522404,0.38507558894358146,-0.012704475894662335
6.0942017618192015e+018,0.61111411603152732,0.5072413374307545,0.49093224640367317,0.38480943161425685,-0.012697074589253511
6.406658167684351e+018,0.61141247008159605,0.50711173977247226,0.49066902883719332,0.38454360407959287,-0.01268956218953152
6.7351345560479171e+018,0.61171126112751129,0.50698224051240037,0.49040623582899401,0.38427810545207092,-0.012681939070370934
7.0804522889765202e+018,0.61201049024072052,0.50685283952791227,0.49014386623661288,0.38401293484714544,-0.012674205604827732
7.4434748406704538e+018,0.61231015849634607,0.5067235366965912,0.48988191892189481,0.38374809138322902,-0.01266636216414611
7.8251099565989571e+018,0.61261026697320187,0.50659433189622949,0.48962039275097086,0.38348357418167756,-0.012658409117765258
8.226311923336704e+018,0.61291081675380921,0.50646522500482805,0.48935928659423761,0.38321938236677527,-0.012650346833326092
8.6480839547773112e+018,0.61321180892441374,0.50633621590059608,0.48909859932633654,0.38295551506572006,-0.012642175676677948
9.0914807006906194e+018,0.61351324457500156,0.50620730446195061,0.48883832982613351,0.38269197140860883,-0.012633896011885231
9.5576108838964634e+018,0.61381512479931621,0.50607849056751608,0.48857847697669832,0.38242875052842273,-0.012625508201234032
1.0047640072649228e+019,0.614117450694875,0.50594977409612385,0.4883190396652845,0.38216585156101296,-0.012617012605238695
1.0562793595165598e+019,0.61442022336298618,0.50582115492681179,0.48806001678330918,0.38190327364508603,-0.012608409582648354
1.1104359603583351e+019,0.61472344390876565,0.50569263293882394,0.48780140722633292,0.38164101592218969,-0.012599699490453423
1.1673692295012667e+019,0.61502711344115391,0.50556420801160984,0.48754320989403999,0.38137907753669842,-0.012590882683892052
1.2199999999999982e+019,0.61529531232075241,0.50545102239885842,0.4873158305666403,0.38114832184367653,-0.012583018302768478
