Mt,Mh_calc,Stability,S_conformal,method_flag
155.0,112.0,1,-1.0,0
155.0,112.25,1,-1.0,0
155.0,112.5,1,-1.0,0
155.0,112.75,1,-1.0,0
155.0,113.0,1,-1.0,0
155.0,113.25,1,-1.0,0
155.0,113.5,1,-1.0,0
155.0,113.75,1,-1.0,0
155.0,114.0,1,-1.0,0
155.0,114.25,1,-1.0,0
155.0,114.5,1,-1.0,0
155.0,114.75,1,-1.0,0
155.0,115.0,1,-1.0,0
155.0,115.25,1,-1.0,0
155.0,115.5,1,-1.0,0
155.0,115.75,1,-1.0,0
155.0,116.0,1,-1.0,0
155.0,116.25,1,-1.0,0
155.0,116.5,1,-1.0,0
155.0,116.75,1,-1.0,0
155.0,117.0,1,-1.0,0
155.0,117.25,1,-1.0,0
155.0,117.5,1,-1.0,0
155.0,117.75,1,-1.0,0
155.0,118.0,1,-1.0,0
155.0,118.25,1,-1.0,0
155.0,118.5,1,-1.0,0
155.0,118.75,1,-1.0,0
155.0,119.0,1,-1.0,0
155.0,119.25,1,-1.0,0
155.0,119.5,1,-1.0,0
155.0,119.75,1,-1.0,0
155.0,120.0,1,-1.0,0
155.0,120.25,1,-1.0,0
155.0,120.5,1,-1.0,0
155.0,120.75,1,-1.0,0
155.0,121.0,1,-1.0,0
155.0,121.25,1,-1.0,0
155.0,121.5,1,-1.0,0
155.0,121.75,1,-1.0,0
155.0,122.0,1,-1.0,0
155.0,122.25,1,-1.0,0
155.0,122.5,1,-1.0,0
155.0,122.75,1,-1.0,0
155.0,123.0,1,-1.0,0
155.0,123.25,1,-1.0,0
155.0,123.5,1,-1.0,0
155.0,123.75,1,-1.0,0
155.0,124.0,1,-1.0,0
155.0,124.25,1,-1.0,0
155.0,124.5,1,-1.0,0
155.0,124.75,1,-1.0,0
155.0,125.0,1,-1.0,0
155.0,125.25,1,-1.0,0
155.0,125.5,1,-1.0,0
155.0,125.75,1,-1.0,0
155.0,126.0,1,-1.0,0
155.0,126.25,1,-1.0,0
155.0,126.5,1,-1.0,0
155.0,126.75,1,-1.0,0
155.0,127.0,1,-1.0,0
155.0,127.25,1,-1.0,0
155.0,127.5,1,-1.0,0
155.0,127.75,1,-1.0,0
155.0,128.0,1,-1.0,0
155.0,128.25,1,-1.0,0
155.0,128.5,1,-1.0,0
155.0,128.75,1,-1.0,0
155.0,129.0,1,-1.0,0
155.0,129.25,1,-1.0,0
155.0,129.5,1,-1.0,0
155.0,129.75,1,-1.0,0
155.0,130.0,1,-1.0,0
155.0,130.25,1,-1.0,0
155.0,130.5,1,-1.0,0
155.0,130.75,1,-1.0,0
155.0,131.0,1,-1.0,0
155.0,131.25,1,-1.0,0
155.0,131.5,1,-1.0,0
155.0,131.75,1,-1.0,0
155.0,132.0,1,-1.0,0
155.0,132.25,1,-1.0,0
155.0,132.5,1,-1.0,0
155.0,132.75,1,-1.0,0
155.0,133.0,1,-1.0,0
155.0,133.25,1,-1.0,0
155.0,133.5,1,-1.0,0
155.0,133.75,1,-1.0,0
155.0,134.0,1,-1.0,0
155.0,134.25,1,-1.0,0
155.0,134.5,1,-1.0,0
155.0,134.75,1,-1.0,0
155.0,135.0,1,-1.0,0
155.0,135.25,1,-1.0,0
155.0,135.5,1,-1.0,0
155.0,135.75,1,-1.0,0
155.0,136.0,1,-1.0,0
155.0,136.25,1,-1.0,0
155.0,136.5,1,-1.0,0
155.0,136.75,1,-1.0,0
155.0,137.0,1,-1.0,0
155.0,137.25,1,-1.0,0
155.0,137.5,1,-1.0,0
155.0,137.75,1,-1.0,0
155.0,138.0,1,-1.0,0
155.25,112.0,1,-1.0,0
155.25,112.25,1,-1.0,0
155.25,112.5,1,-1.0,0
155.25,112.75,1,-1.0,0
155.25,113.0,1,-1.0,0
155.25,113.25,1,-1.0,0
155.25,113.5,1,-1.0,0
155.25,113.75,1,-1.0,0
155.25,114.0,1,-1.0,0
155.25,114.25,1,-1.0,0
155.25,114.5,1,-1.0,0
155.25,114.75,1,-1.0,0
155.25,115.0,1,-1.0,0
155.25,115.25,1,-1.0,0
155.25,115.5,1,-1.0,0
155.25,115.75,1,-1.0,0
155.25,116.0,1,-1.0,0
155.25,116.25,1,-1.0,0
155.25,116.5,1,-1.0,0
155.25,116.75,1,-1.0,0
155.25,117.0,1,-1.0,0
155.25,117.25,1,-1.0,0
155.25,117.5,1,-1.0,0
155.25,117.75,1,-1.0,0
155.25,118.0,1,-1.0,0
155.25,118.25,1,-1.0,0
155.25,118.5,1,-1.0,0
155.25,118.75,1,-1.0,0
155.25,119.0,1,-1.0,0
155.25,119.25,1,-1.0,0
155.25,119.5,1,-1.0,0
155.25,119.75,1,-1.0,0
155.25,120.0,1,-1.0,0
155.25,120.25,1,-1.0,0
155.25,120.5,1,-1.0,0
155.25,120.75,1,-1.0,0
155.25,121.0,1,-1.0,0
155.25,121.25,1,-1.0,0
155.25,121.5,1,-1.0,0
155.25,121.75,1,-1.0,0
155.25,122.0,1,-1.0,0
155.25,122.25,1,-1.0,0
155.25,122.5,1,-1.0,0
155.25,122.75,1,-1.0,0
155.25,123.0,1,-1.0,0
155.25,123.25,1,-1.0,0
155.25,123.5,1,-1.0,0
155.25,123.75,1,-1.0,0
155.25,124.0,1,-1.0,0
155.25,124.25,1,-1.0,0
155.25,124.5,1,-1.0,0
155.25,124.75,1,-1.0,0
155.25,125.0,1,-1.0,0
155.25,125.25,1,-1.0,0
155.25,125.5,1,-1.0,0
155.25,125.75,1,-1.0,0
155.25,126.0,1,-1.0,0
155.25,126.25,1,-1.0,0
155.25,126.5,1,-1.0,0
155.25,126.75,1,-1.0,0
155.25,127.0,1,-1.0,0
155.25,127.25,1,-1.0,0
155.25,127.5,1,-1.0,0
155.25,127.75,1,-1.0,0
155.25,128.0,1,-1.0,0
155.25,128.25,1,-1.0,0
155.25,128.5,1,-1.0,0
155.25,128.75,1,-1.0,0
155.25,129.0,1,-1.0,0
155.25,129.25,1,-1.0,0
155.25,129.5,1,-1.0,0
155.25,129.75,1,-1.0,0
155.25,130.0,1,-1.0,0
155.25,130.25,1,-1.0,0
155.25,130.5,1,-1.0,0
155.25,130.75,1,-1.0,0
155.25,131.0,1,-1.0,0
155.25,131.25,1,-1.0,0
155.25,131.5,1,-1.0,0
155.25,131.75,1,-1.0,0
155.25,132.0,1,-1.0,0
155.25,132.25,1,-1.0,0
155.25,132.5,1,-1.0,0
155.25,132.75,1,-1.0,0
155.25,133.0,1,-1.0,0
155.25,133.25,1,-1.0,0
155.25,133.5,1,-1.0,0
155.25,133.75,1,-1.0,0
155.25,134.0,1,-1.0,0
155.25,134.25,1,-1.0,0
155.25,134.5,1,-1.0,0
155.25,134.75,1,-1.0,0
155.25,135.0,1,-1.0,0
155.25,135.25,1,-1.0,0
155.25,135.5,1,-1.0,0
155.25,135.75,1,-1.0,0
155.25,136.0,1,-1.0,0
155.25,136.25,1,-1.0,0
155.25,136.5,1,-1.0,0
155.25,136.75,1,-1.0,0
155.25,137.0,1,-1.0,0
155.25,137.25,1,-1.0,0
155.25,137.5,1,-1.0,0
155.25,137.75,1,-1.0,0
155.25,138.0,1,-1.0,0
155.5,112.0,1,-1.0,0
155.5,112.25,1,-1.0,0
155.5,112.5,1,-1.0,0
155.5,112.75,1,-1.0,0
155.5,113.0,1,-1.0,0
155.5,113.25,1,-1.0,0
155.5,113.5,1,-1.0,0
155.5,113.75,1,-1.0,0
155.5,114.0,1,-1.0,0
155.5,114.25,1,-1.0,0
155.5,114.5,1,-1.0,0
155.5,114.75,1,-1.0,0
155.5,115.0,1,-1.0,0
155.5,115.25,1,-1.0,0
155.5,115.5,1,-1.0,0
155.5,115.75,1,-1.0,0
155.5,116.0,1,-1.0,0
155.5,116.25,1,-1.0,0
155.5,116.5,1,-1.0,0
155.5,116.75,1,-1.0,0
155.5,117.0,1,-1.0,0
155.5,117.25,1,-1.0,0
155.5,117.5,1,-1.0,0
155.5,117.75,1,-1.0,0
155.5,118.0,1,-1.0,0
155.5,118.25,1,-1.0,0
155.5,118.5,1,-1.0,0
155.5,118.75,1,-1.0,0
155.5,119.0,1,-1.0,0
155.5,119.25,1,-1.0,0
155.5,119.5,1,-1.0,0
155.5,119.75,1,-1.0,0
155.5,120.0,1,-1.0,0
155.5,120.25,1,-1.0,0
155.5,120.5,1,-1.0,0
155.5,120.75,1,-1.0,0
155.5,121.0,1,-1.0,0
155.5,121.25,1,-1.0,0
155.5,121.5,1,-1.0,0
155.5,121.75,1,-1.0,0
155.5,122.0,1,-1.0,0
155.5,122.25,1,-1.0,0
155.5,122.5,1,-1.0,0
155.5,122.75,1,-1.0,0
155.5,123.0,1,-1.0,0
155.5,123.25,1,-1.0,0
155.5,123.5,1,-1.0,0
155.5,123.75,1,-1.0,0
155.5,124.0,1,-1.0,0
155.5,124.25,1,-1.0,0
155.5,124.5,1,-1.0,0
155.5,124.75,1,-1.0,0
155.5,125.0,1,-1.0,0
155.5,125.25,1,-1.0,0
155.5,125.5,1,-1.0,0
155.5,125.75,1,-1.0,0
155.5,126.0,1,-1.0,0
155.5,126.25,1,-1.0,0
155.5,126.5,1,-1.0,0
155.5,126.75,1,-1.0,0
155.5,127.0,1,-1.0,0
155.5,127.25,1,-1.0,0
155.5,127.5,1,-1.0,0
155.5,127.75,1,-1.0,0
155.5,128.0,1,-1.0,0
155.5,128.25,1,-1.0,0
155.5,128.5,1,-1.0,0
155.5,128.75,1,-1.0,0
155.5,129.0,1,-1.0,0
155.5,129.25,1,-1.0,0
155.5,129.5,1,-1.0,0
155.5,129.75,1,-1.0,0
155.5,130.0,1,-1.0,0
155.5,130.25,1,-1.0,0
155.5,130.5,1,-1.0,0
155.5,130.75,1,-1.0,0
155.5,131.0,1,-1.0,0
155.5,131.25,1,-1.0,0
155.5,131.5,1,-1.0,0
155.5,131.75,1,-1.0,0
155.5,132.0,1,-1.0,0
155.5,132.25,1,-1.0,0
155.5,132.5,1,-1.0,0
155.5,132.75,1,-1.0,0
155.5,133.0,1,-1.0,0
155.5,133.25,1,-1.0,0
155.5,133.5,1,-1.0,0
155.5,133.75,1,-1.0,0
155.5,134.0,1,-1.0,0
155.5,134.25,1,-1.0,0
155.5,134.5,1,-1.0,0
155.5,134.75,1,-1.0,0
155.5,135.0,1,-1.0,0
155.5,135.25,1,-1.0,0
155.5,135.5,1,-1.0,0
155.5,135.75,1,-1.0,0
155.5,136.0,1,-1.0,0
155.5,136.25,1,-1.0,0
155.5,136.5,1,-1.0,0
155.5,136.75,1,-1.0,0
155.5,137.0,1,-1.0,0
155.5,137.25,1,-1.0,0
155.5,137.5,1,-1.0,0
155.5,137.75,1,-1.0,0
155.5,138.0,1,-1.0,0
155.75,112.0,1,-1.0,0
155.75,112.25,1,-1.0,0
155.75,112.5,1,-1.0,0
155.75,112.75,1,-1.0,0
155.75,113.0,1,-1.0,0
155.75,113.25,1,-1.0,0
155.75,113.5,1,-1.0,0
155.75,113.75,1,-1.0,0
155.75,114.0,1,-1.0,0
155.75,114.25,1,-1.0,0
155.75,114.5,1,-1.0,0
155.75,114.75,1,-1.0,0
155.75,115.0,1,-1.0,0
155.75,115.25,1,-1.0,0
155.75,115.5,1,-1.0,0
155.75,115.75,1,-1.0,0
155.75,116.0,1,-1.0,0
155.75,116.25,1,-1.0,0
155.75,116.5,1,-1.0,0
155.75,116.75,1,-1.0,0
155.75,117.0,1,-1.0,0
155.75,117.25,1,-1.0,0
155.75,117.5,1,-1.0,0
155.75,117.75,1,-1.0,0
155.75,118.0,1,-1.0,0
155.75,118.25,1,-1.0,0
155.75,118.5,1,-1.0,0
155.75,118.75,1,-1.0,0
155.75,119.0,1,-1.0,0
155.75,119.25,1,-1.0,0
155.75,119.5,1,-1.0,0
155.75,119.75,1,-1.0,0
155.75,120.0,1,-1.0,0
155.75,120.25,1,-1.0,0
155.75,120.5,1,-1.0,0
155.75,120.75,1,-1.0,0
155.75,121.0,1,-1.0,0
155.75,121.25,1,-1.0,0
155.75,121.5,1,-1.0,0
155.75,121.75,1,-1.0,0
155.75,122.0,1,-1.0,0
155.75,122.25,1,-1.0,0
155.75,122.5,1,-1.0,0
155.75,122.75,1,-1.0,0
155.75,123.0,1,-1.0,0
155.75,123.25,1,-1.0,0
155.75,123.5,1,-1.0,0
155.75,123.75,1,-1.0,0
155.75,124.0,1,-1.0,0
155.75,124.25,1,-1.0,0
155.75,124.5,1,-1.0,0
155.75,124.75,1,-1.0,0
155.75,125.0,1,-1.0,0
155.75,125.25,1,-1.0,0
155.75,125.5,1,-1.0,0
155.75,125.75,1,-1.0,0
155.75,126.0,1,-1.0,0
155.75,126.25,1,-1.0,0
155.75,126.5,1,-1.0,0
155.75,126.75,1,-1.0,0
155.75,127.0,1,-1.0,0
155.75,127.25,1,-1.0,0
155.75,127.5,1,-1.0,0
155.75,127.75,1,-1.0,0
155.75,128.0,1,-1.0,0
155.75,128.25,1,-1.0,0
155.75,128.5,1,-1.0,0
155.75,128.75,1,-1.0,0
155.75,129.0,1,-1.0,0
155.75,129.25,1,-1.0,0
155.75,129.5,1,-1.0,0
155.75,129.75,1,-1.0,0
155.75,130.0,1,-1.0,0
155.75,130.25,1,-1.0,0
155.75,130.5,1,-1.0,0
155.75,130.75,1,-1.0,0
155.75,131.0,1,-1.0,0
155.75,131.25,1,-1.0,0
155.75,131.5,1,-1.0,0
155.75,131.75,1,-1.0,0
155.75,132.0,1,-1.0,0
155.75,132.25,1,-1.0,0
155.75,132.5,1,-1.0,0
155.75,132.75,1,-1.0,0
155.75,133.0,1,-1.0,0
155.75,133.25,1,-1.0,0
155.75,133.5,1,-1.0,0
155.75,133.75,1,-1.0,0
155.75,134.0,1,-1.0,0
155.75,134.25,1,-1.0,0
155.75,134.5,1,-1.0,0
155.75,134.75,1,-1.0,0
155.75,135.0,1,-1.0,0
155.75,135.25,1,-1.0,0
155.75,135.5,1,-1.0,0
155.75,135.75,1,-1.0,0
155.75,136.0,1,-1.0,0
155.75,136.25,1,-1.0,0
155.75,136.5,1,-1.0,0
155.75,136.75,1,-1.0,0
155.75,137.0,1,-1.0,0
155.75,137.25,1,-1.0,0
155.75,137.5,1,-1.0,0
155.75,137.75,1,-1.0,0
155.75,138.0,1,-1.0,0
156.0,112.0,1,-1.0,0
156.0,112.25,1,-1.0,0
156.0,112.5,1,-1.0,0
156.0,112.75,1,-1.0,0
156.0,113.0,1,-1.0,0
156.0,113.25,1,-1.0,0
156.0,113.5,1,-1.0,0
156.0,113.75,1,-1.0,0
156.0,114.0,1,-1.0,0
156.0,114.25,1,-1.0,0
156.0,114.5,1,-1.0,0
156.0,114.75,1,-1.0,0
156.0,115.0,1,-1.0,0
156.0,115.25,1,-1.0,0
156.0,115.5,1,-1.0,0
156.0,115.75,1,-1.0,0
156.0,116.0,1,-1.0,0
156.0,116.25,1,-1.0,0
156.0,116.5,1,-1.0,0
156.0,116.75,1,-1.0,0
156.0,117.0,1,-1.0,0
156.0,117.25,1,-1.0,0
156.0,117.5,1,-1.0,0
156.0,117.75,1,-1.0,0
156.0,118.0,1,-1.0,0
156.0,118.25,1,-1.0,0
156.0,118.5,1,-1.0,0
156.0,118.75,1,-1.0,0
156.0,119.0,1,-1.0,0
156.0,119.25,1,-1.0,0
156.0,119.5,1,-1.0,0
156.0,119.75,1,-1.0,0
156.0,120.0,1,-1.0,0
156.0,120.25,1,-1.0,0
156.0,120.5,1,-1.0,0
156.0,120.75,1,-1.0,0
156.0,121.0,1,-1.0,0
156.0,121.25,1,-1.0,0
156.0,121.5,1,-1.0,0
156.0,121.75,1,-1.0,0
156.0,122.0,1,-1.0,0
156.0,122.25,1,-1.0,0
156.0,122.5,1,-1.0,0
156.0,122.75,1,-1.0,0
156.0,123.0,1,-1.0,0
156.0,123.25,1,-1.0,0
156.0,123.5,1,-1.0,0
156.0,123.75,1,-1.0,0
156.0,124.0,1,-1.0,0
156.0,124.25,1,-1.0,0
156.0,124.5,1,-1.0,0
156.0,124.75,1,-1.0,0
156.0,125.0,1,-1.0,0
156.0,125.25,1,-1.0,0
156.0,125.5,1,-1.0,0
156.0,125.75,1,-1.0,0
156.0,126.0,1,-1.0,0
156.0,126.25,1,-1.0,0
156.0,126.5,1,-1.0,0
156.0,126.75,1,-1.0,0
156.0,127.0,1,-1.0,0
156.0,127.25,1,-1.0,0
156.0,127.5,1,-1.0,0
156.0,127.75,1,-1.0,0
156.0,128.0,1,-1.0,0
156.0,128.25,1,-1.0,0
156.0,128.5,1,-1.0,0
156.0,128.75,1,-1.0,0
156.0,129.0,1,-1.0,0
156.0,129.25,1,-1.0,0
156.0,129.5,1,-1.0,0
156.0,129.75,1,-1.0,0
156.0,130.0,1,-1.0,0
156.0,130.25,1,-1.0,0
156.0,130.5,1,-1.0,0
156.0,130.75,1,-1.0,0
156.0,131.0,1,-1.0,0
156.0,131.25,1,-1.0,0
156.0,131.5,1,-1.0,0
156.0,131.75,1,-1.0,0
156.0,132.0,1,-1.0,0
156.0,132.25,1,-1.0,0
156.0,132.5,1,-1.0,0
156.0,132.75,1,-1.0,0
156.0,133.0,1,-1.0,0
156.0,133.25,1,-1.0,0
156.0,133.5,1,-1.0,0
156.0,133.75,1,-1.0,0
156.0,134.0,1,-1.0,0
156.0,134.25,1,-1.0,0
156.0,134.5,1,-1.0,0
156.0,134.75,1,-1.0,0
156.0,135.0,1,-1.0,0
156.0,135.25,1,-1.0,0
156.0,135.5,1,-1.0,0
156.0,135.75,1,-1.0,0
156.0,136.0,1,-1.0,0
156.0,136.25,1,-1.0,0
156.0,136.5,1,-1.0,0
156.0,136.75,1,-1.0,0
156.0,137.0,1,-1.0,0
156.0,137.25,1,-1.0,0
156.0,137.5,1,-1.0,0
156.0,137.75,1,-1.0,0
156.0,138.0,1,-1.0,0
156.25,112.0,1,-1.0,0
156.25,112.25,1,-1.0,0
156.25,112.5,1,-1.0,0
156.25,112.75,1,-1.0,0
156.25,113.0,1,-1.0,0
156.25,113.25,1,-1.0,0
156.25,113.5,1,-1.0,0
156.25,113.75,1,-1.0,0
156.25,114.0,1,-1.0,0
156.25,114.25,1,-1.0,0
156.25,114.5,1,-1.0,0
156.25,114.75,1,-1.0,0
156.25,115.0,1,-1.0,0
156.25,115.25,1,-1.0,0
156.25,115.5,1,-1.0,0
156.25,115.75,1,-1.0,0
156.25,116.0,1,-1.0,0
156.25,116.25,1,-1.0,0
156.25,116.5,1,-1.0,0
156.25,116.75,1,-1.0,0
156.25,117.0,1,-1.0,0
156.25,117.25,1,-1.0,0
156.25,117.5,1,-1.0,0
156.25,117.75,1,-1.0,0
156.25,118.0,1,-1.0,0
156.25,118.25,1,-1.0,0
156.25,118.5,1,-1.0,0
156.25,118.75,1,-1.0,0
156.25,119.0,1,-1.0,0
156.25,119.25,1,-1.0,0
156.25,119.5,1,-1.0,0
156.25,119.75,1,-1.0,0
156.25,120.0,1,-1.0,0
156.25,120.25,1,-1.0,0
156.25,120.5,1,-1.0,0
156.25,120.75,1,-1.0,0
156.25,121.0,1,-1.0,0
156.25,121.25,1,-1.0,0
156.25,121.5,1,-1.0,0
156.25,121.75,1,-1.0,0
156.25,122.0,1,-1.0,0
156.25,122.25,1,-1.0,0
156.25,122.5,1,-1.0,0
156.25,122.75,1,-1.0,0
156.25,123.0,1,-1.0,0
156.25,123.25,1,-1.0,0
156.25,123.5,1,-1.0,0
156.25,123.75,1,-1.0,0
156.25,124.0,1,-1.0,0
156.25,124.25,1,-1.0,0
156.25,124.5,1,-1.0,0
156.25,124.75,1,-1.0,0
156.25,125.0,1,-1.0,0
156.25,125.25,1,-1.0,0
156.25,125.5,1,-1.0,0
156.25,125.75,1,-1.0,0
156.25,126.0,1,-1.0,0
156.25,126.25,1,-1.0,0
156.25,126.5,1,-1.0,0
156.25,126.75,1,-1.0,0
156.25,127.0,1,-1.0,0
156.25,127.25,1,-1.0,0
156.25,127.5,1,-1.0,0
156.25,127.75,1,-1.0,0
156.25,128.0,1,-1.0,0
156.25,128.25,1,-1.0,0
156.25,128.5,1,-1.0,0
156.25,128.75,1,-1.0,0
156.25,129.0,1,-1.0,0
156.25,129.25,1,-1.0,0
156.25,129.5,1,-1.0,0
156.25,129.75,1,-1.0,0
156.25,130.0,1,-1.0,0
156.25,130.25,1,-1.0,0
156.25,130.5,1,-1.0,0
156.25,130.75,1,-1.0,0
156.25,131.0,1,-1.0,0
156.25,131.25,1,-1.0,0
156.25,131.5,1,-1.0,0
156.25,131.75,1,-1.0,0
156.25,132.0,1,-1.0,0
156.25,132.25,1,-1.0,0
156.25,132.5,1,-1.0,0
156.25,132.75,1,-1.0,0
156.25,133.0,1,-1.0,0
156.25,133.25,1,-1.0,0
156.25,133.5,1,-1.0,0
156.25,133.75,1,-1.0,0
156.25,134.0,1,-1.0,0
156.25,134.25,1,-1.0,0
156.25,134.5,1,-1.0,0
156.25,134.75,1,-1.0,0
156.25,135.0,1,-1.0,0
156.25,135.25,1,-1.0,0
156.25,135.5,1,-1.0,0
156.25,135.75,1,-1.0,0
156.25,136.0,1,-1.0,0
156.25,136.25,1,-1.0,0
156.25,136.5,1,-1.0,0
156.25,136.75,1,-1.0,0
156.25,137.0,1,-1.0,0
156.25,137.25,1,-1.0,0
156.25,137.5,1,-1.0,0
156.25,137.75,1,-1.0,0
156.25,138.0,1,-1.0,0
156.5,112.0,1,-1.0,0
156.5,112.25,1,-1.0,0
156.5,112.5,1,-1.0,0
156.5,112.75,1,-1.0,0
156.5,113.0,1,-1.0,0
156.5,113.25,1,-1.0,0
156.5,113.5,1,-1.0,0
156.5,113.75,1,-1.0,0
156.5,114.0,1,-1.0,0
156.5,114.25,1,-1.0,0
156.5,114.5,1,-1.0,0
156.5,114.75,1,-1.0,0
156.5,115.0,1,-1.0,0
156.5,115.25,1,-1.0,0
156.5,115.5,1,-1.0,0
156.5,115.75,1,-1.0,0
156.5,116.0,1,-1.0,0
156.5,116.25,1,-1.0,0
156.5,116.5,1,-1.0,0
156.5,116.75,1,-1.0,0
156.5,117.0,1,-1.0,0
156.5,117.25,1,-1.0,0
156.5,117.5,1,-1.0,0
156.5,117.75,1,-1.0,0
156.5,118.0,1,-1.0,0
156.5,118.25,1,-1.0,0
156.5,118.5,1,-1.0,0
156.5,118.75,1,-1.0,0
156.5,119.0,1,-1.0,0
156.5,119.25,1,-1.0,0
156.5,119.5,1,-1.0,0
156.5,119.75,1,-1.0,0
156.5,120.0,1,-1.0,0
156.5,120.25,1,-1.0,0
156.5,120.5,1,-1.0,0
156.5,120.75,1,-1.0,0
156.5,121.0,1,-1.0,0
156.5,121.25,1,-1.0,0
156.5,121.5,1,-1.0,0
156.5,121.75,1,-1.0,0
156.5,122.0,1,-1.0,0
156.5,122.25,1,-1.0,0
156.5,122.5,1,-1.0,0
156.5,122.75,1,-1.0,0
156.5,123.0,1,-1.0,0
156.5,123.25,1,-1.0,0
156.5,123.5,1,-1.0,0
156.5,123.75,1,-1.0,0
156.5,124.0,1,-1.0,0
156.5,124.25,1,-1.0,0
156.5,124.5,1,-1.0,0
156.5,124.75,1,-1.0,0
156.5,125.0,1,-1.0,0
156.5,125.25,1,-1.0,0
156.5,125.5,1,-1.0,0
156.5,125.75,1,-1.0,0
156.5,126.0,1,-1.0,0
156.5,126.25,1,-1.0,0
156.5,126.5,1,-1.0,0
156.5,126.75,1,-1.0,0
156.5,127.0,1,-1.0,0
156.5,127.25,1,-1.0,0
156.5,127.5,1,-1.0,0
156.5,127.75,1,-1.0,0
156.5,128.0,1,-1.0,0
156.5,128.25,1,-1.0,0
156.5,128.5,1,-1.0,0
156.5,128.75,1,-1.0,0
156.5,129.0,1,-1.0,0
156.5,129.25,1,-1.0,0
156.5,129.5,1,-1.0,0
156.5,129.75,1,-1.0,0
156.5,130.0,1,-1.0,0
156.5,130.25,1,-1.0,0
156.5,130.5,1,-1.0,0
156.5,130.75,1,-1.0,0
156.5,131.0,1,-1.0,0
156.5,131.25,1,-1.0,0
156.5,131.5,1,-1.0,0
156.5,131.75,1,-1.0,0
156.5,132.0,1,-1.0,0
156.5,132.25,1,-1.0,0
156.5,132.5,1,-1.0,0
156.5,132.75,1,-1.0,0
156.5,133.0,1,-1.0,0
156.5,133.25,1,-1.0,0
156.5,133.5,1,-1.0,0
156.5,133.75,1,-1.0,0
156.5,134.0,1,-1.0,0
156.5,134.25,1,-1.0,0
156.5,134.5,1,-1.0,0
156.5,134.75,1,-1.0,0
156.5,135.0,1,-1.0,0
156.5,135.25,1,-1.0,0
156.5,135.5,1,-1.0,0
156.5,135.75,1,-1.0,0
156.5,136.0,1,-1.0,0
156.5,136.25,1,-1.0,0
156.5,136.5,1,-1.0,0
156.5,136.75,1,-1.0,0
156.5,137.0,1,-1.0,0
156.5,137.25,1,-1.0,0
156.5,137.5,1,-1.0,0
156.5,137.75,1,-1.0,0
156.5,138.0,1,-1.0,0
156.75,112.0,1,-1.0,0
156.75,112.25,1,-1.0,0
156.75,112.5,1,-1.0,0
156.75,112.75,1,-1.0,0
156.75,113.0,1,-1.0,0
156.75,113.25,1,-1.0,0
156.75,113.5,1,-1.0,0
156.75,113.75,1,-1.0,0
156.75,114.0,1,-1.0,0
156.75,114.25,1,-1.0,0
156.75,114.5,1,-1.0,0
156.75,114.75,1,-1.0,0
156.75,115.0,1,-1.0,0
156.75,115.25,1,-1.0,0
156.75,115.5,1,-1.0,0
156.75,115.75,1,-1.0,0
156.75,116.0,1,-1.0,0
156.75,116.25,1,-1.0,0
156.75,116.5,1,-1.0,0
156.75,116.75,1,-1.0,0
156.75,117.0,1,-1.0,0
156.75,117.25,1,-1.0,0
156.75,117.5,1,-1.0,0
156.75,117.75,1,-1.0,0
156.75,118.0,1,-1.0,0
156.75,118.25,1,-1.0,0
156.75,118.5,1,-1.0,0
156.75,118.75,1,-1.0,0
156.75,119.0,1,-1.0,0
156.75,119.25,1,-1.0,0
156.75,119.5,1,-1.0,0
156.75,119.75,1,-1.0,0
156.75,120.0,1,-1.0,0
156.75,120.25,1,-1.0,0
156.75,120.5,1,-1.0,0
156.75,120.75,1,-1.0,0
156.75,121.0,1,-1.0,0
156.75,121.25,1,-1.0,0
156.75,121.5,1,-1.0,0
156.75,121.75,1,-1.0,0
156.75,122.0,1,-1.0,0
156.75,122.25,1,-1.0,0
156.75,122.5,1,-1.0,0
156.75,122.75,1,-1.0,0
156.75,123.0,1,-1.0,0
156.75,123.25,1,-1.0,0
156.75,123.5,1,-1.0,0
156.75,123.75,1,-1.0,0
156.75,124.0,1,-1.0,0
156.75,124.25,1,-1.0,0
156.75,124.5,1,-1.0,0
156.75,124.75,1,-1.0,0
156.75,125.0,1,-1.0,0
156.75,125.25,1,-1.0,0
156.75,125.5,1,-1.0,0
156.75,125.75,1,-1.0,0
156.75,126.0,1,-1.0,0
156.75,126.25,1,-1.0,0
156.75,126.5,1,-1.0,0
156.75,126.75,1,-1.0,0
156.75,127.0,1,-1.0,0
156.75,127.25,1,-1.0,0
156.75,127.5,1,-1.0,0
156.75,127.75,1,-1.0,0
156.75,128.0,1,-1.0,0
156.75,128.25,1,-1.0,0
156.75,128.5,1,-1.0,0
156.75,128.75,1,-1.0,0
156.75,129.0,1,-1.0,0
156.75,129.25,1,-1.0,0
156.75,129.5,1,-1.0,0
156.75,129.75,1,-1.0,0
156.75,130.0,1,-1.0,0
156.75,130.25,1,-1.0,0
156.75,130.5,1,-1.0,0
156.75,130.75,1,-1.0,0
156.75,131.0,1,-1.0,0
156.75,131.25,1,-1.0,0
156.75,131.5,1,-1.0,0
156.75,131.75,1,-1.0,0
156.75,132.0,1,-1.0,0
156.75,132.25,1,-1.0,0
156.75,132.5,1,-1.0,0
156.75,132.75,1,-1.0,0
156.75,133.0,1,-1.0,0
156.75,133.25,1,-1.0,0
156.75,133.5,1,-1.0,0
156.75,133.75,1,-1.0,0
156.75,134.0,1,-1.0,0
156.75,134.25,1,-1.0,0
156.75,134.5,1,-1.0,0
156.75,134.75,1,-1.0,0
156.75,135.0,1,-1.0,0
156.75,135.25,1,-1.0,0
156.75,135.5,1,-1.0,0
156.75,135.75,1,-1.0,0
156.75,136.0,1,-1.0,0
156.75,136.25,1,-1.0,0
156.75,136.5,1,-1.0,0
156.75,136.75,1,-1.0,0
156.75,137.0,1,-1.0,0
156.75,137.25,1,-1.0,0
156.75,137.5,1,-1.0,0
156.75,137.75,1,-1.0,0
156.75,138.0,1,-1.0,0
157.0,112.0,1,-1.0,0
157.0,112.25,1,-1.0,0
157.0,112.5,1,-1.0,0
157.0,112.75,1,-1.0,0
157.0,113.0,1,-1.0,0
157.0,113.25,1,-1.0,0
157.0,113.5,1,-1.0,0
157.0,113.75,1,-1.0,0
157.0,114.0,1,-1.0,0
157.0,114.25,1,-1.0,0
157.0,114.5,1,-1.0,0
157.0,114.75,1,-1.0,0
157.0,115.0,1,-1.0,0
157.0,115.25,1,-1.0,0
157.0,115.5,1,-1.0,0
157.0,115.75,1,-1.0,0
157.0,116.0,1,-1.0,0
157.0,116.25,1,-1.0,0
157.0,116.5,1,-1.0,0
157.0,116.75,1,-1.0,0
157.0,117.0,1,-1.0,0
157.0,117.25,1,-1.0,0
157.0,117.5,1,-1.0,0
157.0,117.75,1,-1.0,0
157.0,118.0,1,-1.0,0
157.0,118.25,1,-1.0,0
157.0,118.5,1,-1.0,0
157.0,118.75,1,-1.0,0
157.0,119.0,1,-1.0,0
157.0,119.25,1,-1.0,0
157.0,119.5,1,-1.0,0
157.0,119.75,1,-1.0,0
157.0,120.0,1,-1.0,0
157.0,120.25,1,-1.0,0
157.0,120.5,1,-1.0,0
157.0,120.75,1,-1.0,0
157.0,121.0,1,-1.0,0
157.0,121.25,1,-1.0,0
157.0,121.5,1,-1.0,0
157.0,121.75,1,-1.0,0
157.0,122.0,1,-1.0,0
157.0,122.25,1,-1.0,0
157.0,122.5,1,-1.0,0
157.0,122.75,1,-1.0,0
157.0,123.0,1,-1.0,0
157.0,123.25,1,-1.0,0
157.0,123.5,1,-1.0,0
157.0,123.75,1,-1.0,0
157.0,124.0,1,-1.0,0
157.0,124.25,1,-1.0,0
157.0,124.5,1,-1.0,0
157.0,124.75,1,-1.0,0
157.0,125.0,1,-1.0,0
157.0,125.25,1,-1.0,0
157.0,125.5,1,-1.0,0
157.0,125.75,1,-1.0,0
157.0,126.0,1,-1.0,0
157.0,126.25,1,-1.0,0
157.0,126.5,1,-1.0,0
157.0,126.75,1,-1.0,0
157.0,127.0,1,-1.0,0
157.0,127.25,1,-1.0,0
157.0,127.5,1,-1.0,0
157.0,127.75,1,-1.0,0
157.0,128.0,1,-1.0,0
157.0,128.25,1,-1.0,0
157.0,128.5,1,-1.0,0
157.0,128.75,1,-1.0,0
157.0,129.0,1,-1.0,0
157.0,129.25,1,-1.0,0
157.0,129.5,1,-1.0,0
157.0,129.75,1,-1.0,0
157.0,130.0,1,-1.0,0
157.0,130.25,1,-1.0,0
157.0,130.5,1,-1.0,0
157.0,130.75,1,-1.0,0
157.0,131.0,1,-1.0,0
157.0,131.25,1,-1.0,0
157.0,131.5,1,-1.0,0
157.0,131.75,1,-1.0,0
157.0,132.0,1,-1.0,0
157.0,132.25,1,-1.0,0
157.0,132.5,1,-1.0,0
157.0,132.75,1,-1.0,0
157.0,133.0,1,-1.0,0
157.0,133.25,1,-1.0,0
157.0,133.5,1,-1.0,0
157.0,133.75,1,-1.0,0
157.0,134.0,1,-1.0,0
157.0,134.25,1,-1.0,0
157.0,134.5,1,-1.0,0
157.0,134.75,1,-1.0,0
157.0,135.0,1,-1.0,0
157.0,135.25,1,-1.0,0
157.0,135.5,1,-1.0,0
157.0,135.75,1,-1.0,0
157.0,136.0,1,-1.0,0
157.0,136.25,1,-1.0,0
157.0,136.5,1,-1.0,0
157.0,136.75,1,-1.0,0
157.0,137.0,1,-1.0,0
157.0,137.25,1,-1.0,0
157.0,137.5,1,-1.0,0
157.0,137.75,1,-1.0,0
157.0,138.0,1,-1.0,0
157.25,112.0,1,-1.0,0
157.25,112.25,1,-1.0,0
157.25,112.5,1,-1.0,0
157.25,112.75,1,-1.0,0
157.25,113.0,1,-1.0,0
157.25,113.25,1,-1.0,0
157.25,113.5,1,-1.0,0
157.25,113.75,1,-1.0,0
157.25,114.0,1,-1.0,0
157.25,114.25,1,-1.0,0
157.25,114.5,1,-1.0,0
157.25,114.75,1,-1.0,0
157.25,115.0,1,-1.0,0
157.25,115.25,1,-1.0,0
157.25,115.5,1,-1.0,0
157.25,115.75,1,-1.0,0
157.25,116.0,1,-1.0,0
157.25,116.25,1,-1.0,0
157.25,116.5,1,-1.0,0
157.25,116.75,1,-1.0,0
157.25,117.0,1,-1.0,0
157.25,117.25,1,-1.0,0
157.25,117.5,1,-1.0,0
157.25,117.75,1,-1.0,0
157.25,118.0,1,-1.0,0
157.25,118.25,1,-1.0,0
157.25,118.5,1,-1.0,0
157.25,118.75,1,-1.0,0
157.25,119.0,1,-1.0,0
157.25,119.25,1,-1.0,0
157.25,119.5,1,-1.0,0
157.25,119.75,1,-1.0,0
157.25,120.0,1,-1.0,0
157.25,120.25,1,-1.0,0
157.25,120.5,1,-1.0,0
157.25,120.75,1,-1.0,0
157.25,121.0,1,-1.0,0
157.25,121.25,1,-1.0,0
157.25,121.5,1,-1.0,0
157.25,121.75,1,-1.0,0
157.25,122.0,1,-1.0,0
157.25,122.25,1,-1.0,0
157.25,122.5,1,-1.0,0
157.25,122.75,1,-1.0,0
157.25,123.0,1,-1.0,0
157.25,123.25,1,-1.0,0
157.25,123.5,1,-1.0,0
157.25,123.75,1,-1.0,0
157.25,124.0,1,-1.0,0
157.25,124.25,1,-1.0,0
157.25,124.5,1,-1.0,0
157.25,124.75,1,-1.0,0
157.25,125.0,1,-1.0,0
157.25,125.25,1,-1.0,0
157.25,125.5,1,-1.0,0
157.25,125.75,1,-1.0,0
157.25,126.0,1,-1.0,0
157.25,126.25,1,-1.0,0
157.25,126.5,1,-1.0,0
157.25,126.75,1,-1.0,0
157.25,127.0,1,-1.0,0
157.25,127.25,1,-1.0,0
157.25,127.5,1,-1.0,0
157.25,127.75,1,-1.0,0
157.25,128.0,1,-1.0,0
157.25,128.25,1,-1.0,0
157.25,128.5,1,-1.0,0
157.25,128.75,1,-1.0,0
157.25,129.0,1,-1.0,0
157.25,129.25,1,-1.0,0
157.25,129.5,1,-1.0,0
157.25,129.75,1,-1.0,0
157.25,130.0,1,-1.0,0
157.25,130.25,1,-1.0,0
157.25,130.5,1,-1.0,0
157.25,130.75,1,-1.0,0
157.25,131.0,1,-1.0,0
157.25,131.25,1,-1.0,0
157.25,131.5,1,-1.0,0
157.25,131.75,1,-1.0,0
157.25,132.0,1,-1.0,0
157.25,132.25,1,-1.0,0
157.25,132.5,1,-1.0,0
157.25,132.75,1,-1.0,0
157.25,133.0,1,-1.0,0
157.25,133.25,1,-1.0,0
157.25,133.5,1,-1.0,0
157.25,133.75,1,-1.0,0
157.25,134.0,1,-1.0,0
157.25,134.25,1,-1.0,0
157.25,134.5,1,-1.0,0
157.25,134.75,1,-1.0,0
157.25,135.0,1,-1.0,0
157.25,135.25,1,-1.0,0
157.25,135.5,1,-1.0,0
157.25,135.75,1,-1.0,0
157.25,136.0,1,-1.0,0
157.25,136.25,1,-1.0,0
157.25,136.5,1,-1.0,0
157.25,136.75,1,-1.0,0
157.25,137.0,1,-1.0,0
157.25,137.25,1,-1.0,0
157.25,137.5,1,-1.0,0
157.25,137.75,1,-1.0,0
157.25,138.0,1,-1.0,0
157.5,112.0,1,-1.0,0
157.5,112.25,1,-1.0,0
157.5,112.5,1,-1.0,0
157.5,112.75,1,-1.0,0
157.5,113.0,1,-1.0,0
157.5,113.25,1,-1.0,0
157.5,113.5,1,-1.0,0
157.5,113.75,1,-1.0,0
157.5,114.0,1,-1.0,0
157.5,114.25,1,-1.0,0
157.5,114.5,1,-1.0,0
157.5,114.75,1,-1.0,0
157.5,115.0,1,-1.0,0
157.5,115.25,1,-1.0,0
157.5,115.5,1,-1.0,0
157.5,115.75,1,-1.0,0
157.5,116.0,1,-1.0,0
157.5,116.25,1,-1.0,0
157.5,116.5,1,-1.0,0
157.5,116.75,1,-1.0,0
157.5,117.0,1,-1.0,0
157.5,117.25,1,-1.0,0
157.5,117.5,1,-1.0,0
157.5,117.75,1,-1.0,0
157.5,118.0,1,-1.0,0
157.5,118.25,1,-1.0,0
157.5,118.5,1,-1.0,0
157.5,118.75,1,-1.0,0
157.5,119.0,1,-1.0,0
157.5,119.25,1,-1.0,0
157.5,119.5,1,-1.0,0
157.5,119.75,1,-1.0,0
157.5,120.0,1,-1.0,0
157.5,120.25,1,-1.0,0
157.5,120.5,1,-1.0,0
157.5,120.75,1,-1.0,0
157.5,121.0,1,-1.0,0
157.5,121.25,1,-1.0,0
157.5,121.5,1,-1.0,0
157.5,121.75,1,-1.0,0
157.5,122.0,1,-1.0,0
157.5,122.25,1,-1.0,0
157.5,122.5,1,-1.0,0
157.5,122.75,1,-1.0,0
157.5,123.0,1,-1.0,0
157.5,123.25,1,-1.0,0
157.5,123.5,1,-1.0,0
157.5,123.75,1,-1.0,0
157.5,124.0,1,-1.0,0
157.5,124.25,1,-1.0,0
157.5,124.5,1,-1.0,0
157.5,124.75,1,-1.0,0
157.5,125.0,1,-1.0,0
157.5,125.25,1,-1.0,0
157.5,125.5,1,-1.0,0
157.5,125.75,1,-1.0,0
157.5,126.0,1,-1.0,0
157.5,126.25,1,-1.0,0
157.5,126.5,1,-1.0,0
157.5,126.75,1,-1.0,0
157.5,127.0,1,-1.0,0
157.5,127.25,1,-1.0,0
157.5,127.5,1,-1.0,0
157.5,127.75,1,-1.0,0
157.5,128.0,1,-1.0,0
157.5,128.25,1,-1.0,0
157.5,128.5,1,-1.0,0
157.5,128.75,1,-1.0,0
157.5,129.0,1,-1.0,0
157.5,129.25,1,-1.0,0
157.5,129.5,1,-1.0,0
157.5,129.75,1,-1.0,0
157.5,130.0,1,-1.0,0
157.5,130.25,1,-1.0,0
157.5,130.5,1,-1.0,0
157.5,130.75,1,-1.0,0
157.5,131.0,1,-1.0,0
157.5,131.25,1,-1.0,0
157.5,131.5,1,-1.0,0
157.5,131.75,1,-1.0,0
157.5,132.0,1,-1.0,0
157.5,132.25,1,-1.0,0
157.5,132.5,1,-1.0,0
157.5,132.75,1,-1.0,0
157.5,133.0,1,-1.0,0
157.5,133.25,1,-1.0,0
157.5,133.5,1,-1.0,0
157.5,133.75,1,-1.0,0
157.5,134.0,1,-1.0,0
157.5,134.25,1,-1.0,0
157.5,134.5,1,-1.0,0
157.5,134.75,1,-1.0,0
157.5,135.0,1,-1.0,0
157.5,135.25,1,-1.0,0
157.5,135.5,1,-1.0,0
157.5,135.75,1,-1.0,0
157.5,136.0,1,-1.0,0
157.5,136.25,1,-1.0,0
157.5,136.5,1,-1.0,0
157.5,136.75,1,-1.0,0
157.5,137.0,1,-1.0,0
157.5,137.25,1,-1.0,0
157.5,137.5,1,-1.0,0
157.5,137.75,1,-1.0,0
157.5,138.0,1,-1.0,0
157.75,112.0,1,-1.0,0
157.75,112.25,1,-1.0,0
157.75,112.5,1,-1.0,0
157.75,112.75,1,-1.0,0
157.75,113.0,1,-1.0,0
157.75,113.25,1,-1.0,0
157.75,113.5,1,-1.0,0
157.75,113.75,1,-1.0,0
157.75,114.0,1,-1.0,0
157.75,114.25,1,-1.0,0
157.75,114.5,1,-1.0,0
157.75,114.75,1,-1.0,0
157.75,115.0,1,-1.0,0
157.75,115.25,1,-1.0,0
157.75,115.5,1,-1.0,0
157.75,115.75,1,-1.0,0
157.75,116.0,1,-1.0,0
157.75,116.25,1,-1.0,0
157.75,116.5,1,-1.0,0
157.75,116.75,1,-1.0,0
157.75,117.0,1,-1.0,0
157.75,117.25,1,-1.0,0
157.75,117.5,1,-1.0,0
157.75,117.75,1,-1.0,0
157.75,118.0,1,-1.0,0
157.75,118.25,1,-1.0,0
157.75,118.5,1,-1.0,0
157.75,118.75,1,-1.0,0
157.75,119.0,1,-1.0,0
157.75,119.25,1,-1.0,0
157.75,119.5,1,-1.0,0
157.75,119.75,1,-1.0,0
157.75,120.0,1,-1.0,0
157.75,120.25,1,-1.0,0
157.75,120.5,1,-1.0,0
157.75,120.75,1,-1.0,0
157.75,121.0,1,-1.0,0
157.75,121.25,1,-1.0,0
157.75,121.5,1,-1.0,0
157.75,121.75,1,-1.0,0
157.75,122.0,1,-1.0,0
157.75,122.25,1,-1.0,0
157.75,122.5,1,-1.0,0
157.75,122.75,1,-1.0,0
157.75,123.0,1,-1.0,0
157.75,123.25,1,-1.0,0
157.75,123.5,1,-1.0,0
157.75,123.75,1,-1.0,0
157.75,124.0,1,-1.0,0
157.75,124.25,1,-1.0,0
157.75,124.5,1,-1.0,0
157.75,124.75,1,-1.0,0
157.75,125.0,1,-1.0,0
157.75,125.25,1,-1.0,0
157.75,125.5,1,-1.0,0
157.75,125.75,1,-1.0,0
157.75,126.0,1,-1.0,0
157.75,126.25,1,-1.0,0
157.75,126.5,1,-1.0,0
157.75,126.75,1,-1.0,0
157.75,127.0,1,-1.0,0
157.75,127.25,1,-1.0,0
157.75,127.5,1,-1.0,0
157.75,127.75,1,-1.0,0
157.75,128.0,1,-1.0,0
157.75,128.25,1,-1.0,0
157.75,128.5,1,-1.0,0
157.75,128.75,1,-1.0,0
157.75,129.0,1,-1.0,0
157.75,129.25,1,-1.0,0
157.75,129.5,1,-1.0,0
157.75,129.75,1,-1.0,0
157.75,130.0,1,-1.0,0
157.75,130.25,1,-1.0,0
157.75,130.5,1,-1.0,0
157.75,130.75,1,-1.0,0
157.75,131.0,1,-1.0,0
157.75,131.25,1,-1.0,0
157.75,131.5,1,-1.0,0
157.75,131.75,1,-1.0,0
157.75,132.0,1,-1.0,0
157.75,132.25,1,-1.0,0
157.75,132.5,1,-1.0,0
157.75,132.75,1,-1.0,0
157.75,133.0,1,-1.0,0
157.75,133.25,1,-1.0,0
157.75,133.5,1,-1.0,0
157.75,133.75,1,-1.0,0
157.75,134.0,1,-1.0,0
157.75,134.25,1,-1.0,0
157.75,134.5,1,-1.0,0
157.75,134.75,1,-1.0,0
157.75,135.0,1,-1.0,0
157.75,135.25,1,-1.0,0
157.75,135.5,1,-1.0,0
157.75,135.75,1,-1.0,0
157.75,136.0,1,-1.0,0
157.75,136.25,1,-1.0,0
157.75,136.5,1,-1.0,0
157.75,136.75,1,-1.0,0
157.75,137.0,1,-1.0,0
157.75,137.25,1,-1.0,0
157.75,137.5,1,-1.0,0
157.75,137.75,1,-1.0,0
157.75,138.0,1,-1.0,0
158.0,112.0,1,-1.0,0
158.0,112.25,1,-1.0,0
158.0,112.5,1,-1.0,0
158.0,112.75,1,-1.0,0
158.0,113.0,1,-1.0,0
158.0,113.25,1,-1.0,0
158.0,113.5,1,-1.0,0
158.0,113.75,1,-1.0,0
158.0,114.0,1,-1.0,0
158.0,114.25,1,-1.0,0
158.0,114.5,1,-1.0,0
158.0,114.75,1,-1.0,0
158.0,115.0,1,-1.0,0
158.0,115.25,1,-1.0,0
158.0,115.5,1,-1.0,0
158.0,115.75,1,-1.0,0
158.0,116.0,1,-1.0,0
158.0,116.25,1,-1.0,0
158.0,116.5,1,-1.0,0
158.0,116.75,1,-1.0,0
158.0,117.0,1,-1.0,0
158.0,117.25,1,-1.0,0
158.0,117.5,1,-1.0,0
158.0,117.75,1,-1.0,0
158.0,118.0,1,-1.0,0
158.0,118.25,1,-1.0,0
158.0,118.5,1,-1.0,0
158.0,118.75,1,-1.0,0
158.0,119.0,1,-1.0,0
158.0,119.25,1,-1.0,0
158.0,119.5,1,-1.0,0
158.0,119.75,1,-1.0,0
158.0,120.0,1,-1.0,0
158.0,120.25,1,-1.0,0
158.0,120.5,1,-1.0,0
158.0,120.75,1,-1.0,0
158.0,121.0,1,-1.0,0
158.0,121.25,1,-1.0,0
158.0,121.5,1,-1.0,0
158.0,121.75,1,-1.0,0
158.0,122.0,1,-1.0,0
158.0,122.25,1,-1.0,0
158.0,122.5,1,-1.0,0
158.0,122.75,1,-1.0,0
158.0,123.0,1,-1.0,0
158.0,123.25,1,-1.0,0
158.0,123.5,1,-1.0,0
158.0,123.75,1,-1.0,0
158.0,124.0,1,-1.0,0
158.0,124.25,1,-1.0,0
158.0,124.5,1,-1.0,0
158.0,124.75,1,-1.0,0
158.0,125.0,1,-1.0,0
158.0,125.25,1,-1.0,0
158.0,125.5,1,-1.0,0
158.0,125.75,1,-1.0,0
158.0,126.0,1,-1.0,0
158.0,126.25,1,-1.0,0
158.0,126.5,1,-1.0,0
158.0,126.75,1,-1.0,0
158.0,127.0,1,-1.0,0
158.0,127.25,1,-1.0,0
158.0,127.5,1,-1.0,0
158.0,127.75,1,-1.0,0
158.0,128.0,1,-1.0,0
158.0,128.25,1,-1.0,0
158.0,128.5,1,-1.0,0
158.0,128.75,1,-1.0,0
158.0,129.0,1,-1.0,0
158.0,129.25,1,-1.0,0
158.0,129.5,1,-1.0,0
158.0,129.75,1,-1.0,0
158.0,130.0,1,-1.0,0
158.0,130.25,1,-1.0,0
158.0,130.5,1,-1.0,0
158.0,130.75,1,-1.0,0
158.0,131.0,1,-1.0,0
158.0,131.25,1,-1.0,0
158.0,131.5,1,-1.0,0
158.0,131.75,1,-1.0,0
158.0,132.0,1,-1.0,0
158.0,132.25,1,-1.0,0
158.0,132.5,1,-1.0,0
158.0,132.75,1,-1.0,0
158.0,133.0,1,-1.0,0
158.0,133.25,1,-1.0,0
158.0,133.5,1,-1.0,0
158.0,133.75,1,-1.0,0
158.0,134.0,1,-1.0,0
158.0,134.25,1,-1.0,0
158.0,134.5,1,-1.0,0
158.0,134.75,1,-1.0,0
158.0,135.0,1,-1.0,0
158.0,135.25,1,-1.0,0
158.0,135.5,1,-1.0,0
158.0,135.75,1,-1.0,0
158.0,136.0,1,-1.0,0
158.0,136.25,1,-1.0,0
158.0,136.5,1,-1.0,0
158.0,136.75,1,-1.0,0
158.0,137.0,1,-1.0,0
158.0,137.25,1,-1.0,0
158.0,137.5,1,-1.0,0
158.0,137.75,1,-1.0,0
158.0,138.0,1,-1.0,0
158.25,112.0,1,-1.0,0
158.25,112.25,1,-1.0,0
158.25,112.5,1,-1.0,0
158.25,112.75,1,-1.0,0
158.25,113.0,1,-1.0,0
158.25,113.25,1,-1.0,0
158.25,113.5,1,-1.0,0
158.25,113.75,1,-1.0,0
158.25,114.0,1,-1.0,0
158.25,114.25,1,-1.0,0
158.25,114.5,1,-1.0,0
158.25,114.75,1,-1.0,0
158.25,115.0,1,-1.0,0
158.25,115.25,1,-1.0,0
158.25,115.5,1,-1.0,0
158.25,115.75,1,-1.0,0
158.25,116.0,1,-1.0,0
158.25,116.25,1,-1.0,0
158.25,116.5,1,-1.0,0
158.25,116.75,1,-1.0,0
158.25,117.0,1,-1.0,0
158.25,117.25,1,-1.0,0
158.25,117.5,1,-1.0,0
158.25,117.75,1,-1.0,0
158.25,118.0,1,-1.0,0
158.25,118.25,1,-1.0,0
158.25,118.5,1,-1.0,0
158.25,118.75,1,-1.0,0
158.25,119.0,1,-1.0,0
158.25,119.25,1,-1.0,0
158.25,119.5,1,-1.0,0
158.25,119.75,1,-1.0,0
158.25,120.0,1,-1.0,0
158.25,120.25,1,-1.0,0
158.25,120.5,1,-1.0,0
158.25,120.75,1,-1.0,0
158.25,121.0,1,-1.0,0
158.25,121.25,1,-1.0,0
158.25,121.5,1,-1.0,0
158.25,121.75,1,-1.0,0
158.25,122.0,1,-1.0,0
158.25,122.25,1,-1.0,0
158.25,122.5,1,-1.0,0
158.25,122.75,1,-1.0,0
158.25,123.0,1,-1.0,0
158.25,123.25,1,-1.0,0
158.25,123.5,1,-1.0,0
158.25,123.75,1,-1.0,0
158.25,124.0,1,-1.0,0
158.25,124.25,1,-1.0,0
158.25,124.5,1,-1.0,0
158.25,124.75,1,-1.0,0
158.25,125.0,1,-1.0,0
158.25,125.25,1,-1.0,0
158.25,125.5,1,-1.0,0
158.25,125.75,1,-1.0,0
158.25,126.0,1,-1.0,0
158.25,126.25,1,-1.0,0
158.25,126.5,1,-1.0,0
158.25,126.75,1,-1.0,0
158.25,127.0,1,-1.0,0
158.25,127.25,1,-1.0,0
158.25,127.5,1,-1.0,0
158.25,127.75,1,-1.0,0
158.25,128.0,1,-1.0,0
158.25,128.25,1,-1.0,0
158.25,128.5,1,-1.0,0
158.25,128.75,1,-1.0,0
158.25,129.0,1,-1.0,0
158.25,129.25,1,-1.0,0
158.25,129.5,1,-1.0,0
158.25,129.75,1,-1.0,0
158.25,130.0,1,-1.0,0
158.25,130.25,1,-1.0,0
158.25,130.5,1,-1.0,0
158.25,130.75,1,-1.0,0
158.25,131.0,1,-1.0,0
158.25,131.25,1,-1.0,0
158.25,131.5,1,-1.0,0
158.25,131.75,1,-1.0,0
158.25,132.0,1,-1.0,0
158.25,132.25,1,-1.0,0
158.25,132.5,1,-1.0,0
158.25,132.75,1,-1.0,0
158.25,133.0,1,-1.0,0
158.25,133.25,1,-1.0,0
158.25,133.5,1,-1.0,0
158.25,133.75,1,-1.0,0
158.25,134.0,1,-1.0,0
158.25,134.25,1,-1.0,0
158.25,134.5,1,-1.0,0
158.25,134.75,1,-1.0,0
158.25,135.0,1,-1.0,0
158.25,135.25,1,-1.0,0
158.25,135.5,1,-1.0,0
158.25,135.75,1,-1.0,0
158.25,136.0,1,-1.0,0
158.25,136.25,1,-1.0,0
158.25,136.5,1,-1.0,0
158.25,136.75,1,-1.0,0
158.25,137.0,1,-1.0,0
158.25,137.25,1,-1.0,0
158.25,137.5,1,-1.0,0
158.25,137.75,1,-1.0,0
158.25,138.0,1,-1.0,0
158.5,112.0,1,-1.0,0
158.5,112.25,1,-1.0,0
158.5,112.5,1,-1.0,0
158.5,112.75,1,-1.0,0
158.5,113.0,1,-1.0,0
158.5,113.25,1,-1.0,0
158.5,113.5,1,-1.0,0
158.5,113.75,1,-1.0,0
158.5,114.0,1,-1.0,0
158.5,114.25,1,-1.0,0
158.5,114.5,1,-1.0,0
158.5,114.75,1,-1.0,0
158.5,115.0,1,-1.0,0
158.5,115.25,1,-1.0,0
158.5,115.5,1,-1.0,0
158.5,115.75,1,-1.0,0
158.5,116.0,1,-1.0,0
158.5,116.25,1,-1.0,0
158.5,116.5,1,-1.0,0
158.5,116.75,1,-1.0,0
158.5,117.0,1,-1.0,0
158.5,117.25,1,-1.0,0
158.5,117.5,1,-1.0,0
158.5,117.75,1,-1.0,0
158.5,118.0,1,-1.0,0
158.5,118.25,1,-1.0,0
158.5,118.5,1,-1.0,0
158.5,118.75,1,-1.0,0
158.5,119.0,1,-1.0,0
158.5,119.25,1,-1.0,0
158.5,119.5,1,-1.0,0
158.5,119.75,1,-1.0,0
158.5,120.0,1,-1.0,0
158.5,120.25,1,-1.0,0
158.5,120.5,1,-1.0,0
158.5,120.75,1,-1.0,0
158.5,121.0,1,-1.0,0
158.5,121.25,1,-1.0,0
158.5,121.5,1,-1.0,0
158.5,121.75,1,-1.0,0
158.5,122.0,1,-1.0,0
158.5,122.25,1,-1.0,0
158.5,122.5,1,-1.0,0
158.5,122.75,1,-1.0,0
158.5,123.0,1,-1.0,0
158.5,123.25,1,-1.0,0
158.5,123.5,1,-1.0,0
158.5,123.75,1,-1.0,0
158.5,124.0,1,-1.0,0
158.5,124.25,1,-1.0,0
158.5,124.5,1,-1.0,0
158.5,124.75,1,-1.0,0
158.5,125.0,1,-1.0,0
158.5,125.25,1,-1.0,0
158.5,125.5,1,-1.0,0
158.5,125.75,1,-1.0,0
158.5,126.0,1,-1.0,0
158.5,126.25,1,-1.0,0
158.5,126.5,1,-1.0,0
158.5,126.75,1,-1.0,0
158.5,127.0,1,-1.0,0
158.5,127.25,1,-1.0,0
158.5,127.5,1,-1.0,0
158.5,127.75,1,-1.0,0
158.5,128.0,1,-1.0,0
158.5,128.25,1,-1.0,0
158.5,128.5,1,-1.0,0
158.5,128.75,1,-1.0,0
158.5,129.0,1,-1.0,0
158.5,129.25,1,-1.0,0
158.5,129.5,1,-1.0,0
158.5,129.75,1,-1.0,0
158.5,130.0,1,-1.0,0
158.5,130.25,1,-1.0,0
158.5,130.5,1,-1.0,0
158.5,130.75,1,-1.0,0
158.5,131.0,1,-1.0,0
158.5,131.25,1,-1.0,0
158.5,131.5,1,-1.0,0
158.5,131.75,1,-1.0,0
158.5,132.0,1,-1.0,0
158.5,132.25,1,-1.0,0
158.5,132.5,1,-1.0,0
158.5,132.75,1,-1.0,0
158.5,133.0,1,-1.0,0
158.5,133.25,1,-1.0,0
158.5,133.5,1,-1.0,0
158.5,133.75,1,-1.0,0
158.5,134.0,1,-1.0,0
158.5,134.25,1,-1.0,0
158.5,134.5,1,-1.0,0
158.5,134.75,1,-1.0,0
158.5,135.0,1,-1.0,0
158.5,135.25,1,-1.0,0
158.5,135.5,1,-1.0,0
158.5,135.75,1,-1.0,0
158.5,136.0,1,-1.0,0
158.5,136.25,1,-1.0,0
158.5,136.5,1,-1.0,0
158.5,136.75,1,-1.0,0
158.5,137.0,1,-1.0,0
158.5,137.25,1,-1.0,0
158.5,137.5,1,-1.0,0
158.5,137.75,1,-1.0,0
158.5,138.0,1,-1.0,0
158.75,112.0,1,-1.0,0
158.75,112.25,1,-1.0,0
158.75,112.5,1,-1.0,0
158.75,112.75,1,-1.0,0
158.75,113.0,1,-1.0,0
158.75,113.25,1,-1.0,0
158.75,113.5,1,-1.0,0
158.75,113.75,1,-1.0,0
158.75,114.0,1,-1.0,0
158.75,114.25,1,-1.0,0
158.75,114.5,1,-1.0,0
158.75,114.75,1,-1.0,0
158.75,115.0,1,-1.0,0
158.75,115.25,1,-1.0,0
158.75,115.5,1,-1.0,0
158.75,115.75,1,-1.0,0
158.75,116.0,1,-1.0,0
158.75,116.25,1,-1.0,0
158.75,116.5,1,-1.0,0
158.75,116.75,1,-1.0,0
158.75,117.0,1,-1.0,0
158.75,117.25,1,-1.0,0
158.75,117.5,1,-1.0,0
158.75,117.75,1,-1.0,0
158.75,118.0,1,-1.0,0
158.75,118.25,1,-1.0,0
158.75,118.5,1,-1.0,0
158.75,118.75,1,-1.0,0
158.75,119.0,1,-1.0,0
158.75,119.25,1,-1.0,0
158.75,119.5,1,-1.0,0
158.75,119.75,1,-1.0,0
158.75,120.0,1,-1.0,0
158.75,120.25,1,-1.0,0
158.75,120.5,1,-1.0,0
158.75,120.75,1,-1.0,0
158.75,121.0,1,-1.0,0
158.75,121.25,1,-1.0,0
158.75,121.5,1,-1.0,0
158.75,121.75,1,-1.0,0
158.75,122.0,1,-1.0,0
158.75,122.25,1,-1.0,0
158.75,122.5,1,-1.0,0
158.75,122.75,1,-1.0,0
158.75,123.0,1,-1.0,0
158.75,123.25,1,-1.0,0
158.75,123.5,1,-1.0,0
158.75,123.75,1,-1.0,0
158.75,124.0,1,-1.0,0
158.75,124.25,1,-1.0,0
158.75,124.5,1,-1.0,0
158.75,124.75,1,-1.0,0
158.75,125.0,1,-1.0,0
158.75,125.25,1,-1.0,0
158.75,125.5,1,-1.0,0
158.75,125.75,1,-1.0,0
158.75,126.0,1,-1.0,0
158.75,126.25,1,-1.0,0
158.75,126.5,1,-1.0,0
158.75,126.75,1,-1.0,0
158.75,127.0,1,-1.0,0
158.75,127.25,1,-1.0,0
158.75,127.5,1,-1.0,0
158.75,127.75,1,-1.0,0
158.75,128.0,1,-1.0,0
158.75,128.25,1,-1.0,0
158.75,128.5,1,-1.0,0
158.75,128.75,1,-1.0,0
158.75,129.0,1,-1.0,0
158.75,129.25,1,-1.0,0
158.75,129.5,1,-1.0,0
158.75,129.75,1,-1.0,0
158.75,130.0,1,-1.0,0
158.75,130.25,1,-1.0,0
158.75,130.5,1,-1.0,0
158.75,130.75,1,-1.0,0
158.75,131.0,1,-1.0,0
158.75,131.25,1,-1.0,0
158.75,131.5,1,-1.0,0
158.75,131.75,1,-1.0,0
158.75,132.0,1,-1.0,0
158.75,132.25,1,-1.0,0
158.75,132.5,1,-1.0,0
158.75,132.75,1,-1.0,0
158.75,133.0,1,-1.0,0
158.75,133.25,1,-1.0,0
158.75,133.5,1,-1.0,0
158.75,133.75,1,-1.0,0
158.75,134.0,1,-1.0,0
158.75,134.25,1,-1.0,0
158.75,134.5,1,-1.0,0
158.75,134.75,1,-1.0,0
158.75,135.0,1,-1.0,0
158.75,135.25,1,-1.0,0
158.75,135.5,1,-1.0,0
158.75,135.75,1,-1.0,0
158.75,136.0,1,-1.0,0
158.75,136.25,1,-1.0,0
158.75,136.5,1,-1.0,0
158.75,136.75,1,-1.0,0
158.75,137.0,1,-1.0,0
158.75,137.25,1,-1.0,0
158.75,137.5,1,-1.0,0
158.75,137.75,1,-1.0,0
158.75,138.0,1,-1.0,0
159.0,112.0,1,-1.0,0
159.0,112.25,1,-1.0,0
159.0,112.5,1,-1.0,0
159.0,112.75,1,-1.0,0
159.0,113.0,1,-1.0,0
159.0,113.25,1,-1.0,0
159.0,113.5,1,-1.0,0
159.0,113.75,1,-1.0,0
159.0,114.0,1,-1.0,0
159.0,114.25,1,-1.0,0
159.0,114.5,1,-1.0,0
159.0,114.75,1,-1.0,0
159.0,115.0,1,-1.0,0
159.0,115.25,1,-1.0,0
159.0,115.5,1,-1.0,0
159.0,115.75,1,-1.0,0
159.0,116.0,1,-1.0,0
159.0,116.25,1,-1.0,0
159.0,116.5,1,-1.0,0
159.0,116.75,1,-1.0,0
159.0,117.0,1,-1.0,0
159.0,117.25,1,-1.0,0
159.0,117.5,1,-1.0,0
159.0,117.75,1,-1.0,0
159.0,118.0,1,-1.0,0
159.0,118.25,1,-1.0,0
159.0,118.5,1,-1.0,0
159.0,118.75,1,-1.0,0
159.0,119.0,1,-1.0,0
159.0,119.25,1,-1.0,0
159.0,119.5,1,-1.0,0
159.0,119.75,1,-1.0,0
159.0,120.0,1,-1.0,0
159.0,120.25,1,-1.0,0
159.0,120.5,1,-1.0,0
159.0,120.75,1,-1.0,0
159.0,121.0,1,-1.0,0
159.0,121.25,1,-1.0,0
159.0,121.5,1,-1.0,0
159.0,121.75,1,-1.0,0
159.0,122.0,1,-1.0,0
159.0,122.25,1,-1.0,0
159.0,122.5,1,-1.0,0
159.0,122.75,1,-1.0,0
159.0,123.0,1,-1.0,0
159.0,123.25,1,-1.0,0
159.0,123.5,1,-1.0,0
159.0,123.75,1,-1.0,0
159.0,124.0,1,-1.0,0
159.0,124.25,1,-1.0,0
159.0,124.5,1,-1.0,0
159.0,124.75,1,-1.0,0
159.0,125.0,1,-1.0,0
159.0,125.25,1,-1.0,0
159.0,125.5,1,-1.0,0
159.0,125.75,1,-1.0,0
159.0,126.0,1,-1.0,0
159.0,126.25,1,-1.0,0
159.0,126.5,1,-1.0,0
159.0,126.75,1,-1.0,0
159.0,127.0,1,-1.0,0
159.0,127.25,1,-1.0,0
159.0,127.5,1,-1.0,0
159.0,127.75,1,-1.0,0
159.0,128.0,1,-1.0,0
159.0,128.25,1,-1.0,0
159.0,128.5,1,-1.0,0
159.0,128.75,1,-1.0,0
159.0,129.0,1,-1.0,0
159.0,129.25,1,-1.0,0
159.0,129.5,1,-1.0,0
159.0,129.75,1,-1.0,0
159.0,130.0,1,-1.0,0
159.0,130.25,1,-1.0,0
159.0,130.5,1,-1.0,0
159.0,130.75,1,-1.0,0
159.0,131.0,1,-1.0,0
159.0,131.25,1,-1.0,0
159.0,131.5,1,-1.0,0
159.0,131.75,1,-1.0,0
159.0,132.0,1,-1.0,0
159.0,132.25,1,-1.0,0
159.0,132.5,1,-1.0,0
159.0,132.75,1,-1.0,0
159.0,133.0,1,-1.0,0
159.0,133.25,1,-1.0,0
159.0,133.5,1,-1.0,0
159.0,133.75,1,-1.0,0
159.0,134.0,1,-1.0,0
159.0,134.25,1,-1.0,0
159.0,134.5,1,-1.0,0
159.0,134.75,1,-1.0,0
159.0,135.0,1,-1.0,0
159.0,135.25,1,-1.0,0
159.0,135.5,1,-1.0,0
159.0,135.75,1,-1.0,0
159.0,136.0,1,-1.0,0
159.0,136.25,1,-1.0,0
159.0,136.5,1,-1.0,0
159.0,136.75,1,-1.0,0
159.0,137.0,1,-1.0,0
159.0,137.25,1,-1.0,0
159.0,137.5,1,-1.0,0
159.0,137.75,1,-1.0,0
159.0,138.0,1,-1.0,0
159.25,112.0,1,-1.0,0
159.25,112.25,1,-1.0,0
159.25,112.5,1,-1.0,0
159.25,112.75,1,-1.0,0
159.25,113.0,1,-1.0,0
159.25,113.25,1,-1.0,0
159.25,113.5,1,-1.0,0
159.25,113.75,1,-1.0,0
159.25,114.0,1,-1.0,0
159.25,114.25,1,-1.0,0
159.25,114.5,1,-1.0,0
159.25,114.75,1,-1.0,0
159.25,115.0,1,-1.0,0
159.25,115.25,1,-1.0,0
159.25,115.5,1,-1.0,0
159.25,115.75,1,-1.0,0
159.25,116.0,1,-1.0,0
159.25,116.25,1,-1.0,0
159.25,116.5,1,-1.0,0
159.25,116.75,1,-1.0,0
159.25,117.0,1,-1.0,0
159.25,117.25,1,-1.0,0
159.25,117.5,1,-1.0,0
159.25,117.75,1,-1.0,0
159.25,118.0,1,-1.0,0
159.25,118.25,1,-1.0,0
159.25,118.5,1,-1.0,0
159.25,118.75,1,-1.0,0
159.25,119.0,1,-1.0,0
159.25,119.25,1,-1.0,0
159.25,119.5,1,-1.0,0
159.25,119.75,1,-1.0,0
159.25,120.0,1,-1.0,0
159.25,120.25,1,-1.0,0
159.25,120.5,1,-1.0,0
159.25,120.75,1,-1.0,0
159.25,121.0,1,-1.0,0
159.25,121.25,1,-1.0,0
159.25,121.5,1,-1.0,0
159.25,121.75,1,-1.0,0
159.25,122.0,1,-1.0,0
159.25,122.25,1,-1.0,0
159.25,122.5,1,-1.0,0
159.25,122.75,1,-1.0,0
159.25,123.0,1,-1.0,0
159.25,123.25,1,-1.0,0
159.25,123.5,1,-1.0,0
159.25,123.75,1,-1.0,0
159.25,124.0,1,-1.0,0
159.25,124.25,1,-1.0,0
159.25,124.5,1,-1.0,0
159.25,124.75,1,-1.0,0
159.25,125.0,1,-1.0,0
159.25,125.25,1,-1.0,0
159.25,125.5,1,-1.0,0
159.25,125.75,1,-1.0,0
159.25,126.0,1,-1.0,0
159.25,126.25,1,-1.0,0
159.25,126.5,1,-1.0,0
159.25,126.75,1,-1.0,0
159.25,127.0,1,-1.0,0
159.25,127.25,1,-1.0,0
159.25,127.5,1,-1.0,0
159.25,127.75,1,-1.0,0
159.25,128.0,1,-1.0,0
159.25,128.25,1,-1.0,0
159.25,128.5,1,-1.0,0
159.25,128.75,1,-1.0,0
159.25,129.0,1,-1.0,0
159.25,129.25,1,-1.0,0
159.25,129.5,1,-1.0,0
159.25,129.75,1,-1.0,0
159.25,130.0,1,-1.0,0
159.25,130.25,1,-1.0,0
159.25,130.5,1,-1.0,0
159.25,130.75,1,-1.0,0
159.25,131.0,1,-1.0,0
159.25,131.25,1,-1.0,0
159.25,131.5,1,-1.0,0
159.25,131.75,1,-1.0,0
159.25,132.0,1,-1.0,0
159.25,132.25,1,-1.0,0
159.25,132.5,1,-1.0,0
159.25,132.75,1,-1.0,0
159.25,133.0,1,-1.0,0
159.25,133.25,1,-1.0,0
159.25,133.5,1,-1.0,0
159.25,133.75,1,-1.0,0
159.25,134.0,1,-1.0,0
159.25,134.25,1,-1.0,0
159.25,134.5,1,-1.0,0
159.25,134.75,1,-1.0,0
159.25,135.0,1,-1.0,0
159.25,135.25,1,-1.0,0
159.25,135.5,1,-1.0,0
159.25,135.75,1,-1.0,0
159.25,136.0,1,-1.0,0
159.25,136.25,1,-1.0,0
159.25,136.5,1,-1.0,0
159.25,136.75,1,-1.0,0
159.25,137.0,1,-1.0,0
159.25,137.25,1,-1.0,0
159.25,137.5,1,-1.0,0
159.25,137.75,1,-1.0,0
159.25,138.0,1,-1.0,0
159.5,112.0,1,-1.0,0
159.5,112.25,1,-1.0,0
159.5,112.5,1,-1.0,0
159.5,112.75,1,-1.0,0
159.5,113.0,1,-1.0,0
159.5,113.25,1,-1.0,0
159.5,113.5,1,-1.0,0
159.5,113.75,1,-1.0,0
159.5,114.0,1,-1.0,0
159.5,114.25,1,-1.0,0
159.5,114.5,1,-1.0,0
159.5,114.75,1,-1.0,0
159.5,115.0,1,-1.0,0
159.5,115.25,1,-1.0,0
159.5,115.5,1,-1.0,0
159.5,115.75,1,-1.0,0
159.5,116.0,1,-1.0,0
159.5,116.25,1,-1.0,0
159.5,116.5,1,-1.0,0
159.5,116.75,1,-1.0,0
159.5,117.0,1,-1.0,0
159.5,117.25,1,-1.0,0
159.5,117.5,1,-1.0,0
159.5,117.75,1,-1.0,0
159.5,118.0,1,-1.0,0
159.5,118.25,1,-1.0,0
159.5,118.5,1,-1.0,0
159.5,118.75,1,-1.0,0
159.5,119.0,1,-1.0,0
159.5,119.25,1,-1.0,0
159.5,119.5,1,-1.0,0
159.5,119.75,1,-1.0,0
159.5,120.0,1,-1.0,0
159.5,120.25,1,-1.0,0
159.5,120.5,1,-1.0,0
159.5,120.75,1,-1.0,0
159.5,121.0,1,-1.0,0
159.5,121.25,1,-1.0,0
159.5,121.5,1,-1.0,0
159.5,121.75,1,-1.0,0
159.5,122.0,1,-1.0,0
159.5,122.25,1,-1.0,0
159.5,122.5,1,-1.0,0
159.5,122.75,1,-1.0,0
159.5,123.0,1,-1.0,0
159.5,123.25,1,-1.0,0
159.5,123.5,1,-1.0,0
159.5,123.75,1,-1.0,0
159.5,124.0,1,-1.0,0
159.5,124.25,1,-1.0,0
159.5,124.5,1,-1.0,0
159.5,124.75,1,-1.0,0
159.5,125.0,1,-1.0,0
159.5,125.25,1,-1.0,0
159.5,125.5,1,-1.0,0
159.5,125.75,1,-1.0,0
159.5,126.0,1,-1.0,0
159.5,126.25,1,-1.0,0
159.5,126.5,1,-1.0,0
159.5,126.75,1,-1.0,0
159.5,127.0,1,-1.0,0
159.5,127.25,1,-1.0,0
159.5,127.5,1,-1.0,0
159.5,127.75,1,-1.0,0
159.5,128.0,1,-1.0,0
159.5,128.25,1,-1.0,0
159.5,128.5,1,-1.0,0
159.5,128.75,1,-1.0,0
159.5,129.0,1,-1.0,0
159.5,129.25,1,-1.0,0
159.5,129.5,1,-1.0,0
159.5,129.75,1,-1.0,0
159.5,130.0,1,-1.0,0
159.5,130.25,1,-1.0,0
159.5,130.5,1,-1.0,0
159.5,130.75,1,-1.0,0
159.5,131.0,1,-1.0,0
159.5,131.25,1,-1.0,0
159.5,131.5,1,-1.0,0
159.5,131.75,1,-1.0,0
159.5,132.0,1,-1.0,0
159.5,132.25,1,-1.0,0
159.5,132.5,1,-1.0,0
159.5,132.75,1,-1.0,0
159.5,133.0,1,-1.0,0
159.5,133.25,1,-1.0,0
159.5,133.5,1,-1.0,0
159.5,133.75,1,-1.0,0
159.5,134.0,1,-1.0,0
159.5,134.25,1,-1.0,0
159.5,134.5,1,-1.0,0
159.5,134.75,1,-1.0,0
159.5,135.0,1,-1.0,0
159.5,135.25,1,-1.0,0
159.5,135.5,1,-1.0,0
159.5,135.75,1,-1.0,0
159.5,136.0,1,-1.0,0
159.5,136.25,1,-1.0,0
159.5,136.5,1,-1.0,0
159.5,136.75,1,-1.0,0
159.5,137.0,1,-1.0,0
159.5,137.25,1,-1.0,0
159.5,137.5,1,-1.0,0
159.5,137.75,1,-1.0,0
159.5,138.0,1,-1.0,0
159.75,112.0,1,-1.0,0
159.75,112.25,1,-1.0,0
159.75,112.5,1,-1.0,0
159.75,112.75,1,-1.0,0
159.75,113.0,1,-1.0,0
159.75,113.25,1,-1.0,0
159.75,113.5,1,-1.0,0
159.75,113.75,1,-1.0,0
159.75,114.0,1,-1.0,0
159.75,114.25,1,-1.0,0
159.75,114.5,1,-1.0,0
159.75,114.75,1,-1.0,0
159.75,115.0,1,-1.0,0
159.75,115.25,1,-1.0,0
159.75,115.5,1,-1.0,0
159.75,115.75,1,-1.0,0
159.75,116.0,1,-1.0,0
159.75,116.25,1,-1.0,0
159.75,116.5,1,-1.0,0
159.75,116.75,1,-1.0,0
159.75,117.0,1,-1.0,0
159.75,117.25,1,-1.0,0
159.75,117.5,1,-1.0,0
159.75,117.75,1,-1.0,0
159.75,118.0,1,-1.0,0
159.75,118.25,1,-1.0,0
159.75,118.5,1,-1.0,0
159.75,118.75,1,-1.0,0
159.75,119.0,1,-1.0,0
159.75,119.25,1,-1.0,0
159.75,119.5,1,-1.0,0
159.75,119.75,1,-1.0,0
159.75,120.0,1,-1.0,0
159.75,120.25,1,-1.0,0
159.75,120.5,1,-1.0,0
159.75,120.75,1,-1.0,0
159.75,121.0,1,-1.0,0
159.75,121.25,1,-1.0,0
159.75,121.5,1,-1.0,0
159.75,121.75,1,-1.0,0
159.75,122.0,1,-1.0,0
159.75,122.25,1,-1.0,0
159.75,122.5,1,-1.0,0
159.75,122.75,1,-1.0,0
159.75,123.0,1,-1.0,0
159.75,123.25,1,-1.0,0
159.75,123.5,1,-1.0,0
159.75,123.75,1,-1.0,0
159.75,124.0,1,-1.0,0
159.75,124.25,1,-1.0,0
159.75,124.5,1,-1.0,0
159.75,124.75,1,-1.0,0
159.75,125.0,1,-1.0,0
159.75,125.25,1,-1.0,0
159.75,125.5,1,-1.0,0
159.75,125.75,1,-1.0,0
159.75,126.0,1,-1.0,0
159.75,126.25,1,-1.0,0
159.75,126.5,1,-1.0,0
159.75,126.75,1,-1.0,0
159.75,127.0,1,-1.0,0
159.75,127.25,1,-1.0,0
159.75,127.5,1,-1.0,0
159.75,127.75,1,-1.0,0
159.75,128.0,1,-1.0,0
159.75,128.25,1,-1.0,0
159.75,128.5,1,-1.0,0
159.75,128.75,1,-1.0,0
159.75,129.0,1,-1.0,0
159.75,129.25,1,-1.0,0
159.75,129.5,1,-1.0,0
159.75,129.75,1,-1.0,0
159.75,130.0,1,-1.0,0
159.75,130.25,1,-1.0,0
159.75,130.5,1,-1.0,0
159.75,130.75,1,-1.0,0
159.75,131.0,1,-1.0,0
159.75,131.25,1,-1.0,0
159.75,131.5,1,-1.0,0
159.75,131.75,1,-1.0,0
159.75,132.0,1,-1.0,0
159.75,132.25,1,-1.0,0
159.75,132.5,1,-1.0,0
159.75,132.75,1,-1.0,0
159.75,133.0,1,-1.0,0
159.75,133.25,1,-1.0,0
159.75,133.5,1,-1.0,0
159.75,133.75,1,-1.0,0
159.75,134.0,1,-1.0,0
159.75,134.25,1,-1.0,0
159.75,134.5,1,-1.0,0
159.75,134.75,1,-1.0,0
159.75,135.0,1,-1.0,0
159.75,135.25,1,-1.0,0
159.75,135.5,1,-1.0,0
159.75,135.75,1,-1.0,0
159.75,136.0,1,-1.0,0
159.75,136.25,1,-1.0,0
159.75,136.5,1,-1.0,0
159.75,136.75,1,-1.0,0
159.75,137.0,1,-1.0,0
159.75,137.25,1,-1.0,0
159.75,137.5,1,-1.0,0
159.75,137.75,1,-1.0,0
159.75,138.0,1,-1.0,0
160.0,112.0,1,-1.0,0
160.0,112.25,1,-1.0,0
160.0,112.5,1,-1.0,0
160.0,112.75,1,-1.0,0
160.0,113.0,1,-1.0,0
160.0,113.25,1,-1.0,0
160.0,113.5,1,-1.0,0
160.0,113.75,1,-1.0,0
160.0,114.0,1,-1.0,0
160.0,114.25,1,-1.0,0
160.0,114.5,1,-1.0,0
160.0,114.75,1,-1.0,0
160.0,115.0,1,-1.0,0
160.0,115.25,1,-1.0,0
160.0,115.5,1,-1.0,0
160.0,115.75,1,-1.0,0
160.0,116.0,1,-1.0,0
160.0,116.25,1,-1.0,0
180.0,134.5,2,744.23459,0
180.0,134.75,2,761.10418,0
180.0,135.0,2,778.97638,0
180.0,135.25,2,797.94316,0
180.0,135.5,2,818.10812,0
180.0,135.75,2,839.58832,0
180.0,136.0,2,862.51662,0
180.0,136.25,2,887.04438,0
180.0,136.5,2,913.34482,0
180.0,136.75,2,941.61709,0
180.0,137.0,2,972.09136,0
180.0,137.25,2,1005.0351,0
180.0,137.5,2,1040.7607,0
180.0,137.75,2,1079.636,0
180.0,138.0,2,1122.0964,0
180.25,112.0,3,296.92809,0
180.25,112.25,3,298.40456,0
180.25,112.5,3,299.90304,0
180.25,112.75,3,301.42362,0
180.25,113.0,3,302.96728,0
180.25,113.25,3,304.53425,0
180.25,113.5,3,306.12511,0
180.25,113.75,3,307.74065,0
180.25,114.0,3,309.38113,0
180.25,114.25,3,311.04731,0
180.25,114.5,3,312.73994,0
180.25,114.75,3,314.45949,0
180.25,115.0,3,316.20655,0
180.25,115.25,3,317.98202,0
180.25,115.5,3,319.78662,0
180.25,115.75,3,321.6209,0
180.25,116.0,3,323.48562,0
180.25,116.25,3,325.38172,0
180.25,116.5,3,327.31,0
180.25,116.75,3,329.27131,0
180.25,117.0,3,331.26649,0
180.25,117.25,3,333.29627,0
180.25,117.5,3,335.3618,0
180.25,117.75,3,337.46403,0
180.25,118.0,3,339.60399,0
180.25,118.25,3,341.78271,0
180.25,118.5,3,344.00128,0
180.25,118.75,3,346.26083,0
180.25,119.0,3,348.56253,0
180.25,119.25,3,350.90762,0
180.25,119.5,3,353.29737,0
180.25,119.75,3,355.7331,0
180.25,120.0,3,358.21619,0
180.25,120.25,3,360.74809,0
180.25,120.5,3,363.33031,0
180.25,120.75,3,365.96439,0
180.25,121.0,3,368.65199,0
180.25,121.25,3,371.39481,0
180.25,121.5,3,374.19446,0
180.25,121.75,3,377.05285,0
180.25,122.0,3,379.97202,0
180.25,122.25,3,382.95401,0
180.25,122.5,3,386.00094,0
180.25,122.75,3,389.11471,0
180.25,123.0,3,392.29786,0
180.25,123.25,3,395.55293,0
180.25,123.5,3,398.88231,0
180.25,123.75,3,402.28846,0
180.25,124.0,3,405.77458,0
180.25,124.25,3,409.34327,0
180.25,124.5,3,412.99765,0
180.25,124.75,3,416.74123,0
180.25,125.0,3,420.57681,0
180.25,125.25,3,424.5087,0
180.25,125.5,3,428.53985,0
180.25,125.75,3,432.67507,0
180.25,126.0,3,436.91766,0
180.25,126.25,3,441.2728,0
180.25,126.5,3,445.7446,0
180.25,126.75,2,450.33821,0
180.25,127.0,2,455.05904,0
180.25,127.25,2,459.91192,0
180.25,127.5,2,464.90327,0
180.25,127.75,2,470.03924,0
180.25,128.0,2,475.32609,0
180.25,128.25,2,480.77081,0
180.25,128.5,2,486.381,0
180.25,128.75,2,492.1645,0
180.25,129.0,2,498.12968,0
180.25,129.25,2,504.28546,0
180.25,129.5,2,510.64132,0
180.25,129.75,2,517.20741,0
180.25,130.0,2,523.99478,0
180.25,130.25,2,531.0151,0
180.25,130.5,2,538.28092,0
180.25,130.75,2,545.80565,0
180.25,131.0,2,553.60365,0
180.25,131.25,2,561.69062,0
180.25,131.5,2,570.08338,0
180.25,131.75,2,578.80011,0
180.25,132.0,2,587.86048,0
180.25,132.25,2,597.28553,0
180.25,132.5,2,607.09806,0
180.25,132.75,2,617.32363,0
180.25,133.0,2,627.98945,0
180.25,133.25,2,639.12449,0
180.25,133.5,2,650.76224,0
180.25,133.75,2,662.93745,0
180.25,134.0,2,675.68965,0
180.25,134.25,2,689.06136,0
180.25,134.5,2,703.11864,0
180.25,134.75,2,717.9418,0
180.25,135.0,2,733.59514,0
180.25,135.25,2,750.15029,0
180.25,135.5,2,767.68734,0
180.25,135.75,2,786.29621,0
180.25,136.0,2,806.07809,0
180.25,136.25,2,827.14734,0
180.25,136.5,2,849.63371,0
180.25,136.75,2,873.68495,0
180.25,137.0,2,899.47012,0
180.25,137.25,2,927.18352,0
180.25,137.5,2,957.04962,0
180.25,137.75,2,989.32914,0
180.25,138.0,2,1024.3267,0
180.5,112.0,3,291.38921,0
180.5,112.25,3,292.80378,0
180.5,112.5,3,294.23862,0
180.5,112.75,3,295.69471,0
180.5,113.0,3,297.17215,0
180.5,113.25,3,298.6716,0
180.5,113.5,3,300.19371,0
180.5,113.75,3,301.73852,0
180.5,114.0,3,303.30705,0
180.5,114.25,3,304.89979,0
180.5,114.5,3,306.51694,0
180.5,114.75,3,308.15949,0
180.5,115.0,3,309.82804,0
180.5,115.25,3,311.5229,0
180.5,115.5,3,313.24495,0
180.5,115.75,3,314.99492,0
180.5,116.0,3,316.7735,0
180.5,116.25,3,318.58117,0
180.5,116.5,3,320.41884,0
180.5,116.75,3,322.28734,0
180.5,117.0,3,324.18747,0
180.5,117.25,3,326.12004,0
180.5,117.5,3,328.08587,0
180.5,117.75,3,330.08573,0
180.5,118.0,3,332.1207,0
180.5,118.25,3,334.19173,0
180.5,118.5,3,336.29981,0
180.5,118.75,3,338.44597,0
180.5,119.0,3,340.63127,0
180.5,119.25,3,342.85682,0
180.5,119.5,3,345.12378,0
180.5,119.75,3,347.43334,0
180.5,120.0,3,349.78676,0
180.5,120.25,3,352.18533,0
180.5,120.5,3,354.63042,0
180.5,120.75,3,357.12344,0
180.5,121.0,3,359.66585,0
180.5,121.25,3,362.25921,0
180.5,121.5,3,364.90509,0
180.5,121.75,3,367.60495,0
180.5,122.0,3,370.36074,0
180.5,122.25,3,373.17428,0
180.5,122.5,3,376.04749,0
180.5,122.75,3,378.98235,0
180.5,123.0,3,381.98058,0
180.5,123.25,3,385.04467,0
180.5,123.5,3,388.17695,0
180.5,123.75,3,391.37961,0
180.5,124.0,3,394.65499,0
180.5,124.25,3,398.00607,0
180.5,124.5,3,401.43527,0
180.5,124.75,3,404.94548,0
180.5,125.0,3,408.54002,0
180.5,125.25,3,412.22141,0
180.5,125.5,3,415.99372,0
180.5,125.75,3,419.85968,0
180.5,126.0,3,423.82375,0
180.5,126.25,3,427.88897,0
180.5,126.5,3,432.06021,0
180.5,126.75,3,436.34113,0
180.5,127.0,3,440.73668,0
180.5,127.25,3,445.25168,0
180.5,127.5,2,449.89072,0
180.5,127.75,2,454.65971,0
180.5,128.0,2,459.56429,0
180.5,128.25,2,464.61004,0
180.5,128.5,2,469.80371,0
180.5,128.75,2,475.15214,0
180.5,129.0,2,480.66253,0
180.5,129.25,2,486.34252,0
180.5,129.5,2,492.20018,0
180.5,129.75,2,498.24424,0
180.5,130.0,2,504.48414,0
180.5,130.25,2,510.92981,0
180.5,130.5,2,517.59191,0
180.5,130.75,2,524.48181,0
180.5,131.0,2,531.61177,0
180.5,131.25,2,538.9949,0
180.5,131.5,2,546.64509,0
180.5,131.75,2,554.57766,0
180.5,132.0,2,562.80905,0
180.5,132.25,2,571.35698,0
180.5,132.5,2,580.24059,0
180.5,132.75,2,589.48009,0
180.5,133.0,2,599.09819,0
180.5,133.25,2,609.11957,0
180.5,133.5,2,619.57011,0
180.5,133.75,2,630.47907,0
180.5,134.0,2,641.87816,0
180.5,134.25,2,653.80135,0
180.5,134.5,2,666.2873,0
180.5,134.75,2,679.39276,0
180.5,135.0,2,693.19215,0
180.5,135.25,2,707.74205,0
180.5,135.5,2,723.10528,0
180.5,135.75,2,739.35187,0
180.5,136.0,2,756.56015,0
180.5,136.25,2,774.81797,0
180.5,136.5,2,794.22423,0
180.5,136.75,2,814.89065,0
180.5,137.0,2,836.94392,0
180.5,137.25,2,860.52832,0
180.5,137.5,2,885.80885,0
180.5,137.75,2,912.9751,0
180.5,138.0,2,942.246,0
180.75,112.0,3,286.02534,0
180.75,112.25,3,287.38085,0
180.75,112.5,3,288.75591,0
180.75,112.75,3,290.15063,0
180.75,113.0,3,291.56559,0
180.75,113.25,3,293.00133,0
180.75,113.5,3,294.45798,0
180.75,113.75,3,295.93644,0
180.75,114.0,3,297.43693,0
180.75,114.25,3,298.95999,0
180.75,114.5,3,300.50634,0
180.75,114.75,3,302.07628,0
180.75,115.0,3,303.67043,0
180.75,115.25,3,305.28953,0
180.75,115.5,3,306.9341,0
180.75,115.75,3,308.60453,0
180.75,116.0,3,310.30175,0
180.75,116.25,3,312.02642,0
180.75,116.5,3,313.77914,0
180.75,116.75,3,315.56043,0
180.75,117.0,3,317.37127,0
180.75,117.25,3,319.21239,0
180.75,117.5,3,321.08459,0
180.75,117.75,3,322.98865,0
180.75,118.0,3,324.92536,0
180.75,118.25,3,326.89553,0
180.75,118.5,3,328.90019,0
180.75,118.75,3,330.94027,0
180.75,119.0,3,333.01674,0
180.75,119.25,3,335.13061,0
180.75,119.5,3,337.28291,0
180.75,119.75,3,339.47475,0
180.75,120.0,3,341.70725,0
180.75,120.25,3,343.98159,0
180.75,120.5,3,346.29899,0
180.75,120.75,3,348.66073,0
180.75,121.0,3,351.06815,0
180.75,121.25,3,353.52262,0
180.75,121.5,3,356.02559,0
180.75,121.75,3,358.57849,0
180.75,122.0,3,361.18282,0
180.75,122.25,3,363.84033,0
180.75,122.5,3,366.55273,0
180.75,122.75,3,369.32183,0
180.75,123.0,3,372.14949,0
180.75,123.25,3,375.03728,0
180.75,123.5,3,377.98758,0
180.75,123.75,3,381.00255,0
180.75,124.0,3,384.08425,0
180.75,124.25,3,387.23484,0
180.75,124.5,3,390.45711,0
180.75,124.75,3,393.75335,0
180.75,125.0,3,397.12619,0
180.75,125.25,3,400.57881,0
180.75,125.5,3,404.11344,0
180.75,125.75,3,407.73394,0
180.75,126.0,3,411.44291,0
180.75,126.25,3,415.24433,0
180.75,126.5,3,419.1412,0
180.75,126.75,3,423.13796,0
180.75,127.0,3,427.23786,0
180.75,127.25,3,431.44574,0
180.75,127.5,3,435.76579,0
180.75,127.75,3,440.20252,0
180.75,128.0,3,444.76127,0
180.75,128.25,3,449.44712,0
180.75,128.5,2,454.26534,0
180.75,128.75,2,459.2222,0
180.75,129.0,2,464.32392,0
180.75,129.25,2,469.57709,0
180.75,129.5,2,474.9886,0
180.75,129.75,2,480.56597,0
180.75,130.0,2,486.31732,0
180.75,130.25,2,492.25115,0
180.75,130.5,2,498.37653,0
180.75,130.75,2,504.70317,0
180.75,131.0,2,511.24145,0
180.75,131.25,2,518.00248,0
180.75,131.5,2,524.99818,0
180.75,131.75,2,532.24137,0
180.75,132.0,2,539.74566,0
180.75,132.25,2,547.52574,0
180.75,132.5,2,555.59779,0
180.75,132.75,2,563.97906,0
180.75,133.0,2,572.68821,0
180.75,133.25,2,581.74464,0
180.75,133.5,2,591.17092,0
180.75,133.75,2,600.99077,0
180.75,134.0,2,611.22913,0
180.75,134.25,2,621.91517,0
180.75,134.5,2,633.07862,0
180.75,134.75,2,644.75388,0
180.75,135.0,2,656.9901,0
180.75,135.25,2,669.8562,0
180.75,135.5,2,683.40242,0
180.75,135.75,2,697.68404,0
180.75,136.0,2,712.76252,0
180.75,136.25,2,728.70633,0
180.75,136.5,2,745.59205,0
180.75,136.75,2,763.50556,0
180.75,137.0,2,782.54348,0
180.75,137.25,2,802.81498,0
180.75,137.5,2,824.44379,0
180.75,137.75,2,847.57079,0
180.75,138.0,2,872.35704,0
181.0,112.0,3,280.82797,0
181.0,112.25,3,282.1279,0
181.0,112.5,3,283.44605,0
181.0,112.75,3,284.78278,0
181.0,113.0,3,286.13866,0
181.0,113.25,3,287.51379,0
181.0,113.5,3,288.90901,0
181.0,113.75,3,290.32436,0
181.0,114.0,3,291.76056,0
181.0,114.25,3,293.21815,0
181.0,114.5,3,294.69721,0
181.0,114.75,3,296.19866,0
181.0,115.0,3,297.72296,0
181.0,115.25,3,299.27031,0
181.0,115.5,3,300.84163,0
181.0,115.75,3,302.43747,0
181.0,116.0,3,304.05814,0
181.0,116.25,3,305.70441,0
181.0,116.5,3,307.37701,0
181.0,116.75,3,309.07656,0
181.0,117.0,3,310.80355,0
181.0,117.25,3,312.55874,0
181.0,117.5,3,314.34296,0
181.0,117.75,3,316.15692,0
181.0,118.0,3,318.0014,0
181.0,118.25,3,319.87719,0
181.0,118.5,3,321.785,0
181.0,118.75,3,323.72573,0
181.0,119.0,3,325.70033,0
181.0,119.25,3,327.70972,0
181.0,119.5,3,329.75484,0
181.0,119.75,3,331.83668,0
181.0,120.0,3,333.95628,0
181.0,120.25,3,336.11469,0
181.0,120.5,3,338.31302,0
181.0,120.75,3,340.55244,0
181.0,121.0,3,342.83414,0
181.0,121.25,3,345.15937,0
181.0,121.5,3,347.52944,0
181.0,121.75,3,349.9457,0
181.0,122.0,3,352.40947,0
181.0,122.25,3,354.92222,0
181.0,122.5,3,357.48556,0
181.0,122.75,3,360.1011,0
181.0,123.0,3,362.77053,0
181.0,123.25,3,365.49559,0
181.0,123.5,3,368.27777,0
181.0,123.75,3,371.11927,0
181.0,124.0,3,374.02213,0
181.0,124.25,3,376.9883,0
181.0,124.5,3,380.01974,0
181.0,124.75,3,383.11909,0
181.0,125.0,3,386.28854,0
181.0,125.25,3,389.53042,0
181.0,125.5,3,392.84777,0
181.0,125.75,3,396.24272,0
181.0,126.0,3,399.71873,0
181.0,126.25,3,403.27838,0
181.0,126.5,3,406.92517,0
181.0,126.75,3,410.66212,0
181.0,127.0,3,414.49314,0
181.0,127.25,3,418.42138,0
181.0,127.5,3,422.45133,0
181.0,127.75,3,426.58662,0
181.0,128.0,3,430.8318,0
181.0,128.25,3,435.19163,0
181.0,128.5,3,439.67056,0
181.0,128.75,3,444.27388,0
181.0,129.0,3,449.00718,0
181.0,129.25,2,453.87617,0
181.0,129.5,2,458.88676,0
181.0,129.75,2,464.04541,0
181.0,130.0,2,469.35917,0
181.0,130.25,2,474.83535,0
181.0,130.5,2,480.48172,0
181.0,130.75,2,486.30657,0
181.0,131.0,2,492.31876,0
181.0,131.25,2,498.52776,0
181.0,131.5,2,504.94368,0
181.0,131.75,2,511.57737,0
181.0,132.0,2,518.44046,0
181.0,132.25,2,525.54542,0
181.0,132.5,2,532.90564,0
181.0,132.75,2,540.53516,0
181.0,133.0,2,548.44991,0
181.0,133.25,2,556.66669,0
181.0,133.5,2,565.20353,0
181.0,133.75,2,574.0795,0
181.0,134.0,2,583.31655,0
181.0,134.25,2,592.93734,0
181.0,134.5,2,602.96685,0
181.0,134.75,2,613.43282,0
181.0,135.0,2,624.36438,0
181.0,135.25,2,635.8052,0
181.0,135.5,2,647.81854,0
181.0,135.75,2,660.44962,0
181.0,136.0,2,673.74724,0
181.0,136.25,2,687.76548,0
181.0,136.5,2,702.56445,0
181.0,136.75,2,718.21113,0
181.0,137.0,2,734.78037,0
181.0,137.25,2,752.35612,0
181.0,137.5,2,771.03283,0
181.0,137.75,2,790.91714,0
181.0,138.0,2,812.12992,0
181.25,112.0,3,275.78982,0
181.25,112.25,3,277.03695,0
181.25,112.5,3,278.30111,0
181.25,112.75,3,279.58303,0
181.25,113.0,3,280.88262,0
181.25,113.25,3,282.20076,0
181.25,113.5,3,283.5374,0
181.25,113.75,3,284.89328,0
181.25,114.0,3,286.26872,0
181.25,114.25,3,287.66401,0
181.25,114.5,3,289.07991,0
181.25,114.75,3,290.51654,0
181.25,115.0,3,291.97456,0
181.25,115.25,3,293.45457,0
181.25,115.5,3,294.9568,0
181.25,115.75,3,296.48191,0
181.25,116.0,3,298.03057,0
181.25,116.25,3,299.60323,0
181.25,116.5,3,301.20028,0
181.25,116.75,3,302.82259,0
181.25,117.0,3,304.47074,0
181.25,117.25,3,306.14535,0
181.25,117.5,3,307.84684,0
181.25,117.75,3,309.57614,0
181.25,118.0,3,311.33394,0
181.25,118.25,3,313.12097,0
181.25,118.5,3,314.93796,0
181.25,118.75,3,316.7857,0
181.25,119.0,3,318.66485,0
181.25,119.25,3,320.57638,0
181.25,119.5,3,322.52117,0
181.25,119.75,3,324.50012,0
181.25,120.0,3,326.51416,0
181.25,120.25,3,328.56426,0
181.25,120.5,3,330.65142,0
181.25,120.75,3,332.77669,0
181.25,121.0,3,334.94116,0
181.25,121.25,3,337.14596,0
181.25,121.5,3,339.39226,0
181.25,121.75,3,341.68131,0
181.25,122.0,3,344.01436,0
181.25,122.25,3,346.39265,0
181.25,122.5,3,348.81758,0
181.25,122.75,3,351.29065,0
181.25,123.0,3,353.81338,0
181.25,123.25,3,356.38735,0
181.25,123.5,3,359.0142,0
181.25,123.75,3,361.69533,0
181.25,124.0,3,364.43276,0
181.25,124.25,3,367.22843,0
181.25,124.5,3,370.08424,0
181.25,124.75,3,373.00185,0
181.25,125.0,3,375.98384,0
181.25,125.25,3,379.03233,0
181.25,125.5,3,382.1493,0
181.25,125.75,3,385.33768,0
181.25,126.0,3,388.59959,0
181.25,126.25,3,391.93799,0
181.25,126.5,3,395.35556,0
181.25,126.75,3,398.85527,0
181.25,127.0,3,402.44023,0
181.25,127.25,3,406.11373,0
181.25,127.5,3,409.87904,0
181.25,127.75,3,413.74019,0
181.25,128.0,3,417.70028,0
181.25,128.25,3,421.76397,0
181.25,128.5,3,425.93537,0
181.25,128.75,3,430.21856,0
181.25,129.0,3,434.61871,0
181.25,129.25,3,439.1408,0
181.25,129.5,3,443.78994,0
181.25,129.75,3,448.57165,0
181.25,130.0,2,453.49212,0
181.25,130.25,2,458.55763,0
181.25,130.5,2,463.77489,0
181.25,130.75,2,469.15101,0
181.25,131.0,2,474.6936,0
181.25,131.25,2,480.41074,0
181.25,131.5,2,486.31107,0
181.25,131.75,2,492.40381,0
181.25,132.0,2,498.69885,0
181.25,132.25,2,505.20675,0
181.25,132.5,2,511.93885,0
181.25,132.75,2,518.90731,0
181.25,133.0,2,526.12523,0
181.25,133.25,2,533.60619,0
181.25,133.5,2,541.36568,0
181.25,133.75,2,549.42014,0
181.25,134.0,2,557.78697,0
181.25,134.25,2,566.48495,0
181.25,134.5,2,575.53537,0
181.25,134.75,2,584.95992,0
181.25,135.0,2,594.78353,0
181.25,135.25,2,605.03236,0
181.25,135.5,2,615.74351,0
181.25,135.75,2,626.97599,0
181.25,136.0,2,638.77073,0
181.25,136.25,2,651.17097,0
181.25,136.5,2,664.22446,0
181.25,136.75,2,677.98411,0
181.25,137.0,2,692.50872,0
181.25,137.25,2,707.86378,0
181.25,137.5,2,724.12249,0
181.25,137.75,2,741.36691,0
181.25,138.0,2,759.68936,0
181.5,112.0,3,270.90377,0
181.5,112.25,3,272.10052,0
181.5,112.5,3,273.31377,0
181.5,112.75,3,274.54329,0
181.5,113.0,3,275.78994,0
181.5,113.25,3,277.05367,0
181.5,113.5,3,278.33513,0
181.5,113.75,3,279.63457,0
181.5,114.0,3,280.95234,0
181.5,114.25,3,282.28911,0
181.5,114.5,3,283.6448,0
181.5,114.75,3,285.02029,0
181.5,115.0,3,286.4159,0
181.5,115.25,3,287.83188,0
181.5,115.5,3,289.269,0
181.5,115.75,3,290.72762,0
181.5,116.0,3,292.20806,0
181.5,116.25,3,293.71111,0
181.5,116.5,3,295.23729,0
181.5,116.75,3,296.78683,0
181.5,117.0,3,298.36055,0
181.5,117.25,3,299.95908,0
181.5,117.5,3,301.58299,0
181.5,117.75,3,303.23274,0
181.5,118.0,3,304.90904,0
181.5,118.25,3,306.61265,0
181.5,118.5,3,308.34426,0
181.5,118.75,3,310.10457,0
181.5,119.0,3,311.8943,0
181.5,119.25,3,313.71418,0
181.5,119.5,3,315.56495,0
181.5,119.75,3,317.44752,0
181.5,120.0,3,319.36276,0
181.5,120.25,3,321.31153,0
181.5,120.5,3,323.29475,0
181.5,120.75,3,325.31337,0
181.5,121.0,3,327.36838,0
181.5,121.25,3,329.4608,0
181.5,121.5,3,331.59171,0
181.5,121.75,3,333.7622,0
181.5,122.0,3,335.97343,0
181.5,122.25,3,338.22661,0
181.5,122.5,3,340.52289,0
181.5,122.75,3,342.86358,0
181.5,123.0,3,345.2501,0
181.5,123.25,3,347.68387,0
181.5,123.5,3,350.16637,0
181.5,123.75,3,352.69915,0
181.5,124.0,3,355.28357,0
181.5,124.25,3,357.92143,0
181.5,124.5,3,360.61457,0
181.5,124.75,3,363.36485,0
181.5,125.0,3,366.17373,0
181.5,125.25,3,369.04361,0
181.5,125.5,3,371.97663,0
181.5,125.75,3,374.97441,0
181.5,126.0,3,378.0398,0
181.5,126.25,3,381.1749,0
181.5,126.5,3,384.3822,0
181.5,126.75,3,387.6645,0
181.5,127.0,3,391.02422,0
181.5,127.25,3,394.46463,0
181.5,127.5,3,397.98839,0
181.5,127.75,3,401.59895,0
181.5,128.0,3,405.2996,0
181.5,128.25,3,409.09369,0
181.5,128.5,3,412.98532,0
181.5,128.75,3,416.97799,0
181.5,129.0,3,421.07602,0
181.5,129.25,3,425.28393,0
181.5,129.5,3,429.60624,0
181.5,129.75,3,434.04755,0
181.5,130.0,3,438.61336,0
181.5,130.25,3,443.30914,0
181.5,130.5,3,448.14067,0
181.5,130.75,2,453.11409,0
181.5,131.0,2,458.23594,0
181.5,131.25,2,463.51314,0
181.5,131.5,2,468.9531,0
181.5,131.75,2,474.56381,0
181.5,132.0,2,480.35366,0
181.5,132.25,2,486.33155,0
181.5,132.5,2,492.50718,0
181.5,132.75,2,498.89084,0
181.5,133.0,2,505.49359,0
181.5,133.25,2,512.32728,0
181.5,133.5,2,519.40466,0
181.5,133.75,2,526.73908,0
181.5,134.0,2,534.34535,0
181.5,134.25,2,542.23965,0
181.5,134.5,2,550.43882,0
181.5,134.75,2,558.96125,0
181.5,135.0,2,567.82764,0
181.5,135.25,2,577.05876,0
181.5,135.5,2,586.67943,0
181.5,135.75,2,596.72,0
181.5,136.0,2,607.23595,0
181.5,136.25,2,618.26475,0
181.5,136.5,2,629.84475,0
181.5,136.75,2,642.01826,0
181.5,137.0,2,654.832,0
181.5,137.25,2,668.33775,0
181.5,137.5,2,682.59301,0
181.5,137.75,2,697.66185,0
181.5,138.0,2,713.61585,0
181.75,112.0,3,266.1627,0
181.75,112.25,3,267.312,0
181.75,112.5,3,268.47651,0
181.75,112.75,3,269.65672,0
181.75,113.0,3,270.8528,0
181.75,113.25,3,272.06519,0
181.75,113.5,3,273.29421,0
181.75,113.75,3,274.54011,0
181.75,114.0,3,275.80351,0
181.75,114.25,3,277.08436,0
181.75,114.5,3,278.3835,0
181.75,114.75,3,279.70099,0
181.75,115.0,3,281.03737,0
181.75,115.25,3,282.39323,0
181.75,115.5,3,283.76854,0
181.75,115.75,3,285.16417,0
181.75,116.0,3,286.58057,0
181.75,116.25,3,288.01781,0
181.75,116.5,3,289.47676,0
181.75,116.75,3,290.95792,0
181.75,117.0,3,292.46162,0
181.75,117.25,3,293.9884,0
181.75,117.5,3,295.53898,0
181.75,117.75,3,297.11391,0
181.75,118.0,3,298.7137,0
181.75,118.25,3,300.33885,0
181.75,118.5,3,301.99018,0
181.75,118.75,3,303.66832,0
181.75,119.0,3,305.37395,0
181.75,119.25,3,307.10776,0
181.75,119.5,3,308.87047,0
181.75,119.75,3,310.66269,0
181.75,120.0,3,312.48533,0
181.75,120.25,3,314.3392,0
181.75,120.5,3,316.22513,0
181.75,120.75,3,318.14398,0
181.75,121.0,3,320.09666,0
181.75,121.25,3,322.08408,0
181.75,121.5,3,324.10722,0
181.75,121.75,3,326.16709,0
181.75,122.0,3,328.26472,0
181.75,122.25,3,330.40121,0
181.75,122.5,3,332.57769,0
181.75,122.75,3,334.79527,0
181.75,123.0,3,337.05513,0
181.75,123.25,3,339.35862,0
181.75,123.5,3,341.7071,0
181.75,123.75,3,344.10193,0
181.75,124.0,3,346.54459,0
181.75,124.25,3,349.03642,0
181.75,124.5,3,351.57894,0
181.75,124.75,3,354.17398,0
181.75,125.0,3,356.82326,0
181.75,125.25,3,359.52828,0
181.75,125.5,3,362.29103,0
181.75,125.75,3,365.11365,0
181.75,126.0,3,367.99778,0
181.75,126.25,3,370.9458,0
181.75,126.5,3,373.95999,0
181.75,126.75,3,377.04231,0
181.75,127.0,3,380.19575,0
181.75,127.25,3,383.42218,0
181.75,127.5,3,386.72504,0
181.75,127.75,3,390.10638,0
181.75,128.0,3,393.56986,0
181.75,128.25,3,397.11804,0
181.75,128.5,3,400.75454,0
181.75,128.75,3,404.48281,0
181.75,129.0,3,408.30611,0
181.75,129.25,3,412.22871,0
181.75,129.5,3,416.25461,0
181.75,129.75,3,420.38761,0
181.75,130.0,3,424.63267,0
181.75,130.25,3,428.99452,0
181.75,130.5,3,433.47819,0
181.75,130.75,3,438.08897,0
181.75,131.0,3,442.83235,0
181.75,131.25,3,447.71456,0
181.75,131.5,2,452.74198,0
181.75,131.75,2,457.92139,0
181.75,132.0,2,463.26003,0
181.75,132.25,2,468.7656,0
181.75,132.5,2,474.4463,0
181.75,132.75,2,480.31094,0
181.75,133.0,2,486.36888,0
181.75,133.25,2,492.62986,0
181.75,133.5,2,499.10489,0
181.75,133.75,2,505.80554,0
181.75,134.0,2,512.74422,0
181.75,134.25,2,519.93404,0
181.75,134.5,2,527.38915,0
181.75,134.75,2,535.12545,0
181.75,135.0,2,543.15928,0
181.75,135.25,2,551.50861,0
181.75,135.5,2,560.1934,0
181.75,135.75,2,569.23407,0
181.75,136.0,2,578.65795,0
181.75,136.25,2,588.51517,0
181.75,136.5,2,598.84103,0
181.75,136.75,2,609.6697,0
181.75,137.0,2,621.03873,0
181.75,137.25,2,632.98952,0
181.75,137.5,2,645.5678,0
181.75,137.75,2,658.82423,0
181.75,138.0,2,672.81507,0
182.0,112.0,3,261.56063,0
182.0,112.25,3,262.66466,0
182.0,112.5,3,263.78304,0
182.0,112.75,3,264.91626,0
182.0,113.0,3,266.06443,0
182.0,113.25,3,267.22806,0
182.0,113.5,3,268.40723,0
182.0,113.75,3,269.60258,0
182.0,114.0,3,270.81403,0
182.0,114.25,3,272.04238,0
182.0,114.5,3,273.28755,0
182.0,114.75,3,274.55023,0
182.0,115.0,3,275.83071,0
182.0,115.25,3,277.12922,0
182.0,115.5,3,278.44646,0
182.0,115.75,3,279.78253,0
182.0,116.0,3,281.138,0
182.0,116.25,3,282.51343,0
182.0,116.5,3,283.909,0
182.0,116.75,3,285.3253,0
182.0,117.0,3,286.76293,0
182.0,117.25,3,288.2223,0
182.0,117.5,3,289.70372,0
182.0,117.75,3,291.20797,0
182.0,118.0,3,292.73559,0
182.0,118.25,3,294.28712,0
182.0,118.5,3,295.86289,0
182.0,118.75,3,297.46374,0
182.0,119.0,3,299.09029,0
182.0,119.25,3,300.74318,0
182.0,119.5,3,302.42305,0
182.0,119.75,3,304.13058,0
182.0,120.0,3,305.8664,0
182.0,120.25,3,307.63128,0
182.0,120.5,3,309.42604,0
182.0,120.75,3,311.25145,0
182.0,121.0,3,313.10833,0
182.0,121.25,3,314.99753,0
182.0,121.5,3,316.91993,0
182.0,121.75,3,318.87643,0
182.0,122.0,3,320.86799,0
182.0,122.25,3,322.89559,0
182.0,122.5,3,324.96026,0
182.0,122.75,3,327.06305,0
182.0,123.0,3,329.20509,0
182.0,123.25,3,331.38736,0
182.0,123.5,3,333.61119,0
182.0,123.75,3,335.87785,0
182.0,124.0,3,338.18863,0
182.0,124.25,3,340.5449,0
182.0,124.5,3,342.94805,0
182.0,124.75,3,345.39928,0
182.0,125.0,3,347.9004,0
182.0,125.25,3,350.45305,0
182.0,125.5,3,353.05875,0
182.0,125.75,3,355.71909,0
182.0,126.0,3,358.43621,0
182.0,126.25,3,361.21182,0
182.0,126.5,3,364.04778,0
182.0,126.75,3,366.94655,0
182.0,127.0,3,369.90975,0
182.0,127.25,3,372.94017,0
182.0,127.5,3,376.03984,0
182.0,127.75,3,379.2115,0
182.0,128.0,3,382.45754,0
182.0,128.25,3,385.78101,0
182.0,128.5,3,389.18438,0
182.0,128.75,3,392.67121,0
182.0,129.0,3,396.2442,0
182.0,129.25,3,399.907,0
182.0,129.5,3,403.66329,0
182.0,129.75,3,407.51637,0
182.0,130.0,3,411.47048,0
182.0,130.25,3,415.52985,0
182.0,130.5,3,419.69886,0
182.0,130.75,3,423.98191,0
182.0,131.0,3,428.38407,0
182.0,131.25,3,432.91064,0
182.0,131.5,3,437.56712,0
182.0,131.75,3,442.35938,0
182.0,132.0,3,447.29363,0
182.0,132.25,3,452.37649,0
182.0,132.5,2,457.61501,0
182.0,132.75,2,463.01671,0
182.0,133.0,2,468.58959,0
182.0,133.25,2,474.34222,0
182.0,133.5,2,480.28375,0
182.0,133.75,2,486.42397,0
182.0,134.0,2,492.77295,0
182.0,134.25,2,499.34229,0
182.0,134.5,2,506.14409,0
182.0,134.75,2,513.19126,0
182.0,135.0,2,520.49725,0
182.0,135.25,2,528.07773,0
182.0,135.5,2,535.94855,0
182.0,135.75,2,544.12722,0
182.0,136.0,2,552.63299,0
182.0,136.25,2,561.48803,0
182.0,136.5,2,570.7385,0
182.0,136.75,2,580.41801,0
182.0,137.0,2,590.55705,0
182.0,137.25,2,601.18906,0
182.0,137.5,2,612.35081,0
182.0,137.75,2,624.08283,0
182.0,138.0,2,636.42986,0
182.25,112.0,3,257.0916,0
182.25,112.25,3,258.15239,0
182.25,112.5,3,259.2271,0
182.25,112.75,3,260.31547,0
182.25,113.0,3,261.41831,0
182.25,113.25,3,262.5354,0
182.25,113.5,3,263.66754,0
182.25,113.75,3,264.81449,0
182.25,114.0,3,265.9771,0
182.25,114.25,3,267.15522,0
182.25,114.5,3,268.34954,0
182.25,114.75,3,269.56018,0
182.25,115.0,3,270.78755,0
182.25,115.25,3,272.03216,0
182.25,115.5,3,273.29399,0
182.25,115.75,3,274.57383,0
182.25,116.0,3,275.8719,0
182.25,116.25,3,277.18849,0
182.25,116.5,3,278.52428,0
182.25,116.75,3,279.87951,0
182.25,117.0,3,281.25456,0
182.25,117.25,3,282.6501,0
182.25,117.5,3,284.06659,0
182.25,117.75,3,285.50416,0
182.25,118.0,3,286.96365,0
182.25,118.25,3,288.44555,0
182.25,118.5,3,289.9504,0
182.25,118.75,3,291.47853,0
182.25,119.0,3,293.03066,0
182.25,119.25,3,294.60741,0
182.25,119.5,3,296.2094,0
182.25,119.75,3,297.83724,0
182.25,120.0,3,299.49158,0
182.25,120.25,3,301.17299,0
182.25,120.5,3,302.8822,0
182.25,120.75,3,304.61999,0
182.25,121.0,3,306.38711,0
182.25,121.25,3,308.18431,0
182.25,121.5,3,310.0124,0
182.25,121.75,3,311.87221,0
182.25,122.0,3,313.7646,0
182.25,122.25,3,315.69046,0
182.25,122.5,3,317.65072,0
182.25,122.75,3,319.64635,0
182.25,123.0,3,321.67835,0
182.25,123.25,3,323.74776,0
182.25,123.5,3,325.85561,0
182.25,123.75,3,328.00298,0
182.25,124.0,3,330.19113,0
182.25,124.25,3,332.42129,0
182.25,124.5,3,334.69474,0
182.25,124.75,3,337.01282,0
182.25,125.0,3,339.37669,0
182.25,125.25,3,341.78788,0
182.25,125.5,3,344.24802,0
182.25,125.75,3,346.75869,0
182.25,126.0,3,349.32111,0
182.25,126.25,3,351.93737,0
182.25,126.5,3,354.60931,0
182.25,126.75,3,357.33826,0
182.25,127.0,3,360.12671,0
182.25,127.25,3,362.97641,0
182.25,127.5,3,365.8895,0
182.25,127.75,3,368.86835,0
182.25,128.0,3,371.91502,0
182.25,128.25,3,375.03226,0
182.25,128.5,3,378.22235,0
182.25,128.75,3,381.48817,0
182.25,129.0,3,384.83255,0
182.25,129.25,3,388.25821,0
182.25,129.5,3,391.76866,0
182.25,129.75,3,395.36688,0
182.25,130.0,3,399.05637,0
182.25,130.25,3,402.841,0
182.25,130.5,3,406.72456,0
182.25,130.75,3,410.71075,0
182.25,131.0,3,414.80424,0
182.25,131.25,3,419.00953,0
182.25,131.5,3,423.33141,0
182.25,131.75,3,427.77497,0
182.25,132.0,3,432.34557,0
182.25,132.25,3,437.04892,0
182.25,132.5,3,441.89111,0
182.25,132.75,3,446.87857,0
182.25,133.0,3,452.0182,0
182.25,133.25,2,457.3173,0
182.25,133.5,2,462.78369,0
182.25,133.75,2,468.42573,0
182.25,134.0,2,474.25232,0
182.25,134.25,2,480.27301,0
182.25,134.5,2,486.49792,0
182.25,134.75,2,492.93768,0
182.25,135.0,2,499.60444,0
182.25,135.25,2,506.51085,0
182.25,135.5,2,513.66982,0
182.25,135.75,2,521.09664,0
182.25,136.0,2,528.80678,0
182.25,136.25,2,536.81722,0
182.25,136.5,2,545.14738,0
182.25,136.75,2,553.838,0
182.25,137.0,2,562.92209,0
182.25,137.25,2,572.42692,0
182.25,137.5,2,582.38235,0
182.25,137.75,2,592.82112,0
182.25,138.0,2,603.77922,0
182.5,112.0,3,252.74964,0
182.5,112.25,3,253.7696,0
182.5,112.5,3,254.80241,0
182.5,112.75,3,255.84851,0
182.5,113.0,3,256.90788,0
182.5,113.25,3,257.98113,0
182.5,113.5,3,259.06815,0
182.5,113.75,3,260.16961,0
182.5,114.0,3,261.28544,0
182.5,114.25,3,262.41623,0
182.5,114.5,3,263.56209,0
182.5,114.75,3,264.72342,0
182.5,115.0,3,265.90058,0
182.5,115.25,3,267.09372,0
182.5,115.5,3,268.3035,0
182.5,115.75,3,269.52987,0
182.5,116.0,3,270.7735,0
182.5,116.25,3,272.03475,0
182.5,116.5,3,273.31372,0
182.5,116.75,3,274.61114,0
182.5,117.0,3,275.92732,0
182.5,117.25,3,277.26246,0
182.5,117.5,3,278.61729,0
182.5,117.75,3,279.99223,0
182.5,118.0,3,281.38747,0
182.5,118.25,3,282.80369,0
182.5,118.5,3,284.24142,0
182.5,118.75,3,285.70117,0
182.5,119.0,3,287.18327,0
182.5,119.25,3,288.68835,0
182.5,119.5,3,290.21704,0
182.5,119.75,3,291.7699,0
182.5,120.0,3,293.34754,0
182.5,120.25,3,294.95055,0
182.5,120.5,3,296.57949,0
182.5,120.75,3,298.23502,0
182.5,121.0,3,299.91791,0
182.5,121.25,3,301.62885,0
182.5,121.5,3,303.36856,0
182.5,121.75,3,305.13781,0
182.5,122.0,3,306.93737,0
182.5,122.25,3,308.76805,0
182.5,122.5,3,310.6307,0
182.5,122.75,3,312.5262,0
182.5,123.0,3,314.45545,0
182.5,123.25,3,316.4194,0
182.5,123.5,3,318.41904,0
182.5,123.75,3,320.45539,0
182.5,124.0,3,322.52937,0
182.5,124.25,3,324.64217,0
182.5,124.5,3,326.79498,0
182.5,124.75,3,328.98901,0
182.5,125.0,3,331.22549,0
182.5,125.25,3,333.50569,0
182.5,125.5,3,335.83073,0
182.5,125.75,3,338.20229,0
182.5,126.0,3,340.62185,0
182.5,126.25,3,343.09075,0
182.5,126.5,3,345.61055,0
182.5,126.75,3,348.18318,0
182.5,127.0,3,350.8101,0
182.5,127.25,3,353.49319,0
182.5,127.5,3,356.23457,0
182.5,127.75,3,359.0357,0
182.5,128.0,3,361.89928,0
182.5,128.25,3,364.8269,0
182.5,128.5,3,367.82138,0
182.5,128.75,3,370.88454,0
182.5,129.0,3,374.01949,0
182.5,129.25,3,377.22823,0
182.5,129.5,3,380.51402,0
182.5,129.75,3,383.8796,0
182.5,130.0,3,387.32782,0
182.5,130.25,3,390.86222,0
182.5,130.5,3,394.48611,0
182.5,130.75,3,398.20271,0
182.5,131.0,3,402.01615,0
182.5,131.25,3,405.93036,0
182.5,131.5,3,409.94952,0
182.5,131.75,3,414.07798,0
182.5,132.0,3,418.32032,0
182.5,132.25,3,422.68168,0
182.5,132.5,3,427.16731,0
182.5,132.75,3,431.78277,0
182.5,133.0,3,436.534,0
182.5,133.25,3,441.42729,0
182.5,133.5,3,446.46935,0
182.5,133.75,3,451.66731,0
182.5,134.0,2,457.02875,0
182.5,134.25,2,462.5616,0
182.5,134.5,2,468.27473,0
182.5,134.75,2,474.17745,0
182.5,135.0,2,480.27972,0
182.5,135.25,2,486.59186,0
182.5,135.5,2,493.12539,0
182.5,135.75,2,499.89288,0
182.5,136.0,2,506.907,0
182.5,136.25,2,514.18232,0
182.5,136.5,2,521.73409,0
182.5,136.75,2,529.57887,0
182.5,137.0,2,537.75206,0
182.5,137.25,2,546.2867,0
182.5,137.5,2,555.20723,0
182.5,137.75,2,564.54036,0
182.5,138.0,2,574.31532,0
182.75,112.0,3,248.5297,0
182.75,112.25,3,249.51068,0
182.75,112.5,3,250.50377,0
182.75,112.75,3,251.50938,0
182.75,113.0,3,252.52769,0
182.75,113.25,3,253.55892,0
182.75,113.5,3,254.6034,0
182.75,113.75,3,255.66129,0
182.75,114.0,3,256.73296,0
182.75,114.25,3,257.8186,0
182.75,114.5,3,258.91853,0
182.75,114.75,3,260.03309,0
182.75,115.0,3,261.16243,0
182.75,115.25,3,262.30713,0
182.75,115.5,3,263.4671,0
182.75,115.75,3,264.64309,0
182.75,116.0,3,265.83513,0
182.75,116.25,3,267.04368,0
182.75,116.5,3,268.26926,0
182.75,116.75,3,269.5118,0
182.75,117.0,3,270.77207,0
182.75,117.25,3,272.05046,0
182.75,117.5,3,273.34698,0
182.75,117.75,3,274.66242,0
182.75,118.0,3,275.99718,0
182.75,118.25,3,277.35148,0
182.75,118.5,3,278.72586,0
182.75,118.75,3,280.1209,0
182.75,119.0,3,281.53706,0
182.75,119.25,3,282.97469,0
182.75,119.5,3,284.43432,0
182.75,119.75,3,285.91659,0
182.75,120.0,3,287.42204,0
182.75,120.25,3,288.95123,0
182.75,120.5,3,290.50472,0
182.75,120.75,3,292.08302,0
182.75,121.0,3,293.6868,0
182.75,121.25,3,295.31676,0
182.75,121.5,3,296.97355,0
182.75,121.75,3,298.65788,0
182.75,122.0,3,300.37044,0
182.75,122.25,3,302.11198,0
182.75,122.5,3,303.88326,0
182.75,122.75,3,305.68508,0
182.75,123.0,3,307.51827,0
182.75,123.25,3,309.38369,0
182.75,123.5,3,311.28222,0
182.75,123.75,3,313.21479,0
182.75,124.0,3,315.18237,0
182.75,124.25,3,317.18596,0
182.75,124.5,3,319.22642,0
182.75,124.75,3,321.30499,0
182.75,125.0,3,323.4228,0
182.75,125.25,3,325.58103,0
182.75,125.5,3,327.78091,0
182.75,125.75,3,330.02351,0
182.75,126.0,3,332.31021,0
182.75,126.25,3,334.64253,0
182.75,126.5,3,337.02192,0
182.75,126.75,3,339.44946,0
182.75,127.0,3,341.92712,0
182.75,127.25,3,344.45653,0
182.75,127.5,3,347.03895,0
182.75,127.75,3,349.67665,0
182.75,128.0,3,352.37116,0
182.75,128.25,3,355.12456,0
182.75,128.5,3,357.93886,0
182.75,128.75,3,360.8161,0
182.75,129.0,3,363.7586,0
182.75,129.25,3,366.76866,0
182.75,129.5,3,369.84864,0
182.75,129.75,3,373.00139,0
182.75,130.0,3,376.22907,0
182.75,130.25,3,379.53503,0
182.75,130.5,3,382.92215,0
182.75,130.75,3,386.39322,0
182.75,131.0,3,389.95191,0
182.75,131.25,3,393.60168,0
182.75,131.5,3,397.3461,0
182.75,131.75,3,401.18886,0
182.75,132.0,3,405.1343,0
182.75,132.25,3,409.18671,0
182.75,132.5,3,413.35066,0
182.75,132.75,3,417.63097,0
182.75,133.0,3,422.03276,0
182.75,133.25,3,426.56148,0
182.75,133.5,3,431.22289,0
182.75,133.75,3,436.02314,0
182.75,134.0,3,440.96876,0
182.75,134.25,3,446.06671,0
182.75,134.5,3,451.32443,0
182.75,134.75,2,456.74984,0
182.75,135.0,2,462.35111,0
182.75,135.25,2,468.13741,0
182.75,135.5,2,474.11858,0
182.75,135.75,2,480.30494,0
182.75,136.0,2,486.70708,0
182.75,136.25,2,493.33757,0
182.75,136.5,2,500.2089,0
182.75,136.75,2,507.33488,0
182.75,137.0,2,514.7305,0
182.75,137.25,2,522.42472,0
182.75,137.5,2,530.45147,0
182.75,137.75,2,538.83272,0
182.75,138.0,2,547.59244,0
183.0,112.0,3,244.42677,0
183.0,112.25,3,245.37043,0
183.0,112.5,3,246.32588,0
183.0,112.75,3,247.29285,0
183.0,113.0,3,248.27206,0
183.0,113.25,3,249.26337,0
183.0,113.5,3,250.26727,0
183.0,113.75,3,251.28383,0
183.0,114.0,3,252.31342,0
183.0,114.25,3,253.35619,0
183.0,114.5,3,254.41253,0
183.0,114.75,3,255.48253,0
183.0,115.0,3,256.56672,0
183.0,115.25,3,257.66505,0
183.0,115.5,3,258.77822,0
183.0,115.75,3,259.90607,0
183.0,116.0,3,261.04931,0
183.0,116.25,3,262.20807,0
183.0,116.5,3,263.38264,0
183.0,116.75,3,264.5736,0
183.0,117.0,3,265.78092,0
183.0,117.25,3,267.00524,0
183.0,117.5,3,268.24697,0
183.0,117.75,3,269.50616,0
183.0,118.0,3,270.78349,0
183.0,118.25,3,272.07939,0
183.0,118.5,3,273.39407,0
183.0,118.75,3,274.72801,0
183.0,119.0,3,276.08177,0
183.0,119.25,3,277.45581,0
183.0,119.5,3,278.85045,0
183.0,119.75,3,280.26618,0
183.0,120.0,3,281.70362,0
183.0,120.25,3,283.16329,0
183.0,120.5,3,284.6457,0
183.0,120.75,3,286.1514,0
183.0,121.0,3,287.68083,0
183.0,121.25,3,289.23469,0
183.0,121.5,3,290.81361,0
183.0,121.75,3,292.41821,0
183.0,122.0,3,294.04915,0
183.0,122.25,3,295.7071,0
183.0,122.5,3,297.39276,0
183.0,122.75,3,299.10684,0
183.0,123.0,3,300.85011,0
183.0,123.25,3,302.62334,0
183.0,123.5,3,304.42734,0
183.0,123.75,3,306.26295,0
183.0,124.0,3,308.13105,0
183.0,124.25,3,310.03254,0
183.0,124.5,3,311.96837,0
183.0,124.75,3,313.93949,0
183.0,125.0,3,315.94678,0
183.0,125.25,3,317.99145,0
183.0,125.5,3,320.07461,0
183.0,125.75,3,322.1974,0
183.0,126.0,3,324.36103,0
183.0,126.25,3,326.56643,0
183.0,126.5,3,328.81518,0
183.0,126.75,3,331.10866,0
183.0,127.0,3,333.44811,0
183.0,127.25,3,335.83491,0
183.0,127.5,3,338.27085,0
183.0,127.75,3,340.75728,0
183.0,128.0,3,343.29589,0
183.0,128.25,3,345.88864,0
183.0,128.5,3,348.53685,0
183.0,128.75,3,351.24301,0
183.0,129.0,3,354.0085,0
183.0,129.25,3,356.836,0
183.0,129.5,3,359.72704,0
183.0,129.75,3,362.68451,0
183.0,130.0,3,365.7103,0
183.0,130.25,3,368.80722,0
183.0,130.5,3,371.97794,0
183.0,130.75,3,375.22482,0
183.0,131.0,3,378.55119,0
183.0,131.25,3,381.96009,0
183.0,131.5,3,385.45443,0
183.0,131.75,3,389.03778,0
183.0,132.0,3,392.7138,0
183.0,132.25,3,396.48625,0
183.0,132.5,3,400.35909,0
183.0,132.75,3,404.33653,0
183.0,133.0,3,408.42292,0
183.0,133.25,3,412.62308,0
183.0,133.5,3,416.94203,0
183.0,133.75,3,421.38508,0
183.0,134.0,3,425.95787,0
183.0,134.25,3,430.66631,0
183.0,134.5,3,435.51671,0
183.0,134.75,3,440.51594,0
183.0,135.0,3,445.67123,0
183.0,135.25,3,450.99029,0
183.0,135.5,3,456.4814,0
183.0,135.75,2,462.153,0
183.0,136.0,2,468.01469,0
183.0,136.25,2,474.07676,0
183.0,136.5,2,480.34959,0
183.0,136.75,2,486.845,0
183.0,137.0,2,493.57559,0
183.0,137.25,2,500.55438,0
183.0,137.5,2,507.80496,0
183.0,137.75,2,515.36151,0
183.0,138.0,2,523.24424,0
183.25,112.0,3,240.43593,0
183.25,112.25,3,241.34419,0
183.25,112.5,3,242.26344,0
183.25,112.75,3,243.19394,0
183.25,113.0,3,244.13567,0
183.25,113.25,3,245.08921,0
183.25,113.5,3,246.0543,0
183.25,113.75,3,247.03166,0
183.25,114.0,3,248.0211,0
183.25,114.25,3,249.02323,0
183.25,114.5,3,250.03794,0
183.25,114.75,3,251.06583,0
183.25,115.0,3,252.10679,0
183.25,115.25,3,253.16151,0
183.25,115.5,3,254.22976,0
183.25,115.75,3,255.31231,0
183.25,116.0,3,256.40907,0
183.25,116.25,3,257.52057,0
183.25,116.5,3,258.64706,0
183.25,116.75,3,259.78871,0
183.25,117.0,3,260.94613,0
183.25,117.25,3,262.11933,0
183.25,117.5,3,263.30882,0
183.25,117.75,3,264.51507,0
183.25,118.0,3,265.73812,0
183.25,118.25,3,266.97857,0
183.25,118.5,3,268.23686,0
183.25,118.75,3,269.51321,0
183.25,119.0,3,270.80803,0
183.25,119.25,3,272.12188,0
183.25,119.5,3,273.4552,0
183.25,119.75,3,274.80828,0
183.25,120.0,3,276.18159,0
183.25,120.25,3,277.57573,0
183.25,120.5,3,278.99118,0
183.25,120.75,3,280.42844,0
183.25,121.0,3,281.888,0
183.25,121.25,3,283.37027,0
183.25,121.5,3,284.87596,0
183.25,121.75,3,286.40565,0
183.25,122.0,3,287.95993,0
183.25,122.25,3,289.53941,0
183.25,122.5,3,291.14473,0
183.25,122.75,3,292.77654,0
183.25,123.0,3,294.43554,0
183.25,123.25,3,296.12242,0
183.25,123.5,3,297.83794,0
183.25,123.75,3,299.58284,0
183.25,124.0,3,301.35792,0
183.25,124.25,3,303.16402,0
183.25,124.5,3,305.00197,0
183.25,124.75,3,306.87268,0
183.25,125.0,3,308.77706,0
183.25,125.25,3,310.71605,0
183.25,125.5,3,312.6905,0
183.25,125.75,3,314.7016,0
183.25,126.0,3,316.75044,0
183.25,126.25,3,318.83815,0
183.25,126.5,3,320.96582,0
183.25,126.75,3,323.13449,0
183.25,127.0,3,325.34567,0
183.25,127.25,3,327.6007,0
183.25,127.5,3,329.90063,0
183.25,127.75,3,332.24712,0
183.25,128.0,3,334.64178,0
183.25,128.25,3,337.08569,0
183.25,128.5,3,339.58096,0
183.25,128.75,3,342.12901,0
183.25,129.0,3,344.73167,0
183.25,129.25,3,347.39084,0
183.25,129.5,3,350.10834,0
183.25,129.75,3,352.8863,0
183.25,130.0,3,355.72681,0
183.25,130.25,3,358.632,0
183.25,130.5,3,361.6045,0
183.25,130.75,3,364.64622,0
183.25,131.0,3,367.76021,0
183.25,131.25,3,370.94916,0
183.25,131.5,3,374.21545,0
183.25,131.75,3,377.56249,0
183.25,132.0,3,380.99339,0
183.25,132.25,3,384.51144,0
183.25,132.5,3,388.1199,0
183.25,132.75,3,391.82262,0
183.25,133.0,3,395.62355,0
183.25,133.25,3,399.52676,0
183.25,133.5,3,403.53661,0
183.25,133.75,3,407.65769,0
183.25,134.0,3,411.89487,0
183.25,134.25,3,416.25331,0
183.25,134.5,3,420.73853,0
183.25,134.75,3,425.35634,0
183.25,135.0,3,430.11296,0
183.25,135.25,3,435.01502,0
183.25,135.5,3,440.06927,0
183.25,135.75,3,445.28341,0
183.25,136.0,3,450.66552,0
183.25,136.25,3,456.22423,0
183.25,136.5,2,461.96814,0
183.25,136.75,2,467.90757,0
183.25,137.0,2,474.05299,0
183.25,137.25,2,480.41525,0
183.25,137.5,2,487.00714,0
183.25,137.75,2,493.84625,0
183.25,138.0,2,500.96683,0
183.5,112.0,3,236.55268,0
183.5,112.25,3,237.42729,0
183.5,112.5,3,238.31207,0
183.5,112.75,3,239.20758,0
183.5,113.0,3,240.11384,0
183.5,113.25,3,241.03104,0
183.5,113.5,3,241.95954,0
183.5,113.75,3,242.89926,0
183.5,114.0,3,243.85082,0
183.5,114.25,3,244.81395,0
183.5,114.5,3,245.7894,0
183.5,114.75,3,246.77688,0
183.5,115.0,3,247.77716,0
183.5,115.25,3,248.78994,0
183.5,115.5,3,249.816,0
183.5,115.75,3,250.85514,0
183.5,116.0,3,251.90799,0
183.5,116.25,3,252.97458,0
183.5,116.5,3,254.05531,0
183.5,116.75,3,255.15052,0
183.5,117.0,3,256.26026,0
183.5,117.25,3,257.38518,0
183.5,117.5,3,258.52532,0
183.5,117.75,3,259.68108,0
183.5,118.0,3,260.85297,0
183.5,118.25,3,262.04102,0
183.5,118.5,3,263.24577,0
183.5,118.75,3,264.46767,0
183.5,119.0,3,265.70692,0
183.5,119.25,3,266.9639,0
183.5,119.5,3,268.23917,0
183.5,119.75,3,269.53312,0
183.5,120.0,3,270.84601,0
183.5,120.25,3,272.17833,0
183.5,120.5,3,273.53063,0
183.5,120.75,3,274.90337,0
183.5,121.0,3,276.29701,0
183.5,121.25,3,277.71198,0
183.5,121.5,3,279.14876,0
183.5,121.75,3,280.60798,0
183.5,122.0,3,282.09017,0
183.5,122.25,3,283.59591,0
183.5,122.5,3,285.12578,0
183.5,122.75,3,286.68036,0
183.5,123.0,3,288.26029,0
183.5,123.25,3,289.86621,0
183.5,123.5,3,291.4988,0
183.5,123.75,3,293.15874,0
183.5,124.0,3,294.84676,0
183.5,124.25,3,296.5636,0
183.5,124.5,3,298.31005,0
183.5,124.75,3,300.0869,0
183.5,125.0,3,301.89501,0
183.5,125.25,3,303.73523,0
183.5,125.5,3,305.60847,0
183.5,125.75,3,307.51565,0
183.5,126.0,3,309.45758,0
183.5,126.25,3,311.43545,0
183.5,126.5,3,313.45032,0
183.5,126.75,3,315.5033,0
183.5,127.0,3,317.59537,0
183.5,127.25,3,319.72769,0
183.5,127.5,3,321.90169,0
183.5,127.75,3,324.11865,0
183.5,128.0,3,326.37952,0
183.5,128.25,3,328.68612,0
183.5,128.5,3,331.03978,0
183.5,128.75,3,333.44181,0
183.5,129.0,3,335.89419,0
183.5,129.25,3,338.39805,0
183.5,129.5,3,340.95564,0
183.5,129.75,3,343.56831,0
183.5,130.0,3,346.23839,0
183.5,130.25,3,348.96737,0
183.5,130.5,3,351.75783,0
183.5,130.75,3,354.61146,0
183.5,131.0,3,357.53086,0
183.5,131.25,3,360.51845,0
183.5,131.5,3,363.57634,0
183.5,131.75,3,366.70758,0
183.5,132.0,3,369.9149,0
183.5,132.25,3,373.20095,0
183.5,132.5,3,376.56893,0
183.5,132.75,3,380.02216,0
183.5,133.0,3,383.56402,0
183.5,133.25,3,387.19809,0
183.5,133.5,3,390.92816,0
183.5,133.75,3,394.75821,0
183.5,134.0,3,398.69246,0
183.5,134.25,3,402.73542,0
183.5,134.5,3,406.89186,0
183.5,134.75,3,411.16676,0
183.5,135.0,3,415.56551,0
183.5,135.25,3,420.09379,0
183.5,135.5,3,424.75766,0
183.5,135.75,3,429.56357,0
183.5,136.0,3,434.51838,0
183.5,136.25,3,439.62924,0
183.5,136.5,3,444.90384,0
183.5,136.75,3,450.35082,0
183.5,137.0,3,455.97897,0
183.5,137.25,2,461.79749,0
183.5,137.5,2,467.81718,0
183.5,137.75,2,474.04833,0
183.5,138.0,2,480.50603,0
183.75,112.0,3,232.77291,0
183.75,112.25,3,233.61514,0
183.75,112.5,3,234.46731,0
183.75,112.75,3,235.32935,0
183.75,113.0,3,236.20177,0
183.75,113.25,3,237.08447,0
183.75,113.5,3,237.97782,0
183.75,113.75,3,238.88199,0
183.75,114.0,3,239.79707,0
183.75,114.25,3,240.72348,0
183.75,114.5,3,241.66114,0
183.75,114.75,3,242.61061,0
183.75,115.0,3,243.57172,0
183.75,115.25,3,244.54512,0
183.75,115.5,3,245.53062,0
183.75,115.75,3,246.52886,0
183.75,116.0,3,247.53976,0
183.75,116.25,3,248.56381,0
183.75,116.5,3,249.60114,0
183.75,116.75,3,250.65203,0
183.75,117.0,3,251.71691,0
183.75,117.25,3,252.79573,0
183.75,117.5,3,253.88915,0
183.75,117.75,3,254.99724,0
183.75,118.0,3,256.12034,0
183.75,118.25,3,257.25894,0
183.75,118.5,3,258.41309,0
183.75,118.75,3,259.58329,0
183.75,119.0,3,260.76997,0
183.75,119.25,3,261.97331,0
183.75,119.5,3,263.19368,0
183.75,119.75,3,264.43162,0
183.75,120.0,3,265.6875,0
183.75,120.25,3,266.96152,0
183.75,120.5,3,268.25422,0
183.75,120.75,3,269.56609,0
183.75,121.0,3,270.89756,0
183.75,121.25,3,272.24908,0
183.75,121.5,3,273.62098,0
183.75,121.75,3,275.01384,0
183.75,122.0,3,276.42819,0
183.75,122.25,3,277.86457,0
183.75,122.5,3,279.32348,0
183.75,122.75,3,280.80549,0
183.75,123.0,3,282.31116,0
183.75,123.25,3,283.84108,0
183.75,123.5,3,285.39586,0
183.75,123.75,3,286.97613,0
183.75,124.0,3,288.58255,0
183.75,124.25,3,290.2158,0
183.75,124.5,3,291.87659,0
183.75,124.75,3,293.56564,0
183.75,125.0,3,295.28373,0
183.75,125.25,3,297.03163,0
183.75,125.5,3,298.81017,0
183.75,125.75,3,300.62021,0
183.75,126.0,3,302.46262,0
183.75,126.25,3,304.33831,0
183.75,126.5,3,306.24805,0
183.75,126.75,3,308.19303,0
183.75,127.0,3,310.17427,0
183.75,127.25,3,312.19287,0
183.75,127.5,3,314.24972,0
183.75,127.75,3,316.34608,0
183.75,128.0,3,318.48329,0
183.75,128.25,3,320.66247,0
183.75,128.5,3,322.88479,0
183.75,128.75,3,325.15194,0
183.75,129.0,3,327.46501,0
183.75,129.25,3,329.82564,0
183.75,129.5,3,332.23544,0
183.75,129.75,3,334.69577,0
183.75,130.0,3,337.20867,0
183.75,130.25,3,339.77549,0
183.75,130.5,3,342.39847,0
183.75,130.75,3,345.07925,0
183.75,131.0,3,347.81998,0
183.75,131.25,3,350.6229,0
183.75,131.5,3,353.48984,0
183.75,131.75,3,356.42356,0
183.75,132.0,3,359.4264,0
183.75,132.25,3,362.50062,0
183.75,132.5,3,365.64928,0
183.75,132.75,3,368.87519,0
183.75,133.0,3,372.1813,0
183.75,133.25,3,375.57056,0
183.75,133.5,3,379.04647,0
183.75,133.75,3,382.61254,0
183.75,134.0,3,386.27248,0
183.75,134.25,3,390.03018,0
183.75,134.5,3,393.88977,0
183.75,134.75,3,397.85561,0
183.75,135.0,3,401.93235,0
183.75,135.25,3,406.12489,0
183.75,135.5,3,410.43846,0
183.75,135.75,3,414.8786,0
183.75,136.0,3,419.45111,0
183.75,136.25,3,424.16214,0
183.75,136.5,3,429.01855,0
183.75,136.75,3,434.0275,0
183.75,137.0,3,439.1964,0
183.75,137.25,3,444.53321,0
183.75,137.5,3,450.04698,0
183.75,137.75,3,455.74655,0
183.75,138.0,2,461.64213,0
184.0,112.0,3,229.09256,0
184.0,112.25,3,229.90389,0
184.0,112.5,3,230.72471,0
184.0,112.75,3,231.55503,0
184.0,113.0,3,232.39497,0
184.0,113.25,3,233.24495,0
184.0,113.5,3,234.10474,0
184.0,113.75,3,234.97492,0
184.0,114.0,3,235.85544,0
184.0,114.25,3,236.74658,0
184.0,114.5,3,237.64856,0
184.0,114.75,3,238.56147,0
184.0,115.0,3,239.4857,0
184.0,115.25,3,240.42121,0
184.0,115.5,3,241.36851,0
184.0,115.75,3,242.32754,0
184.0,116.0,3,243.29878,0
184.0,116.25,3,244.28226,0
184.0,116.5,3,245.27837,0
184.0,116.75,3,246.28731,0
184.0,117.0,3,247.30927,0
184.0,117.25,3,248.34473,0
184.0,117.5,3,249.39357,0
184.0,117.75,3,250.45647,0
184.0,118.0,3,251.5335,0
184.0,118.25,3,252.62495,0
184.0,118.5,3,253.73132,0
184.0,118.75,3,254.85263,0
184.0,119.0,3,255.98936,0
184.0,119.25,3,257.14195,0
184.0,119.5,3,258.31052,0
184.0,119.75,3,259.49547,0
184.0,120.0,3,260.6973,0
184.0,120.25,3,261.91635,0
184.0,120.5,3,263.15278,0
184.0,120.75,3,264.40717,0
184.0,121.0,3,265.67996,0
184.0,121.25,3,266.97156,0
184.0,121.5,3,268.28236,0
184.0,121.75,3,269.61267,0
184.0,122.0,3,270.96312,0
184.0,122.25,3,272.33417,0
184.0,122.5,3,273.72631,0
184.0,122.75,3,275.14004,0
184.0,123.0,3,276.57589,0
184.0,123.25,3,278.03439,0
184.0,123.5,3,279.51609,0
184.0,123.75,3,281.02157,0
184.0,124.0,3,282.55144,0
184.0,124.25,3,284.1063,0
184.0,124.5,3,285.68681,0
184.0,124.75,3,287.29362,0
184.0,125.0,3,288.92744,0
184.0,125.25,3,290.58898,0
184.0,125.5,3,292.27897,0
184.0,125.75,3,293.99821,0
184.0,126.0,3,295.74748,0
184.0,126.25,3,297.52763,0
184.0,126.5,3,299.33952,0
184.0,126.75,3,301.18406,0
184.0,127.0,3,303.06193,0
184.0,127.25,3,304.97435,0
184.0,127.5,3,306.92231,0
184.0,127.75,3,308.90688,0
184.0,128.0,3,310.9289,0
184.0,128.25,3,312.98967,0
184.0,128.5,3,315.09046,0
184.0,128.75,3,317.23229,0
184.0,129.0,3,319.41648,0
184.0,129.25,3,321.64458,0
184.0,129.5,3,323.91753,0
184.0,129.75,3,326.23721,0
184.0,130.0,3,328.60486,0
184.0,130.25,3,331.0222,0
184.0,130.5,3,333.49078,0
184.0,130.75,3,336.01241,0
184.0,131.0,3,338.58875,0
184.0,131.25,3,341.22195,0
184.0,131.5,3,343.91355,0
184.0,131.75,3,346.66607,0
184.0,132.0,3,349.48146,0
184.0,132.25,3,352.36189,0
184.0,132.5,3,355.31001,0
184.0,132.75,3,358.32829,0
184.0,133.0,3,361.41903,0
184.0,133.25,3,364.58531,0
184.0,133.5,3,367.83004,0
184.0,133.75,3,371.15627,0
184.0,134.0,3,374.56723,0
184.0,134.25,3,378.06631,0
184.0,134.5,3,381.65713,0
184.0,134.75,3,385.34343,0
184.0,135.0,3,389.12932,0
184.0,135.25,3,393.01905,0
184.0,135.5,3,397.01707,0
184.0,135.75,3,401.12821,0
184.0,136.0,3,405.35756,0
184.0,136.25,3,409.71052,0
184.0,136.5,3,414.19283,0
184.0,136.75,3,418.81063,0
184.0,137.0,3,423.57011,0
184.0,137.25,3,428.47836,0
184.0,137.5,3,433.54292,0
184.0,137.75,3,438.77139,0
184.0,138.0,3,444.17224,0
184.25,112.0,3,225.50758,0
184.25,112.25,3,226.2896,0
184.25,112.5,3,227.08042,0
184.25,112.75,3,227.88042,0
184.25,113.0,3,228.68948,0
184.25,113.25,3,229.50794,0
184.25,113.5,3,230.33602,0
184.25,113.75,3,231.17361,0
184.25,114.0,3,232.02126,0
184.25,114.25,3,232.87879,0
184.25,114.5,3,233.74666,0
184.25,114.75,3,234.62491,0
184.25,115.0,3,235.51377,0
184.25,115.25,3,236.41348,0
184.25,115.5,3,237.32414,0
184.25,115.75,3,238.2461,0
184.25,116.0,3,239.17941,0
184.25,116.25,3,240.12445,0
184.25,116.5,3,241.08133,0
184.25,116.75,3,242.05033,0
184.25,117.0,3,243.03172,0
184.25,117.25,3,244.02562,0
184.25,117.5,3,245.03254,0
184.25,117.75,3,246.05231,0
184.25,118.0,3,247.08563,0
184.25,118.25,3,248.13255,0
184.25,118.5,3,249.19333,0
184.25,118.75,3,250.26847,0
184.25,119.0,3,251.35796,0
184.25,119.25,3,252.4623,0
184.25,119.5,3,253.58187,0
184.25,119.75,3,254.71677,0
184.25,120.0,3,255.86745,0
184.25,120.25,3,257.03433,0
184.25,120.5,3,258.21775,0
184.25,120.75,3,259.41782,0
184.25,121.0,3,260.63517,0
184.25,121.25,3,261.87018,0
184.25,121.5,3,263.12324,0
184.25,121.75,3,264.39463,0
184.25,122.0,3,265.68481,0
184.25,122.25,3,266.9943,0
184.25,122.5,3,268.32353,0
184.25,122.75,3,269.67298,0
184.25,123.0,3,271.04311,0
184.25,123.25,3,272.43441,0
184.25,123.5,3,273.8474,0
184.25,123.75,3,275.28257,0
184.25,124.0,3,276.74048,0
184.25,124.25,3,278.22173,0
184.25,124.5,3,279.7269,0
184.25,124.75,3,281.25661,0
184.25,125.0,3,282.81148,0
184.25,125.25,3,284.39217,0
184.25,125.5,3,285.99932,0
184.25,125.75,3,287.63361,0
184.25,126.0,3,289.2958,0
184.25,126.25,3,290.98665,0
184.25,126.5,3,292.70695,0
184.25,126.75,3,294.45751,0
184.25,127.0,3,296.23919,0
184.25,127.25,3,298.05287,0
184.25,127.5,3,299.89923,0
184.25,127.75,3,301.77942,0
184.25,128.0,3,303.69444,0
184.25,128.25,3,305.64535,0
184.25,128.5,3,307.6329,0
184.25,128.75,3,309.65846,0
184.25,129.0,3,311.72324,0
184.25,129.25,3,313.82812,0
184.25,129.5,3,315.97459,0
184.25,129.75,3,318.16399,0
184.25,130.0,3,320.39735,0
184.25,130.25,3,322.67653,0
184.25,130.5,3,325.00252,0
184.25,130.75,3,327.37733,0
184.25,131.0,3,329.80212,0
184.25,131.25,3,332.27905,0
184.25,131.5,3,334.80931,0
184.25,131.75,3,337.39526,0
184.25,132.0,3,340.03854,0
184.25,132.25,3,342.74119,0
184.25,132.5,3,345.50553,0
184.25,132.75,3,348.33352,0
184.25,133.0,3,351.22753,0
184.25,133.25,3,354.19017,0
184.25,133.5,3,357.22398,0
184.25,133.75,3,360.33155,0
184.25,134.0,3,363.51567,0
184.25,134.25,3,366.77948,0
184.25,134.5,3,370.12613,0
184.25,134.75,3,373.55894,0
184.25,135.0,3,377.08142,0
184.25,135.25,3,380.69727,0
184.25,135.5,3,384.41042,0
184.25,135.75,3,388.22501,0
184.25,136.0,3,392.14547,0
184.25,136.25,3,396.17645,0
184.25,136.5,3,400.32291,0
184.25,136.75,3,404.59002,0
184.25,137.0,3,408.98324,0
184.25,137.25,3,413.50872,0
184.25,137.5,3,418.17281,0
184.25,137.75,3,422.98201,0
184.25,138.0,3,427.94349,0
184.5,112.0,3,222.01449,0
184.5,112.25,3,222.76844,0
184.5,112.5,3,223.5307,0
184.5,112.75,3,224.30157,0
184.5,113.0,3,225.0813,0
184.5,113.25,3,225.8697,0
184.5,113.5,3,226.66725,0
184.5,113.75,3,227.47402,0
184.5,114.0,3,228.29005,0
184.5,114.25,3,229.11577,0
184.5,114.5,3,229.95098,0
184.5,114.75,3,230.79622,0
184.5,115.0,3,231.65142,0
184.5,115.25,3,232.5169,0
184.5,115.5,3,233.39281,0
184.5,115.75,3,234.27931,0
184.5,116.0,3,235.17667,0
184.5,116.25,3,236.08501,0
184.5,116.5,3,237.00462,0
184.5,116.75,3,237.93566,0
184.5,117.0,3,238.87836,0
184.5,117.25,3,239.83301,0
184.5,117.5,3,240.79969,0
184.5,117.75,3,241.77893,0
184.5,118.0,3,242.77052,0
184.5,118.25,3,243.77516,0
184.5,118.5,3,244.79288,0
184.5,118.75,3,245.82394,0
184.5,119.0,3,246.86882,0
184.5,119.25,3,247.92748,0
184.5,119.5,3,249.00043,0
184.5,119.75,3,250.08804,0
184.5,120.0,3,251.19034,0
184.5,120.25,3,252.30783,0
184.5,120.5,3,253.4409,0
184.5,120.75,3,254.58979,0
184.5,121.0,3,255.75473,0
184.5,121.25,3,256.93626,0
184.5,121.5,3,258.13474,0
184.5,121.75,3,259.35054,0
184.5,122.0,3,260.58384,0
184.5,122.25,3,261.83524,0
184.5,122.5,3,263.10515,0
184.5,122.75,3,264.394,0
184.5,123.0,3,265.70222,0
184.5,123.25,3,267.03026,0
184.5,123.5,3,268.37856,0
184.5,123.75,3,269.74756,0
184.5,124.0,3,271.13783,0
184.5,124.25,3,272.5499,0
184.5,124.5,3,273.98431,0
184.5,124.75,3,275.4416,0
184.5,125.0,3,276.92234,0
184.5,125.25,3,278.42714,0
184.5,125.5,3,279.95661,0
184.5,125.75,3,281.51139,0
184.5,126.0,3,283.09214,0
184.5,126.25,3,284.69955,0
184.5,126.5,3,286.33421,0
184.5,126.75,3,287.99696,0
184.5,127.0,3,289.68857,0
184.5,127.25,3,291.40985,0
184.5,127.5,3,293.16162,0
184.5,127.75,3,294.94476,0
184.5,128.0,3,296.75995,0
184.5,128.25,3,298.60825,0
184.5,128.5,3,300.49068,0
184.5,128.75,3,302.40828,0
184.5,129.0,3,304.36175,0
184.5,129.25,3,306.35246,0
184.5,129.5,3,308.38161,0
184.5,129.75,3,310.44997,0
184.5,130.0,3,312.55912,0
184.5,130.25,3,314.71023,0
184.5,130.5,3,316.90447,0
184.5,130.75,3,319.14352,0
184.5,131.0,3,321.42841,0
184.5,131.25,3,323.76109,0
184.5,131.5,3,326.14269,0
184.5,131.75,3,328.57522,0
184.5,132.0,3,331.06016,0
184.5,132.25,3,333.59937,0
184.5,132.5,3,336.19493,0
184.5,132.75,3,338.84835,0
184.5,133.0,3,341.56208,0
184.5,133.25,3,344.33829,0
184.5,133.5,3,347.17901,0
184.5,133.75,3,350.08671,0
184.5,134.0,3,353.06401,0
184.5,134.25,3,356.11352,0
184.5,134.5,3,359.238,0
184.5,134.75,3,362.44036,0
184.5,135.0,3,365.72357,0
184.5,135.25,3,369.09097,0
184.5,135.5,3,372.54602,0
184.5,135.75,3,376.09233,0
184.5,136.0,3,379.73371,0
184.5,136.25,3,383.47423,0
184.5,136.5,3,387.31802,0
184.5,136.75,3,391.26973,0
184.5,137.0,3,395.3342,0
184.5,137.25,3,399.51656,0
184.5,137.5,3,403.82227,0
184.5,137.75,3,408.25688,0
184.5,138.0,3,412.82658,0
184.75,112.0,3,218.60987,0
184.75,112.25,3,219.33685,0
184.75,112.5,3,220.07195,0
184.75,112.75,3,220.81499,0
184.75,113.0,3,221.56643,0
184.75,113.25,3,222.32638,0
184.75,113.5,3,223.09473,0
184.75,113.75,3,223.87195,0
184.75,114.0,3,224.658,0
184.75,114.25,3,225.45305,0
184.75,114.5,3,226.25743,0
184.75,114.75,3,227.07096,0
184.75,115.0,3,227.8942,0
184.75,115.25,3,228.727,0
184.75,115.5,3,229.56977,0
184.75,115.75,3,230.42255,0
184.75,116.0,3,231.28558,0
184.75,116.25,3,232.15905,0
184.75,116.5,3,233.04314,0
184.75,116.75,3,233.93806,0
184.75,117.0,3,234.84402,0
184.75,117.25,3,235.76119,0
184.75,117.5,3,236.68989,0
184.75,117.75,3,237.63017,0
184.75,118.0,3,238.58254,0
184.75,118.25,3,239.54681,0
184.75,118.5,3,240.52364,0
184.75,118.75,3,241.51303,0
184.75,119.0,3,242.51529,0
184.75,119.25,3,243.53085,0
184.75,119.5,3,244.55962,0
184.75,119.75,3,245.60218,0
184.75,120.0,3,246.65883,0
184.75,120.25,3,247.72955,0
184.75,120.5,3,248.81492,0
184.75,120.75,3,249.91526,0
184.75,121.0,3,251.03072,0
184.75,121.25,3,252.16167,0
184.75,121.5,3,253.30855,0
184.75,121.75,3,254.4717,0
184.75,122.0,3,255.65139,0
184.75,122.25,3,256.84794,0
184.75,122.5,3,258.06187,0
184.75,122.75,3,259.29355,0
184.75,123.0,3,260.54339,0
184.75,123.25,3,261.81179,0
184.75,123.5,3,263.09914,0
184.75,123.75,3,264.40585,0
184.75,124.0,3,265.73247,0
184.75,124.25,3,267.07947,0
184.75,124.5,3,268.44733,0
184.75,124.75,3,269.83656,0
184.75,125.0,3,271.24769,0
184.75,125.25,3,272.68124,0
184.75,125.5,3,274.1378,0
184.75,125.75,3,275.61793,0
184.75,126.0,3,277.12225,0
184.75,126.25,3,278.65137,0
184.75,126.5,3,280.20595,0
184.75,126.75,3,281.78666,0
184.75,127.0,3,283.3942,0
184.75,127.25,3,285.02914,0
184.75,127.5,3,286.69236,0
184.75,127.75,3,288.38465,0
184.75,128.0,3,290.10683,0
184.75,128.25,3,291.85974,0
184.75,128.5,3,293.6441,0
184.75,128.75,3,295.46084,0
184.75,129.0,3,297.31103,0
184.75,129.25,3,299.19567,0
184.75,129.5,3,301.11543,0
184.75,129.75,3,303.07169,0
184.75,130.0,3,305.06559,0
184.75,130.25,3,307.09783,0
184.75,130.5,3,309.17008,0
184.75,130.75,3,311.28333,0
184.75,131.0,3,313.4389,0
184.75,131.25,3,315.63822,0
184.75,131.5,3,317.88254,0
184.75,131.75,3,320.17349,0
184.75,132.0,3,322.51248,0
184.75,132.25,3,324.90115,0
184.75,132.5,3,327.3413,0
184.75,132.75,3,329.83434,0
184.75,133.0,3,332.38249,0
184.75,133.25,3,334.98752,0
184.75,133.5,3,337.65128,0
184.75,133.75,3,340.37613,0
184.75,134.0,3,343.16427,0
184.75,134.25,3,346.01788,0
184.75,134.5,3,348.93939,0
184.75,134.75,3,351.9315,0
184.75,135.0,3,354.9969,0
184.75,135.25,3,358.13842,0
184.75,135.5,3,361.35906,0
184.75,135.75,3,364.66197,0
184.75,136.0,3,368.05049,0
184.75,136.25,3,371.52814,0
184.75,136.5,3,375.09865,0
184.75,136.75,3,378.76597,0
184.75,137.0,3,382.53427,0
184.75,137.25,3,386.40801,0
184.75,137.5,3,390.39187,0
184.75,137.75,3,394.49059,0
184.75,138.0,3,398.70963,0
185.0,112.0,3,215.29043,0
185.0,112.25,3,215.9916,0
185.0,112.5,3,216.7005,0
185.0,112.75,3,217.41718,0
185.0,113.0,3,218.14158,0
185.0,113.25,3,218.87412,0
185.0,113.5,3,219.6148,0
185.0,113.75,3,220.36366,0
185.0,114.0,3,221.1211,0
185.0,114.25,3,221.88699,0
185.0,114.5,3,222.66163,0
185.0,114.75,3,223.44524,0
185.0,115.0,3,224.23772,0
185.0,115.25,3,225.03957,0
185.0,115.5,3,225.8506,0
185.0,115.75,3,226.67129,0
185.0,116.0,3,227.5016,0
185.0,116.25,3,228.34183,0
185.0,116.5,3,229.1921,0
185.0,116.75,3,230.05262,0
185.0,117.0,3,230.92358,0
185.0,117.25,3,231.80518,0
185.0,117.5,3,232.69758,0
185.0,117.75,3,233.60109,0
185.0,118.0,3,234.51574,0
185.0,118.25,3,235.44204,0
185.0,118.5,3,236.37981,0
185.0,118.75,3,237.32967,0
185.0,119.0,3,238.2916,0
185.0,119.25,3,239.26594,0
185.0,119.5,3,240.25308,0
185.0,119.75,3,241.25289,0
185.0,120.0,3,242.26599,0
185.0,120.25,3,243.29262,0
185.0,120.5,3,244.33277,0
185.0,120.75,3,245.38704,0
185.0,121.0,3,246.45569,0
185.0,121.25,3,247.5388,0
185.0,121.5,3,248.63685,0
185.0,121.75,3,249.75021,0
185.0,122.0,3,250.87919,0
185.0,122.25,3,252.02395,0
185.0,122.5,3,253.18498,0
185.0,122.75,3,254.36267,0
185.0,123.0,3,255.55741,0
185.0,123.25,3,256.76955,0
185.0,123.5,3,257.99944,0
185.0,123.75,3,259.24745,0
185.0,124.0,3,260.5141,0
185.0,124.25,3,261.79982,0
185.0,124.5,3,263.10505,0
185.0,124.75,3,264.43026,0
185.0,125.0,3,265.77592,0
185.0,125.25,3,267.14253,0
185.0,125.5,3,268.53061,0
185.0,125.75,3,269.94067,0
185.0,126.0,3,271.37327,0
185.0,126.25,3,272.82898,0
185.0,126.5,3,274.30839,0
185.0,126.75,3,275.81212,0
185.0,127.0,3,277.3408,0
185.0,127.25,3,278.89508,0
185.0,127.5,3,280.47565,0
185.0,127.75,3,282.08318,0
185.0,128.0,3,283.71831,0
185.0,128.25,3,285.38192,0
185.0,128.5,3,287.07481,0
185.0,128.75,3,288.79781,0
185.0,129.0,3,290.55168,0
185.0,129.25,3,292.3372,0
185.0,129.5,3,294.15549,0
185.0,129.75,3,296.00752,0
185.0,130.0,3,297.89396,0
185.0,130.25,3,299.81613,0
185.0,130.5,3,301.77513,0
185.0,130.75,3,303.77171,0
185.0,131.0,3,305.80747,0
185.0,131.25,3,307.88329,0
185.0,131.5,3,310.00063,0
185.0,131.75,3,312.16069,0
185.0,132.0,3,314.3649,0
185.0,132.25,3,316.61462,0
185.0,132.5,3,318.9115,0
185.0,132.75,3,321.25682,0
185.0,133.0,3,323.65258,0
185.0,133.25,3,326.10015,0
185.0,133.5,3,328.60147,0
185.0,133.75,3,331.15854,0
185.0,134.0,3,333.7731,0
185.0,134.25,3,336.44724,0
185.0,134.5,3,339.18327,0
185.0,134.75,3,341.98342,0
185.0,135.0,3,344.85006,0
185.0,135.25,3,347.78555,0
185.0,135.5,3,350.79264,0
185.0,135.75,3,353.87413,0
185.0,136.0,3,357.03295,0
185.0,136.25,3,360.27216,0
185.0,136.5,3,363.59502,0
185.0,136.75,3,367.00497,0
185.0,137.0,3,370.50564,0
185.0,137.25,3,374.10088,0
185.0,137.5,3,377.79465,0
185.0,137.75,3,381.59124,0
185.0,138.0,3,385.49532,0
160.0,116.5,1,-1.0,0
160.0,116.75,1,-1.0,0
160.0,117.0,1,-1.0,0
160.0,117.25,1,-1.0,0
160.0,117.5,1,-1.0,0
160.0,117.75,1,-1.0,0
160.0,118.0,1,-1.0,0
160.0,118.25,1,-1.0,0
160.0,118.5,1,-1.0,0
160.0,118.75,1,-1.0,0
160.0,119.0,1,-1.0,0
160.0,119.25,1,-1.0,0
160.0,119.5,1,-1.0,0
160.0,119.75,1,-1.0,0
160.0,120.0,1,-1.0,0
160.0,120.25,1,-1.0,0
160.0,120.5,1,-1.0,0
160.0,120.75,1,-1.0,0
160.0,121.0,1,-1.0,0
160.0,121.25,1,-1.0,0
160.0,121.5,1,-1.0,0
160.0,121.75,1,-1.0,0
160.0,122.0,1,-1.0,0
160.0,122.25,1,-1.0,0
160.0,122.5,1,-1.0,0
160.0,122.75,1,-1.0,0
160.0,123.0,1,-1.0,0
160.0,123.25,1,-1.0,0
160.0,123.5,1,-1.0,0
160.0,123.75,1,-1.0,0
160.0,124.0,1,-1.0,0
160.0,124.25,1,-1.0,0
160.0,124.5,1,-1.0,0
160.0,124.75,1,-1.0,0
160.0,125.0,1,-1.0,0
160.0,125.25,1,-1.0,0
160.0,125.5,1,-1.0,0
160.0,125.75,1,-1.0,0
160.0,126.0,1,-1.0,0
160.0,126.25,1,-1.0,0
160.0,126.5,1,-1.0,0
160.0,126.75,1,-1.0,0
160.0,127.0,1,-1.0,0
160.0,127.25,1,-1.0,0
160.0,127.5,1,-1.0,0
160.0,127.75,1,-1.0,0
160.0,128.0,1,-1.0,0
160.0,128.25,1,-1.0,0
160.0,128.5,1,-1.0,0
160.0,128.75,1,-1.0,0
160.0,129.0,1,-1.0,0
160.0,129.25,1,-1.0,0
160.0,129.5,1,-1.0,0
160.0,129.75,1,-1.0,0
160.0,130.0,1,-1.0,0
160.0,130.25,1,-1.0,0
160.0,130.5,1,-1.0,0
160.0,130.75,1,-1.0,0
160.0,131.0,1,-1.0,0
160.0,131.25,1,-1.0,0
160.0,131.5,1,-1.0,0
160.0,131.75,1,-1.0,0
160.0,132.0,1,-1.0,0
160.0,132.25,1,-1.0,0
160.0,132.5,1,-1.0,0
160.0,132.75,1,-1.0,0
160.0,133.0,1,-1.0,0
160.0,133.25,1,-1.0,0
160.0,133.5,1,-1.0,0
160.0,133.75,1,-1.0,0
160.0,134.0,1,-1.0,0
160.0,134.25,1,-1.0,0
160.0,134.5,1,-1.0,0
160.0,134.75,1,-1.0,0
160.0,135.0,1,-1.0,0
160.0,135.25,1,-1.0,0
160.0,135.5,1,-1.0,0
160.0,135.75,1,-1.0,0
160.0,136.0,1,-1.0,0
160.0,136.25,1,-1.0,0
160.0,136.5,1,-1.0,0
160.0,136.75,1,-1.0,0
160.0,137.0,1,-1.0,0
160.0,137.25,1,-1.0,0
160.0,137.5,1,-1.0,0
160.0,137.75,1,-1.0,0
160.0,138.0,1,-1.0,0
160.25,112.0,1,-1.0,0
160.25,112.25,1,-1.0,0
160.25,112.5,1,-1.0,0
160.25,112.75,1,-1.0,0
160.25,113.0,1,-1.0,0
160.25,113.25,1,-1.0,0
160.25,113.5,1,-1.0,0
160.25,113.75,1,-1.0,0
160.25,114.0,1,-1.0,0
160.25,114.25,1,-1.0,0
160.25,114.5,1,-1.0,0
160.25,114.75,1,-1.0,0
160.25,115.0,1,-1.0,0
160.25,115.25,1,-1.0,0
160.25,115.5,1,-1.0,0
160.25,115.75,1,-1.0,0
160.25,116.0,1,-1.0,0
160.25,116.25,1,-1.0,0
160.25,116.5,1,-1.0,0
160.25,116.75,1,-1.0,0
160.25,117.0,1,-1.0,0
160.25,117.25,1,-1.0,0
160.25,117.5,1,-1.0,0
160.25,117.75,1,-1.0,0
160.25,118.0,1,-1.0,0
160.25,118.25,1,-1.0,0
160.25,118.5,1,-1.0,0
160.25,118.75,1,-1.0,0
160.25,119.0,1,-1.0,0
160.25,119.25,1,-1.0,0
160.25,119.5,1,-1.0,0
160.25,119.75,1,-1.0,0
160.25,120.0,1,-1.0,0
160.25,120.25,1,-1.0,0
160.25,120.5,1,-1.0,0
160.25,120.75,1,-1.0,0
160.25,121.0,1,-1.0,0
160.25,121.25,1,-1.0,0
160.25,121.5,1,-1.0,0
160.25,121.75,1,-1.0,0
160.25,122.0,1,-1.0,0
160.25,122.25,1,-1.0,0
160.25,122.5,1,-1.0,0
160.25,122.75,1,-1.0,0
160.25,123.0,1,-1.0,0
160.25,123.25,1,-1.0,0
160.25,123.5,1,-1.0,0
160.25,123.75,1,-1.0,0
160.25,124.0,1,-1.0,0
160.25,124.25,1,-1.0,0
160.25,124.5,1,-1.0,0
160.25,124.75,1,-1.0,0
160.25,125.0,1,-1.0,0
160.25,125.25,1,-1.0,0
160.25,125.5,1,-1.0,0
160.25,125.75,1,-1.0,0
160.25,126.0,1,-1.0,0
160.25,126.25,1,-1.0,0
160.25,126.5,1,-1.0,0
160.25,126.75,1,-1.0,0
160.25,127.0,1,-1.0,0
160.25,127.25,1,-1.0,0
160.25,127.5,1,-1.0,0
160.25,127.75,1,-1.0,0
160.25,128.0,1,-1.0,0
160.25,128.25,1,-1.0,0
160.25,128.5,1,-1.0,0
160.25,128.75,1,-1.0,0
160.25,129.0,1,-1.0,0
160.25,129.25,1,-1.0,0
160.25,129.5,1,-1.0,0
160.25,129.75,1,-1.0,0
160.25,130.0,1,-1.0,0
160.25,130.25,1,-1.0,0
160.25,130.5,1,-1.0,0
160.25,130.75,1,-1.0,0
160.25,131.0,1,-1.0,0
160.25,131.25,1,-1.0,0
160.25,131.5,1,-1.0,0
160.25,131.75,1,-1.0,0
160.25,132.0,1,-1.0,0
160.25,132.25,1,-1.0,0
160.25,132.5,1,-1.0,0
160.25,132.75,1,-1.0,0
160.25,133.0,1,-1.0,0
160.25,133.25,1,-1.0,0
160.25,133.5,1,-1.0,0
160.25,133.75,1,-1.0,0
160.25,134.0,1,-1.0,0
160.25,134.25,1,-1.0,0
160.25,134.5,1,-1.0,0
160.25,134.75,1,-1.0,0
160.25,135.0,1,-1.0,0
160.25,135.25,1,-1.0,0
160.25,135.5,1,-1.0,0
160.25,135.75,1,-1.0,0
160.25,136.0,1,-1.0,0
160.25,136.25,1,-1.0,0
160.25,136.5,1,-1.0,0
160.25,136.75,1,-1.0,0
160.25,137.0,1,-1.0,0
160.25,137.25,1,-1.0,0
160.25,137.5,1,-1.0,0
160.25,137.75,1,-1.0,0
160.25,138.0,1,-1.0,0
160.5,112.0,1,-1.0,0
160.5,112.25,1,-1.0,0
160.5,112.5,1,-1.0,0
160.5,112.75,1,-1.0,0
160.5,113.0,1,-1.0,0
160.5,113.25,1,-1.0,0
160.5,113.5,1,-1.0,0
160.5,113.75,1,-1.0,0
160.5,114.0,1,-1.0,0
160.5,114.25,1,-1.0,0
160.5,114.5,1,-1.0,0
160.5,114.75,1,-1.0,0
160.5,115.0,1,-1.0,0
160.5,115.25,1,-1.0,0
160.5,115.5,1,-1.0,0
160.5,115.75,1,-1.0,0
160.5,116.0,1,-1.0,0
160.5,116.25,1,-1.0,0
160.5,116.5,1,-1.0,0
160.5,116.75,1,-1.0,0
160.5,117.0,1,-1.0,0
160.5,117.25,1,-1.0,0
160.5,117.5,1,-1.0,0
160.5,117.75,1,-1.0,0
160.5,118.0,1,-1.0,0
160.5,118.25,1,-1.0,0
160.5,118.5,1,-1.0,0
160.5,118.75,1,-1.0,0
160.5,119.0,1,-1.0,0
160.5,119.25,1,-1.0,0
160.5,119.5,1,-1.0,0
160.5,119.75,1,-1.0,0
160.5,120.0,1,-1.0,0
160.5,120.25,1,-1.0,0
160.5,120.5,1,-1.0,0
160.5,120.75,1,-1.0,0
160.5,121.0,1,-1.0,0
160.5,121.25,1,-1.0,0
160.5,121.5,1,-1.0,0
160.5,121.75,1,-1.0,0
160.5,122.0,1,-1.0,0
160.5,122.25,1,-1.0,0
160.5,122.5,1,-1.0,0
160.5,122.75,1,-1.0,0
160.5,123.0,1,-1.0,0
160.5,123.25,1,-1.0,0
160.5,123.5,1,-1.0,0
160.5,123.75,1,-1.0,0
160.5,124.0,1,-1.0,0
160.5,124.25,1,-1.0,0
160.5,124.5,1,-1.0,0
160.5,124.75,1,-1.0,0
160.5,125.0,1,-1.0,0
160.5,125.25,1,-1.0,0
160.5,125.5,1,-1.0,0
160.5,125.75,1,-1.0,0
160.5,126.0,1,-1.0,0
160.5,126.25,1,-1.0,0
160.5,126.5,1,-1.0,0
160.5,126.75,1,-1.0,0
160.5,127.0,1,-1.0,0
160.5,127.25,1,-1.0,0
160.5,127.5,1,-1.0,0
160.5,127.75,1,-1.0,0
160.5,128.0,1,-1.0,0
160.5,128.25,1,-1.0,0
160.5,128.5,1,-1.0,0
160.5,128.75,1,-1.0,0
160.5,129.0,1,-1.0,0
160.5,129.25,1,-1.0,0
160.5,129.5,1,-1.0,0
160.5,129.75,1,-1.0,0
160.5,130.0,1,-1.0,0
160.5,130.25,1,-1.0,0
160.5,130.5,1,-1.0,0
160.5,130.75,1,-1.0,0
160.5,131.0,1,-1.0,0
160.5,131.25,1,-1.0,0
160.5,131.5,1,-1.0,0
160.5,131.75,1,-1.0,0
160.5,132.0,1,-1.0,0
160.5,132.25,1,-1.0,0
160.5,132.5,1,-1.0,0
160.5,132.75,1,-1.0,0
160.5,133.0,1,-1.0,0
160.5,133.25,1,-1.0,0
160.5,133.5,1,-1.0,0
160.5,133.75,1,-1.0,0
160.5,134.0,1,-1.0,0
160.5,134.25,1,-1.0,0
160.5,134.5,1,-1.0,0
160.5,134.75,1,-1.0,0
160.5,135.0,1,-1.0,0
160.5,135.25,1,-1.0,0
160.5,135.5,1,-1.0,0
160.5,135.75,1,-1.0,0
160.5,136.0,1,-1.0,0
160.5,136.25,1,-1.0,0
160.5,136.5,1,-1.0,0
160.5,136.75,1,-1.0,0
160.5,137.0,1,-1.0,0
160.5,137.25,1,-1.0,0
160.5,137.5,1,-1.0,0
160.5,137.75,1,-1.0,0
160.5,138.0,1,-1.0,0
160.75,112.0,1,-1.0,0
160.75,112.25,1,-1.0,0
160.75,112.5,1,-1.0,0
160.75,112.75,1,-1.0,0
160.75,113.0,1,-1.0,0
160.75,113.25,1,-1.0,0
160.75,113.5,1,-1.0,0
160.75,113.75,1,-1.0,0
160.75,114.0,1,-1.0,0
160.75,114.25,1,-1.0,0
160.75,114.5,1,-1.0,0
160.75,114.75,1,-1.0,0
160.75,115.0,1,-1.0,0
160.75,115.25,1,-1.0,0
160.75,115.5,1,-1.0,0
160.75,115.75,1,-1.0,0
160.75,116.0,1,-1.0,0
160.75,116.25,1,-1.0,0
160.75,116.5,1,-1.0,0
160.75,116.75,1,-1.0,0
160.75,117.0,1,-1.0,0
160.75,117.25,1,-1.0,0
160.75,117.5,1,-1.0,0
160.75,117.75,1,-1.0,0
160.75,118.0,1,-1.0,0
160.75,118.25,1,-1.0,0
160.75,118.5,1,-1.0,0
160.75,118.75,1,-1.0,0
160.75,119.0,1,-1.0,0
160.75,119.25,1,-1.0,0
160.75,119.5,1,-1.0,0
160.75,119.75,1,-1.0,0
160.75,120.0,1,-1.0,0
160.75,120.25,1,-1.0,0
160.75,120.5,1,-1.0,0
160.75,120.75,1,-1.0,0
160.75,121.0,1,-1.0,0
160.75,121.25,1,-1.0,0
160.75,121.5,1,-1.0,0
160.75,121.75,1,-1.0,0
160.75,122.0,1,-1.0,0
160.75,122.25,1,-1.0,0
160.75,122.5,1,-1.0,0
160.75,122.75,1,-1.0,0
160.75,123.0,1,-1.0,0
160.75,123.25,1,-1.0,0
160.75,123.5,1,-1.0,0
160.75,123.75,1,-1.0,0
160.75,124.0,1,-1.0,0
160.75,124.25,1,-1.0,0
160.75,124.5,1,-1.0,0
160.75,124.75,1,-1.0,0
160.75,125.0,1,-1.0,0
160.75,125.25,1,-1.0,0
160.75,125.5,1,-1.0,0
160.75,125.75,1,-1.0,0
160.75,126.0,1,-1.0,0
160.75,126.25,1,-1.0,0
160.75,126.5,1,-1.0,0
160.75,126.75,1,-1.0,0
160.75,127.0,1,-1.0,0
160.75,127.25,1,-1.0,0
160.75,127.5,1,-1.0,0
160.75,127.75,1,-1.0,0
160.75,128.0,1,-1.0,0
160.75,128.25,1,-1.0,0
160.75,128.5,1,-1.0,0
160.75,128.75,1,-1.0,0
160.75,129.0,1,-1.0,0
160.75,129.25,1,-1.0,0
160.75,129.5,1,-1.0,0
160.75,129.75,1,-1.0,0
160.75,130.0,1,-1.0,0
160.75,130.25,1,-1.0,0
160.75,130.5,1,-1.0,0
160.75,130.75,1,-1.0,0
160.75,131.0,1,-1.0,0
160.75,131.25,1,-1.0,0
160.75,131.5,1,-1.0,0
160.75,131.75,1,-1.0,0
160.75,132.0,1,-1.0,0
160.75,132.25,1,-1.0,0
160.75,132.5,1,-1.0,0
160.75,132.75,1,-1.0,0
160.75,133.0,1,-1.0,0
160.75,133.25,1,-1.0,0
160.75,133.5,1,-1.0,0
160.75,133.75,1,-1.0,0
160.75,134.0,1,-1.0,0
160.75,134.25,1,-1.0,0
160.75,134.5,1,-1.0,0
160.75,134.75,1,-1.0,0
160.75,135.0,1,-1.0,0
160.75,135.25,1,-1.0,0
160.75,135.5,1,-1.0,0
160.75,135.75,1,-1.0,0
160.75,136.0,1,-1.0,0
160.75,136.25,1,-1.0,0
160.75,136.5,1,-1.0,0
160.75,136.75,1,-1.0,0
160.75,137.0,1,-1.0,0
160.75,137.25,1,-1.0,0
160.75,137.5,1,-1.0,0
160.75,137.75,1,-1.0,0
160.75,138.0,1,-1.0,0
161.0,112.0,1,-1.0,0
161.0,112.25,1,-1.0,0
161.0,112.5,1,-1.0,0
161.0,112.75,1,-1.0,0
161.0,113.0,1,-1.0,0
161.0,113.25,1,-1.0,0
161.0,113.5,1,-1.0,0
161.0,113.75,1,-1.0,0
161.0,114.0,1,-1.0,0
161.0,114.25,1,-1.0,0
161.0,114.5,1,-1.0,0
161.0,114.75,1,-1.0,0
161.0,115.0,1,-1.0,0
161.0,115.25,1,-1.0,0
161.0,115.5,1,-1.0,0
161.0,115.75,1,-1.0,0
161.0,116.0,1,-1.0,0
161.0,116.25,1,-1.0,0
161.0,116.5,1,-1.0,0
161.0,116.75,1,-1.0,0
161.0,117.0,1,-1.0,0
161.0,117.25,1,-1.0,0
161.0,117.5,1,-1.0,0
161.0,117.75,1,-1.0,0
161.0,118.0,1,-1.0,0
161.0,118.25,1,-1.0,0
161.0,118.5,1,-1.0,0
161.0,118.75,1,-1.0,0
161.0,119.0,1,-1.0,0
161.0,119.25,1,-1.0,0
161.0,119.5,1,-1.0,0
161.0,119.75,1,-1.0,0
161.0,120.0,1,-1.0,0
161.0,120.25,1,-1.0,0
161.0,120.5,1,-1.0,0
161.0,120.75,1,-1.0,0
161.0,121.0,1,-1.0,0
161.0,121.25,1,-1.0,0
161.0,121.5,1,-1.0,0
161.0,121.75,1,-1.0,0
161.0,122.0,1,-1.0,0
161.0,122.25,1,-1.0,0
161.0,122.5,1,-1.0,0
161.0,122.75,1,-1.0,0
161.0,123.0,1,-1.0,0
161.0,123.25,1,-1.0,0
161.0,123.5,1,-1.0,0
161.0,123.75,1,-1.0,0
161.0,124.0,1,-1.0,0
161.0,124.25,1,-1.0,0
161.0,124.5,1,-1.0,0
161.0,124.75,1,-1.0,0
161.0,125.0,1,-1.0,0
161.0,125.25,1,-1.0,0
161.0,125.5,1,-1.0,0
161.0,125.75,1,-1.0,0
161.0,126.0,1,-1.0,0
161.0,126.25,1,-1.0,0
161.0,126.5,1,-1.0,0
161.0,126.75,1,-1.0,0
161.0,127.0,1,-1.0,0
161.0,127.25,1,-1.0,0
161.0,127.5,1,-1.0,0
161.0,127.75,1,-1.0,0
161.0,128.0,1,-1.0,0
161.0,128.25,1,-1.0,0
161.0,128.5,1,-1.0,0
161.0,128.75,1,-1.0,0
161.0,129.0,1,-1.0,0
161.0,129.25,1,-1.0,0
161.0,129.5,1,-1.0,0
161.0,129.75,1,-1.0,0
161.0,130.0,1,-1.0,0
161.0,130.25,1,-1.0,0
161.0,130.5,1,-1.0,0
161.0,130.75,1,-1.0,0
161.0,131.0,1,-1.0,0
161.0,131.25,1,-1.0,0
161.0,131.5,1,-1.0,0
161.0,131.75,1,-1.0,0
161.0,132.0,1,-1.0,0
161.0,132.25,1,-1.0,0
161.0,132.5,1,-1.0,0
161.0,132.75,1,-1.0,0
161.0,133.0,1,-1.0,0
161.0,133.25,1,-1.0,0
161.0,133.5,1,-1.0,0
161.0,133.75,1,-1.0,0
161.0,134.0,1,-1.0,0
161.0,134.25,1,-1.0,0
161.0,134.5,1,-1.0,0
161.0,134.75,1,-1.0,0
161.0,135.0,1,-1.0,0
161.0,135.25,1,-1.0,0
161.0,135.5,1,-1.0,0
161.0,135.75,1,-1.0,0
161.0,136.0,1,-1.0,0
161.0,136.25,1,-1.0,0
161.0,136.5,1,-1.0,0
161.0,136.75,1,-1.0,0
161.0,137.0,1,-1.0,0
161.0,137.25,1,-1.0,0
161.0,137.5,1,-1.0,0
161.0,137.75,1,-1.0,0
161.0,138.0,1,-1.0,0
161.25,112.0,1,-1.0,0
161.25,112.25,1,-1.0,0
161.25,112.5,1,-1.0,0
161.25,112.75,1,-1.0,0
161.25,113.0,1,-1.0,0
161.25,113.25,1,-1.0,0
161.25,113.5,1,-1.0,0
161.25,113.75,1,-1.0,0
161.25,114.0,1,-1.0,0
161.25,114.25,1,-1.0,0
161.25,114.5,1,-1.0,0
161.25,114.75,1,-1.0,0
161.25,115.0,1,-1.0,0
161.25,115.25,1,-1.0,0
161.25,115.5,1,-1.0,0
161.25,115.75,1,-1.0,0
161.25,116.0,1,-1.0,0
161.25,116.25,1,-1.0,0
161.25,116.5,1,-1.0,0
161.25,116.75,1,-1.0,0
161.25,117.0,1,-1.0,0
161.25,117.25,1,-1.0,0
161.25,117.5,1,-1.0,0
161.25,117.75,1,-1.0,0
161.25,118.0,1,-1.0,0
161.25,118.25,1,-1.0,0
161.25,118.5,1,-1.0,0
161.25,118.75,1,-1.0,0
161.25,119.0,1,-1.0,0
161.25,119.25,1,-1.0,0
161.25,119.5,1,-1.0,0
161.25,119.75,1,-1.0,0
161.25,120.0,1,-1.0,0
161.25,120.25,1,-1.0,0
161.25,120.5,1,-1.0,0
161.25,120.75,1,-1.0,0
161.25,121.0,1,-1.0,0
161.25,121.25,1,-1.0,0
161.25,121.5,1,-1.0,0
161.25,121.75,1,-1.0,0
161.25,122.0,1,-1.0,0
161.25,122.25,1,-1.0,0
161.25,122.5,1,-1.0,0
161.25,122.75,1,-1.0,0
161.25,123.0,1,-1.0,0
161.25,123.25,1,-1.0,0
161.25,123.5,1,-1.0,0
161.25,123.75,1,-1.0,0
161.25,124.0,1,-1.0,0
161.25,124.25,1,-1.0,0
161.25,124.5,1,-1.0,0
161.25,124.75,1,-1.0,0
161.25,125.0,1,-1.0,0
161.25,125.25,1,-1.0,0
161.25,125.5,1,-1.0,0
161.25,125.75,1,-1.0,0
161.25,126.0,1,-1.0,0
161.25,126.25,1,-1.0,0
161.25,126.5,1,-1.0,0
161.25,126.75,1,-1.0,0
161.25,127.0,1,-1.0,0
161.25,127.25,1,-1.0,0
161.25,127.5,1,-1.0,0
161.25,127.75,1,-1.0,0
161.25,128.0,1,-1.0,0
161.25,128.25,1,-1.0,0
161.25,128.5,1,-1.0,0
161.25,128.75,1,-1.0,0
161.25,129.0,1,-1.0,0
161.25,129.25,1,-1.0,0
161.25,129.5,1,-1.0,0
161.25,129.75,1,-1.0,0
161.25,130.0,1,-1.0,0
161.25,130.25,1,-1.0,0
161.25,130.5,1,-1.0,0
161.25,130.75,1,-1.0,0
161.25,131.0,1,-1.0,0
161.25,131.25,1,-1.0,0
161.25,131.5,1,-1.0,0
161.25,131.75,1,-1.0,0
161.25,132.0,1,-1.0,0
161.25,132.25,1,-1.0,0
161.25,132.5,1,-1.0,0
161.25,132.75,1,-1.0,0
161.25,133.0,1,-1.0,0
161.25,133.25,1,-1.0,0
161.25,133.5,1,-1.0,0
161.25,133.75,1,-1.0,0
161.25,134.0,1,-1.0,0
161.25,134.25,1,-1.0,0
161.25,134.5,1,-1.0,0
161.25,134.75,1,-1.0,0
161.25,135.0,1,-1.0,0
161.25,135.25,1,-1.0,0
161.25,135.5,1,-1.0,0
161.25,135.75,1,-1.0,0
161.25,136.0,1,-1.0,0
161.25,136.25,1,-1.0,0
161.25,136.5,1,-1.0,0
161.25,136.75,1,-1.0,0
161.25,137.0,1,-1.0,0
161.25,137.25,1,-1.0,0
161.25,137.5,1,-1.0,0
161.25,137.75,1,-1.0,0
161.25,138.0,1,-1.0,0
161.5,112.0,1,-1.0,0
161.5,112.25,1,-1.0,0
161.5,112.5,1,-1.0,0
161.5,112.75,1,-1.0,0
161.5,113.0,1,-1.0,0
161.5,113.25,1,-1.0,0
161.5,113.5,1,-1.0,0
161.5,113.75,1,-1.0,0
161.5,114.0,1,-1.0,0
161.5,114.25,1,-1.0,0
161.5,114.5,1,-1.0,0
161.5,114.75,1,-1.0,0
161.5,115.0,1,-1.0,0
161.5,115.25,1,-1.0,0
161.5,115.5,1,-1.0,0
161.5,115.75,1,-1.0,0
161.5,116.0,1,-1.0,0
161.5,116.25,1,-1.0,0
161.5,116.5,1,-1.0,0
161.5,116.75,1,-1.0,0
161.5,117.0,1,-1.0,0
161.5,117.25,1,-1.0,0
161.5,117.5,1,-1.0,0
161.5,117.75,1,-1.0,0
161.5,118.0,1,-1.0,0
161.5,118.25,1,-1.0,0
161.5,118.5,1,-1.0,0
161.5,118.75,1,-1.0,0
161.5,119.0,1,-1.0,0
161.5,119.25,1,-1.0,0
161.5,119.5,1,-1.0,0
161.5,119.75,1,-1.0,0
161.5,120.0,1,-1.0,0
161.5,120.25,1,-1.0,0
161.5,120.5,1,-1.0,0
161.5,120.75,1,-1.0,0
161.5,121.0,1,-1.0,0
161.5,121.25,1,-1.0,0
161.5,121.5,1,-1.0,0
161.5,121.75,1,-1.0,0
161.5,122.0,1,-1.0,0
161.5,122.25,1,-1.0,0
161.5,122.5,1,-1.0,0
161.5,122.75,1,-1.0,0
161.5,123.0,1,-1.0,0
161.5,123.25,1,-1.0,0
161.5,123.5,1,-1.0,0
161.5,123.75,1,-1.0,0
161.5,124.0,1,-1.0,0
161.5,124.25,1,-1.0,0
161.5,124.5,1,-1.0,0
161.5,124.75,1,-1.0,0
161.5,125.0,1,-1.0,0
161.5,125.25,1,-1.0,0
161.5,125.5,1,-1.0,0
161.5,125.75,1,-1.0,0
161.5,126.0,1,-1.0,0
161.5,126.25,1,-1.0,0
161.5,126.5,1,-1.0,0
161.5,126.75,1,-1.0,0
161.5,127.0,1,-1.0,0
161.5,127.25,1,-1.0,0
161.5,127.5,1,-1.0,0
161.5,127.75,1,-1.0,0
161.5,128.0,1,-1.0,0
161.5,128.25,1,-1.0,0
161.5,128.5,1,-1.0,0
161.5,128.75,1,-1.0,0
161.5,129.0,1,-1.0,0
161.5,129.25,1,-1.0,0
161.5,129.5,1,-1.0,0
161.5,129.75,1,-1.0,0
161.5,130.0,1,-1.0,0
161.5,130.25,1,-1.0,0
161.5,130.5,1,-1.0,0
161.5,130.75,1,-1.0,0
161.5,131.0,1,-1.0,0
161.5,131.25,1,-1.0,0
161.5,131.5,1,-1.0,0
161.5,131.75,1,-1.0,0
161.5,132.0,1,-1.0,0
161.5,132.25,1,-1.0,0
161.5,132.5,1,-1.0,0
161.5,132.75,1,-1.0,0
161.5,133.0,1,-1.0,0
161.5,133.25,1,-1.0,0
161.5,133.5,1,-1.0,0
161.5,133.75,1,-1.0,0
161.5,134.0,1,-1.0,0
161.5,134.25,1,-1.0,0
161.5,134.5,1,-1.0,0
161.5,134.75,1,-1.0,0
161.5,135.0,1,-1.0,0
161.5,135.25,1,-1.0,0
161.5,135.5,1,-1.0,0
161.5,135.75,1,-1.0,0
161.5,136.0,1,-1.0,0
161.5,136.25,1,-1.0,0
161.5,136.5,1,-1.0,0
161.5,136.75,1,-1.0,0
161.5,137.0,1,-1.0,0
161.5,137.25,1,-1.0,0
161.5,137.5,1,-1.0,0
161.5,137.75,1,-1.0,0
161.5,138.0,1,-1.0,0
161.75,112.0,1,-1.0,0
161.75,112.25,1,-1.0,0
161.75,112.5,1,-1.0,0
161.75,112.75,1,-1.0,0
161.75,113.0,1,-1.0,0
161.75,113.25,1,-1.0,0
161.75,113.5,1,-1.0,0
161.75,113.75,1,-1.0,0
161.75,114.0,1,-1.0,0
161.75,114.25,1,-1.0,0
161.75,114.5,1,-1.0,0
161.75,114.75,1,-1.0,0
161.75,115.0,1,-1.0,0
161.75,115.25,1,-1.0,0
161.75,115.5,1,-1.0,0
161.75,115.75,1,-1.0,0
161.75,116.0,1,-1.0,0
161.75,116.25,1,-1.0,0
161.75,116.5,1,-1.0,0
161.75,116.75,1,-1.0,0
161.75,117.0,1,-1.0,0
161.75,117.25,1,-1.0,0
161.75,117.5,1,-1.0,0
161.75,117.75,1,-1.0,0
161.75,118.0,1,-1.0,0
161.75,118.25,1,-1.0,0
161.75,118.5,1,-1.0,0
161.75,118.75,1,-1.0,0
161.75,119.0,1,-1.0,0
161.75,119.25,1,-1.0,0
161.75,119.5,1,-1.0,0
161.75,119.75,1,-1.0,0
161.75,120.0,1,-1.0,0
161.75,120.25,1,-1.0,0
161.75,120.5,1,-1.0,0
161.75,120.75,1,-1.0,0
161.75,121.0,1,-1.0,0
161.75,121.25,1,-1.0,0
161.75,121.5,1,-1.0,0
161.75,121.75,1,-1.0,0
161.75,122.0,1,-1.0,0
161.75,122.25,1,-1.0,0
161.75,122.5,1,-1.0,0
161.75,122.75,1,-1.0,0
161.75,123.0,1,-1.0,0
161.75,123.25,1,-1.0,0
161.75,123.5,1,-1.0,0
161.75,123.75,1,-1.0,0
161.75,124.0,1,-1.0,0
161.75,124.25,1,-1.0,0
161.75,124.5,1,-1.0,0
161.75,124.75,1,-1.0,0
161.75,125.0,1,-1.0,0
161.75,125.25,1,-1.0,0
161.75,125.5,1,-1.0,0
161.75,125.75,1,-1.0,0
161.75,126.0,1,-1.0,0
161.75,126.25,1,-1.0,0
161.75,126.5,1,-1.0,0
161.75,126.75,1,-1.0,0
161.75,127.0,1,-1.0,0
161.75,127.25,1,-1.0,0
161.75,127.5,1,-1.0,0
161.75,127.75,1,-1.0,0
161.75,128.0,1,-1.0,0
161.75,128.25,1,-1.0,0
161.75,128.5,1,-1.0,0
161.75,128.75,1,-1.0,0
161.75,129.0,1,-1.0,0
161.75,129.25,1,-1.0,0
161.75,129.5,1,-1.0,0
161.75,129.75,1,-1.0,0
161.75,130.0,1,-1.0,0
161.75,130.25,1,-1.0,0
161.75,130.5,1,-1.0,0
161.75,130.75,1,-1.0,0
161.75,131.0,1,-1.0,0
161.75,131.25,1,-1.0,0
161.75,131.5,1,-1.0,0
161.75,131.75,1,-1.0,0
161.75,132.0,1,-1.0,0
161.75,132.25,1,-1.0,0
161.75,132.5,1,-1.0,0
161.75,132.75,1,-1.0,0
161.75,133.0,1,-1.0,0
161.75,133.25,1,-1.0,0
161.75,133.5,1,-1.0,0
161.75,133.75,1,-1.0,0
161.75,134.0,1,-1.0,0
161.75,134.25,1,-1.0,0
161.75,134.5,1,-1.0,0
161.75,134.75,1,-1.0,0
161.75,135.0,1,-1.0,0
161.75,135.25,1,-1.0,0
161.75,135.5,1,-1.0,0
161.75,135.75,1,-1.0,0
161.75,136.0,1,-1.0,0
161.75,136.25,1,-1.0,0
161.75,136.5,1,-1.0,0
161.75,136.75,1,-1.0,0
161.75,137.0,1,-1.0,0
161.75,137.25,1,-1.0,0
161.75,137.5,1,-1.0,0
161.75,137.75,1,-1.0,0
161.75,138.0,1,-1.0,0
162.0,112.0,1,-1.0,0
162.0,112.25,1,-1.0,0
162.0,112.5,1,-1.0,0
162.0,112.75,1,-1.0,0
162.0,113.0,1,-1.0,0
162.0,113.25,1,-1.0,0
162.0,113.5,1,-1.0,0
162.0,113.75,1,-1.0,0
162.0,114.0,1,-1.0,0
162.0,114.25,1,-1.0,0
162.0,114.5,1,-1.0,0
162.0,114.75,1,-1.0,0
162.0,115.0,1,-1.0,0
162.0,115.25,1,-1.0,0
162.0,115.5,1,-1.0,0
162.0,115.75,1,-1.0,0
162.0,116.0,1,-1.0,0
162.0,116.25,1,-1.0,0
162.0,116.5,1,-1.0,0
162.0,116.75,1,-1.0,0
162.0,117.0,1,-1.0,0
162.0,117.25,1,-1.0,0
162.0,117.5,1,-1.0,0
162.0,117.75,1,-1.0,0
162.0,118.0,1,-1.0,0
162.0,118.25,1,-1.0,0
162.0,118.5,1,-1.0,0
162.0,118.75,1,-1.0,0
162.0,119.0,1,-1.0,0
162.0,119.25,1,-1.0,0
162.0,119.5,1,-1.0,0
162.0,119.75,1,-1.0,0
162.0,120.0,1,-1.0,0
162.0,120.25,1,-1.0,0
162.0,120.5,1,-1.0,0
162.0,120.75,1,-1.0,0
162.0,121.0,1,-1.0,0
162.0,121.25,1,-1.0,0
162.0,121.5,1,-1.0,0
162.0,121.75,1,-1.0,0
162.0,122.0,1,-1.0,0
162.0,122.25,1,-1.0,0
162.0,122.5,1,-1.0,0
162.0,122.75,1,-1.0,0
162.0,123.0,1,-1.0,0
162.0,123.25,1,-1.0,0
162.0,123.5,1,-1.0,0
162.0,123.75,1,-1.0,0
162.0,124.0,1,-1.0,0
162.0,124.25,1,-1.0,0
162.0,124.5,1,-1.0,0
162.0,124.75,1,-1.0,0
162.0,125.0,1,-1.0,0
162.0,125.25,1,-1.0,0
162.0,125.5,1,-1.0,0
162.0,125.75,1,-1.0,0
162.0,126.0,1,-1.0,0
162.0,126.25,1,-1.0,0
162.0,126.5,1,-1.0,0
162.0,126.75,1,-1.0,0
162.0,127.0,1,-1.0,0
162.0,127.25,1,-1.0,0
162.0,127.5,1,-1.0,0
162.0,127.75,1,-1.0,0
162.0,128.0,1,-1.0,0
162.0,128.25,1,-1.0,0
162.0,128.5,1,-1.0,0
162.0,128.75,1,-1.0,0
162.0,129.0,1,-1.0,0
162.0,129.25,1,-1.0,0
162.0,129.5,1,-1.0,0
162.0,129.75,1,-1.0,0
162.0,130.0,1,-1.0,0
162.0,130.25,1,-1.0,0
162.0,130.5,1,-1.0,0
162.0,130.75,1,-1.0,0
162.0,131.0,1,-1.0,0
162.0,131.25,1,-1.0,0
162.0,131.5,1,-1.0,0
162.0,131.75,1,-1.0,0
162.0,132.0,1,-1.0,0
162.0,132.25,1,-1.0,0
162.0,132.5,1,-1.0,0
162.0,132.75,1,-1.0,0
162.0,133.0,1,-1.0,0
162.0,133.25,1,-1.0,0
162.0,133.5,1,-1.0,0
162.0,133.75,1,-1.0,0
162.0,134.0,1,-1.0,0
162.0,134.25,1,-1.0,0
162.0,134.5,1,-1.0,0
162.0,134.75,1,-1.0,0
162.0,135.0,1,-1.0,0
162.0,135.25,1,-1.0,0
162.0,135.5,1,-1.0,0
162.0,135.75,1,-1.0,0
162.0,136.0,1,-1.0,0
162.0,136.25,1,-1.0,0
162.0,136.5,1,-1.0,0
162.0,136.75,1,-1.0,0
162.0,137.0,1,-1.0,0
162.0,137.25,1,-1.0,0
162.0,137.5,1,-1.0,0
162.0,137.75,1,-1.0,0
162.0,138.0,1,-1.0,0
162.25,112.0,1,-1.0,0
162.25,112.25,1,-1.0,0
162.25,112.5,1,-1.0,0
162.25,112.75,1,-1.0,0
162.25,113.0,1,-1.0,0
162.25,113.25,1,-1.0,0
162.25,113.5,1,-1.0,0
162.25,113.75,1,-1.0,0
162.25,114.0,1,-1.0,0
162.25,114.25,1,-1.0,0
162.25,114.5,1,-1.0,0
162.25,114.75,1,-1.0,0
162.25,115.0,1,-1.0,0
162.25,115.25,1,-1.0,0
162.25,115.5,1,-1.0,0
162.25,115.75,1,-1.0,0
162.25,116.0,1,-1.0,0
162.25,116.25,1,-1.0,0
162.25,116.5,1,-1.0,0
162.25,116.75,1,-1.0,0
162.25,117.0,1,-1.0,0
162.25,117.25,1,-1.0,0
162.25,117.5,1,-1.0,0
162.25,117.75,1,-1.0,0
162.25,118.0,1,-1.0,0
162.25,118.25,1,-1.0,0
162.25,118.5,1,-1.0,0
162.25,118.75,1,-1.0,0
162.25,119.0,1,-1.0,0
162.25,119.25,1,-1.0,0
162.25,119.5,1,-1.0,0
162.25,119.75,1,-1.0,0
162.25,120.0,1,-1.0,0
162.25,120.25,1,-1.0,0
162.25,120.5,1,-1.0,0
162.25,120.75,1,-1.0,0
162.25,121.0,1,-1.0,0
162.25,121.25,1,-1.0,0
162.25,121.5,1,-1.0,0
162.25,121.75,1,-1.0,0
162.25,122.0,1,-1.0,0
162.25,122.25,1,-1.0,0
162.25,122.5,1,-1.0,0
162.25,122.75,1,-1.0,0
162.25,123.0,1,-1.0,0
162.25,123.25,1,-1.0,0
162.25,123.5,1,-1.0,0
162.25,123.75,1,-1.0,0
162.25,124.0,1,-1.0,0
162.25,124.25,1,-1.0,0
162.25,124.5,1,-1.0,0
162.25,124.75,1,-1.0,0
162.25,125.0,1,-1.0,0
162.25,125.25,1,-1.0,0
162.25,125.5,1,-1.0,0
162.25,125.75,1,-1.0,0
162.25,126.0,1,-1.0,0
162.25,126.25,1,-1.0,0
162.25,126.5,1,-1.0,0
162.25,126.75,1,-1.0,0
162.25,127.0,1,-1.0,0
162.25,127.25,1,-1.0,0
162.25,127.5,1,-1.0,0
162.25,127.75,1,-1.0,0
162.25,128.0,1,-1.0,0
162.25,128.25,1,-1.0,0
162.25,128.5,1,-1.0,0
162.25,128.75,1,-1.0,0
162.25,129.0,1,-1.0,0
162.25,129.25,1,-1.0,0
162.25,129.5,1,-1.0,0
162.25,129.75,1,-1.0,0
162.25,130.0,1,-1.0,0
162.25,130.25,1,-1.0,0
162.25,130.5,1,-1.0,0
162.25,130.75,1,-1.0,0
162.25,131.0,1,-1.0,0
162.25,131.25,1,-1.0,0
162.25,131.5,1,-1.0,0
162.25,131.75,1,-1.0,0
162.25,132.0,1,-1.0,0
162.25,132.25,1,-1.0,0
162.25,132.5,1,-1.0,0
162.25,132.75,1,-1.0,0
162.25,133.0,1,-1.0,0
162.25,133.25,1,-1.0,0
162.25,133.5,1,-1.0,0
162.25,133.75,1,-1.0,0
162.25,134.0,1,-1.0,0
162.25,134.25,1,-1.0,0
162.25,134.5,1,-1.0,0
162.25,134.75,1,-1.0,0
162.25,135.0,1,-1.0,0
162.25,135.25,1,-1.0,0
162.25,135.5,1,-1.0,0
162.25,135.75,1,-1.0,0
162.25,136.0,1,-1.0,0
162.25,136.25,1,-1.0,0
162.25,136.5,1,-1.0,0
162.25,136.75,1,-1.0,0
162.25,137.0,1,-1.0,0
162.25,137.25,1,-1.0,0
162.25,137.5,1,-1.0,0
162.25,137.75,1,-1.0,0
162.25,138.0,1,-1.0,0
162.5,112.0,1,-1.0,0
162.5,112.25,1,-1.0,0
162.5,112.5,1,-1.0,0
162.5,112.75,1,-1.0,0
162.5,113.0,1,-1.0,0
162.5,113.25,1,-1.0,0
162.5,113.5,1,-1.0,0
162.5,113.75,1,-1.0,0
162.5,114.0,1,-1.0,0
162.5,114.25,1,-1.0,0
162.5,114.5,1,-1.0,0
162.5,114.75,1,-1.0,0
162.5,115.0,1,-1.0,0
162.5,115.25,1,-1.0,0
162.5,115.5,1,-1.0,0
162.5,115.75,1,-1.0,0
162.5,116.0,1,-1.0,0
162.5,116.25,1,-1.0,0
162.5,116.5,1,-1.0,0
162.5,116.75,1,-1.0,0
162.5,117.0,1,-1.0,0
162.5,117.25,1,-1.0,0
162.5,117.5,1,-1.0,0
162.5,117.75,1,-1.0,0
162.5,118.0,1,-1.0,0
162.5,118.25,1,-1.0,0
162.5,118.5,1,-1.0,0
162.5,118.75,1,-1.0,0
162.5,119.0,1,-1.0,0
162.5,119.25,1,-1.0,0
162.5,119.5,1,-1.0,0
162.5,119.75,1,-1.0,0
162.5,120.0,1,-1.0,0
162.5,120.25,1,-1.0,0
162.5,120.5,1,-1.0,0
162.5,120.75,1,-1.0,0
162.5,121.0,1,-1.0,0
162.5,121.25,1,-1.0,0
162.5,121.5,1,-1.0,0
162.5,121.75,1,-1.0,0
162.5,122.0,1,-1.0,0
162.5,122.25,1,-1.0,0
162.5,122.5,1,-1.0,0
162.5,122.75,1,-1.0,0
162.5,123.0,1,-1.0,0
162.5,123.25,1,-1.0,0
162.5,123.5,1,-1.0,0
162.5,123.75,1,-1.0,0
162.5,124.0,1,-1.0,0
162.5,124.25,1,-1.0,0
162.5,124.5,1,-1.0,0
162.5,124.75,1,-1.0,0
162.5,125.0,1,-1.0,0
162.5,125.25,1,-1.0,0
162.5,125.5,1,-1.0,0
162.5,125.75,1,-1.0,0
162.5,126.0,1,-1.0,0
162.5,126.25,1,-1.0,0
162.5,126.5,1,-1.0,0
162.5,126.75,1,-1.0,0
162.5,127.0,1,-1.0,0
162.5,127.25,1,-1.0,0
162.5,127.5,1,-1.0,0
162.5,127.75,1,-1.0,0
162.5,128.0,1,-1.0,0
162.5,128.25,1,-1.0,0
162.5,128.5,1,-1.0,0
162.5,128.75,1,-1.0,0
162.5,129.0,1,-1.0,0
162.5,129.25,1,-1.0,0
162.5,129.5,1,-1.0,0
162.5,129.75,1,-1.0,0
162.5,130.0,1,-1.0,0
162.5,130.25,1,-1.0,0
162.5,130.5,1,-1.0,0
162.5,130.75,1,-1.0,0
162.5,131.0,1,-1.0,0
162.5,131.25,1,-1.0,0
162.5,131.5,1,-1.0,0
162.5,131.75,1,-1.0,0
162.5,132.0,1,-1.0,0
162.5,132.25,1,-1.0,0
162.5,132.5,1,-1.0,0
162.5,132.75,1,-1.0,0
162.5,133.0,1,-1.0,0
162.5,133.25,1,-1.0,0
162.5,133.5,1,-1.0,0
162.5,133.75,1,-1.0,0
162.5,134.0,1,-1.0,0
162.5,134.25,1,-1.0,0
162.5,134.5,1,-1.0,0
162.5,134.75,1,-1.0,0
162.5,135.0,1,-1.0,0
162.5,135.25,1,-1.0,0
162.5,135.5,1,-1.0,0
162.5,135.75,1,-1.0,0
162.5,136.0,1,-1.0,0
162.5,136.25,1,-1.0,0
162.5,136.5,1,-1.0,0
162.5,136.75,1,-1.0,0
162.5,137.0,1,-1.0,0
162.5,137.25,1,-1.0,0
162.5,137.5,1,-1.0,0
162.5,137.75,1,-1.0,0
162.5,138.0,1,-1.0,0
162.75,112.0,1,-1.0,0
162.75,112.25,1,-1.0,0
162.75,112.5,1,-1.0,0
162.75,112.75,1,-1.0,0
162.75,113.0,1,-1.0,0
162.75,113.25,1,-1.0,0
162.75,113.5,1,-1.0,0
162.75,113.75,1,-1.0,0
162.75,114.0,1,-1.0,0
162.75,114.25,1,-1.0,0
162.75,114.5,1,-1.0,0
162.75,114.75,1,-1.0,0
162.75,115.0,1,-1.0,0
162.75,115.25,1,-1.0,0
162.75,115.5,1,-1.0,0
162.75,115.75,1,-1.0,0
162.75,116.0,1,-1.0,0
162.75,116.25,1,-1.0,0
162.75,116.5,1,-1.0,0
162.75,116.75,1,-1.0,0
162.75,117.0,1,-1.0,0
162.75,117.25,1,-1.0,0
162.75,117.5,1,-1.0,0
162.75,117.75,1,-1.0,0
162.75,118.0,1,-1.0,0
162.75,118.25,1,-1.0,0
162.75,118.5,1,-1.0,0
162.75,118.75,1,-1.0,0
162.75,119.0,1,-1.0,0
162.75,119.25,1,-1.0,0
162.75,119.5,1,-1.0,0
162.75,119.75,1,-1.0,0
162.75,120.0,1,-1.0,0
162.75,120.25,1,-1.0,0
162.75,120.5,1,-1.0,0
162.75,120.75,1,-1.0,0
162.75,121.0,1,-1.0,0
162.75,121.25,1,-1.0,0
162.75,121.5,1,-1.0,0
162.75,121.75,1,-1.0,0
162.75,122.0,1,-1.0,0
162.75,122.25,1,-1.0,0
162.75,122.5,1,-1.0,0
162.75,122.75,1,-1.0,0
162.75,123.0,1,-1.0,0
162.75,123.25,1,-1.0,0
162.75,123.5,1,-1.0,0
162.75,123.75,1,-1.0,0
162.75,124.0,1,-1.0,0
162.75,124.25,1,-1.0,0
162.75,124.5,1,-1.0,0
162.75,124.75,1,-1.0,0
162.75,125.0,1,-1.0,0
162.75,125.25,1,-1.0,0
162.75,125.5,1,-1.0,0
162.75,125.75,1,-1.0,0
162.75,126.0,1,-1.0,0
162.75,126.25,1,-1.0,0
162.75,126.5,1,-1.0,0
162.75,126.75,1,-1.0,0
162.75,127.0,1,-1.0,0
162.75,127.25,1,-1.0,0
162.75,127.5,1,-1.0,0
162.75,127.75,1,-1.0,0
162.75,128.0,1,-1.0,0
162.75,128.25,1,-1.0,0
162.75,128.5,1,-1.0,0
162.75,128.75,1,-1.0,0
162.75,129.0,1,-1.0,0
162.75,129.25,1,-1.0,0
162.75,129.5,1,-1.0,0
162.75,129.75,1,-1.0,0
162.75,130.0,1,-1.0,0
162.75,130.25,1,-1.0,0
162.75,130.5,1,-1.0,0
162.75,130.75,1,-1.0,0
162.75,131.0,1,-1.0,0
162.75,131.25,1,-1.0,0
162.75,131.5,1,-1.0,0
162.75,131.75,1,-1.0,0
162.75,132.0,1,-1.0,0
162.75,132.25,1,-1.0,0
162.75,132.5,1,-1.0,0
162.75,132.75,1,-1.0,0
162.75,133.0,1,-1.0,0
162.75,133.25,1,-1.0,0
162.75,133.5,1,-1.0,0
162.75,133.75,1,-1.0,0
162.75,134.0,1,-1.0,0
162.75,134.25,1,-1.0,0
162.75,134.5,1,-1.0,0
162.75,134.75,1,-1.0,0
162.75,135.0,1,-1.0,0
162.75,135.25,1,-1.0,0
162.75,135.5,1,-1.0,0
162.75,135.75,1,-1.0,0
162.75,136.0,1,-1.0,0
162.75,136.25,1,-1.0,0
162.75,136.5,1,-1.0,0
162.75,136.75,1,-1.0,0
162.75,137.0,1,-1.0,0
162.75,137.25,1,-1.0,0
162.75,137.5,1,-1.0,0
162.75,137.75,1,-1.0,0
162.75,138.0,1,-1.0,0
163.0,112.0,1,-1.0,0
163.0,112.25,1,-1.0,0
163.0,112.5,1,-1.0,0
163.0,112.75,1,-1.0,0
163.0,113.0,1,-1.0,0
163.0,113.25,1,-1.0,0
163.0,113.5,1,-1.0,0
163.0,113.75,1,-1.0,0
163.0,114.0,1,-1.0,0
163.0,114.25,1,-1.0,0
163.0,114.5,1,-1.0,0
163.0,114.75,1,-1.0,0
163.0,115.0,1,-1.0,0
163.0,115.25,1,-1.0,0
163.0,115.5,1,-1.0,0
163.0,115.75,1,-1.0,0
163.0,116.0,1,-1.0,0
163.0,116.25,1,-1.0,0
163.0,116.5,1,-1.0,0
163.0,116.75,1,-1.0,0
163.0,117.0,1,-1.0,0
163.0,117.25,1,-1.0,0
163.0,117.5,1,-1.0,0
163.0,117.75,1,-1.0,0
163.0,118.0,1,-1.0,0
163.0,118.25,1,-1.0,0
163.0,118.5,1,-1.0,0
163.0,118.75,1,-1.0,0
163.0,119.0,1,-1.0,0
163.0,119.25,1,-1.0,0
163.0,119.5,1,-1.0,0
163.0,119.75,1,-1.0,0
163.0,120.0,1,-1.0,0
163.0,120.25,1,-1.0,0
163.0,120.5,1,-1.0,0
163.0,120.75,1,-1.0,0
163.0,121.0,1,-1.0,0
163.0,121.25,1,-1.0,0
163.0,121.5,1,-1.0,0
163.0,121.75,1,-1.0,0
163.0,122.0,1,-1.0,0
163.0,122.25,1,-1.0,0
163.0,122.5,1,-1.0,0
163.0,122.75,1,-1.0,0
163.0,123.0,1,-1.0,0
163.0,123.25,1,-1.0,0
163.0,123.5,1,-1.0,0
163.0,123.75,1,-1.0,0
163.0,124.0,1,-1.0,0
163.0,124.25,1,-1.0,0
163.0,124.5,1,-1.0,0
163.0,124.75,1,-1.0,0
163.0,125.0,1,-1.0,0
163.0,125.25,1,-1.0,0
163.0,125.5,1,-1.0,0
163.0,125.75,1,-1.0,0
163.0,126.0,1,-1.0,0
163.0,126.25,1,-1.0,0
163.0,126.5,1,-1.0,0
163.0,126.75,1,-1.0,0
163.0,127.0,1,-1.0,0
163.0,127.25,1,-1.0,0
163.0,127.5,1,-1.0,0
163.0,127.75,1,-1.0,0
163.0,128.0,1,-1.0,0
163.0,128.25,1,-1.0,0
163.0,128.5,1,-1.0,0
163.0,128.75,1,-1.0,0
163.0,129.0,1,-1.0,0
163.0,129.25,1,-1.0,0
163.0,129.5,1,-1.0,0
163.0,129.75,1,-1.0,0
163.0,130.0,1,-1.0,0
163.0,130.25,1,-1.0,0
163.0,130.5,1,-1.0,0
163.0,130.75,1,-1.0,0
163.0,131.0,1,-1.0,0
163.0,131.25,1,-1.0,0
163.0,131.5,1,-1.0,0
163.0,131.75,1,-1.0,0
163.0,132.0,1,-1.0,0
163.0,132.25,1,-1.0,0
163.0,132.5,1,-1.0,0
163.0,132.75,1,-1.0,0
163.0,133.0,1,-1.0,0
163.0,133.25,1,-1.0,0
163.0,133.5,1,-1.0,0
163.0,133.75,1,-1.0,0
163.0,134.0,1,-1.0,0
163.0,134.25,1,-1.0,0
163.0,134.5,1,-1.0,0
163.0,134.75,1,-1.0,0
163.0,135.0,1,-1.0,0
163.0,135.25,1,-1.0,0
163.0,135.5,1,-1.0,0
163.0,135.75,1,-1.0,0
163.0,136.0,1,-1.0,0
163.0,136.25,1,-1.0,0
163.0,136.5,1,-1.0,0
163.0,136.75,1,-1.0,0
163.0,137.0,1,-1.0,0
163.0,137.25,1,-1.0,0
163.0,137.5,1,-1.0,0
163.0,137.75,1,-1.0,0
163.0,138.0,1,-1.0,0
163.25,112.0,1,-1.0,0
163.25,112.25,1,-1.0,0
163.25,112.5,1,-1.0,0
163.25,112.75,1,-1.0,0
163.25,113.0,1,-1.0,0
163.25,113.25,1,-1.0,0
163.25,113.5,1,-1.0,0
163.25,113.75,1,-1.0,0
163.25,114.0,1,-1.0,0
163.25,114.25,1,-1.0,0
163.25,114.5,1,-1.0,0
163.25,114.75,1,-1.0,0
163.25,115.0,1,-1.0,0
163.25,115.25,1,-1.0,0
163.25,115.5,1,-1.0,0
163.25,115.75,1,-1.0,0
163.25,116.0,1,-1.0,0
163.25,116.25,1,-1.0,0
163.25,116.5,1,-1.0,0
163.25,116.75,1,-1.0,0
163.25,117.0,1,-1.0,0
163.25,117.25,1,-1.0,0
163.25,117.5,1,-1.0,0
163.25,117.75,1,-1.0,0
163.25,118.0,1,-1.0,0
163.25,118.25,1,-1.0,0
163.25,118.5,1,-1.0,0
163.25,118.75,1,-1.0,0
163.25,119.0,1,-1.0,0
163.25,119.25,1,-1.0,0
163.25,119.5,1,-1.0,0
163.25,119.75,1,-1.0,0
163.25,120.0,1,-1.0,0
163.25,120.25,1,-1.0,0
163.25,120.5,1,-1.0,0
163.25,120.75,1,-1.0,0
163.25,121.0,1,-1.0,0
163.25,121.25,1,-1.0,0
163.25,121.5,1,-1.0,0
163.25,121.75,1,-1.0,0
163.25,122.0,1,-1.0,0
163.25,122.25,1,-1.0,0
163.25,122.5,1,-1.0,0
163.25,122.75,1,-1.0,0
163.25,123.0,1,-1.0,0
163.25,123.25,1,-1.0,0
163.25,123.5,1,-1.0,0
163.25,123.75,1,-1.0,0
163.25,124.0,1,-1.0,0
163.25,124.25,1,-1.0,0
163.25,124.5,1,-1.0,0
163.25,124.75,1,-1.0,0
163.25,125.0,1,-1.0,0
163.25,125.25,1,-1.0,0
163.25,125.5,1,-1.0,0
163.25,125.75,1,-1.0,0
163.25,126.0,1,-1.0,0
163.25,126.25,1,-1.0,0
163.25,126.5,1,-1.0,0
163.25,126.75,1,-1.0,0
163.25,127.0,1,-1.0,0
163.25,127.25,1,-1.0,0
163.25,127.5,1,-1.0,0
163.25,127.75,1,-1.0,0
163.25,128.0,1,-1.0,0
163.25,128.25,1,-1.0,0
163.25,128.5,1,-1.0,0
163.25,128.75,1,-1.0,0
163.25,129.0,1,-1.0,0
163.25,129.25,1,-1.0,0
163.25,129.5,1,-1.0,0
163.25,129.75,1,-1.0,0
163.25,130.0,1,-1.0,0
163.25,130.25,1,-1.0,0
163.25,130.5,1,-1.0,0
163.25,130.75,1,-1.0,0
163.25,131.0,1,-1.0,0
163.25,131.25,1,-1.0,0
163.25,131.5,1,-1.0,0
163.25,131.75,1,-1.0,0
163.25,132.0,1,-1.0,0
163.25,132.25,1,-1.0,0
163.25,132.5,1,-1.0,0
163.25,132.75,1,-1.0,0
163.25,133.0,1,-1.0,0
163.25,133.25,1,-1.0,0
163.25,133.5,1,-1.0,0
163.25,133.75,1,-1.0,0
163.25,134.0,1,-1.0,0
163.25,134.25,1,-1.0,0
163.25,134.5,1,-1.0,0
163.25,134.75,1,-1.0,0
163.25,135.0,1,-1.0,0
163.25,135.25,1,-1.0,0
163.25,135.5,1,-1.0,0
163.25,135.75,1,-1.0,0
163.25,136.0,1,-1.0,0
163.25,136.25,1,-1.0,0
163.25,136.5,1,-1.0,0
163.25,136.75,1,-1.0,0
163.25,137.0,1,-1.0,0
163.25,137.25,1,-1.0,0
163.25,137.5,1,-1.0,0
163.25,137.75,1,-1.0,0
163.25,138.0,1,-1.0,0
163.5,112.0,1,-1.0,0
163.5,112.25,1,-1.0,0
163.5,112.5,1,-1.0,0
163.5,112.75,1,-1.0,0
163.5,113.0,1,-1.0,0
163.5,113.25,1,-1.0,0
163.5,113.5,1,-1.0,0
163.5,113.75,1,-1.0,0
163.5,114.0,1,-1.0,0
163.5,114.25,1,-1.0,0
163.5,114.5,1,-1.0,0
163.5,114.75,1,-1.0,0
163.5,115.0,1,-1.0,0
163.5,115.25,1,-1.0,0
163.5,115.5,1,-1.0,0
163.5,115.75,1,-1.0,0
163.5,116.0,1,-1.0,0
163.5,116.25,1,-1.0,0
163.5,116.5,1,-1.0,0
163.5,116.75,1,-1.0,0
163.5,117.0,1,-1.0,0
163.5,117.25,1,-1.0,0
163.5,117.5,1,-1.0,0
163.5,117.75,1,-1.0,0
163.5,118.0,1,-1.0,0
163.5,118.25,1,-1.0,0
163.5,118.5,1,-1.0,0
163.5,118.75,1,-1.0,0
163.5,119.0,1,-1.0,0
163.5,119.25,1,-1.0,0
163.5,119.5,1,-1.0,0
163.5,119.75,1,-1.0,0
163.5,120.0,1,-1.0,0
163.5,120.25,1,-1.0,0
163.5,120.5,1,-1.0,0
163.5,120.75,1,-1.0,0
163.5,121.0,1,-1.0,0
163.5,121.25,1,-1.0,0
163.5,121.5,1,-1.0,0
163.5,121.75,1,-1.0,0
163.5,122.0,1,-1.0,0
163.5,122.25,1,-1.0,0
163.5,122.5,1,-1.0,0
163.5,122.75,1,-1.0,0
163.5,123.0,1,-1.0,0
163.5,123.25,1,-1.0,0
163.5,123.5,1,-1.0,0
163.5,123.75,1,-1.0,0
163.5,124.0,1,-1.0,0
163.5,124.25,1,-1.0,0
163.5,124.5,1,-1.0,0
163.5,124.75,1,-1.0,0
163.5,125.0,1,-1.0,0
163.5,125.25,1,-1.0,0
163.5,125.5,1,-1.0,0
163.5,125.75,1,-1.0,0
163.5,126.0,1,-1.0,0
163.5,126.25,1,-1.0,0
163.5,126.5,1,-1.0,0
163.5,126.75,1,-1.0,0
163.5,127.0,1,-1.0,0
163.5,127.25,1,-1.0,0
163.5,127.5,1,-1.0,0
163.5,127.75,1,-1.0,0
163.5,128.0,1,-1.0,0
163.5,128.25,1,-1.0,0
163.5,128.5,1,-1.0,0
163.5,128.75,1,-1.0,0
163.5,129.0,1,-1.0,0
163.5,129.25,1,-1.0,0
163.5,129.5,1,-1.0,0
163.5,129.75,1,-1.0,0
163.5,130.0,1,-1.0,0
163.5,130.25,1,-1.0,0
163.5,130.5,1,-1.0,0
163.5,130.75,1,-1.0,0
163.5,131.0,1,-1.0,0
163.5,131.25,1,-1.0,0
163.5,131.5,1,-1.0,0
163.5,131.75,1,-1.0,0
163.5,132.0,1,-1.0,0
163.5,132.25,1,-1.0,0
163.5,132.5,1,-1.0,0
163.5,132.75,1,-1.0,0
163.5,133.0,1,-1.0,0
163.5,133.25,1,-1.0,0
163.5,133.5,1,-1.0,0
163.5,133.75,1,-1.0,0
163.5,134.0,1,-1.0,0
163.5,134.25,1,-1.0,0
163.5,134.5,1,-1.0,0
163.5,134.75,1,-1.0,0
163.5,135.0,1,-1.0,0
163.5,135.25,1,-1.0,0
163.5,135.5,1,-1.0,0
163.5,135.75,1,-1.0,0
163.5,136.0,1,-1.0,0
163.5,136.25,1,-1.0,0
163.5,136.5,1,-1.0,0
163.5,136.75,1,-1.0,0
163.5,137.0,1,-1.0,0
163.5,137.25,1,-1.0,0
163.5,137.5,1,-1.0,0
163.5,137.75,1,-1.0,0
163.5,138.0,1,-1.0,0
163.75,112.0,1,-1.0,0
163.75,112.25,1,-1.0,0
163.75,112.5,1,-1.0,0
163.75,112.75,1,-1.0,0
163.75,113.0,1,-1.0,0
163.75,113.25,1,-1.0,0
163.75,113.5,1,-1.0,0
163.75,113.75,1,-1.0,0
163.75,114.0,1,-1.0,0
163.75,114.25,1,-1.0,0
163.75,114.5,1,-1.0,0
163.75,114.75,1,-1.0,0
163.75,115.0,1,-1.0,0
163.75,115.25,1,-1.0,0
163.75,115.5,1,-1.0,0
163.75,115.75,1,-1.0,0
163.75,116.0,1,-1.0,0
163.75,116.25,1,-1.0,0
163.75,116.5,1,-1.0,0
163.75,116.75,1,-1.0,0
163.75,117.0,1,-1.0,0
163.75,117.25,1,-1.0,0
163.75,117.5,1,-1.0,0
163.75,117.75,1,-1.0,0
163.75,118.0,1,-1.0,0
163.75,118.25,1,-1.0,0
163.75,118.5,1,-1.0,0
163.75,118.75,1,-1.0,0
163.75,119.0,1,-1.0,0
163.75,119.25,1,-1.0,0
163.75,119.5,1,-1.0,0
163.75,119.75,1,-1.0,0
163.75,120.0,1,-1.0,0
163.75,120.25,1,-1.0,0
163.75,120.5,1,-1.0,0
163.75,120.75,1,-1.0,0
163.75,121.0,1,-1.0,0
163.75,121.25,1,-1.0,0
163.75,121.5,1,-1.0,0
163.75,121.75,1,-1.0,0
163.75,122.0,1,-1.0,0
163.75,122.25,1,-1.0,0
163.75,122.5,1,-1.0,0
163.75,122.75,1,-1.0,0
163.75,123.0,1,-1.0,0
163.75,123.25,1,-1.0,0
163.75,123.5,1,-1.0,0
163.75,123.75,1,-1.0,0
163.75,124.0,1,-1.0,0
163.75,124.25,1,-1.0,0
163.75,124.5,1,-1.0,0
163.75,124.75,1,-1.0,0
163.75,125.0,1,-1.0,0
163.75,125.25,1,-1.0,0
163.75,125.5,1,-1.0,0
163.75,125.75,1,-1.0,0
163.75,126.0,1,-1.0,0
163.75,126.25,1,-1.0,0
163.75,126.5,1,-1.0,0
163.75,126.75,1,-1.0,0
163.75,127.0,1,-1.0,0
163.75,127.25,1,-1.0,0
163.75,127.5,1,-1.0,0
163.75,127.75,1,-1.0,0
163.75,128.0,1,-1.0,0
163.75,128.25,1,-1.0,0
163.75,128.5,1,-1.0,0
163.75,128.75,1,-1.0,0
163.75,129.0,1,-1.0,0
163.75,129.25,1,-1.0,0
163.75,129.5,1,-1.0,0
163.75,129.75,1,-1.0,0
163.75,130.0,1,-1.0,0
163.75,130.25,1,-1.0,0
163.75,130.5,1,-1.0,0
163.75,130.75,1,-1.0,0
163.75,131.0,1,-1.0,0
163.75,131.25,1,-1.0,0
163.75,131.5,1,-1.0,0
163.75,131.75,1,-1.0,0
163.75,132.0,1,-1.0,0
163.75,132.25,1,-1.0,0
163.75,132.5,1,-1.0,0
163.75,132.75,1,-1.0,0
163.75,133.0,1,-1.0,0
163.75,133.25,1,-1.0,0
163.75,133.5,1,-1.0,0
163.75,133.75,1,-1.0,0
163.75,134.0,1,-1.0,0
163.75,134.25,1,-1.0,0
163.75,134.5,1,-1.0,0
163.75,134.75,1,-1.0,0
163.75,135.0,1,-1.0,0
163.75,135.25,1,-1.0,0
163.75,135.5,1,-1.0,0
163.75,135.75,1,-1.0,0
163.75,136.0,1,-1.0,0
163.75,136.25,1,-1.0,0
163.75,136.5,1,-1.0,0
163.75,136.75,1,-1.0,0
163.75,137.0,1,-1.0,0
163.75,137.25,1,-1.0,0
163.75,137.5,1,-1.0,0
163.75,137.75,1,-1.0,0
163.75,138.0,1,-1.0,0
164.0,112.0,1,-1.0,0
164.0,112.25,1,-1.0,0
164.0,112.5,1,-1.0,0
164.0,112.75,1,-1.0,0
164.0,113.0,1,-1.0,0
164.0,113.25,1,-1.0,0
164.0,113.5,1,-1.0,0
164.0,113.75,1,-1.0,0
164.0,114.0,1,-1.0,0
164.0,114.25,1,-1.0,0
164.0,114.5,1,-1.0,0
164.0,114.75,1,-1.0,0
164.0,115.0,1,-1.0,0
164.0,115.25,1,-1.0,0
164.0,115.5,1,-1.0,0
164.0,115.75,1,-1.0,0
164.0,116.0,1,-1.0,0
164.0,116.25,1,-1.0,0
164.0,116.5,1,-1.0,0
164.0,116.75,1,-1.0,0
164.0,117.0,1,-1.0,0
164.0,117.25,1,-1.0,0
164.0,117.5,1,-1.0,0
164.0,117.75,1,-1.0,0
164.0,118.0,1,-1.0,0
164.0,118.25,1,-1.0,0
164.0,118.5,1,-1.0,0
164.0,118.75,1,-1.0,0
164.0,119.0,1,-1.0,0
164.0,119.25,1,-1.0,0
164.0,119.5,1,-1.0,0
164.0,119.75,1,-1.0,0
164.0,120.0,1,-1.0,0
164.0,120.25,1,-1.0,0
164.0,120.5,1,-1.0,0
164.0,120.75,1,-1.0,0
164.0,121.0,1,-1.0,0
164.0,121.25,1,-1.0,0
164.0,121.5,1,-1.0,0
164.0,121.75,1,-1.0,0
164.0,122.0,1,-1.0,0
164.0,122.25,1,-1.0,0
164.0,122.5,1,-1.0,0
164.0,122.75,1,-1.0,0
164.0,123.0,1,-1.0,0
164.0,123.25,1,-1.0,0
164.0,123.5,1,-1.0,0
164.0,123.75,1,-1.0,0
164.0,124.0,1,-1.0,0
164.0,124.25,1,-1.0,0
164.0,124.5,1,-1.0,0
164.0,124.75,1,-1.0,0
164.0,125.0,1,-1.0,0
164.0,125.25,1,-1.0,0
164.0,125.5,1,-1.0,0
164.0,125.75,1,-1.0,0
164.0,126.0,1,-1.0,0
164.0,126.25,1,-1.0,0
164.0,126.5,1,-1.0,0
164.0,126.75,1,-1.0,0
164.0,127.0,1,-1.0,0
164.0,127.25,1,-1.0,0
164.0,127.5,1,-1.0,0
164.0,127.75,1,-1.0,0
164.0,128.0,1,-1.0,0
164.0,128.25,1,-1.0,0
164.0,128.5,1,-1.0,0
164.0,128.75,1,-1.0,0
164.0,129.0,1,-1.0,0
164.0,129.25,1,-1.0,0
164.0,129.5,1,-1.0,0
164.0,129.75,1,-1.0,0
164.0,130.0,1,-1.0,0
164.0,130.25,1,-1.0,0
164.0,130.5,1,-1.0,0
164.0,130.75,1,-1.0,0
164.0,131.0,1,-1.0,0
164.0,131.25,1,-1.0,0
164.0,131.5,1,-1.0,0
164.0,131.75,1,-1.0,0
164.0,132.0,1,-1.0,0
164.0,132.25,1,-1.0,0
164.0,132.5,1,-1.0,0
164.0,132.75,1,-1.0,0
164.0,133.0,1,-1.0,0
164.0,133.25,1,-1.0,0
164.0,133.5,1,-1.0,0
164.0,133.75,1,-1.0,0
164.0,134.0,1,-1.0,0
164.0,134.25,1,-1.0,0
164.0,134.5,1,-1.0,0
164.0,134.75,1,-1.0,0
164.0,135.0,1,-1.0,0
164.0,135.25,1,-1.0,0
164.0,135.5,1,-1.0,0
164.0,135.75,1,-1.0,0
164.0,136.0,1,-1.0,0
164.0,136.25,1,-1.0,0
164.0,136.5,1,-1.0,0
164.0,136.75,1,-1.0,0
164.0,137.0,1,-1.0,0
164.0,137.25,1,-1.0,0
164.0,137.5,1,-1.0,0
164.0,137.75,1,-1.0,0
164.0,138.0,1,-1.0,0
164.25,112.0,1,-1.0,0
164.25,112.25,1,-1.0,0
164.25,112.5,1,-1.0,0
164.25,112.75,1,-1.0,0
164.25,113.0,1,-1.0,0
164.25,113.25,1,-1.0,0
164.25,113.5,1,-1.0,0
164.25,113.75,1,-1.0,0
164.25,114.0,1,-1.0,0
164.25,114.25,1,-1.0,0
164.25,114.5,1,-1.0,0
164.25,114.75,1,-1.0,0
164.25,115.0,1,-1.0,0
164.25,115.25,1,-1.0,0
164.25,115.5,1,-1.0,0
164.25,115.75,1,-1.0,0
164.25,116.0,1,-1.0,0
164.25,116.25,1,-1.0,0
164.25,116.5,1,-1.0,0
164.25,116.75,1,-1.0,0
164.25,117.0,1,-1.0,0
164.25,117.25,1,-1.0,0
164.25,117.5,1,-1.0,0
164.25,117.75,1,-1.0,0
164.25,118.0,1,-1.0,0
164.25,118.25,1,-1.0,0
164.25,118.5,1,-1.0,0
164.25,118.75,1,-1.0,0
164.25,119.0,1,-1.0,0
164.25,119.25,1,-1.0,0
164.25,119.5,1,-1.0,0
164.25,119.75,1,-1.0,0
164.25,120.0,1,-1.0,0
164.25,120.25,1,-1.0,0
164.25,120.5,1,-1.0,0
164.25,120.75,1,-1.0,0
164.25,121.0,1,-1.0,0
164.25,121.25,1,-1.0,0
164.25,121.5,1,-1.0,0
164.25,121.75,1,-1.0,0
164.25,122.0,1,-1.0,0
164.25,122.25,1,-1.0,0
164.25,122.5,1,-1.0,0
164.25,122.75,1,-1.0,0
164.25,123.0,1,-1.0,0
164.25,123.25,1,-1.0,0
164.25,123.5,1,-1.0,0
164.25,123.75,1,-1.0,0
164.25,124.0,1,-1.0,0
164.25,124.25,1,-1.0,0
164.25,124.5,1,-1.0,0
164.25,124.75,1,-1.0,0
164.25,125.0,1,-1.0,0
164.25,125.25,1,-1.0,0
164.25,125.5,1,-1.0,0
164.25,125.75,1,-1.0,0
164.25,126.0,1,-1.0,0
164.25,126.25,1,-1.0,0
164.25,126.5,1,-1.0,0
164.25,126.75,1,-1.0,0
164.25,127.0,1,-1.0,0
164.25,127.25,1,-1.0,0
164.25,127.5,1,-1.0,0
164.25,127.75,1,-1.0,0
164.25,128.0,1,-1.0,0
164.25,128.25,1,-1.0,0
164.25,128.5,1,-1.0,0
164.25,128.75,1,-1.0,0
164.25,129.0,1,-1.0,0
164.25,129.25,1,-1.0,0
164.25,129.5,1,-1.0,0
164.25,129.75,1,-1.0,0
164.25,130.0,1,-1.0,0
164.25,130.25,1,-1.0,0
164.25,130.5,1,-1.0,0
164.25,130.75,1,-1.0,0
164.25,131.0,1,-1.0,0
164.25,131.25,1,-1.0,0
164.25,131.5,1,-1.0,0
164.25,131.75,1,-1.0,0
164.25,132.0,1,-1.0,0
164.25,132.25,1,-1.0,0
164.25,132.5,1,-1.0,0
164.25,132.75,1,-1.0,0
164.25,133.0,1,-1.0,0
164.25,133.25,1,-1.0,0
164.25,133.5,1,-1.0,0
164.25,133.75,1,-1.0,0
164.25,134.0,1,-1.0,0
164.25,134.25,1,-1.0,0
164.25,134.5,1,-1.0,0
164.25,134.75,1,-1.0,0
164.25,135.0,1,-1.0,0
164.25,135.25,1,-1.0,0
164.25,135.5,1,-1.0,0
164.25,135.75,1,-1.0,0
164.25,136.0,1,-1.0,0
164.25,136.25,1,-1.0,0
164.25,136.5,1,-1.0,0
164.25,136.75,1,-1.0,0
164.25,137.0,1,-1.0,0
164.25,137.25,1,-1.0,0
164.25,137.5,1,-1.0,0
164.25,137.75,1,-1.0,0
164.25,138.0,1,-1.0,0
164.5,112.0,1,-1.0,0
164.5,112.25,1,-1.0,0
164.5,112.5,1,-1.0,0
164.5,112.75,1,-1.0,0
164.5,113.0,1,-1.0,0
164.5,113.25,1,-1.0,0
164.5,113.5,1,-1.0,0
164.5,113.75,1,-1.0,0
164.5,114.0,1,-1.0,0
164.5,114.25,1,-1.0,0
164.5,114.5,1,-1.0,0
164.5,114.75,1,-1.0,0
164.5,115.0,1,-1.0,0
164.5,115.25,1,-1.0,0
164.5,115.5,1,-1.0,0
164.5,115.75,1,-1.0,0
164.5,116.0,1,-1.0,0
164.5,116.25,1,-1.0,0
164.5,116.5,1,-1.0,0
164.5,116.75,1,-1.0,0
164.5,117.0,1,-1.0,0
164.5,117.25,1,-1.0,0
164.5,117.5,1,-1.0,0
164.5,117.75,1,-1.0,0
164.5,118.0,1,-1.0,0
164.5,118.25,1,-1.0,0
164.5,118.5,1,-1.0,0
164.5,118.75,1,-1.0,0
164.5,119.0,1,-1.0,0
164.5,119.25,1,-1.0,0
164.5,119.5,1,-1.0,0
164.5,119.75,1,-1.0,0
164.5,120.0,1,-1.0,0
164.5,120.25,1,-1.0,0
164.5,120.5,1,-1.0,0
164.5,120.75,1,-1.0,0
164.5,121.0,1,-1.0,0
164.5,121.25,1,-1.0,0
164.5,121.5,1,-1.0,0
164.5,121.75,1,-1.0,0
164.5,122.0,1,-1.0,0
164.5,122.25,1,-1.0,0
164.5,122.5,1,-1.0,0
164.5,122.75,1,-1.0,0
164.5,123.0,1,-1.0,0
164.5,123.25,1,-1.0,0
164.5,123.5,1,-1.0,0
164.5,123.75,1,-1.0,0
164.5,124.0,1,-1.0,0
164.5,124.25,1,-1.0,0
164.5,124.5,1,-1.0,0
164.5,124.75,1,-1.0,0
164.5,125.0,1,-1.0,0
164.5,125.25,1,-1.0,0
164.5,125.5,1,-1.0,0
164.5,125.75,1,-1.0,0
164.5,126.0,1,-1.0,0
164.5,126.25,1,-1.0,0
164.5,126.5,1,-1.0,0
164.5,126.75,1,-1.0,0
164.5,127.0,1,-1.0,0
164.5,127.25,1,-1.0,0
164.5,127.5,1,-1.0,0
164.5,127.75,1,-1.0,0
164.5,128.0,1,-1.0,0
164.5,128.25,1,-1.0,0
164.5,128.5,1,-1.0,0
164.5,128.75,1,-1.0,0
164.5,129.0,1,-1.0,0
164.5,129.25,1,-1.0,0
164.5,129.5,1,-1.0,0
164.5,129.75,1,-1.0,0
164.5,130.0,1,-1.0,0
164.5,130.25,1,-1.0,0
164.5,130.5,1,-1.0,0
164.5,130.75,1,-1.0,0
164.5,131.0,1,-1.0,0
164.5,131.25,1,-1.0,0
164.5,131.5,1,-1.0,0
164.5,131.75,1,-1.0,0
164.5,132.0,1,-1.0,0
164.5,132.25,1,-1.0,0
164.5,132.5,1,-1.0,0
164.5,132.75,1,-1.0,0
164.5,133.0,1,-1.0,0
164.5,133.25,1,-1.0,0
164.5,133.5,1,-1.0,0
164.5,133.75,1,-1.0,0
164.5,134.0,1,-1.0,0
164.5,134.25,1,-1.0,0
164.5,134.5,1,-1.0,0
164.5,134.75,1,-1.0,0
164.5,135.0,1,-1.0,0
164.5,135.25,1,-1.0,0
164.5,135.5,1,-1.0,0
164.5,135.75,1,-1.0,0
164.5,136.0,1,-1.0,0
164.5,136.25,1,-1.0,0
164.5,136.5,1,-1.0,0
164.5,136.75,1,-1.0,0
164.5,137.0,1,-1.0,0
164.5,137.25,1,-1.0,0
164.5,137.5,1,-1.0,0
164.5,137.75,1,-1.0,0
164.5,138.0,1,-1.0,0
164.75,112.0,1,-1.0,0
164.75,112.25,1,-1.0,0
164.75,112.5,1,-1.0,0
164.75,112.75,1,-1.0,0
164.75,113.0,1,-1.0,0
164.75,113.25,1,-1.0,0
164.75,113.5,1,-1.0,0
164.75,113.75,1,-1.0,0
164.75,114.0,1,-1.0,0
164.75,114.25,1,-1.0,0
164.75,114.5,1,-1.0,0
164.75,114.75,1,-1.0,0
164.75,115.0,1,-1.0,0
164.75,115.25,1,-1.0,0
164.75,115.5,1,-1.0,0
164.75,115.75,1,-1.0,0
164.75,116.0,1,-1.0,0
164.75,116.25,1,-1.0,0
164.75,116.5,1,-1.0,0
164.75,116.75,1,-1.0,0
164.75,117.0,1,-1.0,0
164.75,117.25,1,-1.0,0
164.75,117.5,1,-1.0,0
164.75,117.75,1,-1.0,0
164.75,118.0,1,-1.0,0
164.75,118.25,1,-1.0,0
164.75,118.5,1,-1.0,0
164.75,118.75,1,-1.0,0
164.75,119.0,1,-1.0,0
164.75,119.25,1,-1.0,0
164.75,119.5,1,-1.0,0
164.75,119.75,1,-1.0,0
164.75,120.0,1,-1.0,0
164.75,120.25,1,-1.0,0
164.75,120.5,1,-1.0,0
164.75,120.75,1,-1.0,0
164.75,121.0,1,-1.0,0
164.75,121.25,1,-1.0,0
164.75,121.5,1,-1.0,0
164.75,121.75,1,-1.0,0
164.75,122.0,1,-1.0,0
164.75,122.25,1,-1.0,0
164.75,122.5,1,-1.0,0
164.75,122.75,1,-1.0,0
164.75,123.0,1,-1.0,0
164.75,123.25,1,-1.0,0
164.75,123.5,1,-1.0,0
164.75,123.75,1,-1.0,0
164.75,124.0,1,-1.0,0
164.75,124.25,1,-1.0,0
164.75,124.5,1,-1.0,0
164.75,124.75,1,-1.0,0
164.75,125.0,1,-1.0,0
164.75,125.25,1,-1.0,0
164.75,125.5,1,-1.0,0
164.75,125.75,1,-1.0,0
164.75,126.0,1,-1.0,0
164.75,126.25,1,-1.0,0
164.75,126.5,1,-1.0,0
164.75,126.75,1,-1.0,0
164.75,127.0,1,-1.0,0
164.75,127.25,1,-1.0,0
164.75,127.5,1,-1.0,0
164.75,127.75,1,-1.0,0
164.75,128.0,1,-1.0,0
164.75,128.25,1,-1.0,0
164.75,128.5,1,-1.0,0
164.75,128.75,1,-1.0,0
164.75,129.0,1,-1.0,0
164.75,129.25,1,-1.0,0
164.75,129.5,1,-1.0,0
164.75,129.75,1,-1.0,0
164.75,130.0,1,-1.0,0
164.75,130.25,1,-1.0,0
164.75,130.5,1,-1.0,0
164.75,130.75,1,-1.0,0
164.75,131.0,1,-1.0,0
164.75,131.25,1,-1.0,0
164.75,131.5,1,-1.0,0
164.75,131.75,1,-1.0,0
164.75,132.0,1,-1.0,0
164.75,132.25,1,-1.0,0
164.75,132.5,1,-1.0,0
164.75,132.75,1,-1.0,0
164.75,133.0,1,-1.0,0
164.75,133.25,1,-1.0,0
164.75,133.5,1,-1.0,0
164.75,133.75,1,-1.0,0
164.75,134.0,1,-1.0,0
164.75,134.25,1,-1.0,0
164.75,134.5,1,-1.0,0
164.75,134.75,1,-1.0,0
164.75,135.0,1,-1.0,0
164.75,135.25,1,-1.0,0
164.75,135.5,1,-1.0,0
164.75,135.75,1,-1.0,0
164.75,136.0,1,-1.0,0
164.75,136.25,1,-1.0,0
164.75,136.5,1,-1.0,0
164.75,136.75,1,-1.0,0
164.75,137.0,1,-1.0,0
164.75,137.25,1,-1.0,0
164.75,137.5,1,-1.0,0
164.75,137.75,1,-1.0,0
164.75,138.0,1,-1.0,0
165.0,112.0,2,30805.577,0
165.0,112.25,2,105979.18,0
165.0,112.5,1,-1.0,0
165.0,112.75,1,-1.0,0
165.0,113.0,1,-1.0,0
165.0,113.25,1,-1.0,0
165.0,113.5,1,-1.0,0
165.0,113.75,1,-1.0,0
165.0,114.0,1,-1.0,0
165.0,114.25,1,-1.0,0
165.0,114.5,1,-1.0,0
165.0,114.75,1,-1.0,0
165.0,115.0,1,-1.0,0
165.0,115.25,1,-1.0,0
165.0,115.5,1,-1.0,0
165.0,115.75,1,-1.0,0
165.0,116.0,1,-1.0,0
165.0,116.25,1,-1.0,0
165.0,116.5,1,-1.0,0
165.0,116.75,1,-1.0,0
165.0,117.0,1,-1.0,0
165.0,117.25,1,-1.0,0
165.0,117.5,1,-1.0,0
165.0,117.75,1,-1.0,0
165.0,118.0,1,-1.0,0
165.0,118.25,1,-1.0,0
165.0,118.5,1,-1.0,0
165.0,118.75,1,-1.0,0
165.0,119.0,1,-1.0,0
165.0,119.25,1,-1.0,0
165.0,119.5,1,-1.0,0
165.0,119.75,1,-1.0,0
165.0,120.0,1,-1.0,0
165.0,120.25,1,-1.0,0
165.0,120.5,1,-1.0,0
165.0,120.75,1,-1.0,0
165.0,121.0,1,-1.0,0
165.0,121.25,1,-1.0,0
165.0,121.5,1,-1.0,0
165.0,121.75,1,-1.0,0
165.0,122.0,1,-1.0,0
165.0,122.25,1,-1.0,0
165.0,122.5,1,-1.0,0
165.0,122.75,1,-1.0,0
165.0,123.0,1,-1.0,0
165.0,123.25,1,-1.0,0
165.0,123.5,1,-1.0,0
165.0,123.75,1,-1.0,0
165.0,124.0,1,-1.0,0
165.0,124.25,1,-1.0,0
165.0,124.5,1,-1.0,0
165.0,124.75,1,-1.0,0
165.0,125.0,1,-1.0,0
165.0,125.25,1,-1.0,0
165.0,125.5,1,-1.0,0
165.0,125.75,1,-1.0,0
165.0,126.0,1,-1.0,0
165.0,126.25,1,-1.0,0
165.0,126.5,1,-1.0,0
165.0,126.75,1,-1.0,0
165.0,127.0,1,-1.0,0
165.0,127.25,1,-1.0,0
165.0,127.5,1,-1.0,0
165.0,127.75,1,-1.0,0
165.0,128.0,1,-1.0,0
165.0,128.25,1,-1.0,0
165.0,128.5,1,-1.0,0
165.0,128.75,1,-1.0,0
165.0,129.0,1,-1.0,0
165.0,129.25,1,-1.0,0
165.0,129.5,1,-1.0,0
165.0,129.75,1,-1.0,0
165.0,130.0,1,-1.0,0
165.0,130.25,1,-1.0,0
165.0,130.5,1,-1.0,0
165.0,130.75,1,-1.0,0
165.0,131.0,1,-1.0,0
165.0,131.25,1,-1.0,0
165.0,131.5,1,-1.0,0
165.0,131.75,1,-1.0,0
165.0,132.0,1,-1.0,0
165.0,132.25,1,-1.0,0
165.0,132.5,1,-1.0,0
165.0,132.75,1,-1.0,0
165.0,133.0,1,-1.0,0
165.0,133.25,1,-1.0,0
165.0,133.5,1,-1.0,0
165.0,133.75,1,-1.0,0
165.0,134.0,1,-1.0,0
165.0,134.25,1,-1.0,0
165.0,134.5,1,-1.0,0
165.0,134.75,1,-1.0,0
165.0,135.0,1,-1.0,0
165.0,135.25,1,-1.0,0
165.0,135.5,1,-1.0,0
165.0,135.75,1,-1.0,0
165.0,136.0,1,-1.0,0
165.0,136.25,1,-1.0,0
165.0,136.5,1,-1.0,0
165.0,136.75,1,-1.0,0
165.0,137.0,1,-1.0,0
165.0,137.25,1,-1.0,0
165.0,137.5,1,-1.0,0
165.0,137.75,1,-1.0,0
165.0,138.0,1,-1.0,0
165.25,112.0,2,12643.854,0
165.25,112.25,2,17796.923,0
165.25,112.5,2,30190.667,0
165.25,112.75,2,101141.01,0
165.25,113.0,1,-1.0,0
165.25,113.25,1,-1.0,0
165.25,113.5,1,-1.0,0
165.25,113.75,1,-1.0,0
165.25,114.0,1,-1.0,0
165.25,114.25,1,-1.0,0
165.25,114.5,1,-1.0,0
165.25,114.75,1,-1.0,0
165.25,115.0,1,-1.0,0
165.25,115.25,1,-1.0,0
165.25,115.5,1,-1.0,0
165.25,115.75,1,-1.0,0
165.25,116.0,1,-1.0,0
165.25,116.25,1,-1.0,0
165.25,116.5,1,-1.0,0
165.25,116.75,1,-1.0,0
165.25,117.0,1,-1.0,0
165.25,117.25,1,-1.0,0
165.25,117.5,1,-1.0,0
165.25,117.75,1,-1.0,0
165.25,118.0,1,-1.0,0
165.25,118.25,1,-1.0,0
165.25,118.5,1,-1.0,0
165.25,118.75,1,-1.0,0
165.25,119.0,1,-1.0,0
165.25,119.25,1,-1.0,0
165.25,119.5,1,-1.0,0
165.25,119.75,1,-1.0,0
165.25,120.0,1,-1.0,0
165.25,120.25,1,-1.0,0
165.25,120.5,1,-1.0,0
165.25,120.75,1,-1.0,0
165.25,121.0,1,-1.0,0
165.25,121.25,1,-1.0,0
165.25,121.5,1,-1.0,0
165.25,121.75,1,-1.0,0
165.25,122.0,1,-1.0,0
165.25,122.25,1,-1.0,0
165.25,122.5,1,-1.0,0
165.25,122.75,1,-1.0,0
165.25,123.0,1,-1.0,0
165.25,123.25,1,-1.0,0
165.25,123.5,1,-1.0,0
165.25,123.75,1,-1.0,0
165.25,124.0,1,-1.0,0
165.25,124.25,1,-1.0,0
165.25,124.5,1,-1.0,0
165.25,124.75,1,-1.0,0
165.25,125.0,1,-1.0,0
165.25,125.25,1,-1.0,0
165.25,125.5,1,-1.0,0
165.25,125.75,1,-1.0,0
165.25,126.0,1,-1.0,0
165.25,126.25,1,-1.0,0
165.25,126.5,1,-1.0,0
165.25,126.75,1,-1.0,0
165.25,127.0,1,-1.0,0
165.25,127.25,1,-1.0,0
165.25,127.5,1,-1.0,0
165.25,127.75,1,-1.0,0
165.25,128.0,1,-1.0,0
165.25,128.25,1,-1.0,0
165.25,128.5,1,-1.0,0
165.25,128.75,1,-1.0,0
165.25,129.0,1,-1.0,0
165.25,129.25,1,-1.0,0
165.25,129.5,1,-1.0,0
165.25,129.75,1,-1.0,0
165.25,130.0,1,-1.0,0
165.25,130.25,1,-1.0,0
165.25,130.5,1,-1.0,0
165.25,130.75,1,-1.0,0
165.25,131.0,1,-1.0,0
165.25,131.25,1,-1.0,0
165.25,131.5,1,-1.0,0
165.25,131.75,1,-1.0,0
165.25,132.0,1,-1.0,0
165.25,132.25,1,-1.0,0
165.25,132.5,1,-1.0,0
165.25,132.75,1,-1.0,0
165.25,133.0,1,-1.0,0
165.25,133.25,1,-1.0,0
165.25,133.5,1,-1.0,0
165.25,133.75,1,-1.0,0
165.25,134.0,1,-1.0,0
165.25,134.25,1,-1.0,0
165.25,134.5,1,-1.0,0
165.25,134.75,1,-1.0,0
165.25,135.0,1,-1.0,0
165.25,135.25,1,-1.0,0
165.25,135.5,1,-1.0,0
165.25,135.75,1,-1.0,0
165.25,136.0,1,-1.0,0
165.25,136.25,1,-1.0,0
165.25,136.5,1,-1.0,0
165.25,136.75,1,-1.0,0
165.25,137.0,1,-1.0,0
165.25,137.25,1,-1.0,0
165.25,137.5,1,-1.0,0
165.25,137.75,1,-1.0,0
165.25,138.0,1,-1.0,0
165.5,112.0,2,7938.6744,0
165.5,112.25,2,9690.829,0
165.5,112.5,2,12460.932,0
165.5,112.75,2,17499.507,0
165.5,113.0,2,29525.83,0
165.5,113.25,2,95963.078,0
165.5,113.5,1,-1.0,0
165.5,113.75,1,-1.0,0
165.5,114.0,1,-1.0,0
165.5,114.25,1,-1.0,0
165.5,114.5,1,-1.0,0
165.5,114.75,1,-1.0,0
165.5,115.0,1,-1.0,0
165.5,115.25,1,-1.0,0
165.5,115.5,1,-1.0,0
165.5,115.75,1,-1.0,0
165.5,116.0,1,-1.0,0
165.5,116.25,1,-1.0,0
165.5,116.5,1,-1.0,0
165.5,116.75,1,-1.0,0
165.5,117.0,1,-1.0,0
165.5,117.25,1,-1.0,0
165.5,117.5,1,-1.0,0
165.5,117.75,1,-1.0,0
165.5,118.0,1,-1.0,0
165.5,118.25,1,-1.0,0
165.5,118.5,1,-1.0,0
165.5,118.75,1,-1.0,0
165.5,119.0,1,-1.0,0
165.5,119.25,1,-1.0,0
165.5,119.5,1,-1.0,0
165.5,119.75,1,-1.0,0
165.5,120.0,1,-1.0,0
165.5,120.25,1,-1.0,0
165.5,120.5,1,-1.0,0
165.5,120.75,1,-1.0,0
165.5,121.0,1,-1.0,0
165.5,121.25,1,-1.0,0
165.5,121.5,1,-1.0,0
165.5,121.75,1,-1.0,0
165.5,122.0,1,-1.0,0
165.5,122.25,1,-1.0,0
165.5,122.5,1,-1.0,0
165.5,122.75,1,-1.0,0
165.5,123.0,1,-1.0,0
165.5,123.25,1,-1.0,0
165.5,123.5,1,-1.0,0
165.5,123.75,1,-1.0,0
165.5,124.0,1,-1.0,0
165.5,124.25,1,-1.0,0
165.5,124.5,1,-1.0,0
165.5,124.75,1,-1.0,0
165.5,125.0,1,-1.0,0
165.5,125.25,1,-1.0,0
165.5,125.5,1,-1.0,0
165.5,125.75,1,-1.0,0
165.5,126.0,1,-1.0,0
165.5,126.25,1,-1.0,0
165.5,126.5,1,-1.0,0
165.5,126.75,1,-1.0,0
165.5,127.0,1,-1.0,0
165.5,127.25,1,-1.0,0
165.5,127.5,1,-1.0,0
165.5,127.75,1,-1.0,0
165.5,128.0,1,-1.0,0
165.5,128.25,1,-1.0,0
165.5,128.5,1,-1.0,0
165.5,128.75,1,-1.0,0
165.5,129.0,1,-1.0,0
165.5,129.25,1,-1.0,0
165.5,129.5,1,-1.0,0
165.5,129.75,1,-1.0,0
165.5,130.0,1,-1.0,0
165.5,130.25,1,-1.0,0
165.5,130.5,1,-1.0,0
165.5,130.75,1,-1.0,0
165.5,131.0,1,-1.0,0
165.5,131.25,1,-1.0,0
165.5,131.5,1,-1.0,0
165.5,131.75,1,-1.0,0
165.5,132.0,1,-1.0,0
165.5,132.25,1,-1.0,0
165.5,132.5,1,-1.0,0
165.5,132.75,1,-1.0,0
165.5,133.0,1,-1.0,0
165.5,133.25,1,-1.0,0
165.5,133.5,1,-1.0,0
165.5,133.75,1,-1.0,0
165.5,134.0,1,-1.0,0
165.5,134.25,1,-1.0,0
165.5,134.5,1,-1.0,0
165.5,134.75,1,-1.0,0
165.5,135.0,1,-1.0,0
165.5,135.25,1,-1.0,0
165.5,135.5,1,-1.0,0
165.5,135.75,1,-1.0,0
165.5,136.0,1,-1.0,0
165.5,136.25,1,-1.0,0
165.5,136.5,1,-1.0,0
165.5,136.75,1,-1.0,0
165.5,137.0,1,-1.0,0
165.5,137.25,1,-1.0,0
165.5,137.5,1,-1.0,0
165.5,137.75,1,-1.0,0
165.5,138.0,1,-1.0,0
165.75,112.0,2,5777.3689,0
165.75,112.25,2,6647.2357,0
165.75,112.5,2,7835.4186,0
165.75,112.75,2,9555.8424,0
165.75,113.0,2,12269.465,0
165.75,113.25,2,17185.576,0
165.75,113.5,2,28817.66,0
165.75,113.75,2,90592.528,0
165.75,114.0,1,-1.0,0
165.75,114.25,1,-1.0,0
165.75,114.5,1,-1.0,0
165.75,114.75,1,-1.0,0
165.75,115.0,1,-1.0,0
165.75,115.25,1,-1.0,0
165.75,115.5,1,-1.0,0
165.75,115.75,1,-1.0,0
165.75,116.0,1,-1.0,0
165.75,116.25,1,-1.0,0
165.75,116.5,1,-1.0,0
165.75,116.75,1,-1.0,0
165.75,117.0,1,-1.0,0
165.75,117.25,1,-1.0,0
165.75,117.5,1,-1.0,0
165.75,117.75,1,-1.0,0
165.75,118.0,1,-1.0,0
165.75,118.25,1,-1.0,0
165.75,118.5,1,-1.0,0
165.75,118.75,1,-1.0,0
165.75,119.0,1,-1.0,0
165.75,119.25,1,-1.0,0
165.75,119.5,1,-1.0,0
165.75,119.75,1,-1.0,0
165.75,120.0,1,-1.0,0
165.75,120.25,1,-1.0,0
165.75,120.5,1,-1.0,0
165.75,120.75,1,-1.0,0
165.75,121.0,1,-1.0,0
165.75,121.25,1,-1.0,0
165.75,121.5,1,-1.0,0
165.75,121.75,1,-1.0,0
165.75,122.0,1,-1.0,0
165.75,122.25,1,-1.0,0
165.75,122.5,1,-1.0,0
165.75,122.75,1,-1.0,0
165.75,123.0,1,-1.0,0
165.75,123.25,1,-1.0,0
165.75,123.5,1,-1.0,0
165.75,123.75,1,-1.0,0
165.75,124.0,1,-1.0,0
165.75,124.25,1,-1.0,0
165.75,124.5,1,-1.0,0
165.75,124.75,1,-1.0,0
165.75,125.0,1,-1.0,0
165.75,125.25,1,-1.0,0
165.75,125.5,1,-1.0,0
165.75,125.75,1,-1.0,0
165.75,126.0,1,-1.0,0
165.75,126.25,1,-1.0,0
165.75,126.5,1,-1.0,0
165.75,126.75,1,-1.0,0
165.75,127.0,1,-1.0,0
165.75,127.25,1,-1.0,0
165.75,127.5,1,-1.0,0
165.75,127.75,1,-1.0,0
165.75,128.0,1,-1.0,0
165.75,128.25,1,-1.0,0
165.75,128.5,1,-1.0,0
165.75,128.75,1,-1.0,0
165.75,129.0,1,-1.0,0
165.75,129.25,1,-1.0,0
165.75,129.5,1,-1.0,0
165.75,129.75,1,-1.0,0
165.75,130.0,1,-1.0,0
165.75,130.25,1,-1.0,0
165.75,130.5,1,-1.0,0
165.75,130.75,1,-1.0,0
165.75,131.0,1,-1.0,0
165.75,131.25,1,-1.0,0
165.75,131.5,1,-1.0,0
165.75,131.75,1,-1.0,0
165.75,132.0,1,-1.0,0
165.75,132.25,1,-1.0,0
165.75,132.5,1,-1.0,0
165.75,132.75,1,-1.0,0
165.75,133.0,1,-1.0,0
165.75,133.25,1,-1.0,0
165.75,133.5,1,-1.0,0
165.75,133.75,1,-1.0,0
165.75,134.0,1,-1.0,0
165.75,134.25,1,-1.0,0
165.75,134.5,1,-1.0,0
165.75,134.75,1,-1.0,0
165.75,135.0,1,-1.0,0
165.75,135.25,1,-1.0,0
165.75,135.5,1,-1.0,0
165.75,135.75,1,-1.0,0
165.75,136.0,1,-1.0,0
165.75,136.25,1,-1.0,0
165.75,136.5,1,-1.0,0
165.75,136.75,1,-1.0,0
165.75,137.0,1,-1.0,0
165.75,137.25,1,-1.0,0
165.75,137.5,1,-1.0,0
165.75,137.75,1,-1.0,0
165.75,138.0,1,-1.0,0
166.0,112.0,2,4535.9581,0
166.0,112.25,2,5052.1901,0
166.0,112.5,2,5706.2244,0
166.0,112.75,2,6561.7703,0
166.0,113.0,2,7728.9648,0
166.0,113.25,2,9416.0868,0
166.0,113.5,2,12070.202,0
166.0,113.75,2,16856.736,0
166.0,114.0,2,28072.291,0
166.0,114.25,2,85161.945,0
166.0,114.5,1,-1.0,0
166.0,114.75,1,-1.0,0
166.0,115.0,1,-1.0,0
166.0,115.25,1,-1.0,0
166.0,115.5,1,-1.0,0
166.0,115.75,1,-1.0,0
166.0,116.0,1,-1.0,0
166.0,116.25,1,-1.0,0
166.0,116.5,1,-1.0,0
166.0,116.75,1,-1.0,0
166.0,117.0,1,-1.0,0
166.0,117.25,1,-1.0,0
166.0,117.5,1,-1.0,0
166.0,117.75,1,-1.0,0
166.0,118.0,1,-1.0,0
166.0,118.25,1,-1.0,0
166.0,118.5,1,-1.0,0
166.0,118.75,1,-1.0,0
166.0,119.0,1,-1.0,0
166.0,119.25,1,-1.0,0
166.0,119.5,1,-1.0,0
166.0,119.75,1,-1.0,0
166.0,120.0,1,-1.0,0
166.0,120.25,1,-1.0,0
166.0,120.5,1,-1.0,0
166.0,120.75,1,-1.0,0
166.0,121.0,1,-1.0,0
166.0,121.25,1,-1.0,0
166.0,121.5,1,-1.0,0
166.0,121.75,1,-1.0,0
166.0,122.0,1,-1.0,0
166.0,122.25,1,-1.0,0
166.0,122.5,1,-1.0,0
166.0,122.75,1,-1.0,0
166.0,123.0,1,-1.0,0
166.0,123.25,1,-1.0,0
166.0,123.5,1,-1.0,0
166.0,123.75,1,-1.0,0
166.0,124.0,1,-1.0,0
166.0,124.25,1,-1.0,0
166.0,124.5,1,-1.0,0
166.0,124.75,1,-1.0,0
166.0,125.0,1,-1.0,0
166.0,125.25,1,-1.0,0
166.0,125.5,1,-1.0,0
166.0,125.75,1,-1.0,0
166.0,126.0,1,-1.0,0
166.0,126.25,1,-1.0,0
166.0,126.5,1,-1.0,0
166.0,126.75,1,-1.0,0
166.0,127.0,1,-1.0,0
166.0,127.25,1,-1.0,0
166.0,127.5,1,-1.0,0
166.0,127.75,1,-1.0,0
166.0,128.0,1,-1.0,0
166.0,128.25,1,-1.0,0
166.0,128.5,1,-1.0,0
166.0,128.75,1,-1.0,0
166.0,129.0,1,-1.0,0
166.0,129.25,1,-1.0,0
166.0,129.5,1,-1.0,0
166.0,129.75,1,-1.0,0
166.0,130.0,1,-1.0,0
166.0,130.25,1,-1.0,0
166.0,130.5,1,-1.0,0
166.0,130.75,1,-1.0,0
166.0,131.0,1,-1.0,0
166.0,131.25,1,-1.0,0
166.0,131.5,1,-1.0,0
166.0,131.75,1,-1.0,0
166.0,132.0,1,-1.0,0
166.0,132.25,1,-1.0,0
166.0,132.5,1,-1.0,0
166.0,132.75,1,-1.0,0
166.0,133.0,1,-1.0,0
166.0,133.25,1,-1.0,0
166.0,133.5,1,-1.0,0
166.0,133.75,1,-1.0,0
166.0,134.0,1,-1.0,0
166.0,134.25,1,-1.0,0
166.0,134.5,1,-1.0,0
166.0,134.75,1,-1.0,0
166.0,135.0,1,-1.0,0
166.0,135.25,1,-1.0,0
166.0,135.5,1,-1.0,0
166.0,135.75,1,-1.0,0
166.0,136.0,1,-1.0,0
166.0,136.25,1,-1.0,0
166.0,136.5,1,-1.0,0
166.0,136.75,1,-1.0,0
166.0,137.0,1,-1.0,0
166.0,137.25,1,-1.0,0
166.0,137.5,1,-1.0,0
166.0,137.75,1,-1.0,0
166.0,138.0,1,-1.0,0
166.25,112.0,2,3730.2301,0
166.25,112.25,2,4070.3868,0
166.25,112.5,2,4481.9782,0
166.25,112.75,2,4990.1657,0
166.25,113.0,2,5633.5001,0
166.25,113.25,2,6474.1939,0
166.25,113.5,2,7619.5668,0
166.25,113.75,2,9271.9554,0
166.25,114.0,2,11863.8,0
166.25,114.25,2,16514.869,0
166.25,114.5,2,27297.319,0
166.25,114.75,2,79786.295,0
166.25,115.0,1,-1.0,0
166.25,115.25,1,-1.0,0
166.25,115.5,1,-1.0,0
166.25,115.75,1,-1.0,0
166.25,116.0,1,-1.0,0
166.25,116.25,1,-1.0,0
166.25,116.5,1,-1.0,0
166.25,116.75,1,-1.0,0
166.25,117.0,1,-1.0,0
166.25,117.25,1,-1.0,0
166.25,117.5,1,-1.0,0
166.25,117.75,1,-1.0,0
166.25,118.0,1,-1.0,0
166.25,118.25,1,-1.0,0
166.25,118.5,1,-1.0,0
166.25,118.75,1,-1.0,0
166.25,119.0,1,-1.0,0
166.25,119.25,1,-1.0,0
166.25,119.5,1,-1.0,0
166.25,119.75,1,-1.0,0
166.25,120.0,1,-1.0,0
166.25,120.25,1,-1.0,0
166.25,120.5,1,-1.0,0
166.25,120.75,1,-1.0,0
166.25,121.0,1,-1.0,0
166.25,121.25,1,-1.0,0
166.25,121.5,1,-1.0,0
166.25,121.75,1,-1.0,0
166.25,122.0,1,-1.0,0
166.25,122.25,1,-1.0,0
166.25,122.5,1,-1.0,0
166.25,122.75,1,-1.0,0
166.25,123.0,1,-1.0,0
166.25,123.25,1,-1.0,0
166.25,123.5,1,-1.0,0
166.25,123.75,1,-1.0,0
166.25,124.0,1,-1.0,0
166.25,124.25,1,-1.0,0
166.25,124.5,1,-1.0,0
166.25,124.75,1,-1.0,0
166.25,125.0,1,-1.0,0
166.25,125.25,1,-1.0,0
166.25,125.5,1,-1.0,0
166.25,125.75,1,-1.0,0
166.25,126.0,1,-1.0,0
166.25,126.25,1,-1.0,0
166.25,126.5,1,-1.0,0
166.25,126.75,1,-1.0,0
166.25,127.0,1,-1.0,0
166.25,127.25,1,-1.0,0
166.25,127.5,1,-1.0,0
166.25,127.75,1,-1.0,0
166.25,128.0,1,-1.0,0
166.25,128.25,1,-1.0,0
166.25,128.5,1,-1.0,0
166.25,128.75,1,-1.0,0
166.25,129.0,1,-1.0,0
166.25,129.25,1,-1.0,0
166.25,129.5,1,-1.0,0
166.25,129.75,1,-1.0,0
166.25,130.0,1,-1.0,0
166.25,130.25,1,-1.0,0
166.25,130.5,1,-1.0,0
166.25,130.75,1,-1.0,0
166.25,131.0,1,-1.0,0
166.25,131.25,1,-1.0,0
166.25,131.5,1,-1.0,0
166.25,131.75,1,-1.0,0
166.25,132.0,1,-1.0,0
166.25,132.25,1,-1.0,0
166.25,132.5,1,-1.0,0
166.25,132.75,1,-1.0,0
166.25,133.0,1,-1.0,0
166.25,133.25,1,-1.0,0
166.25,133.5,1,-1.0,0
166.25,133.75,1,-1.0,0
166.25,134.0,1,-1.0,0
166.25,134.25,1,-1.0,0
166.25,134.5,1,-1.0,0
166.25,134.75,1,-1.0,0
166.25,135.0,1,-1.0,0
166.25,135.25,1,-1.0,0
166.25,135.5,1,-1.0,0
166.25,135.75,1,-1.0,0
166.25,136.0,1,-1.0,0
166.25,136.25,1,-1.0,0
166.25,136.5,1,-1.0,0
166.25,136.75,1,-1.0,0
166.25,137.0,1,-1.0,0
166.25,137.25,1,-1.0,0
166.25,137.5,1,-1.0,0
166.25,137.75,1,-1.0,0
166.25,138.0,1,-1.0,0
166.5,112.0,2,3165.0714,0
166.5,112.25,2,3405.2081,0
166.5,112.5,2,3686.8902,0
166.5,112.75,2,4021.9304,0
166.5,113.0,2,4427.1001,0
166.5,113.25,2,4927.0111,0
166.5,113.5,2,5559.3184,0
166.5,113.75,2,6384.6789,0
166.5,114.0,2,7507.4678,0
166.5,114.25,2,9123.8392,0
166.5,114.5,2,11651.161,0
166.5,114.75,2,16161.897,0
166.5,115.0,2,26499.407,0
166.5,115.25,2,74551.096,0
166.5,115.5,1,-1.0,0
166.5,115.75,1,-1.0,0
166.5,116.0,1,-1.0,0
166.5,116.25,1,-1.0,0
166.5,116.5,1,-1.0,0
166.5,116.75,1,-1.0,0
166.5,117.0,1,-1.0,0
166.5,117.25,1,-1.0,0
166.5,117.5,1,-1.0,0
166.5,117.75,1,-1.0,0
166.5,118.0,1,-1.0,0
166.5,118.25,1,-1.0,0
166.5,118.5,1,-1.0,0
166.5,118.75,1,-1.0,0
166.5,119.0,1,-1.0,0
166.5,119.25,1,-1.0,0
166.5,119.5,1,-1.0,0
166.5,119.75,1,-1.0,0
166.5,120.0,1,-1.0,0
166.5,120.25,1,-1.0,0
166.5,120.5,1,-1.0,0
166.5,120.75,1,-1.0,0
166.5,121.0,1,-1.0,0
166.5,121.25,1,-1.0,0
166.5,121.5,1,-1.0,0
166.5,121.75,1,-1.0,0
166.5,122.0,1,-1.0,0
166.5,122.25,1,-1.0,0
166.5,122.5,1,-1.0,0
166.5,122.75,1,-1.0,0
166.5,123.0,1,-1.0,0
166.5,123.25,1,-1.0,0
166.5,123.5,1,-1.0,0
166.5,123.75,1,-1.0,0
166.5,124.0,1,-1.0,0
166.5,124.25,1,-1.0,0
166.5,124.5,1,-1.0,0
166.5,124.75,1,-1.0,0
166.5,125.0,1,-1.0,0
166.5,125.25,1,-1.0,0
166.5,125.5,1,-1.0,0
166.5,125.75,1,-1.0,0
166.5,126.0,1,-1.0,0
166.5,126.25,1,-1.0,0
166.5,126.5,1,-1.0,0
166.5,126.75,1,-1.0,0
166.5,127.0,1,-1.0,0
166.5,127.25,1,-1.0,0
166.5,127.5,1,-1.0,0
166.5,127.75,1,-1.0,0
166.5,128.0,1,-1.0,0
166.5,128.25,1,-1.0,0
166.5,128.5,1,-1.0,0
166.5,128.75,1,-1.0,0
166.5,129.0,1,-1.0,0
166.5,129.25,1,-1.0,0
166.5,129.5,1,-1.0,0
166.5,129.75,1,-1.0,0
166.5,130.0,1,-1.0,0
166.5,130.25,1,-1.0,0
166.5,130.5,1,-1.0,0
166.5,130.75,1,-1.0,0
166.5,131.0,1,-1.0,0
166.5,131.25,1,-1.0,0
166.5,131.5,1,-1.0,0
166.5,131.75,1,-1.0,0
166.5,132.0,1,-1.0,0
166.5,132.25,1,-1.0,0
166.5,132.5,1,-1.0,0
166.5,132.75,1,-1.0,0
166.5,133.0,1,-1.0,0
166.5,133.25,1,-1.0,0
166.5,133.5,1,-1.0,0
166.5,133.75,1,-1.0,0
166.5,134.0,1,-1.0,0
166.5,134.25,1,-1.0,0
166.5,134.5,1,-1.0,0
166.5,134.75,1,-1.0,0
166.5,135.0,1,-1.0,0
166.5,135.25,1,-1.0,0
166.5,135.5,1,-1.0,0
166.5,135.75,1,-1.0,0
166.5,136.0,1,-1.0,0
166.5,136.25,1,-1.0,0
166.5,136.5,1,-1.0,0
166.5,136.75,1,-1.0,0
166.5,137.0,1,-1.0,0
166.5,137.25,1,-1.0,0
166.5,137.5,1,-1.0,0
166.5,137.75,1,-1.0,0
166.5,138.0,1,-1.0,0
166.75,112.0,2,2746.7518,0
166.75,112.25,2,2924.7643,0
166.75,112.5,2,3128.9561,0
166.75,112.75,2,3365.5688,0
166.75,113.0,2,3642.9959,0
166.75,113.25,2,3972.802,0
166.75,113.5,2,4371.3946,0
166.75,113.75,2,4862.8184,0
166.75,114.0,2,5483.8031,0
166.75,114.25,2,6293.3957,0
166.75,114.5,2,7392.9135,0
166.75,114.75,2,8972.21,0
166.75,115.0,2,11433.069,0
166.75,115.25,2,15799.631,0
166.75,115.5,2,25684.849,0
166.75,115.75,2,69514.1,0
166.75,116.0,1,-1.0,0
166.75,116.25,1,-1.0,0
166.75,116.5,1,-1.0,0
166.75,116.75,1,-1.0,0
166.75,117.0,1,-1.0,0
166.75,117.25,1,-1.0,0
166.75,117.5,1,-1.0,0
166.75,117.75,1,-1.0,0
166.75,118.0,1,-1.0,0
166.75,118.25,1,-1.0,0
166.75,118.5,1,-1.0,0
166.75,118.75,1,-1.0,0
166.75,119.0,1,-1.0,0
166.75,119.25,1,-1.0,0
166.75,119.5,1,-1.0,0
166.75,119.75,1,-1.0,0
166.75,120.0,1,-1.0,0
166.75,120.25,1,-1.0,0
166.75,120.5,1,-1.0,0
166.75,120.75,1,-1.0,0
166.75,121.0,1,-1.0,0
166.75,121.25,1,-1.0,0
166.75,121.5,1,-1.0,0
166.75,121.75,1,-1.0,0
166.75,122.0,1,-1.0,0
166.75,122.25,1,-1.0,0
166.75,122.5,1,-1.0,0
166.75,122.75,1,-1.0,0
166.75,123.0,1,-1.0,0
166.75,123.25,1,-1.0,0
166.75,123.5,1,-1.0,0
166.75,123.75,1,-1.0,0
166.75,124.0,1,-1.0,0
166.75,124.25,1,-1.0,0
166.75,124.5,1,-1.0,0
166.75,124.75,1,-1.0,0
166.75,125.0,1,-1.0,0
166.75,125.25,1,-1.0,0
166.75,125.5,1,-1.0,0
166.75,125.75,1,-1.0,0
166.75,126.0,1,-1.0,0
166.75,126.25,1,-1.0,0
166.75,126.5,1,-1.0,0
166.75,126.75,1,-1.0,0
166.75,127.0,1,-1.0,0
166.75,127.25,1,-1.0,0
166.75,127.5,1,-1.0,0
166.75,127.75,1,-1.0,0
166.75,128.0,1,-1.0,0
166.75,128.25,1,-1.0,0
166.75,128.5,1,-1.0,0
166.75,128.75,1,-1.0,0
166.75,129.0,1,-1.0,0
166.75,129.25,1,-1.0,0
166.75,129.5,1,-1.0,0
166.75,129.75,1,-1.0,0
166.75,130.0,1,-1.0,0
166.75,130.25,1,-1.0,0
166.75,130.5,1,-1.0,0
166.75,130.75,1,-1.0,0
166.75,131.0,1,-1.0,0
166.75,131.25,1,-1.0,0
166.75,131.5,1,-1.0,0
166.75,131.75,1,-1.0,0
166.75,132.0,1,-1.0,0
166.75,132.25,1,-1.0,0
166.75,132.5,1,-1.0,0
166.75,132.75,1,-1.0,0
166.75,133.0,1,-1.0,0
166.75,133.25,1,-1.0,0
166.75,133.5,1,-1.0,0
166.75,133.75,1,-1.0,0
166.75,134.0,1,-1.0,0
166.75,134.25,1,-1.0,0
166.75,134.5,1,-1.0,0
166.75,134.75,1,-1.0,0
166.75,135.0,1,-1.0,0
166.75,135.25,1,-1.0,0
166.75,135.5,1,-1.0,0
166.75,135.75,1,-1.0,0
166.75,136.0,1,-1.0,0
166.75,136.25,1,-1.0,0
166.75,136.5,1,-1.0,0
166.75,136.75,1,-1.0,0
166.75,137.0,1,-1.0,0
166.75,137.25,1,-1.0,0
166.75,137.5,1,-1.0,0
166.75,137.75,1,-1.0,0
166.75,138.0,1,-1.0,0
167.0,112.0,2,2424.6351,0
167.0,112.25,2,2561.5006,0
167.0,112.5,2,2715.8602,0
167.0,112.75,2,2891.3057,0
167.0,113.0,2,3092.4816,0
167.0,113.25,2,3325.5046,0
167.0,113.5,2,3598.5928,0
167.0,113.75,2,3923.0579,0
167.0,114.0,2,4314.9329,0
167.0,114.25,2,4797.68,0
167.0,114.5,2,5407.0787,0
167.0,114.75,2,6200.4973,0
167.0,115.0,2,7276.1922,0
167.0,115.25,2,8817.4914,0
167.0,115.5,2,11210.307,0
167.0,115.75,2,15429.729,0
167.0,116.0,2,24859.003,0
167.0,116.25,2,64722.721,0
167.0,116.5,1,-1.0,0
167.0,116.75,1,-1.0,0
167.0,117.0,1,-1.0,0
167.0,117.25,1,-1.0,0
167.0,117.5,1,-1.0,0
167.0,117.75,1,-1.0,0
167.0,118.0,1,-1.0,0
167.0,118.25,1,-1.0,0
167.0,118.5,1,-1.0,0
167.0,118.75,1,-1.0,0
167.0,119.0,1,-1.0,0
167.0,119.25,1,-1.0,0
167.0,119.5,1,-1.0,0
167.0,119.75,1,-1.0,0
167.0,120.0,1,-1.0,0
167.0,120.25,1,-1.0,0
167.0,120.5,1,-1.0,0
167.0,120.75,1,-1.0,0
167.0,121.0,1,-1.0,0
167.0,121.25,1,-1.0,0
167.0,121.5,1,-1.0,0
167.0,121.75,1,-1.0,0
167.0,122.0,1,-1.0,0
167.0,122.25,1,-1.0,0
167.0,122.5,1,-1.0,0
167.0,122.75,1,-1.0,0
167.0,123.0,1,-1.0,0
167.0,123.25,1,-1.0,0
167.0,123.5,1,-1.0,0
167.0,123.75,1,-1.0,0
167.0,124.0,1,-1.0,0
167.0,124.25,1,-1.0,0
167.0,124.5,1,-1.0,0
167.0,124.75,1,-1.0,0
167.0,125.0,1,-1.0,0
167.0,125.25,1,-1.0,0
167.0,125.5,1,-1.0,0
167.0,125.75,1,-1.0,0
167.0,126.0,1,-1.0,0
167.0,126.25,1,-1.0,0
167.0,126.5,1,-1.0,0
167.0,126.75,1,-1.0,0
167.0,127.0,1,-1.0,0
167.0,127.25,1,-1.0,0
167.0,127.5,1,-1.0,0
167.0,127.75,1,-1.0,0
167.0,128.0,1,-1.0,0
167.0,128.25,1,-1.0,0
167.0,128.5,1,-1.0,0
167.0,128.75,1,-1.0,0
167.0,129.0,1,-1.0,0
167.0,129.25,1,-1.0,0
167.0,129.5,1,-1.0,0
167.0,129.75,1,-1.0,0
167.0,130.0,1,-1.0,0
167.0,130.25,1,-1.0,0
167.0,130.5,1,-1.0,0
167.0,130.75,1,-1.0,0
167.0,131.0,1,-1.0,0
167.0,131.25,1,-1.0,0
167.0,131.5,1,-1.0,0
167.0,131.75,1,-1.0,0
167.0,132.0,1,-1.0,0
167.0,132.25,1,-1.0,0
167.0,132.5,1,-1.0,0
167.0,132.75,1,-1.0,0
167.0,133.0,1,-1.0,0
167.0,133.25,1,-1.0,0
167.0,133.5,1,-1.0,0
167.0,133.75,1,-1.0,0
167.0,134.0,1,-1.0,0
167.0,134.25,1,-1.0,0
167.0,134.5,1,-1.0,0
167.0,134.75,1,-1.0,0
167.0,135.0,1,-1.0,0
167.0,135.25,1,-1.0,0
167.0,135.5,1,-1.0,0
167.0,135.75,1,-1.0,0
167.0,136.0,1,-1.0,0
167.0,136.25,1,-1.0,0
167.0,136.5,1,-1.0,0
167.0,136.75,1,-1.0,0
167.0,137.0,1,-1.0,0
167.0,137.25,1,-1.0,0
167.0,137.5,1,-1.0,0
167.0,137.75,1,-1.0,0
167.0,138.0,1,-1.0,0
167.25,112.0,2,2168.9553,0
167.25,112.25,2,2277.2046,0
167.25,112.5,2,2397.6886,0
167.25,112.75,2,2532.6104,0
167.25,113.0,2,2684.728,0
167.25,113.25,2,2857.5672,0
167.25,113.5,2,3055.6793,0
167.25,113.75,2,3285.0532,0
167.25,114.0,2,3553.7265,0
167.25,114.25,2,3872.7546,0
167.25,114.5,2,4257.7865,0
167.25,114.75,2,4731.6886,0
167.25,115.0,2,5329.2572,0
167.25,115.25,2,6106.1825,0
167.25,115.5,2,7157.564,0
167.25,115.75,2,8660.1038,0
167.25,116.0,2,10983.569,0
167.25,116.25,2,15053.833,0
167.25,116.5,2,24028.257,0
167.25,116.75,2,60204.883,0
167.25,117.0,1,-1.0,0
167.25,117.25,1,-1.0,0
167.25,117.5,1,-1.0,0
167.25,117.75,1,-1.0,0
167.25,118.0,1,-1.0,0
167.25,118.25,1,-1.0,0
167.25,118.5,1,-1.0,0
167.25,118.75,1,-1.0,0
167.25,119.0,1,-1.0,0
167.25,119.25,1,-1.0,0
167.25,119.5,1,-1.0,0
167.25,119.75,1,-1.0,0
167.25,120.0,1,-1.0,0
167.25,120.25,1,-1.0,0
167.25,120.5,1,-1.0,0
167.25,120.75,1,-1.0,0
167.25,121.0,1,-1.0,0
167.25,121.25,1,-1.0,0
167.25,121.5,1,-1.0,0
167.25,121.75,1,-1.0,0
167.25,122.0,1,-1.0,0
167.25,122.25,1,-1.0,0
167.25,122.5,1,-1.0,0
167.25,122.75,1,-1.0,0
167.25,123.0,1,-1.0,0
167.25,123.25,1,-1.0,0
167.25,123.5,1,-1.0,0
167.25,123.75,1,-1.0,0
167.25,124.0,1,-1.0,0
167.25,124.25,1,-1.0,0
167.25,124.5,1,-1.0,0
167.25,124.75,1,-1.0,0
167.25,125.0,1,-1.0,0
167.25,125.25,1,-1.0,0
167.25,125.5,1,-1.0,0
167.25,125.75,1,-1.0,0
167.25,126.0,1,-1.0,0
167.25,126.25,1,-1.0,0
167.25,126.5,1,-1.0,0
167.25,126.75,1,-1.0,0
167.25,127.0,1,-1.0,0
167.25,127.25,1,-1.0,0
167.25,127.5,1,-1.0,0
167.25,127.75,1,-1.0,0
167.25,128.0,1,-1.0,0
167.25,128.25,1,-1.0,0
167.25,128.5,1,-1.0,0
167.25,128.75,1,-1.0,0
167.25,129.0,1,-1.0,0
167.25,129.25,1,-1.0,0
167.25,129.5,1,-1.0,0
167.25,129.75,1,-1.0,0
167.25,130.0,1,-1.0,0
167.25,130.25,1,-1.0,0
167.25,130.5,1,-1.0,0
167.25,130.75,1,-1.0,0
167.25,131.0,1,-1.0,0
167.25,131.25,1,-1.0,0
167.25,131.5,1,-1.0,0
167.25,131.75,1,-1.0,0
167.25,132.0,1,-1.0,0
167.25,132.25,1,-1.0,0
167.25,132.5,1,-1.0,0
167.25,132.75,1,-1.0,0
167.25,133.0,1,-1.0,0
167.25,133.25,1,-1.0,0
167.25,133.5,1,-1.0,0
167.25,133.75,1,-1.0,0
167.25,134.0,1,-1.0,0
167.25,134.25,1,-1.0,0
167.25,134.5,1,-1.0,0
167.25,134.75,1,-1.0,0
167.25,135.0,1,-1.0,0
167.25,135.25,1,-1.0,0
167.25,135.5,1,-1.0,0
167.25,135.75,1,-1.0,0
167.25,136.0,1,-1.0,0
167.25,136.25,1,-1.0,0
167.25,136.5,1,-1.0,0
167.25,136.75,1,-1.0,0
167.25,137.0,1,-1.0,0
167.25,137.25,1,-1.0,0
167.25,137.5,1,-1.0,0
167.25,137.75,1,-1.0,0
167.25,138.0,1,-1.0,0
167.5,112.0,2,1961.0919,0
167.5,112.25,2,2048.6635,0
167.5,112.5,2,2145.0987,0
167.5,112.75,2,2251.8227,0
167.5,113.0,2,2370.5789,0
167.5,113.25,2,2503.5282,0
167.5,113.5,2,2653.3779,0
167.5,113.75,2,2823.5755,0
167.5,114.0,2,3018.5805,0
167.5,114.25,2,3244.2519,0
167.5,114.5,2,3508.4427,0
167.5,114.75,2,3821.9485,0
167.5,115.0,2,4200.0264,0
167.5,115.25,2,4664.9364,0
167.5,115.5,2,5250.4658,0
167.5,115.75,2,6010.6248,0
167.5,116.0,2,7037.2865,0
167.5,116.25,2,8500.4231,0
167.5,116.5,2,10753.603,0
167.5,116.75,2,14673.788,0
167.5,117.0,2,23197.683,0
167.5,117.25,2,55969.386,0
167.5,117.5,1,-1.0,0
167.5,117.75,1,-1.0,0
167.5,118.0,1,-1.0,0
167.5,118.25,1,-1.0,0
167.5,118.5,1,-1.0,0
167.5,118.75,1,-1.0,0
167.5,119.0,1,-1.0,0
167.5,119.25,1,-1.0,0
167.5,119.5,1,-1.0,0
167.5,119.75,1,-1.0,0
167.5,120.0,1,-1.0,0
167.5,120.25,1,-1.0,0
167.5,120.5,1,-1.0,0
167.5,120.75,1,-1.0,0
167.5,121.0,1,-1.0,0
167.5,121.25,1,-1.0,0
167.5,121.5,1,-1.0,0
167.5,121.75,1,-1.0,0
167.5,122.0,1,-1.0,0
167.5,122.25,1,-1.0,0
167.5,122.5,1,-1.0,0
167.5,122.75,1,-1.0,0
167.5,123.0,1,-1.0,0
167.5,123.25,1,-1.0,0
167.5,123.5,1,-1.0,0
167.5,123.75,1,-1.0,0
167.5,124.0,1,-1.0,0
167.5,124.25,1,-1.0,0
167.5,124.5,1,-1.0,0
167.5,124.75,1,-1.0,0
167.5,125.0,1,-1.0,0
167.5,125.25,1,-1.0,0
167.5,125.5,1,-1.0,0
167.5,125.75,1,-1.0,0
167.5,126.0,1,-1.0,0
167.5,126.25,1,-1.0,0
167.5,126.5,1,-1.0,0
167.5,126.75,1,-1.0,0
167.5,127.0,1,-1.0,0
167.5,127.25,1,-1.0,0
167.5,127.5,1,-1.0,0
167.5,127.75,1,-1.0,0
167.5,128.0,1,-1.0,0
167.5,128.25,1,-1.0,0
167.5,128.5,1,-1.0,0
167.5,128.75,1,-1.0,0
167.5,129.0,1,-1.0,0
167.5,129.25,1,-1.0,0
167.5,129.5,1,-1.0,0
167.5,129.75,1,-1.0,0
167.5,130.0,1,-1.0,0
167.5,130.25,1,-1.0,0
167.5,130.5,1,-1.0,0
167.5,130.75,1,-1.0,0
167.5,131.0,1,-1.0,0
167.5,131.25,1,-1.0,0
167.5,131.5,1,-1.0,0
167.5,131.75,1,-1.0,0
167.5,132.0,1,-1.0,0
167.5,132.25,1,-1.0,0
167.5,132.5,1,-1.0,0
167.5,132.75,1,-1.0,0
167.5,133.0,1,-1.0,0
167.5,133.25,1,-1.0,0
167.5,133.5,1,-1.0,0
167.5,133.75,1,-1.0,0
167.5,134.0,1,-1.0,0
167.5,134.25,1,-1.0,0
167.5,134.5,1,-1.0,0
167.5,134.75,1,-1.0,0
167.5,135.0,1,-1.0,0
167.5,135.25,1,-1.0,0
167.5,135.5,1,-1.0,0
167.5,135.75,1,-1.0,0
167.5,136.0,1,-1.0,0
167.5,136.25,1,-1.0,0
167.5,136.5,1,-1.0,0
167.5,136.75,1,-1.0,0
167.5,137.0,1,-1.0,0
167.5,137.25,1,-1.0,0
167.5,137.5,1,-1.0,0
167.5,137.75,1,-1.0,0
167.5,138.0,1,-1.0,0
167.75,112.0,2,1788.7774,0
167.75,112.25,2,1860.9372,0
167.75,112.5,2,1939.713,0
167.75,112.75,2,2026.0612,0
167.75,113.0,2,2121.1306,0
167.75,113.25,2,2226.3133,0
167.75,113.5,2,2343.3229,0
167.75,113.75,2,2474.2779,0
167.75,114.0,2,2621.8328,0
167.75,114.25,2,2789.3571,0
167.75,114.5,2,2981.2167,0
167.75,114.75,2,3203.1382,0
167.75,115.0,2,3462.7869,0
167.75,115.25,2,3770.6956,0
167.75,115.5,2,4141.7234,0
167.75,115.75,2,4597.5045,0
167.75,116.0,2,5170.8353,0
167.75,116.25,2,5913.9959,0
167.75,116.5,2,6915.6013,0
167.75,116.75,2,8338.8462,0
167.75,117.0,2,10521.215,0
167.75,117.25,2,14291.141,0
167.75,117.5,2,22371.06,0
167.75,117.75,2,52022.034,0
167.75,118.0,1,-1.0,0
167.75,118.25,1,-1.0,0
167.75,118.5,1,-1.0,0
167.75,118.75,1,-1.0,0
167.75,119.0,1,-1.0,0
167.75,119.25,1,-1.0,0
167.75,119.5,1,-1.0,0
167.75,119.75,1,-1.0,0
167.75,120.0,1,-1.0,0
167.75,120.25,1,-1.0,0
167.75,120.5,1,-1.0,0
167.75,120.75,1,-1.0,0
167.75,121.0,1,-1.0,0
167.75,121.25,1,-1.0,0
167.75,121.5,1,-1.0,0
167.75,121.75,1,-1.0,0
167.75,122.0,1,-1.0,0
167.75,122.25,1,-1.0,0
167.75,122.5,1,-1.0,0
167.75,122.75,1,-1.0,0
167.75,123.0,1,-1.0,0
167.75,123.25,1,-1.0,0
167.75,123.5,1,-1.0,0
167.75,123.75,1,-1.0,0
167.75,124.0,1,-1.0,0
167.75,124.25,1,-1.0,0
167.75,124.5,1,-1.0,0
167.75,124.75,1,-1.0,0
167.75,125.0,1,-1.0,0
167.75,125.25,1,-1.0,0
167.75,125.5,1,-1.0,0
167.75,125.75,1,-1.0,0
167.75,126.0,1,-1.0,0
167.75,126.25,1,-1.0,0
167.75,126.5,1,-1.0,0
167.75,126.75,1,-1.0,0
167.75,127.0,1,-1.0,0
167.75,127.25,1,-1.0,0
167.75,127.5,1,-1.0,0
167.75,127.75,1,-1.0,0
167.75,128.0,1,-1.0,0
167.75,128.25,1,-1.0,0
167.75,128.5,1,-1.0,0
167.75,128.75,1,-1.0,0
167.75,129.0,1,-1.0,0
167.75,129.25,1,-1.0,0
167.75,129.5,1,-1.0,0
167.75,129.75,1,-1.0,0
167.75,130.0,1,-1.0,0
167.75,130.25,1,-1.0,0
167.75,130.5,1,-1.0,0
167.75,130.75,1,-1.0,0
167.75,131.0,1,-1.0,0
167.75,131.25,1,-1.0,0
167.75,131.5,1,-1.0,0
167.75,131.75,1,-1.0,0
167.75,132.0,1,-1.0,0
167.75,132.25,1,-1.0,0
167.75,132.5,1,-1.0,0
167.75,132.75,1,-1.0,0
167.75,133.0,1,-1.0,0
167.75,133.25,1,-1.0,0
167.75,133.5,1,-1.0,0
167.75,133.75,1,-1.0,0
167.75,134.0,1,-1.0,0
167.75,134.25,1,-1.0,0
167.75,134.5,1,-1.0,0
167.75,134.75,1,-1.0,0
167.75,135.0,1,-1.0,0
167.75,135.25,1,-1.0,0
167.75,135.5,1,-1.0,0
167.75,135.75,1,-1.0,0
167.75,136.0,1,-1.0,0
167.75,136.25,1,-1.0,0
167.75,136.5,1,-1.0,0
167.75,136.75,1,-1.0,0
167.75,137.0,1,-1.0,0
167.75,137.25,1,-1.0,0
167.75,137.5,1,-1.0,0
167.75,137.75,1,-1.0,0
167.75,138.0,1,-1.0,0
168.0,112.0,2,1643.6148,0
168.0,112.25,2,1703.9967,0
168.0,112.5,2,1769.4355,0
168.0,112.75,2,1840.5933,0
168.0,113.0,2,1918.259,0
168.0,113.25,2,2003.3722,0
168.0,113.5,2,2097.0614,0
168.0,113.75,2,2200.6913,0
168.0,114.0,2,2315.9378,0
168.0,114.25,2,2444.8789,0
168.0,114.5,2,2590.1152,0
168.0,114.75,2,2754.9384,0
168.0,115.0,2,2943.6188,0
168.0,115.25,2,3161.7493,0
168.0,115.5,2,3416.8041,0
168.0,115.75,2,3719.0516,0
168.0,116.0,2,4082.9476,0
168.0,116.25,2,4529.489,0
168.0,116.5,2,5090.4869,0
168.0,116.75,2,5816.4647,0
168.0,117.0,2,6792.7266,0
168.0,117.25,2,8175.8161,0
168.0,117.5,2,10287.103,0
168.0,117.75,2,13907.082,0
168.0,118.0,2,21553.182,0
168.0,118.25,2,48358.737,0
168.0,118.5,1,-1.0,0
168.0,118.75,1,-1.0,0
168.0,119.0,1,-1.0,0
168.0,119.25,1,-1.0,0
168.0,119.5,1,-1.0,0
168.0,119.75,1,-1.0,0
168.0,120.0,1,-1.0,0
168.0,120.25,1,-1.0,0
168.0,120.5,1,-1.0,0
168.0,120.75,1,-1.0,0
168.0,121.0,1,-1.0,0
168.0,121.25,1,-1.0,0
168.0,121.5,1,-1.0,0
168.0,121.75,1,-1.0,0
168.0,122.0,1,-1.0,0
168.0,122.25,1,-1.0,0
168.0,122.5,1,-1.0,0
168.0,122.75,1,-1.0,0
168.0,123.0,1,-1.0,0
168.0,123.25,1,-1.0,0
168.0,123.5,1,-1.0,0
168.0,123.75,1,-1.0,0
168.0,124.0,1,-1.0,0
168.0,124.25,1,-1.0,0
168.0,124.5,1,-1.0,0
168.0,124.75,1,-1.0,0
168.0,125.0,1,-1.0,0
168.0,125.25,1,-1.0,0
168.0,125.5,1,-1.0,0
168.0,125.75,1,-1.0,0
168.0,126.0,1,-1.0,0
168.0,126.25,1,-1.0,0
168.0,126.5,1,-1.0,0
168.0,126.75,1,-1.0,0
168.0,127.0,1,-1.0,0
168.0,127.25,1,-1.0,0
168.0,127.5,1,-1.0,0
168.0,127.75,1,-1.0,0
168.0,128.0,1,-1.0,0
168.0,128.25,1,-1.0,0
168.0,128.5,1,-1.0,0
168.0,128.75,1,-1.0,0
168.0,129.0,1,-1.0,0
168.0,129.25,1,-1.0,0
168.0,129.5,1,-1.0,0
168.0,129.75,1,-1.0,0
168.0,130.0,1,-1.0,0
168.0,130.25,1,-1.0,0
168.0,130.5,1,-1.0,0
168.0,130.75,1,-1.0,0
168.0,131.0,1,-1.0,0
168.0,131.25,1,-1.0,0
168.0,131.5,1,-1.0,0
168.0,131.75,1,-1.0,0
168.0,132.0,1,-1.0,0
168.0,132.25,1,-1.0,0
168.0,132.5,1,-1.0,0
168.0,132.75,1,-1.0,0
168.0,133.0,1,-1.0,0
168.0,133.25,1,-1.0,0
168.0,133.5,1,-1.0,0
168.0,133.75,1,-1.0,0
168.0,134.0,1,-1.0,0
168.0,134.25,1,-1.0,0
168.0,134.5,1,-1.0,0
168.0,134.75,1,-1.0,0
168.0,135.0,1,-1.0,0
168.0,135.25,1,-1.0,0
168.0,135.5,1,-1.0,0
168.0,135.75,1,-1.0,0
168.0,136.0,1,-1.0,0
168.0,136.25,1,-1.0,0
168.0,136.5,1,-1.0,0
168.0,136.75,1,-1.0,0
168.0,137.0,1,-1.0,0
168.0,137.25,1,-1.0,0
168.0,137.5,1,-1.0,0
168.0,137.75,1,-1.0,0
168.0,138.0,1,-1.0,0
168.25,112.0,2,1519.6588,0
168.25,112.25,2,1570.8447,0
168.25,112.5,2,1625.9716,0
168.25,112.75,2,1685.5183,0
168.25,113.0,2,1750.0405,0
168.25,113.25,2,1820.1915,0
168.25,113.5,2,1896.7404,0
168.25,113.75,2,1980.6092,0
168.25,114.0,2,2072.9061,0
168.25,114.25,2,2174.9717,0
168.25,114.5,2,2288.4406,0
168.25,114.75,2,2415.3506,0
168.25,115.0,2,2558.2462,0
168.25,115.25,2,2720.3456,0
168.25,115.5,2,2905.8178,0
168.25,115.75,2,3120.122,0
168.25,116.0,2,3370.539,0
168.25,116.25,2,3667.0716,0
168.25,116.5,2,4023.7634,0
168.25,116.75,2,4460.9839,0
168.25,117.0,2,5009.5399,0
168.25,117.25,2,5718.1675,0
168.25,117.5,2,6668.9478,0
168.25,117.75,2,8011.7145,0
168.25,118.0,2,10051.784,0
168.25,118.25,2,13523.282,0
168.25,118.5,2,20747.382,0
168.25,118.75,2,44966.417,0
168.25,119.0,1,-1.0,0
168.25,119.25,1,-1.0,0
168.25,119.5,1,-1.0,0
168.25,119.75,1,-1.0,0
168.25,120.0,1,-1.0,0
168.25,120.25,1,-1.0,0
168.25,120.5,1,-1.0,0
168.25,120.75,1,-1.0,0
168.25,121.0,1,-1.0,0
168.25,121.25,1,-1.0,0
168.25,121.5,1,-1.0,0
168.25,121.75,1,-1.0,0
168.25,122.0,1,-1.0,0
168.25,122.25,1,-1.0,0
168.25,122.5,1,-1.0,0
168.25,122.75,1,-1.0,0
168.25,123.0,1,-1.0,0
168.25,123.25,1,-1.0,0
168.25,123.5,1,-1.0,0
168.25,123.75,1,-1.0,0
168.25,124.0,1,-1.0,0
168.25,124.25,1,-1.0,0
168.25,124.5,1,-1.0,0
168.25,124.75,1,-1.0,0
168.25,125.0,1,-1.0,0
168.25,125.25,1,-1.0,0
168.25,125.5,1,-1.0,0
168.25,125.75,1,-1.0,0
168.25,126.0,1,-1.0,0
168.25,126.25,1,-1.0,0
168.25,126.5,1,-1.0,0
168.25,126.75,1,-1.0,0
168.25,127.0,1,-1.0,0
168.25,127.25,1,-1.0,0
168.25,127.5,1,-1.0,0
168.25,127.75,1,-1.0,0
168.25,128.0,1,-1.0,0
168.25,128.25,1,-1.0,0
168.25,128.5,1,-1.0,0
168.25,128.75,1,-1.0,0
168.25,129.0,1,-1.0,0
168.25,129.25,1,-1.0,0
168.25,129.5,1,-1.0,0
168.25,129.75,1,-1.0,0
168.25,130.0,1,-1.0,0
168.25,130.25,1,-1.0,0
168.25,130.5,1,-1.0,0
168.25,130.75,1,-1.0,0
168.25,131.0,1,-1.0,0
168.25,131.25,1,-1.0,0
168.25,131.5,1,-1.0,0
168.25,131.75,1,-1.0,0
168.25,132.0,1,-1.0,0
168.25,132.25,1,-1.0,0
168.25,132.5,1,-1.0,0
168.25,132.75,1,-1.0,0
168.25,133.0,1,-1.0,0
168.25,133.25,1,-1.0,0
168.25,133.5,1,-1.0,0
168.25,133.75,1,-1.0,0
168.25,134.0,1,-1.0,0
168.25,134.25,1,-1.0,0
168.25,134.5,1,-1.0,0
168.25,134.75,1,-1.0,0
168.25,135.0,1,-1.0,0
168.25,135.25,1,-1.0,0
168.25,135.5,1,-1.0,0
168.25,135.75,1,-1.0,0
168.25,136.0,1,-1.0,0
168.25,136.25,1,-1.0,0
168.25,136.5,1,-1.0,0
168.25,136.75,1,-1.0,0
168.25,137.0,1,-1.0,0
168.25,137.25,1,-1.0,0
168.25,137.5,1,-1.0,0
168.25,137.75,1,-1.0,0
168.25,138.0,1,-1.0,0
168.5,112.0,2,1412.5799,0
168.5,112.25,2,1456.4524,0
168.5,112.5,2,1503.4544,0
168.5,112.75,2,1553.935,0
168.5,113.0,2,1608.2968,0
168.5,113.25,2,1667.005,0
168.5,113.5,2,1730.6052,0
168.5,113.75,2,1799.7399,0
168.5,114.0,2,1875.1671,0
168.5,114.25,2,1957.784,0
168.5,114.5,2,2048.6791,0
168.5,114.75,2,2149.1668,0
168.5,115.0,2,2260.848,0
168.5,115.25,2,2385.7124,0
168.5,115.5,2,2526.2499,0
168.5,115.75,2,2685.6046,0
168.5,116.0,2,2867.8442,0
168.5,116.25,2,3078.2907,0
168.5,116.5,2,3324.0356,0
168.5,116.75,2,3614.8096,0
168.5,117.0,2,3964.2365,0
168.5,117.25,2,4392.0771,0
168.5,117.5,2,4928.1081,0
168.5,117.75,2,5619.287,0
168.5,118.0,2,6544.4998,0
168.5,118.25,2,7846.834,0
168.5,118.5,2,9816.0491,0
168.5,118.75,2,13140.927,0
168.5,119.0,2,19956.229,0
168.5,119.25,2,41835.51,0
168.5,119.5,1,-1.0,0
168.5,119.75,1,-1.0,0
168.5,120.0,1,-1.0,0
168.5,120.25,1,-1.0,0
168.5,120.5,1,-1.0,0
168.5,120.75,1,-1.0,0
168.5,121.0,1,-1.0,0
168.5,121.25,1,-1.0,0
168.5,121.5,1,-1.0,0
168.5,121.75,1,-1.0,0
168.5,122.0,1,-1.0,0
168.5,122.25,1,-1.0,0
168.5,122.5,1,-1.0,0
168.5,122.75,1,-1.0,0
168.5,123.0,1,-1.0,0
168.5,123.25,1,-1.0,0
168.5,123.5,1,-1.0,0
168.5,123.75,1,-1.0,0
168.5,124.0,1,-1.0,0
168.5,124.25,1,-1.0,0
168.5,124.5,1,-1.0,0
168.5,124.75,1,-1.0,0
168.5,125.0,1,-1.0,0
168.5,125.25,1,-1.0,0
168.5,125.5,1,-1.0,0
168.5,125.75,1,-1.0,0
168.5,126.0,1,-1.0,0
168.5,126.25,1,-1.0,0
168.5,126.5,1,-1.0,0
168.5,126.75,1,-1.0,0
168.5,127.0,1,-1.0,0
168.5,127.25,1,-1.0,0
168.5,127.5,1,-1.0,0
168.5,127.75,1,-1.0,0
168.5,128.0,1,-1.0,0
168.5,128.25,1,-1.0,0
168.5,128.5,1,-1.0,0
168.5,128.75,1,-1.0,0
168.5,129.0,1,-1.0,0
168.5,129.25,1,-1.0,0
168.5,129.5,1,-1.0,0
168.5,129.75,1,-1.0,0
168.5,130.0,1,-1.0,0
168.5,130.25,1,-1.0,0
168.5,130.5,1,-1.0,0
168.5,130.75,1,-1.0,0
168.5,131.0,1,-1.0,0
168.5,131.25,1,-1.0,0
168.5,131.5,1,-1.0,0
168.5,131.75,1,-1.0,0
168.5,132.0,1,-1.0,0
168.5,132.25,1,-1.0,0
168.5,132.5,1,-1.0,0
168.5,132.75,1,-1.0,0
168.5,133.0,1,-1.0,0
168.5,133.25,1,-1.0,0
168.5,133.5,1,-1.0,0
168.5,133.75,1,-1.0,0
168.5,134.0,1,-1.0,0
168.5,134.25,1,-1.0,0
168.5,134.5,1,-1.0,0
168.5,134.75,1,-1.0,0
168.5,135.0,1,-1.0,0
168.5,135.25,1,-1.0,0
168.5,135.5,1,-1.0,0
168.5,135.75,1,-1.0,0
168.5,136.0,1,-1.0,0
168.5,136.25,1,-1.0,0
168.5,136.5,1,-1.0,0
168.5,136.75,1,-1.0,0
168.5,137.0,1,-1.0,0
168.5,137.25,1,-1.0,0
168.5,137.5,1,-1.0,0
168.5,137.75,1,-1.0,0
168.5,138.0,1,-1.0,0
168.75,112.0,2,1319.1507,0
168.75,112.25,2,1357.1201,0
168.75,112.5,2,1397.6104,0
168.75,112.75,2,1440.8826,0
168.75,113.0,2,1487.2344,0
168.75,113.25,2,1537.0063,0
168.75,113.5,2,1590.5959,0
168.75,113.75,2,1648.4622,0
168.75,114.0,2,1711.1378,0
168.75,114.25,2,1779.2509,0
168.75,114.5,2,1853.5468,0
168.75,114.75,2,1934.9081,0
168.75,115.0,2,2024.3936,0
168.75,115.25,2,2123.2937,0
168.75,115.5,2,2233.1767,0
168.75,115.75,2,2355.9832,0
168.75,116.0,2,2494.1484,0
168.75,116.25,2,2650.741,0
168.75,116.5,2,2829.7281,0
168.75,116.75,2,3036.2916,0
168.75,117.0,2,3277.3374,0
168.75,117.25,2,3562.3191,0
168.75,117.5,2,3904.4406,0
168.75,117.75,2,4322.8543,0
168.75,118.0,2,4846.2846,0
168.75,118.25,2,5519.9879,0
168.75,118.5,2,6419.5822,0
168.75,118.75,2,7681.5872,0
168.75,119.0,2,9580.4791,0
168.75,119.25,2,12761.003,0
168.75,119.5,2,19182.792,0
168.75,119.75,2,38947.871,0
168.75,120.0,1,-1.0,0
168.75,120.25,1,-1.0,0
168.75,120.5,1,-1.0,0
168.75,120.75,1,-1.0,0
168.75,121.0,1,-1.0,0
168.75,121.25,1,-1.0,0
168.75,121.5,1,-1.0,0
168.75,121.75,1,-1.0,0
168.75,122.0,1,-1.0,0
168.75,122.25,1,-1.0,0
168.75,122.5,1,-1.0,0
168.75,122.75,1,-1.0,0
168.75,123.0,1,-1.0,0
168.75,123.25,1,-1.0,0
168.75,123.5,1,-1.0,0
168.75,123.75,1,-1.0,0
168.75,124.0,1,-1.0,0
168.75,124.25,1,-1.0,0
168.75,124.5,1,-1.0,0
168.75,124.75,1,-1.0,0
168.75,125.0,1,-1.0,0
168.75,125.25,1,-1.0,0
168.75,125.5,1,-1.0,0
168.75,125.75,1,-1.0,0
168.75,126.0,1,-1.0,0
168.75,126.25,1,-1.0,0
168.75,126.5,1,-1.0,0
168.75,126.75,1,-1.0,0
168.75,127.0,1,-1.0,0
168.75,127.25,1,-1.0,0
168.75,127.5,1,-1.0,0
168.75,127.75,1,-1.0,0
168.75,128.0,1,-1.0,0
168.75,128.25,1,-1.0,0
168.75,128.5,1,-1.0,0
168.75,128.75,1,-1.0,0
168.75,129.0,1,-1.0,0
168.75,129.25,1,-1.0,0
168.75,129.5,1,-1.0,0
168.75,129.75,1,-1.0,0
168.75,130.0,1,-1.0,0
168.75,130.25,1,-1.0,0
168.75,130.5,1,-1.0,0
168.75,130.75,1,-1.0,0
168.75,131.0,1,-1.0,0
168.75,131.25,1,-1.0,0
168.75,131.5,1,-1.0,0
168.75,131.75,1,-1.0,0
168.75,132.0,1,-1.0,0
168.75,132.25,1,-1.0,0
168.75,132.5,1,-1.0,0
168.75,132.75,1,-1.0,0
168.75,133.0,1,-1.0,0
168.75,133.25,1,-1.0,0
168.75,133.5,1,-1.0,0
168.75,133.75,1,-1.0,0
168.75,134.0,1,-1.0,0
168.75,134.25,1,-1.0,0
168.75,134.5,1,-1.0,0
168.75,134.75,1,-1.0,0
168.75,135.0,1,-1.0,0
168.75,135.25,1,-1.0,0
168.75,135.5,1,-1.0,0
168.75,135.75,1,-1.0,0
168.75,136.0,1,-1.0,0
168.75,136.25,1,-1.0,0
168.75,136.5,1,-1.0,0
168.75,136.75,1,-1.0,0
168.75,137.0,1,-1.0,0
168.75,137.25,1,-1.0,0
168.75,137.5,1,-1.0,0
168.75,137.75,1,-1.0,0
168.75,138.0,1,-1.0,0
169.0,112.0,2,1236.9206,0
169.0,112.25,2,1270.0587,0
169.0,112.5,2,1305.254,0
169.0,112.75,2,1342.7053,0
169.0,113.0,2,1382.6359,0
169.0,113.25,2,1425.303,0
169.0,113.5,2,1471.0005,0
169.0,113.75,2,1520.0645,0
169.0,114.0,2,1572.8792,0
169.0,114.25,2,1629.8976,0
169.0,114.5,2,1691.6452,0
169.0,114.75,2,1758.7338,0
169.0,115.0,2,1831.8933,0
169.0,115.25,2,1911.9918,0
169.0,115.5,2,2000.0623,0
169.0,115.75,2,2097.3673,0
169.0,116.0,2,2205.4432,0
169.0,116.25,2,2326.1819,0
169.0,116.5,2,2461.9633,0
169.0,116.75,2,2615.7801,0
169.0,117.0,2,2791.4991,0
169.0,117.25,2,2994.1613,0
169.0,117.5,2,3230.487,0
169.0,117.75,2,3509.6458,0
169.0,118.0,2,3844.4412,0
169.0,118.25,2,4253.3969,0
169.0,118.5,2,4764.2038,0
169.0,118.75,2,5420.4219,0
169.0,119.0,2,6294.4103,0
169.0,119.25,2,7516.3231,0
169.0,119.5,2,9345.5038,0
169.0,119.75,2,12384.782,0
169.0,120.0,2,18428.516,0
169.0,120.25,2,36289.088,0
169.0,120.5,2,1615674.7,0
169.0,120.75,1,-1.0,0
169.0,121.0,1,-1.0,0
169.0,121.25,1,-1.0,0
169.0,121.5,1,-1.0,0
169.0,121.75,1,-1.0,0
169.0,122.0,1,-1.0,0
169.0,122.25,1,-1.0,0
169.0,122.5,1,-1.0,0
169.0,122.75,1,-1.0,0
169.0,123.0,1,-1.0,0
169.0,123.25,1,-1.0,0
169.0,123.5,1,-1.0,0
169.0,123.75,1,-1.0,0
169.0,124.0,1,-1.0,0
169.0,124.25,1,-1.0,0
169.0,124.5,1,-1.0,0
169.0,124.75,1,-1.0,0
169.0,125.0,1,-1.0,0
169.0,125.25,1,-1.0,0
169.0,125.5,1,-1.0,0
169.0,125.75,1,-1.0,0
169.0,126.0,1,-1.0,0
169.0,126.25,1,-1.0,0
169.0,126.5,1,-1.0,0
169.0,126.75,1,-1.0,0
169.0,127.0,1,-1.0,0
169.0,127.25,1,-1.0,0
169.0,127.5,1,-1.0,0
169.0,127.75,1,-1.0,0
169.0,128.0,1,-1.0,0
169.0,128.25,1,-1.0,0
169.0,128.5,1,-1.0,0
169.0,128.75,1,-1.0,0
169.0,129.0,1,-1.0,0
169.0,129.25,1,-1.0,0
169.0,129.5,1,-1.0,0
169.0,129.75,1,-1.0,0
169.0,130.0,1,-1.0,0
169.0,130.25,1,-1.0,0
169.0,130.5,1,-1.0,0
169.0,130.75,1,-1.0,0
169.0,131.0,1,-1.0,0
169.0,131.25,1,-1.0,0
169.0,131.5,1,-1.0,0
169.0,131.75,1,-1.0,0
169.0,132.0,1,-1.0,0
169.0,132.25,1,-1.0,0
169.0,132.5,1,-1.0,0
169.0,132.75,1,-1.0,0
169.0,133.0,1,-1.0,0
169.0,133.25,1,-1.0,0
169.0,133.5,1,-1.0,0
169.0,133.75,1,-1.0,0
169.0,134.0,1,-1.0,0
169.0,134.25,1,-1.0,0
169.0,134.5,1,-1.0,0
169.0,134.75,1,-1.0,0
169.0,135.0,1,-1.0,0
169.0,135.25,1,-1.0,0
169.0,135.5,1,-1.0,0
169.0,135.75,1,-1.0,0
169.0,136.0,1,-1.0,0
169.0,136.25,1,-1.0,0
169.0,136.5,1,-1.0,0
169.0,136.75,1,-1.0,0
169.0,137.0,1,-1.0,0
169.0,137.25,1,-1.0,0
169.0,137.5,1,-1.0,0
169.0,137.75,1,-1.0,0
169.0,138.0,1,-1.0,0
169.25,112.0,2,1163.9907,0
169.25,112.25,2,1193.1276,0
169.25,112.5,2,1223.9626,0
169.25,112.75,2,1256.6494,0
169.25,113.0,2,1291.3588,0
169.25,113.25,2,1328.2881,0
169.25,113.5,2,1367.6586,0
169.25,113.75,2,1409.7216,0
169.25,114.0,2,1454.7618,0
169.25,114.25,2,1503.1121,0
169.25,114.5,2,1555.153,0
169.25,114.75,2,1611.3212,0
169.25,115.0,2,1672.1349,0
169.25,115.25,2,1738.1977,0
169.25,115.5,2,1810.2168,0
169.25,115.75,2,1889.0458,0
169.25,116.0,2,1975.6979,0
169.25,116.25,2,2071.4019,0
169.25,116.5,2,2177.6638,0
169.25,116.75,2,2296.327,0
169.25,117.0,2,2429.7159,0
169.25,117.25,2,2580.7468,0
169.25,117.5,2,2753.1865,0
169.25,117.75,2,2951.9344,0
169.25,118.0,2,3183.5261,0
169.25,118.25,2,3456.8441,0
169.25,118.5,2,3784.302,0
169.25,118.75,2,4183.7722,0
169.25,119.0,2,4681.9727,0
169.25,119.25,2,5320.6992,0
169.25,119.5,2,6169.2238,0
169.25,119.75,2,7351.2855,0
169.25,120.0,2,9111.7834,0
169.25,120.25,2,12012.984,0
169.25,120.5,2,17695.43,0
169.25,120.75,2,33841.416,0
169.25,121.0,2,425208.18,0
169.25,121.25,1,-1.0,0
169.25,121.5,1,-1.0,0
169.25,121.75,1,-1.0,0
169.25,122.0,1,-1.0,0
169.25,122.25,1,-1.0,0
169.25,122.5,1,-1.0,0
169.25,122.75,1,-1.0,0
169.25,123.0,1,-1.0,0
169.25,123.25,1,-1.0,0
169.25,123.5,1,-1.0,0
169.25,123.75,1,-1.0,0
169.25,124.0,1,-1.0,0
169.25,124.25,1,-1.0,0
169.25,124.5,1,-1.0,0
169.25,124.75,1,-1.0,0
169.25,125.0,1,-1.0,0
169.25,125.25,1,-1.0,0
169.25,125.5,1,-1.0,0
169.25,125.75,1,-1.0,0
169.25,126.0,1,-1.0,0
169.25,126.25,1,-1.0,0
169.25,126.5,1,-1.0,0
169.25,126.75,1,-1.0,0
169.25,127.0,1,-1.0,0
169.25,127.25,1,-1.0,0
169.25,127.5,1,-1.0,0
169.25,127.75,1,-1.0,0
169.25,128.0,1,-1.0,0
169.25,128.25,1,-1.0,0
169.25,128.5,1,-1.0,0
169.25,128.75,1,-1.0,0
169.25,129.0,1,-1.0,0
169.25,129.25,1,-1.0,0
169.25,129.5,1,-1.0,0
169.25,129.75,1,-1.0,0
169.25,130.0,1,-1.0,0
169.25,130.25,1,-1.0,0
169.25,130.5,1,-1.0,0
169.25,130.75,1,-1.0,0
169.25,131.0,1,-1.0,0
169.25,131.25,1,-1.0,0
169.25,131.5,1,-1.0,0
169.25,131.75,1,-1.0,0
169.25,132.0,1,-1.0,0
169.25,132.25,1,-1.0,0
169.25,132.5,1,-1.0,0
169.25,132.75,1,-1.0,0
169.25,133.0,1,-1.0,0
169.25,133.25,1,-1.0,0
169.25,133.5,1,-1.0,0
169.25,133.75,1,-1.0,0
169.25,134.0,1,-1.0,0
169.25,134.25,1,-1.0,0
169.25,134.5,1,-1.0,0
169.25,134.75,1,-1.0,0
169.25,135.0,1,-1.0,0
169.25,135.25,1,-1.0,0
169.25,135.5,1,-1.0,0
169.25,135.75,1,-1.0,0
169.25,136.0,1,-1.0,0
169.25,136.25,1,-1.0,0
169.25,136.5,1,-1.0,0
169.25,136.75,1,-1.0,0
169.25,137.0,1,-1.0,0
169.25,137.25,1,-1.0,0
169.25,137.5,1,-1.0,0
169.25,137.75,1,-1.0,0
169.25,138.0,1,-1.0,0
169.5,112.0,2,1098.8686,0
169.5,112.25,2,1124.6568,0
169.5,112.5,2,1151.8609,0
169.5,112.75,2,1180.6013,0
169.5,113.0,2,1211.0114,0
169.5,113.25,2,1243.2439,0
169.5,113.5,2,1277.4688,0
169.5,113.75,2,1313.8772,0
169.5,114.0,2,1352.6843,0
169.5,114.25,2,1394.1394,0
169.5,114.5,2,1438.5248,0
169.5,114.75,2,1486.1595,0
169.5,115.0,2,1537.4207,0
169.5,115.25,2,1592.7401,0
169.5,115.5,2,1652.6176,0
169.5,115.75,2,1717.6487,0
169.5,116.0,2,1788.5272,0
169.5,116.25,2,1866.0833,0
169.5,116.5,2,1951.3128,0
169.5,116.75,2,2045.4117,0
169.5,117.0,2,2149.8539,0
169.5,117.25,2,2266.4368,0
169.5,117.5,2,2397.4272,0
169.5,117.75,2,2545.6653,0
169.5,118.0,2,2714.8187,0
169.5,118.25,2,2909.6448,0
169.5,118.5,2,3136.4953,0
169.5,118.75,2,3403.9668,0
169.5,119.0,2,3724.0849,0
169.5,119.25,2,4114.0759,0
169.5,119.5,2,4599.6913,0
169.5,119.75,2,5220.9928,0
169.5,120.0,2,6044.2013,0
169.5,120.25,2,7186.8261,0
169.5,120.5,2,8879.72,0
169.5,120.75,2,11646.553,0
169.5,121.0,2,16984.498,0
169.5,121.25,2,31589.243,0
169.5,121.5,2,238357.77,0
169.5,121.75,1,-1.0,0
169.5,122.0,1,-1.0,0
169.5,122.25,1,-1.0,0
169.5,122.5,1,-1.0,0
169.5,122.75,1,-1.0,0
169.5,123.0,1,-1.0,0
169.5,123.25,1,-1.0,0
169.5,123.5,1,-1.0,0
169.5,123.75,1,-1.0,0
169.5,124.0,1,-1.0,0
169.5,124.25,1,-1.0,0
169.5,124.5,1,-1.0,0
169.5,124.75,1,-1.0,0
169.5,125.0,1,-1.0,0
169.5,125.25,1,-1.0,0
169.5,125.5,1,-1.0,0
169.5,125.75,1,-1.0,0
169.5,126.0,1,-1.0,0
169.5,126.25,1,-1.0,0
169.5,126.5,1,-1.0,0
169.5,126.75,1,-1.0,0
169.5,127.0,1,-1.0,0
169.5,127.25,1,-1.0,0
169.5,127.5,1,-1.0,0
169.5,127.75,1,-1.0,0
169.5,128.0,1,-1.0,0
169.5,128.25,1,-1.0,0
169.5,128.5,1,-1.0,0
169.5,128.75,1,-1.0,0
169.5,129.0,1,-1.0,0
169.5,129.25,1,-1.0,0
169.5,129.5,1,-1.0,0
169.5,129.75,1,-1.0,0
169.5,130.0,1,-1.0,0
169.5,130.25,1,-1.0,0
169.5,130.5,1,-1.0,0
169.5,130.75,1,-1.0,0
169.5,131.0,1,-1.0,0
169.5,131.25,1,-1.0,0
169.5,131.5,1,-1.0,0
169.5,131.75,1,-1.0,0
169.5,132.0,1,-1.0,0
169.5,132.25,1,-1.0,0
169.5,132.5,1,-1.0,0
169.5,132.75,1,-1.0,0
169.5,133.0,1,-1.0,0
169.5,133.25,1,-1.0,0
169.5,133.5,1,-1.0,0
169.5,133.75,1,-1.0,0
169.5,134.0,1,-1.0,0
169.5,134.25,1,-1.0,0
169.5,134.5,1,-1.0,0
169.5,134.75,1,-1.0,0
169.5,135.0,1,-1.0,0
169.5,135.25,1,-1.0,0
169.5,135.5,1,-1.0,0
169.5,135.75,1,-1.0,0
169.5,136.0,1,-1.0,0
169.5,136.25,1,-1.0,0
169.5,136.5,1,-1.0,0
169.5,136.75,1,-1.0,0
169.5,137.0,1,-1.0,0
169.5,137.25,1,-1.0,0
169.5,137.5,1,-1.0,0
169.5,137.75,1,-1.0,0
169.5,138.0,1,-1.0,0
169.75,112.0,2,1040.3648,0
169.75,112.25,2,1063.324,0
169.75,112.5,2,1087.4747,0
169.75,112.75,2,1112.9125,0
169.75,113.0,2,1139.7424,0
169.75,113.25,2,1168.0845,0
169.75,113.5,2,1198.0713,0
169.75,113.75,2,1229.851,0
169.75,114.0,2,1263.5881,0
169.75,114.25,2,1299.4731,0
169.75,114.5,2,1337.7193,0
169.75,114.75,2,1378.5654,0
169.75,115.0,2,1422.2908,0
169.75,115.25,2,1469.213,0
169.75,115.5,2,1519.6931,0
169.75,115.75,2,1574.159,0
169.75,116.0,2,1633.1013,0
169.75,116.25,2,1697.0983,0
169.75,116.5,2,1766.8344,0
169.75,116.75,2,1843.1153,0
169.75,117.0,2,1926.9192,0
169.75,117.25,2,2019.4104,0
169.75,117.5,2,2122.0292,0
169.75,117.75,2,2236.5291,0
169.75,118.0,2,2365.1179,0
169.75,118.25,2,2510.5596,0
169.75,118.5,2,2676.4237,0
169.75,118.75,2,2867.3255,0
169.75,119.0,2,3089.4307,0
169.75,119.25,2,3351.0621,0
169.75,119.5,2,3663.8376,0
169.75,119.75,2,4044.3844,0
169.75,120.0,2,4517.4378,0
169.75,120.25,2,5121.4401,0
169.75,120.5,2,5919.5114,0
169.75,120.75,2,7023.2309,0
169.75,121.0,2,8649.7459,0
169.75,121.25,2,11286.168,0
169.75,121.5,2,16296.707,0
169.75,121.75,2,29516.311,0
169.75,122.0,2,162565.66,0
169.75,122.25,1,-1.0,0
169.75,122.5,1,-1.0,0
169.75,122.75,1,-1.0,0
169.75,123.0,1,-1.0,0
169.75,123.25,1,-1.0,0
169.75,123.5,1,-1.0,0
169.75,123.75,1,-1.0,0
169.75,124.0,1,-1.0,0
169.75,124.25,1,-1.0,0
169.75,124.5,1,-1.0,0
169.75,124.75,1,-1.0,0
169.75,125.0,1,-1.0,0
169.75,125.25,1,-1.0,0
169.75,125.5,1,-1.0,0
169.75,125.75,1,-1.0,0
169.75,126.0,1,-1.0,0
169.75,126.25,1,-1.0,0
169.75,126.5,1,-1.0,0
169.75,126.75,1,-1.0,0
169.75,127.0,1,-1.0,0
169.75,127.25,1,-1.0,0
169.75,127.5,1,-1.0,0
169.75,127.75,1,-1.0,0
169.75,128.0,1,-1.0,0
169.75,128.25,1,-1.0,0
169.75,128.5,1,-1.0,0
169.75,128.75,1,-1.0,0
169.75,129.0,1,-1.0,0
169.75,129.25,1,-1.0,0
169.75,129.5,1,-1.0,0
169.75,129.75,1,-1.0,0
169.75,130.0,1,-1.0,0
169.75,130.25,1,-1.0,0
169.75,130.5,1,-1.0,0
169.75,130.75,1,-1.0,0
169.75,131.0,1,-1.0,0
169.75,131.25,1,-1.0,0
169.75,131.5,1,-1.0,0
169.75,131.75,1,-1.0,0
169.75,132.0,1,-1.0,0
169.75,132.25,1,-1.0,0
169.75,132.5,1,-1.0,0
169.75,132.75,1,-1.0,0
169.75,133.0,1,-1.0,0
169.75,133.25,1,-1.0,0
169.75,133.5,1,-1.0,0
169.75,133.75,1,-1.0,0
169.75,134.0,1,-1.0,0
169.75,134.25,1,-1.0,0
169.75,134.5,1,-1.0,0
169.75,134.75,1,-1.0,0
169.75,135.0,1,-1.0,0
169.75,135.25,1,-1.0,0
169.75,135.5,1,-1.0,0
169.75,135.75,1,-1.0,0
169.75,136.0,1,-1.0,0
169.75,136.25,1,-1.0,0
169.75,136.5,1,-1.0,0
169.75,136.75,1,-1.0,0
169.75,137.0,1,-1.0,0
169.75,137.25,1,-1.0,0
169.75,137.5,1,-1.0,0
169.75,137.75,1,-1.0,0
169.75,138.0,1,-1.0,0
170.0,112.0,2,987.51978,0
170.0,112.25,2,1008.0692,0
170.0,112.5,2,1029.6292,0
170.0,112.75,2,1052.277,0
170.0,113.0,2,1076.0961,0
170.0,113.25,2,1101.1818,0
170.0,113.5,2,1127.6391,0
170.0,113.75,2,1155.5845,0
170.0,114.0,2,1185.1456,0
170.0,114.25,2,1216.4701,0
170.0,114.5,2,1249.7219,0
170.0,114.75,2,1285.0835,0
170.0,115.0,2,1322.7648,0
170.0,115.25,2,1363.0044,0
170.0,115.5,2,1406.0699,0
170.0,115.75,2,1452.2749,0
170.0,116.0,2,1501.9765,0
170.0,116.25,2,1555.5873,0
170.0,116.5,2,1613.594,0
170.0,116.75,2,1676.5558,0
170.0,117.0,2,1745.1466,0
170.0,117.25,2,1820.1526,0
170.0,117.5,2,1902.5278,0
170.0,117.75,2,1993.4117,0
170.0,118.0,2,2094.2059,0
170.0,118.25,2,2206.6214,0
170.0,118.5,2,2332.8078,0
170.0,118.75,2,2475.4529,0
170.0,119.0,2,2638.0251,0
170.0,119.25,2,2825.0088,0
170.0,119.5,2,3042.3707,0
170.0,119.75,2,3298.1771,0
170.0,120.0,2,3603.6286,0
170.0,120.25,2,3974.7694,0
170.0,120.5,2,4435.3325,0
170.0,120.75,2,5022.1413,0
170.0,121.0,2,5795.371,0
170.0,121.25,2,6860.6879,0
170.0,121.5,2,8422.3145,0
170.0,121.75,2,10932.401,0
170.0,122.0,2,15632.582,0
170.0,122.25,2,27608.262,0
170.0,122.5,2,121610.42,0
170.0,122.75,1,-1.0,0
170.0,123.0,1,-1.0,0
170.0,123.25,1,-1.0,0
170.0,123.5,1,-1.0,0
170.0,123.75,1,-1.0,0
170.0,124.0,1,-1.0,0
170.0,124.25,1,-1.0,0
170.0,124.5,1,-1.0,0
170.0,124.75,1,-1.0,0
170.0,125.0,1,-1.0,0
170.0,125.25,1,-1.0,0
170.0,125.5,1,-1.0,0
170.0,125.75,1,-1.0,0
170.0,126.0,1,-1.0,0
170.0,126.25,1,-1.0,0
170.0,126.5,1,-1.0,0
170.0,126.75,1,-1.0,0
170.0,127.0,1,-1.0,0
170.0,127.25,1,-1.0,0
170.0,127.5,1,-1.0,0
170.0,127.75,1,-1.0,0
170.0,128.0,1,-1.0,0
170.0,128.25,1,-1.0,0
170.0,128.5,1,-1.0,0
170.0,128.75,1,-1.0,0
170.0,129.0,1,-1.0,0
170.0,129.25,1,-1.0,0
170.0,129.5,1,-1.0,0
170.0,129.75,1,-1.0,0
170.0,130.0,1,-1.0,0
170.0,130.25,1,-1.0,0
170.0,130.5,1,-1.0,0
170.0,130.75,1,-1.0,0
170.0,131.0,1,-1.0,0
170.0,131.25,1,-1.0,0
170.0,131.5,1,-1.0,0
170.0,131.75,1,-1.0,0
170.0,132.0,1,-1.0,0
170.0,132.25,1,-1.0,0
170.0,132.5,1,-1.0,0
170.0,132.75,1,-1.0,0
170.0,133.0,1,-1.0,0
170.0,133.25,1,-1.0,0
170.0,133.5,1,-1.0,0
170.0,133.75,1,-1.0,0
170.0,134.0,1,-1.0,0
170.0,134.25,1,-1.0,0
170.0,134.5,1,-1.0,0
170.0,134.75,1,-1.0,0
170.0,135.0,1,-1.0,0
170.0,135.25,1,-1.0,0
170.0,135.5,1,-1.0,0
170.0,135.75,1,-1.0,0
170.0,136.0,1,-1.0,0
170.0,136.25,1,-1.0,0
170.0,136.5,1,-1.0,0
170.0,136.75,1,-1.0,0
170.0,137.0,1,-1.0,0
170.0,137.25,1,-1.0,0
170.0,137.5,1,-1.0,0
170.0,137.75,1,-1.0,0
170.0,138.0,1,-1.0,0
170.25,112.0,2,939.55108,0
170.25,112.25,2,958.03196,0
170.25,112.5,2,977.37649,0
170.25,112.75,2,997.64722,0
170.25,113.0,2,1018.9122,0
170.25,113.25,2,1041.2468,0
170.25,113.5,2,1064.7355,0
170.25,113.75,2,1089.4709,0
170.25,114.0,2,1115.5546,0
170.25,114.25,2,1143.1007,0
170.25,114.5,2,1172.2381,0
170.25,114.75,2,1203.1089,0
170.25,115.0,2,1235.8723,0
170.25,115.25,2,1270.7114,0
170.25,115.5,2,1307.8294,0
170.25,115.75,2,1347.4588,0
170.25,116.0,2,1389.8673,0
170.25,116.25,2,1435.3545,0
170.25,116.5,2,1484.2757,0
170.25,116.75,2,1537.0328,0
170.25,117.0,2,1594.1004,0
170.25,117.25,2,1656.0298,0
170.25,117.5,2,1723.4739,0
170.25,117.75,2,1797.2057,0
170.25,118.0,2,1878.1523,0
170.25,118.25,2,1967.4287,0
170.25,118.5,2,2066.399,0
170.25,118.75,2,2176.731,0
170.25,119.0,2,2300.5158,0
170.25,119.25,2,2440.3679,0
170.25,119.5,2,2599.6528,0
170.25,119.75,2,2782.726,0
170.25,120.0,2,2995.3564,0
170.25,120.25,2,3245.3548,0
170.25,120.5,2,3543.5159,0
170.25,120.75,2,3905.2838,0
170.25,121.0,2,4353.466,0
170.25,121.25,2,4923.2319,0
170.25,121.5,2,5671.9133,0
170.25,121.75,2,6699.5157,0
170.25,122.0,2,8197.6713,0
170.25,122.25,2,10585.853,0
170.25,122.5,2,14992.46,0
170.25,122.75,2,25850.505,0
170.25,123.0,2,96049.977,0
170.25,123.25,1,-1.0,0
170.25,123.5,1,-1.0,0
170.25,123.75,1,-1.0,0
170.25,124.0,1,-1.0,0
170.25,124.25,1,-1.0,0
170.25,124.5,1,-1.0,0
170.25,124.75,1,-1.0,0
170.25,125.0,1,-1.0,0
170.25,125.25,1,-1.0,0
170.25,125.5,1,-1.0,0
170.25,125.75,1,-1.0,0
170.25,126.0,1,-1.0,0
170.25,126.25,1,-1.0,0
170.25,126.5,1,-1.0,0
170.25,126.75,1,-1.0,0
170.25,127.0,1,-1.0,0
170.25,127.25,1,-1.0,0
170.25,127.5,1,-1.0,0
170.25,127.75,1,-1.0,0
170.25,128.0,1,-1.0,0
170.25,128.25,1,-1.0,0
170.25,128.5,1,-1.0,0
170.25,128.75,1,-1.0,0
170.25,129.0,1,-1.0,0
170.25,129.25,1,-1.0,0
170.25,129.5,1,-1.0,0
170.25,129.75,1,-1.0,0
170.25,130.0,1,-1.0,0
170.25,130.25,1,-1.0,0
170.25,130.5,1,-1.0,0
170.25,130.75,1,-1.0,0
170.25,131.0,1,-1.0,0
170.25,131.25,1,-1.0,0
170.25,131.5,1,-1.0,0
170.25,131.75,1,-1.0,0
170.25,132.0,1,-1.0,0
170.25,132.25,1,-1.0,0
170.25,132.5,1,-1.0,0
170.25,132.75,1,-1.0,0
170.25,133.0,1,-1.0,0
170.25,133.25,1,-1.0,0
170.25,133.5,1,-1.0,0
170.25,133.75,1,-1.0,0
170.25,134.0,1,-1.0,0
170.25,134.25,1,-1.0,0
170.25,134.5,1,-1.0,0
170.25,134.75,1,-1.0,0
170.25,135.0,1,-1.0,0
170.25,135.25,1,-1.0,0
170.25,135.5,1,-1.0,0
170.25,135.75,1,-1.0,0
170.25,136.0,1,-1.0,0
170.25,136.25,1,-1.0,0
170.25,136.5,1,-1.0,0
170.25,136.75,1,-1.0,0
170.25,137.0,1,-1.0,0
170.25,137.25,1,-1.0,0
170.25,137.5,1,-1.0,0
170.25,137.75,1,-1.0,0
170.25,138.0,1,-1.0,0
170.5,112.0,2,895.814,0
170.5,112.25,2,912.50722,0
170.5,112.5,2,929.94341,0
170.5,112.75,2,948.17378,0
170.5,113.0,2,967.25438,0
170.5,113.25,2,987.2453,0
170.5,113.5,2,1008.2151,0
170.5,113.75,2,1030.2384,0
170.5,114.0,2,1053.3972,0
170.5,114.25,2,1077.7803,0
170.5,114.5,2,1103.4905,0
170.5,114.75,2,1130.6401,0
170.5,115.0,2,1159.3521,0
170.5,115.25,2,1189.7681,0
170.5,115.5,2,1222.0464,0
170.5,115.75,2,1256.3608,0
170.5,116.0,2,1292.9158,0
170.5,116.25,2,1331.937,0
170.5,116.5,2,1373.6848,0
170.5,116.75,2,1418.458,0
170.5,117.0,2,1466.5973,0
170.5,117.25,2,1518.5025,0
170.5,117.5,2,1574.6313,0
170.5,117.75,2,1635.5286,0
170.5,118.0,2,1701.8267,0
170.5,118.25,2,1774.2851,0
170.5,118.5,2,1853.8042,0
170.5,118.75,2,1941.4747,0
170.5,119.0,2,2038.6231,0
170.5,119.25,2,2146.8745,0
170.5,119.5,2,2268.2615,0
170.5,119.75,2,2405.3267,0
170.5,120.0,2,2561.3326,0
170.5,120.25,2,2740.5073,0
170.5,120.5,2,2948.4241,0
170.5,120.75,2,3192.6322,0
170.5,121.0,2,3483.5531,0
170.5,121.25,2,3836.0144,0
170.5,121.5,2,4271.9022,0
170.5,121.75,2,4824.8386,0
170.5,122.0,2,5549.3012,0
170.5,122.25,2,6539.8747,0
170.5,122.5,2,7976.2579,0
170.5,122.75,2,10246.851,0
170.5,123.0,2,14376.392,0
170.5,123.25,2,24230.902,0
170.5,123.5,2,78614.792,0
170.5,123.75,1,-1.0,0
170.5,124.0,1,-1.0,0
170.5,124.25,1,-1.0,0
170.5,124.5,1,-1.0,0
170.5,124.75,1,-1.0,0
170.5,125.0,1,-1.0,0
170.5,125.25,1,-1.0,0
170.5,125.5,1,-1.0,0
170.5,125.75,1,-1.0,0
170.5,126.0,1,-1.0,0
170.5,126.25,1,-1.0,0
170.5,126.5,1,-1.0,0
170.5,126.75,1,-1.0,0
170.5,127.0,1,-1.0,0
170.5,127.25,1,-1.0,0
170.5,127.5,1,-1.0,0
170.5,127.75,1,-1.0,0
170.5,128.0,1,-1.0,0
170.5,128.25,1,-1.0,0
170.5,128.5,1,-1.0,0
170.5,128.75,1,-1.0,0
170.5,129.0,1,-1.0,0
170.5,129.25,1,-1.0,0
170.5,129.5,1,-1.0,0
170.5,129.75,1,-1.0,0
170.5,130.0,1,-1.0,0
170.5,130.25,1,-1.0,0
170.5,130.5,1,-1.0,0
170.5,130.75,1,-1.0,0
170.5,131.0,1,-1.0,0
170.5,131.25,1,-1.0,0
170.5,131.5,1,-1.0,0
170.5,131.75,1,-1.0,0
170.5,132.0,1,-1.0,0
170.5,132.25,1,-1.0,0
170.5,132.5,1,-1.0,0
170.5,132.75,1,-1.0,0
170.5,133.0,1,-1.0,0
170.5,133.25,1,-1.0,0
170.5,133.5,1,-1.0,0
170.5,133.75,1,-1.0,0
170.5,134.0,1,-1.0,0
170.5,134.25,1,-1.0,0
170.5,134.5,1,-1.0,0
170.5,134.75,1,-1.0,0
170.5,135.0,1,-1.0,0
170.5,135.25,1,-1.0,0
170.5,135.5,1,-1.0,0
170.5,135.75,1,-1.0,0
170.5,136.0,1,-1.0,0
170.5,136.25,1,-1.0,0
170.5,136.5,1,-1.0,0
170.5,136.75,1,-1.0,0
170.5,137.0,1,-1.0,0
170.5,137.25,1,-1.0,0
170.5,137.5,1,-1.0,0
170.5,137.75,1,-1.0,0
170.5,138.0,1,-1.0,0
170.75,112.0,2,855.77272,0
170.75,112.25,2,870.91135,0
170.75,112.5,2,886.69302,0
170.75,112.75,2,903.16,0
170.75,113.0,2,920.35841,0
170.75,113.25,2,938.33833,0
170.75,113.5,2,957.15381,0
170.75,113.75,2,976.8663,0
170.75,114.0,2,997.54217,0
170.75,114.25,2,1019.2538,0
170.75,114.5,2,1042.081,0
170.75,114.75,2,1066.1142,0
170.75,115.0,2,1091.452,0
170.75,115.25,2,1118.2027,0
170.75,115.5,2,1146.4913,0
170.75,115.75,2,1176.4538,0
170.75,116.0,2,1208.2441,0
170.75,116.25,2,1242.0381,0
170.75,116.5,2,1278.0284,0
170.75,116.75,2,1316.4426,0
170.75,117.0,2,1357.5315,0
170.75,117.25,2,1401.5894,0
170.75,117.5,2,1448.9492,0
170.75,117.75,2,1500.0014,0
170.75,118.0,2,1555.1944,0
170.75,118.25,2,1615.0597,0
170.75,118.5,2,1680.2142,0
170.75,118.75,2,1751.4008,0
170.75,119.0,2,1829.4949,0
170.75,119.25,2,1915.5622,0
170.75,119.5,2,2010.8926,0
170.75,119.75,2,2117.0681,0
170.75,120.0,2,2236.0636,0
170.75,120.25,2,2370.3509,0
170.75,120.5,2,2523.0893,0
170.75,120.75,2,2698.3772,0
170.75,121.0,2,2901.6085,0
170.75,121.25,2,3140.0603,0
170.75,121.5,2,3423.7807,0
170.75,121.75,2,3767.0252,0
170.75,122.0,2,4190.7401,0
170.75,122.25,2,4727.036,0
170.75,122.5,2,5427.7016,0
170.75,122.75,2,6381.9934,0
170.75,123.0,2,7758.2284,0
170.75,123.25,2,9915.8519,0
170.75,123.5,2,13784.36,0
170.75,123.75,2,22736.494,0
170.75,124.0,2,66002.369,0
170.75,124.25,1,-1.0,0
170.75,124.5,1,-1.0,0
170.75,124.75,1,-1.0,0
170.75,125.0,1,-1.0,0
170.75,125.25,1,-1.0,0
170.75,125.5,1,-1.0,0
170.75,125.75,1,-1.0,0
170.75,126.0,1,-1.0,0
170.75,126.25,1,-1.0,0
170.75,126.5,1,-1.0,0
170.75,126.75,1,-1.0,0
170.75,127.0,1,-1.0,0
170.75,127.25,1,-1.0,0
170.75,127.5,1,-1.0,0
170.75,127.75,1,-1.0,0
170.75,128.0,1,-1.0,0
170.75,128.25,1,-1.0,0
170.75,128.5,1,-1.0,0
170.75,128.75,1,-1.0,0
170.75,129.0,1,-1.0,0
170.75,129.25,1,-1.0,0
170.75,129.5,1,-1.0,0
170.75,129.75,1,-1.0,0
170.75,130.0,1,-1.0,0
170.75,130.25,1,-1.0,0
170.75,130.5,1,-1.0,0
170.75,130.75,1,-1.0,0
170.75,131.0,1,-1.0,0
170.75,131.25,1,-1.0,0
170.75,131.5,1,-1.0,0
170.75,131.75,1,-1.0,0
170.75,132.0,1,-1.0,0
170.75,132.25,1,-1.0,0
170.75,132.5,1,-1.0,0
170.75,132.75,1,-1.0,0
170.75,133.0,1,-1.0,0
170.75,133.25,1,-1.0,0
170.75,133.5,1,-1.0,0
170.75,133.75,1,-1.0,0
170.75,134.0,1,-1.0,0
170.75,134.25,1,-1.0,0
170.75,134.5,1,-1.0,0
170.75,134.75,1,-1.0,0
170.75,135.0,1,-1.0,0
170.75,135.25,1,-1.0,0
170.75,135.5,1,-1.0,0
170.75,135.75,1,-1.0,0
170.75,136.0,1,-1.0,0
170.75,136.25,1,-1.0,0
170.75,136.5,1,-1.0,0
170.75,136.75,1,-1.0,0
170.75,137.0,1,-1.0,0
170.75,137.25,1,-1.0,0
170.75,137.5,1,-1.0,0
170.75,137.75,1,-1.0,0
170.75,138.0,1,-1.0,0
171.0,112.0,2,818.97795,0
171.0,112.25,2,832.75722,0
171.0,112.5,2,847.09587,0
171.0,112.75,2,862.02933,0
171.0,113.0,2,877.59584,0
171.0,113.25,2,893.83694,0
171.0,113.5,2,910.79754,0
171.0,113.75,2,928.52639,0
171.0,114.0,2,947.07851,0
171.0,114.25,2,966.51321,0
171.0,114.5,2,986.89459,0
171.0,114.75,2,1008.2943,0
171.0,115.0,2,1030.7923,0
171.0,115.25,2,1054.4752,0
171.0,115.5,2,1079.4394,0
171.0,115.75,2,1105.7946,0
171.0,116.0,2,1133.6587,0
171.0,116.25,2,1163.1679,0
171.0,116.5,2,1194.4732,0
171.0,116.75,2,1227.7436,0
171.0,117.0,2,1263.1738,0
171.0,117.25,2,1300.9792,0
171.0,117.5,2,1341.4124,0
171.0,117.75,2,1384.7545,0
171.0,118.0,2,1431.3376,0
171.0,118.25,2,1481.5371,0
171.0,118.5,2,1535.7968,0
171.0,118.75,2,1594.6307,0
171.0,119.0,2,1658.6453,0
171.0,119.25,2,1728.5627,0
171.0,119.5,2,1805.2354,0
171.0,119.75,2,1889.7036,0
171.0,120.0,2,1983.2215,0
171.0,120.25,2,2087.3277,0
171.0,120.5,2,2203.9403,0
171.0,120.75,2,2335.461,0
171.0,121.0,2,2484.9473,0
171.0,121.25,2,2656.3675,0
171.0,121.5,2,2854.9422,0
171.0,121.75,2,3087.6794,0
171.0,122.0,2,3364.2548,0
171.0,122.25,2,3698.3634,0
171.0,122.5,2,4110.0627,0
171.0,122.75,2,4629.9501,0
171.0,123.0,2,5307.1956,0
171.0,123.25,2,6226.0467,0
171.0,123.5,2,7543.9385,0
171.0,123.75,2,9593.0342,0
171.0,124.0,2,13215.967,0
171.0,124.25,2,21357.271,0
171.0,124.5,2,56476.726,0
171.0,124.75,1,-1.0,0
171.0,125.0,1,-1.0,0
171.0,125.25,1,-1.0,0
171.0,125.5,1,-1.0,0
171.0,125.75,1,-1.0,0
171.0,126.0,1,-1.0,0
171.0,126.25,1,-1.0,0
171.0,126.5,1,-1.0,0
171.0,126.75,1,-1.0,0
171.0,127.0,1,-1.0,0
171.0,127.25,1,-1.0,0
171.0,127.5,1,-1.0,0
171.0,127.75,1,-1.0,0
171.0,128.0,1,-1.0,0
171.0,128.25,1,-1.0,0
171.0,128.5,1,-1.0,0
171.0,128.75,1,-1.0,0
171.0,129.0,1,-1.0,0
171.0,129.25,1,-1.0,0
171.0,129.5,1,-1.0,0
171.0,129.75,1,-1.0,0
171.0,130.0,1,-1.0,0
171.0,130.25,1,-1.0,0
171.0,130.5,1,-1.0,0
171.0,130.75,1,-1.0,0
171.0,131.0,1,-1.0,0
171.0,131.25,1,-1.0,0
171.0,131.5,1,-1.0,0
171.0,131.75,1,-1.0,0
171.0,132.0,1,-1.0,0
171.0,132.25,1,-1.0,0
171.0,132.5,1,-1.0,0
171.0,132.75,1,-1.0,0
171.0,133.0,1,-1.0,0
171.0,133.25,1,-1.0,0
171.0,133.5,1,-1.0,0
171.0,133.75,1,-1.0,0
171.0,134.0,1,-1.0,0
171.0,134.25,1,-1.0,0
171.0,134.5,1,-1.0,0
171.0,134.75,1,-1.0,0
171.0,135.0,1,-1.0,0
171.0,135.25,1,-1.0,0
171.0,135.5,1,-1.0,0
171.0,135.75,1,-1.0,0
171.0,136.0,1,-1.0,0
171.0,136.25,1,-1.0,0
171.0,136.5,1,-1.0,0
171.0,136.75,1,-1.0,0
171.0,137.0,1,-1.0,0
171.0,137.25,1,-1.0,0
171.0,137.5,1,-1.0,0
171.0,137.75,1,-1.0,0
171.0,138.0,1,-1.0,0
171.25,112.0,2,785.05027,0
171.25,112.25,2,797.63455,0
171.25,112.5,2,810.70824,0
171.25,112.75,2,824.30048,0
171.25,113.0,2,838.44366,0
171.25,113.25,2,853.17235,0
171.25,113.5,2,868.52411,0
171.25,113.75,2,884.53939,0
171.25,114.0,2,901.26198,0
171.25,114.25,2,918.74137,0
171.25,114.5,2,937.03068,0
171.25,114.75,2,956.18697,0
171.25,115.0,2,976.27441,0
171.25,115.25,2,997.36411,0
171.25,115.5,2,1019.5323,0
171.25,115.75,2,1042.8651,0
171.25,116.0,2,1067.4588,0
171.25,116.25,2,1093.4162,0
171.25,116.5,2,1120.8582,0
171.25,116.75,2,1149.9149,0
171.25,117.0,2,1180.735,0
171.25,117.25,2,1213.4852,0
171.25,117.5,2,1248.3533,0
171.25,117.75,2,1285.5539,0
171.25,118.0,2,1325.33,0
171.25,118.25,2,1367.9605,0
171.25,118.5,2,1413.7667,0
171.25,118.75,2,1463.1171,0
171.25,119.0,2,1516.4458,0
171.25,119.25,2,1574.2509,0
171.25,119.5,2,1637.1287,0
171.25,119.75,2,1705.7793,0
171.25,120.0,2,1781.0365,0
171.25,120.25,2,1863.911,0
171.25,120.5,2,1955.6232,0
171.25,120.75,2,2057.6686,0
171.25,121.0,2,2171.9092,0
171.25,121.25,2,2300.6765,0
171.25,121.5,2,2446.9296,0
171.25,121.75,2,2614.5069,0
171.25,122.0,2,2808.4506,0
171.25,122.25,2,3035.528,0
171.25,122.5,2,3305.0264,0
171.25,122.75,2,3630.0938,0
171.25,123.0,2,4029.9184,0
171.25,123.25,2,4533.6722,0
171.25,123.5,2,5187.9598,0
171.25,123.75,2,6072.181,0
171.25,124.0,2,7333.498,0
171.25,124.25,2,9278.6801,0
171.25,124.5,2,12671.038,0
171.25,124.75,2,20082.625,0
171.25,125.0,2,49044.61,0
171.25,125.25,1,-1.0,0
171.25,125.5,1,-1.0,0
171.25,125.75,1,-1.0,0
171.25,126.0,1,-1.0,0
171.25,126.25,1,-1.0,0
171.25,126.5,1,-1.0,0
171.25,126.75,1,-1.0,0
171.25,127.0,1,-1.0,0
171.25,127.25,1,-1.0,0
171.25,127.5,1,-1.0,0
171.25,127.75,1,-1.0,0
171.25,128.0,1,-1.0,0
171.25,128.25,1,-1.0,0
171.25,128.5,1,-1.0,0
171.25,128.75,1,-1.0,0
171.25,129.0,1,-1.0,0
171.25,129.25,1,-1.0,0
171.25,129.5,1,-1.0,0
171.25,129.75,1,-1.0,0
171.25,130.0,1,-1.0,0
171.25,130.25,1,-1.0,0
171.25,130.5,1,-1.0,0
171.25,130.75,1,-1.0,0
171.25,131.0,1,-1.0,0
171.25,131.25,1,-1.0,0
171.25,131.5,1,-1.0,0
171.25,131.75,1,-1.0,0
171.25,132.0,1,-1.0,0
171.25,132.25,1,-1.0,0
171.25,132.5,1,-1.0,0
171.25,132.75,1,-1.0,0
171.25,133.0,1,-1.0,0
171.25,133.25,1,-1.0,0
171.25,133.5,1,-1.0,0
171.25,133.75,1,-1.0,0
171.25,134.0,1,-1.0,0
171.25,134.25,1,-1.0,0
171.25,134.5,1,-1.0,0
171.25,134.75,1,-1.0,0
171.25,135.0,1,-1.0,0
171.25,135.25,1,-1.0,0
171.25,135.5,1,-1.0,0
171.25,135.75,1,-1.0,0
171.25,136.0,1,-1.0,0
171.25,136.25,1,-1.0,0
171.25,136.5,1,-1.0,0
171.25,136.75,1,-1.0,0
171.25,137.0,1,-1.0,0
171.25,137.25,1,-1.0,0
171.25,137.5,1,-1.0,0
171.25,137.75,1,-1.0,0
171.25,138.0,1,-1.0,0
171.5,112.0,2,753.66792,0
171.5,112.25,2,765.19612,0
171.5,112.5,2,777.15468,0
171.5,112.75,2,789.56848,0
171.5,113.0,2,802.46353,0
171.5,113.25,2,815.86942,0
171.5,113.5,2,829.81757,0
171.5,113.75,2,844.34195,0
171.5,114.0,2,859.47927,0
171.5,114.25,2,875.26857,0
171.5,114.5,2,891.75464,0
171.5,114.75,2,908.98516,0
171.5,115.0,2,927.0112,0
171.5,115.25,2,945.89004,0
171.5,115.5,2,965.6852,0
171.5,115.75,2,986.4642,0
171.5,116.0,2,1008.3037,0
171.5,116.25,2,1031.2885,0
171.5,116.5,2,1055.5095,0
171.5,116.75,2,1081.0731,0
171.5,117.0,2,1108.0924,0
171.5,117.25,2,1136.6983,0
171.5,117.5,2,1167.0344,0
171.5,117.75,2,1199.2651,0
171.5,118.0,2,1233.5735,0
171.5,118.25,2,1270.1703,0
171.5,118.5,2,1309.2914,0
171.5,118.75,2,1351.2127,0
171.5,119.0,2,1396.243,0
171.5,119.25,2,1444.748,0
171.5,119.5,2,1497.1464,0
171.5,119.75,2,1553.928,0
171.5,120.0,2,1615.6728,0
171.5,120.25,2,1683.0614,0
171.5,120.5,2,1756.9085,0
171.5,120.75,2,1838.196,0
171.5,121.0,2,1928.1109,0
171.5,121.25,2,2028.1057,0
171.5,121.5,2,2139.987,0
171.5,121.75,2,2266.0149,0
171.5,122.0,2,2409.0586,0
171.5,122.25,2,2572.8212,0
171.5,122.5,2,2762.1723,0
171.5,122.75,2,2983.631,0
171.5,123.0,2,3246.1363,0
171.5,123.25,2,3562.2778,0
171.5,123.5,2,3950.3957,0
171.5,123.75,2,4438.2675,0
171.5,124.0,2,5070.0669,0
171.5,124.25,2,5920.5671,0
171.5,124.5,2,7127.1747,0
171.5,124.75,2,8972.8896,0
171.5,125.0,2,12148.79,0
171.5,125.25,2,18903.636,0
171.5,125.5,2,43099.397,0
171.5,125.75,1,-1.0,0
171.5,126.0,1,-1.0,0
171.5,126.25,1,-1.0,0
171.5,126.5,1,-1.0,0
171.5,126.75,1,-1.0,0
171.5,127.0,1,-1.0,0
171.5,127.25,1,-1.0,0
171.5,127.5,1,-1.0,0
171.5,127.75,1,-1.0,0
171.5,128.0,1,-1.0,0
171.5,128.25,1,-1.0,0
171.5,128.5,1,-1.0,0
171.5,128.75,1,-1.0,0
171.5,129.0,1,-1.0,0
171.5,129.25,1,-1.0,0
171.5,129.5,1,-1.0,0
171.5,129.75,1,-1.0,0
171.5,130.0,1,-1.0,0
171.5,130.25,1,-1.0,0
171.5,130.5,1,-1.0,0
171.5,130.75,1,-1.0,0
171.5,131.0,1,-1.0,0
171.5,131.25,1,-1.0,0
171.5,131.5,1,-1.0,0
171.5,131.75,1,-1.0,0
171.5,132.0,1,-1.0,0
171.5,132.25,1,-1.0,0
171.5,132.5,1,-1.0,0
171.5,132.75,1,-1.0,0
171.5,133.0,1,-1.0,0
171.5,133.25,1,-1.0,0
171.5,133.5,1,-1.0,0
171.5,133.75,1,-1.0,0
171.5,134.0,1,-1.0,0
171.5,134.25,1,-1.0,0
171.5,134.5,1,-1.0,0
171.5,134.75,1,-1.0,0
171.5,135.0,1,-1.0,0
171.5,135.25,1,-1.0,0
171.5,135.5,1,-1.0,0
171.5,135.75,1,-1.0,0
171.5,136.0,1,-1.0,0
171.5,136.25,1,-1.0,0
171.5,136.5,1,-1.0,0
171.5,136.75,1,-1.0,0
171.5,137.0,1,-1.0,0
171.5,137.25,1,-1.0,0
171.5,137.5,1,-1.0,0
171.5,137.75,1,-1.0,0
171.5,138.0,1,-1.0,0
171.75,112.0,2,724.55516,0
171.75,112.25,2,735.14623,0
171.75,112.5,2,746.11721,0
171.75,112.75,2,757.48917,0
171.75,113.0,2,769.2848,0
171.75,113.25,2,781.52818,0
171.75,113.5,2,794.2454,0
171.75,113.75,2,807.46542,0
171.75,114.0,2,821.21905,0
171.75,114.25,2,835.53966,0
171.75,114.5,2,850.46222,0
171.75,114.75,2,866.02707,0
171.75,115.0,2,882.27727,0
171.75,115.25,2,899.25877,0
171.75,115.5,2,917.02247,0
171.75,115.75,2,935.6254,0
171.75,116.0,2,955.12773,0
171.75,116.25,2,975.59746,0
171.75,116.5,2,997.10998,0
171.75,116.75,2,1019.7454,0
171.75,117.0,2,1043.5978,0
171.75,117.25,2,1068.766,0
171.75,117.5,2,1095.3655,0
171.75,117.75,2,1123.5206,0
171.75,118.0,2,1153.3753,0
171.75,118.25,2,1185.0871,0
171.75,118.5,2,1218.8389,0
171.75,118.75,2,1254.8318,0
171.75,119.0,2,1293.3021,0
171.75,119.25,2,1334.5137,0
171.75,119.5,2,1378.7734,0
171.75,119.75,2,1426.4358,0
171.75,120.0,2,1477.9072,0
171.75,120.25,2,1533.6696,0
171.75,120.5,2,1594.286,0
171.75,120.75,2,1660.4181,0
171.75,121.0,2,1732.8617,0
171.75,121.25,2,1812.57,0
171.75,121.5,2,1900.6973,0
171.75,121.75,2,1998.6533,0
171.75,122.0,2,2108.1901,0
171.75,122.25,2,2231.4973,0
171.75,122.5,2,2371.3535,0
171.75,122.75,2,2531.3355,0
171.75,123.0,2,2716.1367,0
171.75,123.25,2,2932.0353,0
171.75,123.5,2,3187.6181,0
171.75,123.75,2,3494.9535,0
171.75,124.0,2,3871.557,0
171.75,124.25,2,4343.8458,0
171.75,124.5,2,4953.6406,0
171.75,124.75,2,5771.2974,0
171.75,125.0,2,6925.0248,0
171.75,125.25,2,8675.7614,0
171.75,125.5,2,11648.918,0
171.75,125.75,2,17812.171,0
171.75,126.0,2,38244.555,0
171.75,126.25,1,-1.0,0
171.75,126.5,1,-1.0,0
171.75,126.75,1,-1.0,0
171.75,127.0,1,-1.0,0
171.75,127.25,1,-1.0,0
171.75,127.5,1,-1.0,0
171.75,127.75,1,-1.0,0
171.75,128.0,1,-1.0,0
171.75,128.25,1,-1.0,0
171.75,128.5,1,-1.0,0
171.75,128.75,1,-1.0,0
171.75,129.0,1,-1.0,0
171.75,129.25,1,-1.0,0
171.75,129.5,1,-1.0,0
171.75,129.75,1,-1.0,0
171.75,130.0,1,-1.0,0
171.75,130.25,1,-1.0,0
171.75,130.5,1,-1.0,0
171.75,130.75,1,-1.0,0
171.75,131.0,1,-1.0,0
171.75,131.25,1,-1.0,0
171.75,131.5,1,-1.0,0
171.75,131.75,1,-1.0,0
171.75,132.0,1,-1.0,0
171.75,132.25,1,-1.0,0
171.75,132.5,1,-1.0,0
171.75,132.75,1,-1.0,0
171.75,133.0,1,-1.0,0
171.75,133.25,1,-1.0,0
171.75,133.5,1,-1.0,0
171.75,133.75,1,-1.0,0
171.75,134.0,1,-1.0,0
171.75,134.25,1,-1.0,0
171.75,134.5,1,-1.0,0
171.75,134.75,1,-1.0,0
171.75,135.0,1,-1.0,0
171.75,135.25,1,-1.0,0
171.75,135.5,1,-1.0,0
171.75,135.75,1,-1.0,0
171.75,136.0,1,-1.0,0
171.75,136.25,1,-1.0,0
171.75,136.5,1,-1.0,0
171.75,136.75,1,-1.0,0
171.75,137.0,1,-1.0,0
171.75,137.25,1,-1.0,0
171.75,137.5,1,-1.0,0
171.75,137.75,1,-1.0,0
171.75,138.0,1,-1.0,0
172.0,112.0,2,697.47466,0
172.0,112.25,2,707.23075,0
172.0,112.5,2,717.32355,0
172.0,112.75,2,727.77104,0
172.0,113.0,2,738.5925,0
172.0,113.25,2,749.80865,0
172.0,113.5,2,761.44179,0
172.0,113.75,2,773.51519,0
172.0,114.0,2,786.05515,0
172.0,114.25,2,799.08984,0
172.0,114.5,2,812.64952,0
172.0,114.75,2,826.76619,0
172.0,115.0,2,841.47544,0
172.0,115.25,2,856.81654,0
172.0,115.5,2,872.83114,0
172.0,115.75,2,889.56417,0
172.0,116.0,2,907.06714,0
172.0,116.25,2,925.39399,0
172.0,116.5,2,944.60479,0
172.0,116.75,2,964.76709,0
172.0,117.0,2,985.95139,0
172.0,117.25,2,1008.2412,0
172.0,117.5,2,1031.7236,0
172.0,117.75,2,1056.4999,0
172.0,118.0,2,1082.6791,0
172.0,118.25,2,1110.3869,0
172.0,118.5,2,1139.7597,0
172.0,118.75,2,1170.9567,0
172.0,119.0,2,1204.1509,0
172.0,119.25,2,1239.5449,0
172.0,119.5,2,1277.3653,0
172.0,119.75,2,1317.8712,0
172.0,120.0,2,1361.3634,0
172.0,120.25,2,1408.1847,0
172.0,120.5,2,1458.7351,0
172.0,120.75,2,1513.4829,0
172.0,121.0,2,1572.9755,0
172.0,121.25,2,1637.8583,0
172.0,121.5,2,1708.9058,0
172.0,121.75,2,1787.044,0
172.0,122.0,2,1873.3947,0
172.0,122.25,2,1969.3252,0
172.0,122.5,2,2076.5342,0
172.0,122.75,2,2197.1417,0
172.0,123.0,2,2333.8347,0
172.0,123.25,2,2490.0702,0
172.0,123.5,2,2670.3715,0
172.0,123.75,2,2880.7738,0
172.0,124.0,2,3129.5234,0
172.0,124.25,2,3428.1746,0
172.0,124.5,2,3793.4433,0
172.0,124.75,2,4250.4497,0
172.0,125.0,2,4838.7607,0
172.0,125.25,2,5624.5192,0
172.0,125.5,2,6727.2588,0
172.0,125.75,2,8387.3681,0
172.0,126.0,2,11170.635,0
172.0,126.25,2,16800.202,0
172.0,126.5,2,34213.289,0
172.0,126.75,1,-1.0,0
172.0,127.0,1,-1.0,0
172.0,127.25,1,-1.0,0
172.0,127.5,1,-1.0,0
172.0,127.75,1,-1.0,0
172.0,128.0,1,-1.0,0
172.0,128.25,1,-1.0,0
172.0,128.5,1,-1.0,0
172.0,128.75,1,-1.0,0
172.0,129.0,1,-1.0,0
172.0,129.25,1,-1.0,0
172.0,129.5,1,-1.0,0
172.0,129.75,1,-1.0,0
172.0,130.0,1,-1.0,0
172.0,130.25,1,-1.0,0
172.0,130.5,1,-1.0,0
172.0,130.75,1,-1.0,0
172.0,131.0,1,-1.0,0
172.0,131.25,1,-1.0,0
172.0,131.5,1,-1.0,0
172.0,131.75,1,-1.0,0
172.0,132.0,1,-1.0,0
172.0,132.25,1,-1.0,0
172.0,132.5,1,-1.0,0
172.0,132.75,1,-1.0,0
172.0,133.0,1,-1.0,0
172.0,133.25,1,-1.0,0
172.0,133.5,1,-1.0,0
172.0,133.75,1,-1.0,0
172.0,134.0,1,-1.0,0
172.0,134.25,1,-1.0,0
172.0,134.5,1,-1.0,0
172.0,134.75,1,-1.0,0
172.0,135.0,1,-1.0,0
172.0,135.25,1,-1.0,0
172.0,135.5,1,-1.0,0
172.0,135.75,1,-1.0,0
172.0,136.0,1,-1.0,0
172.0,136.25,1,-1.0,0
172.0,136.5,1,-1.0,0
172.0,136.75,1,-1.0,0
172.0,137.0,1,-1.0,0
172.0,137.25,1,-1.0,0
172.0,137.5,1,-1.0,0
172.0,137.75,1,-1.0,0
172.0,138.0,1,-1.0,0
172.25,112.0,2,672.22048,0
172.25,112.25,2,681.23006,0
172.25,112.5,2,690.53915,0
172.25,112.75,2,700.16292,0
172.25,113.0,2,710.11812,0
172.25,113.25,2,720.42245,0
172.25,113.5,2,731.09484,0
172.25,113.75,2,742.15566,0
172.25,114.0,2,753.62674,0
172.25,114.25,2,765.53078,0
172.25,114.5,2,777.89405,0
172.25,114.75,2,790.744,0
172.25,115.0,2,804.11021,0
172.25,115.25,2,818.02367,0
172.25,115.5,2,832.52048,0
172.25,115.75,2,847.6386,0
172.25,116.0,2,863.41753,0
172.25,116.25,2,879.90392,0
172.25,116.5,2,897.14649,0
172.25,116.75,2,915.19803,0
172.25,117.0,2,934.11931,0
172.25,117.25,2,953.97302,0
172.25,117.5,2,974.83281,0
172.25,117.75,2,996.77604,0
172.25,118.0,2,1019.8917,0
172.25,118.25,2,1044.2758,0
172.25,118.5,2,1070.0382,0
172.25,118.75,2,1097.298,0
172.25,119.0,2,1126.1936,0
172.25,119.25,2,1156.8748,0
172.25,119.5,2,1189.5163,0
172.25,119.75,2,1224.3131,0
172.25,120.0,2,1261.4857,0
172.25,120.25,2,1301.2903,0
172.25,120.5,2,1344.0178,0
172.25,120.75,2,1390.0024,0
172.25,121.0,2,1439.6365,0
172.25,121.25,2,1493.3749,0
172.25,121.5,2,1551.7493,0
172.25,121.75,2,1615.3906,0
172.25,122.0,2,1685.0503,0
172.25,122.25,2,1761.6285,0
172.25,122.5,2,1846.214,0
172.25,122.75,2,1940.1347,0
172.25,123.0,2,2045.0343,0
172.25,123.25,2,2162.9652,0
172.25,123.5,2,2296.5244,0
172.25,123.75,2,2449.0482,0
172.25,124.0,2,2624.8957,0
172.25,124.25,2,2829.8729,0
172.25,124.5,2,3071.8879,0
172.25,124.75,2,3361.9933,0
172.25,125.0,2,3716.1319,0
172.25,125.25,2,4158.1691,0
172.25,125.5,2,4725.5099,0
172.25,125.75,2,5480.2923,0
172.25,126.0,2,6533.8779,0
172.25,126.25,2,8107.6299,0
172.25,126.5,2,10713.277,0
172.25,126.75,2,15861.314,0
172.25,127.0,2,30819.542,0
172.25,127.25,2,650805.79,0
172.25,127.5,1,-1.0,0
172.25,127.75,1,-1.0,0
172.25,128.0,1,-1.0,0
172.25,128.25,1,-1.0,0
172.25,128.5,1,-1.0,0
172.25,128.75,1,-1.0,0
172.25,129.0,1,-1.0,0
172.25,129.25,1,-1.0,0
172.25,129.5,1,-1.0,0
172.25,129.75,1,-1.0,0
172.25,130.0,1,-1.0,0
172.25,130.25,1,-1.0,0
172.25,130.5,1,-1.0,0
172.25,130.75,1,-1.0,0
172.25,131.0,1,-1.0,0
172.25,131.25,1,-1.0,0
172.25,131.5,1,-1.0,0
172.25,131.75,1,-1.0,0
172.25,132.0,1,-1.0,0
172.25,132.25,1,-1.0,0
172.25,132.5,1,-1.0,0
172.25,132.75,1,-1.0,0
172.25,133.0,1,-1.0,0
172.25,133.25,1,-1.0,0
172.25,133.5,1,-1.0,0
172.25,133.75,1,-1.0,0
172.25,134.0,1,-1.0,0
172.25,134.25,1,-1.0,0
172.25,134.5,1,-1.0,0
172.25,134.75,1,-1.0,0
172.25,135.0,1,-1.0,0
172.25,135.25,1,-1.0,0
172.25,135.5,1,-1.0,0
172.25,135.75,1,-1.0,0
172.25,136.0,1,-1.0,0
172.25,136.25,1,-1.0,0
172.25,136.5,1,-1.0,0
172.25,136.75,1,-1.0,0
172.25,137.0,1,-1.0,0
172.25,137.25,1,-1.0,0
172.25,137.5,1,-1.0,0
172.25,137.75,1,-1.0,0
172.25,138.0,1,-1.0,0
172.5,112.0,2,648.61427,0
172.5,112.25,2,656.95339,0
172.5,112.5,2,665.56001,0
172.5,112.75,2,674.4474,0
172.5,113.0,2,683.62973,0
172.5,113.25,2,693.12176,0
172.5,113.5,2,702.93983,0
172.5,113.75,2,713.10146,0
172.5,114.0,2,723.62527,0
172.5,114.25,2,734.53128,0
172.5,114.5,2,745.84067,0
172.5,114.75,2,757.57614,0
172.5,115.0,2,769.76333,0
172.5,115.25,2,782.42922,0
172.5,115.5,2,795.60206,0
172.5,115.75,2,809.31367,0
172.5,116.0,2,823.59883,0
172.5,116.25,2,838.4937,0
172.5,116.5,2,854.03903,0
172.5,116.75,2,870.27974,0
172.5,117.0,2,887.26187,0
172.5,117.25,2,905.04037,0
172.5,117.5,2,923.67151,0
172.5,117.75,2,943.21982,0
172.5,118.0,2,963.75474,0
172.5,118.25,2,985.35416,0
172.5,118.5,2,1008.1033,0
172.5,118.75,2,1032.0982,0
172.5,119.0,2,1057.4435,0
172.5,119.25,2,1084.2599,0
172.5,119.5,2,1112.6774,0
172.5,119.75,2,1142.8476,0
172.5,120.0,2,1174.9386,0
172.5,120.25,2,1209.1393,0
172.5,120.5,2,1245.6692,0
172.5,120.75,2,1284.7758,0
172.5,121.0,2,1326.7409,0
172.5,121.25,2,1371.8949,0
172.5,121.5,2,1420.6178,0
172.5,121.75,2,1473.3522,0
172.5,122.0,2,1530.6155,0
172.5,122.25,2,1593.0231,0
172.5,122.5,2,1661.3045,0
172.5,122.75,2,1736.3337,0
172.5,123.0,2,1819.1674,0
172.5,123.25,2,1911.0946,0
172.5,123.5,2,2013.7048,0
172.5,123.75,2,2128.9841,0
172.5,124.0,2,2259.4413,0
172.5,124.25,2,2408.2945,0
172.5,124.5,2,2579.7408,0
172.5,124.75,2,2779.36,0
172.5,125.0,2,3014.7339,0
172.5,125.25,2,3296.4339,0
172.5,125.5,2,3639.6545,0
172.5,125.75,2,4067.0517,0
172.5,126.0,2,4613.9636,0
172.5,126.25,2,5338.7282,0
172.5,126.5,2,6345.0316,0
172.5,126.75,2,7836.5993,0
172.5,127.0,2,10276.202,0
172.5,127.25,2,14989.263,0
172.5,127.5,2,27928.127,0
172.5,127.75,2,218329.03,0
172.5,128.0,1,-1.0,0
172.5,128.25,1,-1.0,0
172.5,128.5,1,-1.0,0
172.5,128.75,1,-1.0,0
172.5,129.0,1,-1.0,0
172.5,129.25,1,-1.0,0
172.5,129.5,1,-1.0,0
172.5,129.75,1,-1.0,0
172.5,130.0,1,-1.0,0
172.5,130.25,1,-1.0,0
172.5,130.5,1,-1.0,0
172.5,130.75,1,-1.0,0
172.5,131.0,1,-1.0,0
172.5,131.25,1,-1.0,0
172.5,131.5,1,-1.0,0
172.5,131.75,1,-1.0,0
172.5,132.0,1,-1.0,0
172.5,132.25,1,-1.0,0
172.5,132.5,1,-1.0,0
172.5,132.75,1,-1.0,0
172.5,133.0,1,-1.0,0
172.5,133.25,1,-1.0,0
172.5,133.5,1,-1.0,0
172.5,133.75,1,-1.0,0
172.5,134.0,1,-1.0,0
172.5,134.25,1,-1.0,0
172.5,134.5,1,-1.0,0
172.5,134.75,1,-1.0,0
172.5,135.0,1,-1.0,0
172.5,135.25,1,-1.0,0
172.5,135.5,1,-1.0,0
172.5,135.75,1,-1.0,0
172.5,136.0,1,-1.0,0
172.5,136.25,1,-1.0,0
172.5,136.5,1,-1.0,0
172.5,136.75,1,-1.0,0
172.5,137.0,1,-1.0,0
172.5,137.25,1,-1.0,0
172.5,137.5,1,-1.0,0
172.5,137.75,1,-1.0,0
172.5,138.0,1,-1.0,0
172.75,112.0,2,626.50039,0
172.75,112.25,2,634.23569,0
172.75,112.5,2,642.21058,0
172.75,112.75,2,650.43655,0
172.75,113.0,2,658.92582,0
172.75,113.25,2,667.69144,0
172.75,113.5,2,676.74732,0
172.75,113.75,2,686.10819,0
172.75,114.0,2,695.78959,0
172.75,114.25,2,705.80904,0
172.75,114.5,2,716.18482,0
172.75,114.75,2,726.93659,0
172.75,115.0,2,738.08489,0
172.75,115.25,2,749.65243,0
172.75,115.5,2,761.66423,0
172.75,115.75,2,774.14669,0
172.75,116.0,2,787.12704,0
172.75,116.25,2,800.63759,0
172.75,116.5,2,814.71168,0
172.75,116.75,2,829.38449,0
172.75,117.0,2,844.69726,0
172.75,117.25,2,860.69188,0
172.75,117.5,2,877.41622,0
172.75,117.75,2,894.92185,0
172.75,118.0,2,913.26497,0
172.75,118.25,2,932.50855,0
172.75,118.5,2,952.72041,0
172.75,118.75,2,973.977,0
172.75,119.0,2,996.36198,0
172.75,119.25,2,1019.9682,0
172.75,119.5,2,1044.9007,0
172.75,119.75,2,1071.2728,0
172.75,120.0,2,1099.2169,0
172.75,120.25,2,1128.8781,0
172.75,120.5,2,1160.4196,0
172.75,120.75,2,1194.0297,0
172.75,121.0,2,1229.9202,0
172.75,121.25,2,1268.3302,0
172.75,121.5,2,1309.5396,0
172.75,121.75,2,1353.8678,0
172.75,122.0,2,1401.6849,0
172.75,122.25,2,1453.4206,0
172.75,122.5,2,1509.5813,0
172.75,122.75,2,1570.764,0
172.75,123.0,2,1637.6771,0
172.75,123.25,2,1711.1694,0
172.75,123.5,2,1792.2659,0
172.75,123.75,2,1882.2162,0
172.75,124.0,2,1982.5594,0
172.75,124.25,2,2095.2141,0
172.75,124.5,2,2222.6032,0
172.75,124.75,2,2367.8293,0
172.75,125.0,2,2534.9318,0
172.75,125.25,2,2729.2696,0
172.75,125.5,2,2958.108,0
172.75,125.75,2,3231.5492,0
172.75,126.0,2,3564.0664,0
172.75,126.25,2,3977.1547,0
172.75,126.5,2,4504.1778,0
172.75,126.75,2,5199.8707,0
172.75,127.0,2,6160.7153,0
172.75,127.25,2,7574.1171,0
172.75,127.5,2,9858.5257,0
172.75,127.75,2,14178.121,0
172.75,128.0,2,25438.909,0
172.75,128.25,2,128806.83,0
172.75,128.5,1,-1.0,0
172.75,128.75,1,-1.0,0
172.75,129.0,1,-1.0,0
172.75,129.25,1,-1.0,0
172.75,129.5,1,-1.0,0
172.75,129.75,1,-1.0,0
172.75,130.0,1,-1.0,0
172.75,130.25,1,-1.0,0
172.75,130.5,1,-1.0,0
172.75,130.75,1,-1.0,0
172.75,131.0,1,-1.0,0
172.75,131.25,1,-1.0,0
172.75,131.5,1,-1.0,0
172.75,131.75,1,-1.0,0
172.75,132.0,1,-1.0,0
172.75,132.25,1,-1.0,0
172.75,132.5,1,-1.0,0
172.75,132.75,1,-1.0,0
172.75,133.0,1,-1.0,0
172.75,133.25,1,-1.0,0
172.75,133.5,1,-1.0,0
172.75,133.75,1,-1.0,0
172.75,134.0,1,-1.0,0
172.75,134.25,1,-1.0,0
172.75,134.5,1,-1.0,0
172.75,134.75,1,-1.0,0
172.75,135.0,1,-1.0,0
172.75,135.25,1,-1.0,0
172.75,135.5,1,-1.0,0
172.75,135.75,1,-1.0,0
172.75,136.0,1,-1.0,0
172.75,136.25,1,-1.0,0
172.75,136.5,1,-1.0,0
172.75,136.75,1,-1.0,0
172.75,137.0,1,-1.0,0
172.75,137.25,1,-1.0,0
172.75,137.5,1,-1.0,0
172.75,137.75,1,-1.0,0
172.75,138.0,1,-1.0,0
173.0,112.0,2,605.74172,0
173.0,112.25,2,612.93166,0
173.0,112.5,2,620.33672,0
173.0,112.75,2,627.967,0
173.0,113.0,2,635.83312,0
173.0,113.25,2,643.94634,0
173.0,113.5,2,652.31868,0
173.0,113.75,2,660.96297,0
173.0,114.0,2,669.89288,0
173.0,114.25,2,679.12303,0
173.0,114.5,2,688.66834,0
173.0,114.75,2,698.54615,0
173.0,115.0,2,708.77448,0
173.0,115.25,2,719.37262,0
173.0,115.5,2,730.3605,0
173.0,115.75,2,741.7608,0
173.0,116.0,2,753.59792,0
173.0,116.25,2,765.89722,0
173.0,116.5,2,778.68643,0
173.0,116.75,2,791.9968,0
173.0,117.0,2,805.86007,0
173.0,117.25,2,820.31254,0
173.0,117.5,2,835.39326,0
173.0,117.75,2,851.14351,0
173.0,118.0,2,867.61112,0
173.0,118.25,2,884.8446,0
173.0,118.5,2,902.90173,0
173.0,118.75,2,921.84112,0
173.0,119.0,2,941.73213,0
173.0,119.25,2,962.64718,0
173.0,119.5,2,984.66947,0
173.0,119.75,2,1007.8901,0
173.0,120.0,2,1032.4094,0
173.0,120.25,2,1058.3422,0
173.0,120.5,2,1085.8144,0
173.0,120.75,2,1114.9682,0
173.0,121.0,2,1145.9655,0
173.0,121.25,2,1178.9879,0
173.0,121.5,2,1214.2403,0
173.0,121.75,2,1251.9605,0
173.0,122.0,2,1292.4187,0
173.0,122.25,2,1335.9263,0
173.0,122.5,2,1382.8427,0
173.0,122.75,2,1433.5877,0
173.0,123.0,2,1488.6539,0
173.0,123.25,2,1548.6208,0
173.0,123.5,2,1614.1767,0
173.0,123.75,2,1686.145,0
173.0,124.0,2,1765.5198,0
173.0,124.25,2,1853.5113,0
173.0,124.5,2,1951.6095,0
173.0,124.75,2,2061.6685,0
173.0,125.0,2,2186.0259,0
173.0,125.25,2,2327.671,0
173.0,125.5,2,2490.4895,0
173.0,125.75,2,2679.6254,0
173.0,126.0,2,2902.0369,0
173.0,126.25,2,3167.3722,0
173.0,126.5,2,3489.4092,0
173.0,126.75,2,3888.5297,0
173.0,127.0,2,4396.2142,0
173.0,127.25,2,5063.7879,0
173.0,127.5,2,5980.9826,0
173.0,127.75,2,7320.128,0
173.0,128.0,2,9459.6002,0
173.0,128.25,2,13423.066,0
173.0,128.5,2,23277.504,0
173.0,128.75,2,90337.858,0
173.0,129.0,1,-1.0,0
173.0,129.25,1,-1.0,0
173.0,129.5,1,-1.0,0
173.0,129.75,1,-1.0,0
173.0,130.0,1,-1.0,0
173.0,130.25,1,-1.0,0
173.0,130.5,1,-1.0,0
173.0,130.75,1,-1.0,0
173.0,131.0,1,-1.0,0
173.0,131.25,1,-1.0,0
173.0,131.5,1,-1.0,0
173.0,131.75,1,-1.0,0
173.0,132.0,1,-1.0,0
173.0,132.25,1,-1.0,0
173.0,132.5,1,-1.0,0
173.0,132.75,1,-1.0,0
173.0,133.0,1,-1.0,0
173.0,133.25,1,-1.0,0
173.0,133.5,1,-1.0,0
173.0,133.75,1,-1.0,0
173.0,134.0,1,-1.0,0
173.0,134.25,1,-1.0,0
173.0,134.5,1,-1.0,0
173.0,134.75,1,-1.0,0
173.0,135.0,1,-1.0,0
173.0,135.25,1,-1.0,0
173.0,135.5,1,-1.0,0
173.0,135.75,1,-1.0,0
173.0,136.0,1,-1.0,0
173.0,136.25,1,-1.0,0
173.0,136.5,1,-1.0,0
173.0,136.75,1,-1.0,0
173.0,137.0,1,-1.0,0
173.0,137.25,1,-1.0,0
173.0,137.5,1,-1.0,0
173.0,137.75,1,-1.0,0
173.0,138.0,1,-1.0,0
173.25,112.0,2,586.21689,0
173.25,112.25,2,592.91249,0
173.25,112.5,2,599.8021,0
173.25,112.75,2,606.89443,0
173.25,113.0,2,614.19869,0
173.25,113.25,2,621.72468,0
173.25,113.5,2,629.48256,0
173.25,113.75,2,637.48347,0
173.25,114.0,2,645.73934,0
173.25,114.25,2,654.26278,0
173.25,114.5,2,663.06722,0
173.25,114.75,2,672.16702,0
173.25,115.0,2,681.57696,0
173.25,115.25,2,691.31373,0
173.25,115.5,2,701.39522,0
173.25,115.75,2,711.84039,0
173.25,116.0,2,722.66856,0
173.25,116.25,2,733.90235,0
173.25,116.5,2,745.56558,0
173.25,116.75,2,757.68257,0
173.25,117.0,2,770.28152,0
173.25,117.25,2,783.39242,0
173.25,117.5,2,797.04613,0
173.25,117.75,2,811.27931,0
173.25,118.0,2,826.12842,0
173.25,118.25,2,841.63627,0
173.25,118.5,2,857.84703,0
173.25,118.75,2,874.81124,0
173.25,119.0,2,892.58211,0
173.25,119.25,2,911.22079,0
173.25,119.5,2,930.79098,0
173.25,119.75,2,951.36738,0
173.25,120.0,2,973.02874,0
173.25,120.25,2,995.86478,0
173.25,120.5,2,1019.9754,0
173.25,120.75,2,1045.4696,0
173.25,121.0,2,1072.4724,0
173.25,121.25,2,1101.1235,0
173.25,121.5,2,1131.5789,0
173.25,121.75,2,1164.0156,0
173.25,122.0,2,1198.6363,0
173.25,122.25,2,1235.671,0
173.25,122.5,2,1275.3831,0
173.25,122.75,2,1318.0747,0
173.25,123.0,2,1364.0973,0
173.25,123.25,2,1413.8597,0
173.25,123.5,2,1467.8399,0
173.25,123.75,2,1526.601,0
173.25,124.0,2,1590.8113,0
173.25,124.25,2,1661.2696,0
173.25,124.5,2,1738.9391,0
173.25,124.75,2,1824.9919,0
173.25,125.0,2,1920.8687,0
173.25,125.25,2,2028.3606,0
173.25,125.5,2,2149.7224,0
173.25,125.75,2,2287.8333,0
173.25,126.0,2,2446.4286,0
173.25,126.25,2,2630.4441,0
173.25,126.5,2,2846.54,0
173.25,126.75,2,3103.9262,0
173.25,127.0,2,3415.7116,0
173.25,127.25,2,3801.2112,0
173.25,127.5,2,4290.113,0
173.25,127.75,2,4930.5196,0
173.25,128.0,2,5805.8476,0
173.25,128.25,2,7074.5178,0
173.25,128.5,2,9078.6811,0
173.25,128.75,2,12720.471,0
173.25,129.0,2,21408.53,0
173.25,129.25,2,69303.666,0
173.25,129.5,1,-1.0,0
173.25,129.75,1,-1.0,0
173.25,130.0,1,-1.0,0
173.25,130.25,1,-1.0,0
173.25,130.5,1,-1.0,0
173.25,130.75,1,-1.0,0
173.25,131.0,1,-1.0,0
173.25,131.25,1,-1.0,0
173.25,131.5,1,-1.0,0
173.25,131.75,1,-1.0,0
173.25,132.0,1,-1.0,0
173.25,132.25,1,-1.0,0
173.25,132.5,1,-1.0,0
173.25,132.75,1,-1.0,0
173.25,133.0,1,-1.0,0
173.25,133.25,1,-1.0,0
173.25,133.5,1,-1.0,0
173.25,133.75,1,-1.0,0
173.25,134.0,1,-1.0,0
173.25,134.25,1,-1.0,0
173.25,134.5,1,-1.0,0
173.25,134.75,1,-1.0,0
173.25,135.0,1,-1.0,0
173.25,135.25,1,-1.0,0
173.25,135.5,1,-1.0,0
173.25,135.75,1,-1.0,0
173.25,136.0,1,-1.0,0
173.25,136.25,1,-1.0,0
173.25,136.5,1,-1.0,0
173.25,136.75,1,-1.0,0
173.25,137.0,1,-1.0,0
173.25,137.25,1,-1.0,0
173.25,137.5,1,-1.0,0
173.25,137.75,1,-1.0,0
173.25,138.0,1,-1.0,0
173.5,112.0,2,567.81999,0
173.5,112.25,2,574.06645,0
173.5,112.5,2,580.4882,0
173.5,112.75,2,587.09285,0
173.5,113.0,2,593.88845,0
173.5,113.25,2,600.88354,0
173.5,113.5,2,608.0872,0
173.5,113.75,2,615.50904,0
173.5,114.0,2,623.1593,0
173.5,114.25,2,631.04866,0
173.5,114.5,2,639.18855,0
173.5,114.75,2,647.59164,0
173.5,115.0,2,656.27115,0
173.5,115.25,2,665.24116,0
173.5,115.5,2,674.51633,0
173.5,115.75,2,684.11268,0
173.5,116.0,2,694.04801,0
173.5,116.25,2,704.3409,0
173.5,116.5,2,715.01012,0
173.5,116.75,2,726.07818,0
173.5,117.0,2,737.56829,0
173.5,117.25,2,749.50393,0
173.5,117.5,2,761.91356,0
173.5,117.75,2,774.82542,0
173.5,118.0,2,788.27122,0
173.5,118.25,2,802.28561,0
173.5,118.5,2,816.90501,0
173.5,118.75,2,832.17112,0
173.5,119.0,2,848.1271,0
173.5,119.25,2,864.82251,0
173.5,119.5,2,882.30981,0
173.5,119.75,2,900.64758,0
173.5,120.0,2,919.90083,0
173.5,120.25,2,940.13881,0
173.5,120.5,2,961.4419,0
173.5,120.75,2,983.89657,0
173.5,121.0,2,1007.5989,0
173.5,121.25,2,1032.6583,0
173.5,121.5,2,1059.1957,0
173.5,121.75,2,1087.3456,0
173.5,122.0,2,1117.2622,0
173.5,122.25,2,1149.1188,0
173.5,122.5,2,1183.1121,0
173.5,122.75,2,1219.466,0
173.5,123.0,2,1258.4359,0
173.5,123.25,2,1300.3183,0
173.5,123.5,2,1345.4548,0
173.5,123.75,2,1394.2424,0
173.5,124.0,2,1447.1457,0
173.5,124.25,2,1504.7117,0
173.5,124.5,2,1567.5888,0
173.5,124.75,2,1636.5518,0
173.5,125.0,2,1712.5336,0
173.5,125.25,2,1796.6686,0
173.5,125.5,2,1890.3497,0
173.5,125.75,2,1995.3061,0
173.5,126.0,2,2113.7119,0
173.5,126.25,2,2248.3387,0
173.5,126.5,2,2402.7762,0
173.5,126.75,2,2581.7575,0
173.5,127.0,2,2791.6547,0
173.5,127.25,2,3041.2548,0
173.5,127.5,2,3343.0221,0
173.5,127.75,2,3715.2475,0
173.5,128.0,2,4185.9161,0
173.5,128.25,2,4800.0876,0
173.5,128.5,2,5635.2729,0
173.5,128.75,2,6837.0721,0
173.5,129.0,2,8716.8317,0
173.5,129.25,2,12076.247,0
173.5,129.5,2,19796.161,0
173.5,129.75,2,56063.144,0
173.5,130.0,1,-1.0,0
173.5,130.25,1,-1.0,0
173.5,130.5,1,-1.0,0
173.5,130.75,1,-1.0,0
173.5,131.0,1,-1.0,0
173.5,131.25,1,-1.0,0
173.5,131.5,1,-1.0,0
173.5,131.75,1,-1.0,0
173.5,132.0,1,-1.0,0
173.5,132.25,1,-1.0,0
173.5,132.5,1,-1.0,0
173.5,132.75,1,-1.0,0
173.5,133.0,1,-1.0,0
173.5,133.25,1,-1.0,0
173.5,133.5,1,-1.0,0
173.5,133.75,1,-1.0,0
173.5,134.0,1,-1.0,0
173.5,134.25,1,-1.0,0
173.5,134.5,1,-1.0,0
173.5,134.75,1,-1.0,0
173.5,135.0,1,-1.0,0
173.5,135.25,1,-1.0,0
173.5,135.5,1,-1.0,0
173.5,135.75,1,-1.0,0
173.5,136.0,1,-1.0,0
173.5,136.25,1,-1.0,0
173.5,136.5,1,-1.0,0
173.5,136.75,1,-1.0,0
173.5,137.0,1,-1.0,0
173.5,137.25,1,-1.0,0
173.5,137.5,1,-1.0,0
173.5,137.75,1,-1.0,0
173.5,138.0,1,-1.0,0
173.75,112.0,2,550.45606,0
173.75,112.25,2,556.29339,0
173.75,112.5,2,562.28955,0
173.75,112.75,2,568.45122,0
173.75,113.0,2,574.7853,0
173.75,113.25,2,581.29937,0
173.75,113.5,2,588.00134,0
173.75,113.75,2,594.89961,0
173.75,114.0,2,602.00308,0
173.75,114.25,2,609.32121,0
173.75,114.5,2,616.86406,0
173.75,114.75,2,624.64232,0
173.75,115.0,2,632.66703,0
173.75,115.25,2,640.95032,0
173.75,115.5,2,649.50546,0
173.75,115.75,2,658.34628,0
173.75,116.0,2,667.48731,0
173.75,116.25,2,676.94391,0
173.75,116.5,2,686.73377,0
173.75,116.75,2,696.87509,0
173.75,117.0,2,707.38618,0
173.75,117.25,2,718.28935,0
173.75,117.5,2,729.60686,0
173.75,117.75,2,741.36246,0
173.75,118.0,2,753.58375,0
173.75,118.25,2,766.29767,0
173.75,118.5,2,779.53667,0
173.75,118.75,2,793.33308,0
173.75,119.0,2,807.72447,0
173.75,119.25,2,822.7495,0
173.75,119.5,2,838.45293,0
173.75,119.75,2,854.88045,0
173.75,120.0,2,872.08596,0
173.75,120.25,2,890.12513,0
173.75,120.5,2,909.06157,0
173.75,120.75,2,928.96526,0
173.75,121.0,2,949.91119,0
173.75,121.25,2,971.98599,0
173.75,121.5,2,995.28447,0
173.75,121.75,2,1019.9113,0
173.75,122.0,2,1045.9847,0
173.75,122.25,2,1073.6381,0
173.75,122.5,2,1103.0206,0
173.75,122.75,2,1134.3012,0
173.75,123.0,2,1167.6706,0
173.75,123.25,2,1203.3476,0
173.75,123.5,2,1241.5825,0
173.75,123.75,2,1282.6627,0
173.75,124.0,2,1326.9203,0
173.75,124.25,2,1374.7416,0
173.75,124.5,2,1426.5777,0
173.75,124.75,2,1482.9597,0
173.75,125.0,2,1544.5167,0
173.75,125.25,2,1611.9997,0
173.75,125.5,2,1686.3121,0
173.75,125.75,2,1768.5515,0
173.75,126.0,2,1860.0636,0
173.75,126.25,2,1962.5175,0
173.75,126.5,2,2078.0084,0
173.75,126.75,2,2209.2034,0
173.75,127.0,2,2359.5501,0
173.75,127.25,2,2533.5841,0
173.75,127.5,2,2737.397,0
173.75,127.75,2,2979.3696,0
173.75,128.0,2,3271.3502,0
173.75,128.25,2,3630.6583,0
173.75,128.5,2,4083.6562,0
173.75,128.75,2,4672.5358,0
173.75,129.0,2,5469.4945,0
173.75,129.25,2,6610.0686,0
173.75,129.5,2,8377.8008,0
173.75,129.75,2,11486.074,0
173.75,130.0,2,18390.995,0
173.75,130.25,2,46962.019,0
173.75,130.5,1,-1.0,0
173.75,130.75,1,-1.0,0
173.75,131.0,1,-1.0,0
173.75,131.25,1,-1.0,0
173.75,131.5,1,-1.0,0
173.75,131.75,1,-1.0,0
173.75,132.0,1,-1.0,0
173.75,132.25,1,-1.0,0
173.75,132.5,1,-1.0,0
173.75,132.75,1,-1.0,0
173.75,133.0,1,-1.0,0
173.75,133.25,1,-1.0,0
173.75,133.5,1,-1.0,0
173.75,133.75,1,-1.0,0
173.75,134.0,1,-1.0,0
173.75,134.25,1,-1.0,0
173.75,134.5,1,-1.0,0
173.75,134.75,1,-1.0,0
173.75,135.0,1,-1.0,0
173.75,135.25,1,-1.0,0
173.75,135.5,1,-1.0,0
173.75,135.75,1,-1.0,0
173.75,136.0,1,-1.0,0
173.75,136.25,1,-1.0,0
173.75,136.5,1,-1.0,0
173.75,136.75,1,-1.0,0
173.75,137.0,1,-1.0,0
173.75,137.25,1,-1.0,0
173.75,137.5,1,-1.0,0
173.75,137.75,1,-1.0,0
173.75,138.0,1,-1.0,0
174.0,112.0,2,534.03995,0
174.0,112.25,2,539.50363,0
174.0,112.5,2,545.11153,0
174.0,112.75,2,550.86953,0
174.0,113.0,2,556.78383,0
174.0,113.25,2,562.86101,0
174.0,113.5,2,569.10799,0
174.0,113.75,2,575.53212,0
174.0,114.0,2,582.14119,0
174.0,114.25,2,588.94319,0
174.0,114.5,2,595.94693,0
174.0,114.75,2,603.16182,0
174.0,115.0,2,610.59775,0
174.0,115.25,2,618.26522,0
174.0,115.5,2,626.17542,0
174.0,115.75,2,634.33956,0
174.0,116.0,2,642.77092,0
174.0,116.25,2,651.48318,0
174.0,116.5,2,660.49074,0
174.0,116.75,2,669.8083,0
174.0,117.0,2,679.45342,0
174.0,117.25,2,689.44388,0
174.0,117.5,2,699.79776,0
174.0,117.75,2,710.5369,0
174.0,118.0,2,721.68276,0
174.0,118.25,2,733.25929,0
174.0,118.5,2,745.29287,0
174.0,118.75,2,757.8104,0
174.0,119.0,2,770.84349,0
174.0,119.25,2,784.42351,0
174.0,119.5,2,798.58768,0
174.0,119.75,2,813.37367,0
174.0,120.0,2,828.82484,0
174.0,120.25,2,844.98744,0
174.0,120.5,2,861.91176,0
174.0,120.75,2,879.65486,0
174.0,121.0,2,898.27706,0
174.0,121.25,2,917.84663,0
174.0,121.5,2,938.43919,0
174.0,121.75,2,960.13736,0
174.0,122.0,2,983.03304,0
174.0,122.25,2,1007.2303,0
174.0,122.5,2,1032.8445,0
174.0,122.75,2,1060.005,0
174.0,123.0,2,1088.8565,0
174.0,123.25,2,1119.5642,0
174.0,123.5,2,1152.3151,0
174.0,123.75,2,1187.3219,0
174.0,124.0,2,1224.8278,0
174.0,124.25,2,1265.1125,0
174.0,124.5,2,1308.499,0
174.0,124.75,2,1355.3626,0
174.0,125.0,2,1406.1416,0
174.0,125.25,2,1461.3514,0
174.0,125.5,2,1521.6021,0
174.0,125.75,2,1587.6212,0
174.0,126.0,2,1660.2834,0
174.0,126.25,2,1740.6501,0
174.0,126.5,2,1830.0211,0
174.0,126.75,2,1930.0066,0
174.0,127.0,2,2042.6252,0
174.0,127.25,2,2170.4401,0
174.0,127.5,2,2316.7609,0
174.0,127.75,2,2485.9358,0
174.0,128.0,2,2683.7886,0
174.0,128.25,2,2918.3059,0
174.0,128.5,2,3200.744,0
174.0,128.75,2,3547.4836,0
174.0,129.0,2,3983.3514,0
174.0,129.25,2,4548.343,0
174.0,129.5,2,5310.4554,0
174.0,129.75,2,6394.6377,0
174.0,130.0,2,8059.7319,0
174.0,130.25,2,10943.445,0
174.0,130.5,2,17155.55,0
174.0,130.75,2,40321.782,0
174.0,131.0,1,-1.0,0
174.0,131.25,1,-1.0,0
174.0,131.5,1,-1.0,0
174.0,131.75,1,-1.0,0
174.0,132.0,1,-1.0,0
174.0,132.25,1,-1.0,0
174.0,132.5,1,-1.0,0
174.0,132.75,1,-1.0,0
174.0,133.0,1,-1.0,0
174.0,133.25,1,-1.0,0
174.0,133.5,1,-1.0,0
174.0,133.75,1,-1.0,0
174.0,134.0,1,-1.0,0
174.0,134.25,1,-1.0,0
174.0,134.5,1,-1.0,0
174.0,134.75,1,-1.0,0
174.0,135.0,1,-1.0,0
174.0,135.25,1,-1.0,0
174.0,135.5,1,-1.0,0
174.0,135.75,1,-1.0,0
174.0,136.0,1,-1.0,0
174.0,136.25,1,-1.0,0
174.0,136.5,1,-1.0,0
174.0,136.75,1,-1.0,0
174.0,137.0,1,-1.0,0
174.0,137.25,1,-1.0,0
174.0,137.5,1,-1.0,0
174.0,137.75,1,-1.0,0
174.0,138.0,1,-1.0,0
174.25,112.0,2,518.49701,0
174.25,112.25,2,523.61871,0
174.25,112.5,2,528.87166,0
174.25,112.75,2,534.26105,0
174.25,113.0,2,539.79236,0
174.25,113.25,2,545.47136,0
174.25,113.5,2,551.30417,0
174.25,113.75,2,557.29722,0
174.25,114.0,2,563.45733,0
174.25,114.25,2,569.79173,0
174.25,114.5,2,576.30805,0
174.25,114.75,2,583.0144,0
174.25,115.0,2,589.91934,0
174.25,115.25,2,597.03149,0
174.25,115.5,2,604.36101,0
174.25,115.75,2,611.91823,0
174.25,116.0,2,619.71412,0
174.25,116.25,2,627.76006,0
174.25,116.5,2,636.06829,0
174.25,116.75,2,644.65265,0
174.25,117.0,2,653.5274,0
174.25,117.25,2,662.70668,0
174.25,117.5,2,672.20784,0
174.25,117.75,2,682.04828,0
174.25,118.0,2,692.2458,0
174.25,118.25,2,702.82182,0
174.25,118.5,2,713.79703,0
174.25,118.75,2,725.19553,0
174.25,119.0,2,737.04232,0
174.25,119.25,2,749.36481,0
174.25,119.5,2,762.19269,0
174.25,119.75,2,775.55822,0
174.25,120.0,2,789.49603,0
174.25,120.25,2,804.04509,0
174.25,120.5,2,819.24545,0
174.25,120.75,2,835.14416,0
174.25,121.0,2,851.79014,0
174.25,121.25,2,869.23785,0
174.25,121.5,2,887.5483,0
174.25,121.75,2,906.78729,0
174.25,122.0,2,927.02742,0
174.25,122.25,2,948.351,0
174.25,122.5,2,970.84825,0
174.25,122.75,2,994.61979,0
174.25,123.0,2,1019.777,0
174.25,123.25,2,1046.4471,0
174.25,123.5,2,1074.7722,0
174.25,123.75,2,1104.9128,0
174.25,124.0,2,1137.0505,0
174.25,124.25,2,1171.3926,0
174.25,124.5,2,1208.1758,0
174.25,124.75,2,1247.6721,0
174.25,125.0,2,1290.1956,0
174.25,125.25,2,1336.1108,0
174.25,125.5,2,1385.8433,0
174.25,125.75,2,1439.8931,0
174.25,126.0,2,1498.8517,0
174.25,126.25,2,1563.4237,0
174.25,126.5,2,1634.4557,0
174.25,126.75,2,1712.9734,0
174.25,127.0,2,1800.2321,0
174.25,127.25,2,1897.7845,0
174.25,127.5,2,2007.5711,0
174.25,127.75,2,2132.0602,0
174.25,128.0,2,2274.4285,0
174.25,128.25,2,2438.8389,0
174.25,128.5,2,2630.8555,0
174.25,128.75,2,2858.0802,0
174.25,129.0,2,3131.2057,0
174.25,129.25,2,3465.7898,0
174.25,129.5,2,3885.7815,0
174.25,129.75,2,4428.8199,0
174.25,130.0,2,5158.2537,0
174.25,130.25,2,6189.9253,0
174.25,130.5,2,7760.7521,0
174.25,130.75,2,10442.858,0
174.25,131.0,2,16060.875,0
174.25,131.25,2,35263.386,0
174.25,131.5,1,-1.0,0
174.25,131.75,1,-1.0,0
174.25,132.0,1,-1.0,0
174.25,132.25,1,-1.0,0
174.25,132.5,1,-1.0,0
174.25,132.75,1,-1.0,0
174.25,133.0,1,-1.0,0
174.25,133.25,1,-1.0,0
174.25,133.5,1,-1.0,0
174.25,133.75,1,-1.0,0
174.25,134.0,1,-1.0,0
174.25,134.25,1,-1.0,0
174.25,134.5,1,-1.0,0
174.25,134.75,1,-1.0,0
174.25,135.0,1,-1.0,0
174.25,135.25,1,-1.0,0
174.25,135.5,1,-1.0,0
174.25,135.75,1,-1.0,0
174.25,136.0,1,-1.0,0
174.25,136.25,1,-1.0,0
174.25,136.5,1,-1.0,0
174.25,136.75,1,-1.0,0
174.25,137.0,1,-1.0,0
174.25,137.25,1,-1.0,0
174.25,137.5,1,-1.0,0
174.25,137.75,1,-1.0,0
174.25,138.0,1,-1.0,0
174.5,112.0,2,503.75913,0
174.5,112.25,2,508.56704,0
174.5,112.5,2,513.49468,0
174.5,112.75,2,518.54667,0
174.5,113.0,2,523.72785,0
174.5,113.25,2,529.04334,0
174.5,113.5,2,534.4985,0
174.5,113.75,2,540.09902,0
174.5,114.0,2,545.85091,0
174.5,114.25,2,551.76034,0
174.5,114.5,2,557.834,0
174.5,114.75,2,564.07908,0
174.5,115.0,2,570.5031,0
174.5,115.25,2,577.11401,0
174.5,115.5,2,583.92025,0
174.5,115.75,2,590.93078,0
174.5,116.0,2,598.15447,0
174.5,116.25,2,605.602,0
174.5,116.5,2,613.28418,0
174.5,116.75,2,621.2125,0
174.5,117.0,2,629.3983,0
174.5,117.25,2,637.85544,0
174.5,117.5,2,646.59799,0
174.5,117.75,2,655.63989,0
174.5,118.0,2,664.99791,0
174.5,118.25,2,674.68919,0
174.5,118.5,2,684.73125,0
174.5,118.75,2,695.14512,0
174.5,119.0,2,705.9507,0
174.5,119.25,2,717.17225,0
174.5,119.5,2,728.83341,0
174.5,119.75,2,740.96209,0
174.5,120.0,2,753.58608,0
174.5,120.25,2,766.73838,0
174.5,120.5,2,780.45146,0
174.5,120.75,2,794.76413,0
174.5,121.0,2,809.71646,0
174.5,121.25,2,825.35246,0
174.5,121.5,2,841.72177,0
174.5,121.75,2,858.87724,0
174.5,122.0,2,876.87715,0
174.5,122.25,2,895.78718,0
174.5,122.5,2,915.67887,0
174.5,122.75,2,936.63108,0
174.5,123.0,2,958.73164,0
174.5,123.25,2,982.07947,0
174.5,123.5,2,1006.7843,0
174.5,123.75,2,1032.9691,0
174.5,124.0,2,1060.7724,0
174.5,124.25,2,1090.3504,0
174.5,124.5,2,1121.8803,0
174.5,124.75,2,1155.5635,0
174.5,125.0,2,1191.6306,0
174.5,125.25,2,1230.3459,0
174.5,125.5,2,1272.0147,0
174.5,125.75,2,1316.9911,0
174.5,126.0,2,1365.6881,0
174.5,126.25,2,1418.5907,0
174.5,126.5,2,1476.272,0
174.5,126.75,2,1539.4143,0
174.5,127.0,2,1608.8365,0
174.5,127.25,2,1685.5299,0
174.5,127.5,2,1770.7059,0
174.5,127.75,2,1865.858,0
174.5,128.0,2,1972.8597,0
174.5,128.25,2,2094.0809,0
174.5,128.5,2,2232.5689,0
174.5,128.75,2,2392.3057,0
174.5,129.0,2,2578.6029,0
174.5,129.25,2,2798.7101,0
174.5,129.5,2,3062.9292,0
174.5,129.75,2,3386.3888,0
174.5,130.0,2,3791.5357,0
174.5,130.25,2,4313.7818,0
174.5,130.5,2,5012.4644,0
174.5,130.75,2,5995.1598,0
174.5,131.0,2,7479.2059,0
174.5,131.25,2,9979.6304,0
174.5,131.5,2,15084.249,0
174.5,131.75,2,31281.918,0
174.5,132.0,1,-1.0,0
174.5,132.25,1,-1.0,0
174.5,132.5,1,-1.0,0
174.5,132.75,1,-1.0,0
174.5,133.0,1,-1.0,0
174.5,133.25,1,-1.0,0
174.5,133.5,1,-1.0,0
174.5,133.75,1,-1.0,0
174.5,134.0,1,-1.0,0
174.5,134.25,1,-1.0,0
174.5,134.5,1,-1.0,0
174.5,134.75,1,-1.0,0
174.5,135.0,1,-1.0,0
174.5,135.25,1,-1.0,0
174.5,135.5,1,-1.0,0
174.5,135.75,1,-1.0,0
174.5,136.0,1,-1.0,0
174.5,136.25,1,-1.0,0
174.5,136.5,1,-1.0,0
174.5,136.75,1,-1.0,0
174.5,137.0,1,-1.0,0
174.5,137.25,1,-1.0,0
174.5,137.5,1,-1.0,0
174.5,137.75,1,-1.0,0
174.5,138.0,1,-1.0,0
174.75,112.0,2,489.76529,0
174.75,112.25,2,494.28483,0
174.75,112.5,2,498.9138,0
174.75,112.75,2,503.6563,0
174.75,113.0,2,508.51662,0
174.75,113.25,2,513.49929,0
174.75,113.5,2,518.60906,0
174.75,113.75,2,523.85096,0
174.75,114.0,2,529.23028,0
174.75,114.25,2,534.75258,0
174.75,114.5,2,540.42377,0
174.75,114.75,2,546.25007,0
174.75,115.0,2,552.23806,0
174.75,115.25,2,558.39468,0
174.75,115.5,2,564.72686,0
174.75,115.75,2,571.24283,0
174.75,116.0,2,577.95085,0
174.75,116.25,2,584.85973,0
174.75,116.5,2,591.97874,0
174.75,116.75,2,599.31718,0
174.75,117.0,2,606.88626,0
174.75,117.25,2,614.69728,0
174.75,117.5,2,622.76166,0
174.75,117.75,2,631.09232,0
174.75,118.0,2,639.70342,0
174.75,118.25,2,648.60874,0
174.75,118.5,2,657.82445,0
174.75,118.75,2,667.36749,0
174.75,119.0,2,677.25503,0
174.75,119.25,2,687.50773,0
174.75,119.5,2,698.14478,0
174.75,119.75,2,709.19048,0
174.75,120.0,2,720.66723,0
174.75,120.25,2,732.60305,0
174.75,120.5,2,745.02485,0
174.75,120.75,2,757.96455,0
174.75,121.0,2,771.45527,0
174.75,121.25,2,785.53304,0
174.75,121.5,2,800.23856,0
174.75,121.75,2,815.61453,0
174.75,122.0,2,831.70848,0
174.75,122.25,2,848.57328,0
174.75,122.5,2,866.26631,0
174.75,122.75,2,884.84976,0
174.75,123.0,2,904.39439,0
174.75,123.25,2,924.97776,0
174.75,123.5,2,946.68585,0
174.75,123.75,2,969.61443,0
174.75,124.0,2,993.87051,0
174.75,124.25,2,1019.5736,0
174.75,124.5,2,1046.859,0
174.75,124.75,2,1075.879,0
174.75,125.0,2,1106.8061,0
174.75,125.25,2,1139.8365,0
174.75,125.5,2,1175.1944,0
174.75,125.75,2,1213.1367,0
174.75,126.0,2,1253.9601,0
174.75,126.25,2,1298.0083,0
174.75,126.5,2,1345.6812,0
174.75,126.75,2,1397.4497,0
174.75,127.0,2,1453.869,0
174.75,127.25,2,1515.5996,0
174.75,127.5,2,1583.4333,0
174.75,127.75,2,1658.3275,0
174.75,128.0,2,1741.4488,0
174.75,128.25,2,1834.2404,0
174.75,128.5,2,1938.5032,0
174.75,128.75,2,2056.514,0
174.75,129.0,2,2191.1905,0
174.75,129.25,2,2346.3468,0
174.75,129.5,2,2527.0614,0
174.75,129.75,2,2740.4859,0
174.75,130.0,2,2996.5492,0
174.75,130.25,2,3309.4447,0
174.75,130.5,2,3700.4514,0
174.75,130.75,2,4202.9861,0
174.75,131.0,2,4872.6974,0
174.75,131.25,2,5809.6423,0
174.75,131.5,2,7213.6243,0
174.75,131.75,2,9549.7513,0
174.75,132.0,2,14207.595,0
174.75,132.25,2,28066.696,0
174.75,132.5,2,2269352.7,0
174.75,132.75,1,-1.0,0
174.75,133.0,1,-1.0,0
174.75,133.25,1,-1.0,0
174.75,133.5,1,-1.0,0
174.75,133.75,1,-1.0,0
174.75,134.0,1,-1.0,0
174.75,134.25,1,-1.0,0
174.75,134.5,1,-1.0,0
174.75,134.75,1,-1.0,0
174.75,135.0,1,-1.0,0
174.75,135.25,1,-1.0,0
174.75,135.5,1,-1.0,0
174.75,135.75,1,-1.0,0
174.75,136.0,1,-1.0,0
174.75,136.25,1,-1.0,0
174.75,136.5,1,-1.0,0
174.75,136.75,1,-1.0,0
174.75,137.0,1,-1.0,0
174.75,137.25,1,-1.0,0
174.75,137.5,1,-1.0,0
174.75,137.75,1,-1.0,0
174.75,138.0,1,-1.0,0
175.0,112.0,2,476.46115,0
175.0,112.25,2,480.71512,0
175.0,112.5,2,485.06917,0
175.0,112.75,2,489.5271,0
175.0,113.0,2,494.09274,0
175.0,113.25,2,498.77011,0
175.0,113.5,2,503.56343,0
175.0,113.75,2,508.47716,0
175.0,114.0,2,513.51598,0
175.0,114.25,2,518.6848,0
175.0,114.5,2,523.98866,0
175.0,114.75,2,529.43314,0
175.0,115.0,2,535.02405,0
175.0,115.25,2,540.76749,0
175.0,115.5,2,546.66993,0
175.0,115.75,2,552.73821,0
175.0,116.0,2,558.97957,0
175.0,116.25,2,565.40137,0
175.0,116.5,2,572.01171,0
175.0,116.75,2,578.8195,0
175.0,117.0,2,585.83392,0
175.0,117.25,2,593.06437,0
175.0,117.5,2,600.521,0
175.0,117.75,2,608.21539,0
175.0,118.0,2,616.15907,0
175.0,118.25,2,624.36399,0
175.0,118.5,2,632.84443,0
175.0,118.75,2,641.61402,0
175.0,119.0,2,650.6883,0
175.0,119.25,2,660.08403,0
175.0,119.5,2,669.81804,0
175.0,119.75,2,679.91039,0
175.0,120.0,2,690.38022,0
175.0,120.25,2,701.25084,0
175.0,120.5,2,712.54485,0
175.0,120.75,2,724.28879,0
175.0,121.0,2,736.51015,0
175.0,121.25,2,749.23878,0
175.0,121.5,2,762.50831,0
175.0,121.75,2,776.35333,0
175.0,122.0,2,790.8133,0
175.0,122.25,2,805.93104,0
175.0,122.5,2,821.75256,0
175.0,122.75,2,838.32853,0
175.0,123.0,2,855.71575,0
175.0,123.25,2,873.97595,0
175.0,123.5,2,893.17735,0
175.0,123.75,2,913.39507,0
175.0,124.0,2,934.71307,0
175.0,124.25,2,957.22517,0
175.0,124.5,2,981.0357,0
175.0,124.75,2,1006.2616,0
175.0,125.0,2,1033.0342,0
175.0,125.25,2,1061.5018,0
175.0,125.5,2,1091.8322,0
175.0,125.75,2,1124.2163,0
175.0,126.0,2,1158.8721,0
175.0,126.25,2,1196.0493,0
175.0,126.5,2,1236.036,0
175.0,126.75,2,1279.166,0
175.0,127.0,2,1325.8274,0
175.0,127.25,2,1376.4755,0
175.0,127.5,2,1431.6486,0
175.0,127.75,2,1491.9859,0
175.0,128.0,2,1558.2528,0
175.0,128.25,2,1631.3728,0
175.0,128.5,2,1712.4716,0
175.0,128.75,2,1802.9406,0
175.0,129.0,2,1904.5113,0
175.0,129.25,2,2019.366,0
175.0,129.5,2,2150.3064,0
175.0,129.75,2,2301.0169,0
175.0,130.0,2,2476.6007,0
175.0,130.25,2,2683.8176,0
175.0,130.5,2,2932.0604,0
175.0,130.75,2,3234.8488,0
175.0,131.0,2,3612.3765,0
175.0,131.25,2,4096.2078,0
175.0,131.5,2,4738.5937,0
175.0,131.75,2,5632.7383,0
175.0,132.0,2,6962.6995,0
175.0,132.25,2,9149.7646,0
175.0,132.5,2,13416.35,0
175.0,132.75,2,25416.065,0
175.0,133.0,2,269372.25,0
175.0,133.25,1,-1.0,0
175.0,133.5,1,-1.0,0
175.0,133.75,1,-1.0,0
175.0,134.0,1,-1.0,0
175.0,134.25,1,-1.0,0
175.0,134.5,1,-1.0,0
175.0,134.75,1,-1.0,0
175.0,135.0,1,-1.0,0
175.0,135.25,1,-1.0,0
175.0,135.5,1,-1.0,0
175.0,135.75,1,-1.0,0
175.0,136.0,1,-1.0,0
175.0,136.25,1,-1.0,0
175.0,136.5,1,-1.0,0
175.0,136.75,1,-1.0,0
175.0,137.0,1,-1.0,0
175.0,137.25,1,-1.0,0
175.0,137.5,1,-1.0,0
175.0,137.75,1,-1.0,0
175.0,138.0,1,-1.0,0
175.25,112.0,2,463.79637,0
175.25,112.25,2,467.80509,0
175.25,112.5,2,471.90578,0
175.25,112.75,2,476.10168,0
175.25,113.0,2,480.39622,0
175.25,113.25,2,484.79296,0
175.25,113.5,2,489.29567,0
175.25,113.75,2,493.90829,0
175.25,114.0,2,498.63498,0
175.25,114.25,2,503.48009,0
175.25,114.5,2,508.44823,0
175.25,114.75,2,513.54424,0
175.25,115.0,2,518.77322,0
175.25,115.25,2,524.14056,0
175.25,115.5,2,529.65194,0
175.25,115.75,2,535.31319,0
175.25,116.0,2,541.13055,0
175.25,116.25,2,547.11096,0
175.25,116.5,2,553.26151,0
175.25,116.75,2,559.58975,0
175.25,117.0,2,566.10338,0
175.25,117.25,2,572.81066,0
175.25,117.5,2,579.72101,0
175.25,117.75,2,586.84401,0
175.25,118.0,2,594.18904,0
175.25,118.25,2,601.7675,0
175.25,118.5,2,609.59114,0
175.25,118.75,2,617.67117,0
175.25,119.0,2,626.02177,0
175.25,119.25,2,634.6565,0
175.25,119.5,2,643.59025,0
175.25,119.75,2,652.83963,0
175.25,120.0,2,662.42112,0
175.25,120.25,2,672.35421,0
175.25,120.5,2,682.65797,0
175.25,120.75,2,693.35472,0
175.25,121.0,2,704.46727,0
175.25,121.25,2,716.02073,0
175.25,121.5,2,728.04301,0
175.25,121.75,2,740.56223,0
175.25,122.0,2,753.61165,0
175.25,122.25,2,767.22616,0
175.25,122.5,2,781.44263,0
175.25,122.75,2,796.30352,0
175.25,123.0,2,811.85433,0
175.25,123.25,2,828.14485,0
175.25,123.5,2,845.22905,0
175.25,123.75,2,863.16782,0
175.25,124.0,2,882.02791,0
175.25,124.25,2,901.88303,0
175.25,124.5,2,922.81501,0
175.25,124.75,2,944.91492,0
175.25,125.0,2,968.28445,0
175.25,125.25,2,993.03752,0
175.25,125.5,2,1019.3021,0
175.25,125.75,2,1047.2225,0
175.25,126.0,2,1076.9621,0
175.25,126.25,2,1108.7064,0
175.25,126.5,2,1142.6674,0
175.25,126.75,2,1179.0877,0
175.25,127.0,2,1218.2471,0
175.25,127.25,2,1260.4694,0
175.25,127.5,2,1306.1314,0
175.25,127.75,2,1355.673,0
175.25,128.0,2,1409.6161,0
175.25,128.25,2,1468.579,0
175.25,128.5,2,1533.3014,0
175.25,128.75,2,1604.6729,0
175.25,129.0,2,1683.7819,0
175.25,129.25,2,1771.9668,0
175.25,129.5,2,1870.8902,0
175.25,129.75,2,1982.6492,0
175.25,130.0,2,2110.0103,0
175.25,130.25,2,2256.6786,0
175.25,130.5,2,2427.4095,0
175.25,130.75,2,2628.6521,0
175.25,131.0,2,2869.3863,0
175.25,131.25,2,3162.499,0
175.25,131.5,2,3527.1686,0
175.25,131.75,2,3993.2376,0
175.25,132.0,2,4609.8227,0
175.25,132.25,2,5463.8703,0
175.25,132.5,2,6725.2633,0
175.25,132.75,2,8776.6767,0
175.25,133.0,2,12698.651,0
175.25,133.25,2,23193.431,0
175.25,133.5,2,142215.33,0
175.25,133.75,1,-1.0,0
175.25,134.0,1,-1.0,0
175.25,134.25,1,-1.0,0
175.25,134.5,1,-1.0,0
175.25,134.75,1,-1.0,0
175.25,135.0,1,-1.0,0
175.25,135.25,1,-1.0,0
175.25,135.5,1,-1.0,0
175.25,135.75,1,-1.0,0
175.25,136.0,1,-1.0,0
175.25,136.25,1,-1.0,0
175.25,136.5,1,-1.0,0
175.25,136.75,1,-1.0,0
175.25,137.0,1,-1.0,0
175.25,137.25,1,-1.0,0
175.25,137.5,1,-1.0,0
175.25,137.75,1,-1.0,0
175.25,138.0,1,-1.0,0
175.5,112.0,2,451.72651,0
175.5,112.25,2,455.50871,0
175.5,112.5,2,459.37544,0
175.5,112.75,2,463.32959,0
175.5,113.0,2,467.37412,0
175.5,113.25,2,471.51233,0
175.5,113.5,2,475.74759,0
175.5,113.75,2,480.08343,0
175.5,114.0,2,484.52353,0
175.5,114.25,2,489.07178,0
175.5,114.5,2,493.73226,0
175.5,114.75,2,498.50926,0
175.5,115.0,2,503.4071,0
175.5,115.25,2,508.43068,0
175.5,115.5,2,513.58501,0
175.5,115.75,2,518.87538,0
175.5,116.0,2,524.30738,0
175.5,116.25,2,529.88688,0
175.5,116.5,2,535.62013,0
175.5,116.75,2,541.51339,0
175.5,117.0,2,547.57366,0
175.5,117.25,2,553.80858,0
175.5,117.5,2,560.22596,0
175.5,117.75,2,566.83374,0
175.5,118.0,2,573.64066,0
175.5,118.25,2,580.65651,0
175.5,118.5,2,587.89097,0
175.5,118.75,2,595.35423,0
175.5,119.0,2,603.05833,0
175.5,119.25,2,611.01454,0
175.5,119.5,2,619.23614,0
175.5,119.75,2,627.7369,0
175.5,120.0,2,636.53107,0
175.5,120.25,2,645.63512,0
175.5,120.5,2,655.06512,0
175.5,120.75,2,664.84008,0
175.5,121.0,2,674.97893,0
175.5,121.25,2,685.50308,0
175.5,121.5,2,696.43549,0
175.5,121.75,2,707.7999,0
175.5,122.0,2,719.62398,0
175.5,122.25,2,731.93602,0
175.5,122.5,2,744.76708,0
175.5,122.75,2,758.15194,0
175.5,123.0,2,772.1277,0
175.5,123.25,2,786.73403,0
175.5,123.5,2,802.01599,0
175.5,123.75,2,818.02235,0
175.5,124.0,2,834.80654,0
175.5,124.25,2,852.4274,0
175.5,124.5,2,870.94987,0
175.5,124.75,2,890.44544,0
175.5,125.0,2,910.99437,0
175.5,125.25,2,932.68551,0
175.5,125.5,2,955.61795,0
175.5,125.75,2,979.90264,0
175.5,126.0,2,1005.6642,0
175.5,126.25,2,1033.0432,0
175.5,126.5,2,1062.1984,0
175.5,126.75,2,1093.3098,0
175.5,127.0,2,1126.5835,0
175.5,127.25,2,1162.2555,0
175.5,127.5,2,1200.5971,0
175.5,127.75,2,1241.9224,0
175.5,128.0,2,1286.5971,0
175.5,128.25,2,1335.0469,0
175.5,128.5,2,1387.7767,0
175.5,128.75,2,1445.3845,0
175.5,129.0,2,1508.5848,0
175.5,129.25,2,1578.2352,0
175.5,129.5,2,1655.3865,0
175.5,129.75,2,1741.3263,0
175.5,130.0,2,1837.6498,0
175.5,130.25,2,1946.5022,0
175.5,130.5,2,2070.6023,0
175.5,130.75,2,2213.394,0
175.5,131.0,2,2379.4429,0
175.5,131.25,2,2574.9331,0
175.5,131.5,2,2808.4547,0
175.5,131.75,2,3092.2991,0
175.5,132.0,2,3444.6944,0
175.5,132.25,2,3893.8807,0
175.5,132.5,2,4486.0792,0
175.5,132.75,2,5302.5118,0
175.5,133.0,2,6500.2689,0
175.5,133.25,2,8427.8819,0
175.5,133.5,2,12044.734,0
175.5,133.75,2,21302.979,0
175.5,134.0,2,96160.682,0
175.5,134.25,1,-1.0,0
175.5,134.5,1,-1.0,0
175.5,134.75,1,-1.0,0
175.5,135.0,1,-1.0,0
175.5,135.25,1,-1.0,0
175.5,135.5,1,-1.0,0
175.5,135.75,1,-1.0,0
175.5,136.0,1,-1.0,0
175.5,136.25,1,-1.0,0
175.5,136.5,1,-1.0,0
175.5,136.75,1,-1.0,0
175.5,137.0,1,-1.0,0
175.5,137.25,1,-1.0,0
175.5,137.5,1,-1.0,0
175.5,137.75,1,-1.0,0
175.5,138.0,1,-1.0,0
175.75,112.0,2,440.21067,0
175.75,112.25,2,443.78287,0
175.75,112.5,2,447.43292,0
175.75,112.75,2,451.16342,0
175.75,113.0,2,454.97709,0
175.75,113.25,2,458.87681,0
175.75,113.5,2,462.86556,0
175.75,113.75,2,466.94648,0
175.75,114.0,2,471.12286,0
175.75,114.25,2,475.39816,0
175.75,114.5,2,479.77601,0
175.75,114.75,2,484.26021,0
175.75,115.0,2,488.85477,0
175.75,115.25,2,493.5639,0
175.75,115.5,2,498.39204,0
175.75,115.75,2,503.34386,0
175.75,116.0,2,508.42428,0
175.75,116.25,2,513.63842,0
175.75,116.5,2,518.99148,0
175.75,116.75,2,524.48954,0
175.75,117.0,2,530.13871,0
175.75,117.25,2,535.94547,0
175.75,117.5,2,541.9165,0
175.75,117.75,2,548.05865,0
175.75,118.0,2,554.38011,0
175.75,118.25,2,560.88903,0
175.75,118.5,2,567.5934,0
175.75,118.75,2,574.50279,0
175.75,119.0,2,581.62724,0
175.75,119.25,2,588.9762,0
175.75,119.5,2,596.56155,0
175.75,119.75,2,604.39477,0
175.75,120.0,2,612.48824,0
175.75,120.25,2,620.85596,0
175.75,120.5,2,629.51151,0
175.75,120.75,2,638.47125,0
175.75,121.0,2,647.75086,0
175.75,121.25,2,657.36885,0
175.75,121.5,2,667.34399,0
175.75,121.75,2,677.69684,0
175.75,122.0,2,688.45032,0
175.75,122.25,2,699.62729,0
175.75,122.5,2,711.25474,0
175.75,122.75,2,723.36096,0
175.75,123.0,2,735.97572,0
175.75,123.25,2,749.13285,0
175.75,123.5,2,762.86886,0
175.75,123.75,2,777.22335,0
175.75,124.0,2,792.23932,0
175.75,124.25,2,807.96409,0
175.75,124.5,2,824.4503,0
175.75,124.75,2,841.75536,0
175.75,125.0,2,859.94265,0
175.75,125.25,2,879.0823,0
175.75,125.5,2,899.2521,0
175.75,125.75,2,920.53858,0
175.75,126.0,2,943.03829,0
175.75,126.25,2,966.85928,0
175.75,126.5,2,992.12287,0
175.75,126.75,2,1018.9657,0
175.75,127.0,2,1047.5424,0
175.75,127.25,2,1078.0284,0
175.75,127.5,2,1110.6237,0
175.75,127.75,2,1145.5559,0
175.75,128.0,2,1183.0895,0
175.75,128.25,2,1223.5291,0
175.75,128.5,2,1267.229,0
175.75,128.75,2,1314.6018,0
175.75,129.0,2,1366.135,0
175.75,129.25,2,1422.4075,0
175.75,129.5,2,1484.108,0
175.75,129.75,2,1552.0655,0
175.75,130.0,2,1627.2921,0
175.75,130.25,2,1711.0331,0
175.75,130.5,2,1804.9714,0
175.75,130.75,2,1911.1375,0
175.75,131.0,2,2032.0843,0
175.75,131.25,2,2171.1282,0
175.75,131.5,2,2332.6583,0
175.75,131.75,2,2522.6073,0
175.75,132.0,2,2749.197,0
175.75,132.25,2,3024.1583,0
175.75,132.5,2,3364.8288,0
175.75,132.75,2,3797.9555,0
175.75,133.0,2,4367.081,0
175.75,133.25,2,5148.1815,0
175.75,133.5,2,6286.7755,0
175.75,133.75,2,8101.1011,0
175.75,134.0,2,11446.494,0
175.75,134.25,2,19675.511,0
175.75,134.5,2,72378.847,0
175.75,134.75,1,-1.0,0
175.75,135.0,1,-1.0,0
175.75,135.25,1,-1.0,0
175.75,135.5,1,-1.0,0
175.75,135.75,1,-1.0,0
175.75,136.0,1,-1.0,0
175.75,136.25,1,-1.0,0
175.75,136.5,1,-1.0,0
175.75,136.75,1,-1.0,0
175.75,137.0,1,-1.0,0
175.75,137.25,1,-1.0,0
175.75,137.5,1,-1.0,0
175.75,137.75,1,-1.0,0
175.75,138.0,1,-1.0,0
176.0,112.0,3,429.21126,0
176.0,112.25,3,432.58894,0
176.0,112.5,3,436.0384,0
176.0,112.75,2,439.56198,0
176.0,113.0,2,443.16213,0
176.0,113.25,2,446.84129,0
176.0,113.5,2,450.60226,0
176.0,113.75,2,454.44788,0
176.0,114.0,2,458.38111,0
176.0,114.25,2,462.40502,0
176.0,114.5,2,466.52284,0
176.0,114.75,2,470.73798,0
176.0,115.0,2,475.05399,0
176.0,115.25,2,479.47462,0
176.0,115.5,2,484.0038,0
176.0,115.75,2,488.64547,0
176.0,116.0,2,493.40412,0
176.0,116.25,2,498.28435,0
176.0,116.5,2,503.291,0
176.0,116.75,2,508.42916,0
176.0,117.0,2,513.70421,0
176.0,117.25,2,519.12174,0
176.0,117.5,2,524.68736,0
176.0,117.75,2,530.40783,0
176.0,118.0,2,536.28987,0
176.0,118.25,2,542.34045,0
176.0,118.5,2,548.56659,0
176.0,118.75,2,554.97689,0
176.0,119.0,2,561.57977,0
176.0,119.25,2,568.3834,0
176.0,119.5,2,575.39825,0
176.0,119.75,2,582.634,0
176.0,120.0,2,590.10141,0
176.0,120.25,2,597.8125,0
176.0,120.5,2,605.77874,0
176.0,120.75,2,614.01437,0
176.0,121.0,2,622.53229,0
176.0,121.25,2,631.3488,0
176.0,121.5,2,640.4791,0
176.0,121.75,2,649.94131,0
176.0,122.0,2,659.75399,0
176.0,122.25,2,669.93689,0
176.0,122.5,2,680.51255,0
176.0,122.75,2,691.50388,0
176.0,123.0,2,702.9363,0
176.0,123.25,2,714.83791,0
176.0,123.5,2,727.23858,0
176.0,123.75,2,740.17003,0
176.0,124.0,2,753.6684,0
176.0,124.25,2,767.77245,0
176.0,124.5,2,782.52446,0
176.0,124.75,2,797.97075,0
176.0,125.0,2,814.16221,0
176.0,125.25,2,831.15476,0
176.0,125.5,2,849.01018,0
176.0,125.75,2,867.79707,0
176.0,126.0,2,887.59126,0
176.0,126.25,2,908.47709,0
176.0,126.5,2,930.5486,0
176.0,126.75,2,953.91071,0
176.0,127.0,2,978.68146,0
176.0,127.25,2,1004.994,0
176.0,127.5,2,1032.9984,0
176.0,127.75,2,1062.8655,0
176.0,128.0,2,1094.7893,0
176.0,128.25,2,1128.992,0
176.0,128.5,2,1165.7277,0
176.0,128.75,2,1205.293,0
176.0,129.0,2,1248.0311,0
176.0,129.25,2,1294.3417,0
176.0,129.5,2,1344.6956,0
176.0,129.75,2,1399.6527,0
176.0,130.0,2,1459.877,0
176.0,130.25,2,1526.1694,0
176.0,130.5,2,1599.5286,0
176.0,130.75,2,1681.2818,0
176.0,131.0,2,1772.9745,0
176.0,131.25,2,1876.5358,0
176.0,131.5,2,1994.4286,0
176.0,131.75,2,2129.848,0
176.0,132.0,2,2287.0149,0
176.0,132.25,2,2471.6241,0
176.0,132.5,2,2691.5484,0
176.0,132.75,2,2957.9911,0
176.0,133.0,2,3287.4544,0
176.0,133.25,2,3705.2926,0
176.0,133.5,2,4252.5671,0
176.0,133.75,2,5000.4386,0
176.0,134.0,2,6083.9353,0
176.0,134.25,2,7794.3324,0
176.0,134.5,2,10897.143,0
176.0,134.75,2,18259.807,0
176.0,135.0,2,57859.534,0
176.0,135.25,1,-1.0,0
176.0,135.5,1,-1.0,0
176.0,135.75,1,-1.0,0
176.0,136.0,1,-1.0,0
176.0,136.25,1,-1.0,0
176.0,136.5,1,-1.0,0
176.0,136.75,1,-1.0,0
176.0,137.0,1,-1.0,0
176.0,137.25,1,-1.0,0
176.0,137.5,1,-1.0,0
176.0,137.75,1,-1.0,0
176.0,138.0,1,-1.0,0
176.25,112.0,3,418.69496,0
176.25,112.25,3,421.89182,0
176.25,112.5,3,425.15483,0
176.25,112.75,3,428.48627,0
176.25,113.0,3,431.88833,0
176.25,113.25,3,435.36333,0
176.25,113.5,2,438.91368,0
176.25,113.75,2,442.54188,0
176.25,114.0,2,446.25057,0
176.25,114.25,2,450.04252,0
176.25,114.5,2,453.92061,0
176.25,114.75,2,457.88787,0
176.25,115.0,2,461.94747,0
176.25,115.25,2,466.10276,0
176.25,115.5,2,470.35722,0
176.25,115.75,2,474.71454,0
176.25,116.0,2,479.17857,0
176.25,116.25,2,483.75339,0
176.25,116.5,2,488.44325,0
176.25,116.75,2,493.25267,0
176.25,117.0,2,498.18624,0
176.25,117.25,2,503.24881,0
176.25,117.5,2,508.4459,0
176.25,117.75,2,513.7831,0
176.25,118.0,2,519.26628,0
176.25,118.25,2,524.9012,0
176.25,118.5,2,530.69466,0
176.25,118.75,2,536.65385,0
176.25,119.0,2,542.78588,0
176.25,119.25,2,549.09822,0
176.25,119.5,2,555.59979,0
176.25,119.75,2,562.29888,0
176.25,120.0,2,569.20488,0
176.25,120.25,2,576.32822,0
176.25,120.5,2,583.67852,0
176.25,120.75,2,591.26827,0
176.25,121.0,2,599.10828,0
176.25,121.25,2,607.21276,0
176.25,121.5,2,615.59412,0
176.25,121.75,2,624.26848,0
176.25,122.0,2,633.25062,0
176.25,122.25,2,642.55827,0
176.25,122.5,2,652.20976,0
176.25,122.75,2,662.22407,0
176.25,123.0,2,672.62339,0
176.25,123.25,2,683.43057,0
176.25,123.5,2,694.66963,0
176.25,123.75,2,706.36839,0
176.25,124.0,2,718.55606,0
176.25,124.25,2,731.26438,0
176.25,124.5,2,744.52745,0
176.25,124.75,2,758.38338,0
176.25,125.0,2,772.87363,0
176.25,125.25,2,788.04342,0
176.25,125.5,2,803.9424,0
176.25,125.75,2,820.62522,0
176.25,126.0,2,838.15215,0
176.25,126.25,2,856.58984,0
176.25,126.5,2,876.01219,0
176.25,126.75,2,896.50132,0
176.25,127.0,2,918.14882,0
176.25,127.25,2,941.05708,0
176.25,127.5,2,965.341,0
176.25,127.75,2,991.12987,0
176.25,128.0,2,1018.5689,0
176.25,128.25,2,1047.8242,0
176.25,128.5,2,1079.0846,0
176.25,128.75,2,1112.5658,0
176.25,129.0,2,1148.5149,0
176.25,129.25,2,1187.2175,0
176.25,129.5,2,1229.007,0
176.25,129.75,2,1274.2705,0
176.25,130.0,2,1323.4626,0
176.25,130.25,2,1377.1246,0
176.25,130.5,2,1435.8965,0
176.25,130.75,2,1500.5957,0
176.25,131.0,2,1572.2738,0
176.25,131.25,2,1652.1277,0
176.25,131.5,2,1741.6398,0
176.25,131.75,2,1842.6744,0
176.25,132.0,2,1957.6086,0
176.25,132.25,2,2089.5215,0
176.25,132.5,2,2242.4742,0
176.25,132.75,2,2421.9351,0
176.25,133.0,2,2635.4475,0
176.25,133.25,2,2893.7168,0
176.25,133.5,2,3212.4609,0
176.25,133.75,2,3615.7336,0
176.25,134.0,2,4142.2951,0
176.25,134.25,2,4858.8788,0
176.25,134.5,2,5890.9822,0
176.25,134.75,2,7505.81,0
176.25,135.0,2,10390.956,0
176.25,135.25,2,17017.138,0
176.25,135.5,2,48074.019,0
176.25,135.75,1,-1.0,0
176.25,136.0,1,-1.0,0
176.25,136.25,1,-1.0,0
176.25,136.5,1,-1.0,0
176.25,136.75,1,-1.0,0
176.25,137.0,1,-1.0,0
176.25,137.25,1,-1.0,0
176.25,137.5,1,-1.0,0
176.25,137.75,1,-1.0,0
176.25,138.0,1,-1.0,0
176.5,112.0,3,408.63009,0
176.5,112.25,3,411.65871,0
176.5,112.5,3,414.74866,0
176.5,112.75,3,417.90185,0
176.5,113.0,3,421.12026,0
176.5,113.25,3,424.4059,0
176.5,113.5,3,427.76088,0
176.5,113.75,3,431.18762,0
176.5,114.0,3,434.68848,0
176.5,114.25,3,438.26593,0
176.5,114.5,2,441.92256,0
176.5,114.75,2,445.66109,0
176.5,115.0,2,449.48436,0
176.5,115.25,2,453.39533,0
176.5,115.5,2,457.39712,0
176.5,115.75,2,461.49302,0
176.5,116.0,2,465.68645,0
176.5,116.25,2,469.98103,0
176.5,116.5,2,474.38051,0
176.5,116.75,2,478.88866,0
176.5,117.0,2,483.50989,0
176.5,117.25,2,488.24861,0
176.5,117.5,2,493.10949,0
176.5,117.75,2,498.09742,0
176.5,118.0,2,503.21742,0
176.5,118.25,2,508.47471,0
176.5,118.5,2,513.87542,0
176.5,118.75,2,519.42567,0
176.5,119.0,2,525.13148,0
176.5,119.25,2,530.99974,0
176.5,119.5,2,537.03803,0
176.5,119.75,2,543.2535,0
176.5,120.0,2,549.65437,0
176.5,120.25,2,556.24974,0
176.5,120.5,2,563.04768,0
176.5,120.75,2,570.05909,0
176.5,121.0,2,577.29345,0
176.5,121.25,2,584.76253,0
176.5,121.5,2,592.47749,0
176.5,121.75,2,600.45167,0
176.5,122.0,2,608.69766,0
176.5,122.25,2,617.23099,0
176.5,122.5,2,626.06614,0
176.5,122.75,2,635.22049,0
176.5,123.0,2,644.71208,0
176.5,123.25,2,654.55921,0
176.5,123.5,2,664.78367,0
176.5,123.75,2,675.40789,0
176.5,124.0,2,686.45565,0
176.5,124.25,2,697.95337,0
176.5,124.5,2,709.92996,0
176.5,124.75,2,722.41643,0
176.5,125.0,2,735.44654,0
176.5,125.25,2,749.05716,0
176.5,125.5,2,763.2883,0
176.5,125.75,2,778.1843,0
176.5,126.0,2,793.79373,0
176.5,126.25,2,810.16989,0
176.5,126.5,2,827.37152,0
176.5,126.75,2,845.46361,0
176.5,127.0,2,864.51813,0
176.5,127.25,2,884.615,0
176.5,127.5,2,905.84297,0
176.5,127.75,2,928.30202,0
176.5,128.0,2,952.1039,0
176.5,128.25,2,977.37433,0
176.5,128.5,2,1004.2553,0
176.5,128.75,2,1032.9071,0
176.5,129.0,2,1063.5123,0
176.5,129.25,2,1096.2811,0
176.5,129.5,2,1131.454,0
176.5,129.75,2,1169.3057,0
176.5,130.0,2,1210.16,0
176.5,130.25,2,1254.3919,0
176.5,130.5,2,1302.4398,0
176.5,130.75,2,1354.8264,0
176.5,131.0,2,1412.2328,0
176.5,131.25,2,1475.4923,0
176.5,131.5,2,1545.5473,0
176.5,131.75,2,1623.5544,0
176.5,132.0,2,1710.9486,0
176.5,132.25,2,1809.5318,0
176.5,132.5,2,1921.5988,0
176.5,132.75,2,2050.1183,0
176.5,133.0,2,2198.9991,0
176.5,133.25,2,2373.4946,0
176.5,133.5,2,2580.836,0
176.5,133.75,2,2831.2588,0
176.5,134.0,2,3139.7442,0
176.5,134.25,2,3529.1304,0
176.5,134.5,2,4036.0403,0
176.5,134.75,2,4723.1304,0
176.5,135.0,2,5707.2221,0
176.5,135.25,2,7233.9707,0
176.5,135.5,2,9923.0693,0
176.5,135.75,2,15917.68,0
176.5,136.0,2,41032.172,0
176.5,136.25,1,-1.0,0
176.5,136.5,1,-1.0,0
176.5,136.75,1,-1.0,0
176.5,137.0,1,-1.0,0
176.5,137.25,1,-1.0,0
176.5,137.5,1,-1.0,0
176.5,137.75,1,-1.0,0
176.5,138.0,1,-1.0,0
176.75,112.0,3,398.98871,0
176.75,112.25,3,401.86076,0
176.75,112.5,3,404.78945,0
176.75,112.75,3,407.77653,0
176.75,113.0,3,410.82397,0
176.75,113.25,3,413.93363,0
176.75,113.5,3,417.10745,0
176.75,113.75,3,420.34749,0
176.75,114.0,3,423.65586,0
176.75,114.25,3,427.03478,0
176.75,114.5,3,430.48659,0
176.75,114.75,3,434.0137,0
176.75,115.0,3,437.61867,0
176.75,115.25,2,441.30414,0
176.75,115.5,2,445.07292,0
176.75,115.75,2,448.92791,0
176.75,116.0,2,452.87218,0
176.75,116.25,2,456.90895,0
176.75,116.5,2,461.04159,0
176.75,116.75,2,465.27364,0
176.75,117.0,2,469.60882,0
176.75,117.25,2,474.05105,0
176.75,117.5,2,478.60444,0
176.75,117.75,2,483.27329,0
176.75,118.0,2,488.06179,0
176.75,118.25,2,492.97513,0
176.75,118.5,2,498.01838,0
176.75,118.75,2,503.19691,0
176.75,119.0,2,508.51583,0
176.75,119.25,2,513.9815,0
176.75,119.5,2,519.60039,0
176.75,119.75,2,525.3787,0
176.75,120.0,2,531.32363,0
176.75,120.25,2,537.44307,0
176.75,120.5,2,543.74409,0
176.75,120.75,2,550.23595,0
176.75,121.0,2,556.92715,0
176.75,121.25,2,563.82736,0
176.75,121.5,2,570.94677,0
176.75,121.75,2,578.2961,0
176.75,122.0,2,585.88697,0
176.75,122.25,2,593.73187,0
176.75,122.5,2,601.84358,0
176.75,122.75,2,610.23702,0
176.75,123.0,2,618.92637,0
176.75,123.25,2,627.92869,0
176.75,123.5,2,637.2616,0
176.75,123.75,2,646.9431,0
176.75,124.0,2,656.99423,0
176.75,124.25,2,667.43702,0
176.75,124.5,2,678.29517,0
176.75,124.75,2,689.59376,0
176.75,125.0,2,701.36123,0
176.75,125.25,2,713.62794,0
176.75,125.5,2,726.42686,0
176.75,125.75,2,739.79396,0
176.75,126.0,2,753.76855,0
176.75,126.25,2,768.39367,0
176.75,126.5,2,783.71656,0
176.75,126.75,2,799.78917,0
176.75,127.0,2,816.66878,0
176.75,127.25,2,834.41868,0
176.75,127.5,2,853.10899,0
176.75,127.75,2,872.8176,0
176.75,128.0,2,893.63129,0
176.75,128.25,2,915.64701,0
176.75,128.5,2,938.973,0
176.75,128.75,2,963.73108,0
176.75,129.0,2,990.05981,0
176.75,129.25,2,1018.1155,0
176.75,129.5,2,1048.0748,0
176.75,129.75,2,1080.1406,0
176.75,130.0,2,1114.5469,0
176.75,130.25,2,1151.5606,0
176.75,130.5,2,1191.4933,0
176.75,130.75,2,1234.7091,0
176.75,131.0,2,1281.632,0
176.75,131.25,2,1332.842,0
176.75,131.5,2,1389.0002,0
176.75,131.75,2,1450.8599,0
176.75,132.0,2,1519.3351,0
176.75,132.25,2,1595.5465,0
176.75,132.5,2,1680.883,0
176.75,132.75,2,1777.0871,0
176.75,133.0,2,1886.3749,0
176.75,133.25,2,2011.6094,0
176.75,133.5,2,2156.5543,0
176.75,133.75,2,2326.259,0
176.75,134.0,2,2527.6587,0
176.75,134.25,2,2770.5452,0
176.75,134.5,2,3069.2068,0
176.75,134.75,2,3445.3444,0
176.75,135.0,2,3933.5936,0
176.75,135.25,2,4592.8511,0
176.75,135.5,2,5532.025,0
176.75,135.75,2,6977.4253,0
176.75,136.0,2,9489.3232,0
176.75,136.25,2,14938.094,0
176.75,136.5,2,35722.321,0
176.75,136.75,1,-1.0,0
176.75,137.0,1,-1.0,0
176.75,137.25,1,-1.0,0
176.75,137.5,1,-1.0,0
176.75,137.75,1,-1.0,0
176.75,138.0,1,-1.0,0
177.0,112.0,3,389.74461,0
177.0,112.25,3,392.47025,0
177.0,112.5,3,395.24862,0
177.0,112.75,3,398.08125,0
177.0,113.0,3,400.96978,0
177.0,113.25,3,403.91585,0
177.0,113.5,3,406.92105,0
177.0,113.75,3,409.98746,0
177.0,114.0,3,413.117,0
177.0,114.25,3,416.31166,0
177.0,114.5,3,419.57354,0
177.0,114.75,3,422.90482,0
177.0,115.0,3,426.30777,0
177.0,115.25,3,429.78479,0
177.0,115.5,3,433.33837,0
177.0,115.75,3,436.97113,0
177.0,116.0,2,440.68581,0
177.0,116.25,2,444.48526,0
177.0,116.5,2,448.37251,0
177.0,116.75,2,452.35069,0
177.0,117.0,2,456.42314,0
177.0,117.25,2,460.59331,0
177.0,117.5,2,464.86483,0
177.0,117.75,2,469.24126,0
177.0,118.0,2,473.72692,0
177.0,118.25,2,478.32605,0
177.0,118.5,2,483.04315,0
177.0,118.75,2,487.88286,0
177.0,119.0,2,492.84971,0
177.0,119.25,2,497.94943,0
177.0,119.5,2,503.18759,0
177.0,119.75,2,508.56957,0
177.0,120.0,2,514.10173,0
177.0,120.25,2,519.79092,0
177.0,120.5,2,525.64339,0
177.0,120.75,2,531.66698,0
177.0,121.0,2,537.8694,0
177.0,121.25,2,544.25852,0
177.0,121.5,2,550.8438,0
177.0,121.75,2,557.63365,0
177.0,122.0,2,564.63902,0
177.0,122.25,2,571.86953,0
177.0,122.5,2,579.33732,0
177.0,122.75,2,587.05397,0
177.0,123.0,2,595.0325,0
177.0,123.25,2,603.28722,0
177.0,123.5,2,611.83198,0
177.0,123.75,2,620.68357,0
177.0,124.0,2,629.85915,0
177.0,124.25,2,639.3765,0
177.0,124.5,2,649.25586,0
177.0,124.75,2,659.51887,0
177.0,125.0,2,670.1887,0
177.0,125.25,2,681.29043,0
177.0,125.5,2,692.85081,0
177.0,125.75,2,704.89989,0
177.0,126.0,2,717.4699,0
177.0,126.25,2,730.59594,0
177.0,126.5,2,744.31635,0
177.0,126.75,2,758.67312,0
177.0,127.0,2,773.71231,0
177.0,127.25,2,789.48459,0
177.0,127.5,2,806.04575,0
177.0,127.75,2,823.45747,0
177.0,128.0,2,841.78804,0
177.0,128.25,2,861.11282,0
177.0,128.5,2,881.51628,0
177.0,128.75,2,903.09299,0
177.0,129.0,2,925.94862,0
177.0,129.25,2,950.20195,0
177.0,129.5,2,975.9854,0
177.0,129.75,2,1003.4519,0
177.0,130.0,2,1032.7741,0
177.0,130.25,2,1064.1468,0
177.0,130.5,2,1097.7971,0
177.0,130.75,2,1133.9849,0
177.0,131.0,2,1173.0098,0
177.0,131.25,2,1215.2291,0
177.0,131.5,2,1261.1315,0
177.0,131.75,2,1311.2493,0
177.0,132.0,2,1366.1907,0
177.0,132.25,2,1426.6867,0
177.0,132.5,2,1493.6241,0
177.0,132.75,2,1568.0889,0
177.0,133.0,2,1651.4259,0
177.0,133.25,2,1745.3204,0
177.0,133.5,2,1851.9133,0
177.0,133.75,2,1973.9668,0
177.0,134.0,2,2115.1061,0
177.0,134.25,2,2280.1866,0
177.0,134.5,2,2475.8629,0
177.0,134.75,2,2711.5074,0
177.0,135.0,2,3000.7565,0
177.0,135.25,2,3364.2455,0
177.0,135.5,2,3834.7604,0
177.0,135.75,2,4467.7253,0
177.0,136.0,2,5364.8171,0
177.0,136.25,2,6734.9352,0
177.0,136.5,2,9086.1411,0
177.0,136.75,2,14059.853,0
177.0,137.0,2,31575.74,0
177.0,137.25,1,-1.0,0
177.0,137.5,1,-1.0,0
177.0,137.75,1,-1.0,0
177.0,138.0,1,-1.0,0
177.25,112.0,3,380.87357,0
177.25,112.25,3,383.46282,0
177.25,112.5,3,386.10102,0
177.25,112.75,3,388.78928,0
177.25,113.0,3,391.52937,0
177.25,113.25,3,394.32284,0
177.25,113.5,3,397.1713,0
177.25,113.75,3,400.0764,0
177.25,114.0,3,403.03988,0
177.25,114.25,3,406.0635,0
177.25,114.5,3,409.14905,0
177.25,114.75,3,412.29866,0
177.25,115.0,3,415.51436,0
177.25,115.25,3,418.79832,0
177.25,115.5,3,422.15277,0
177.25,115.75,3,425.58005,0
177.25,116.0,3,429.08262,0
177.25,116.25,3,432.66305,0
177.25,116.5,3,436.32401,0
177.25,116.75,3,440.06833,0
177.25,117.0,2,443.89896,0
177.25,117.25,2,447.81882,0
177.25,117.5,2,451.83126,0
177.25,117.75,2,455.93972,0
177.25,118.0,2,460.14779,0
177.25,118.25,2,464.45925,0
177.25,118.5,2,468.87806,0
177.25,118.75,2,473.40813,0
177.25,119.0,2,478.05385,0
177.25,119.25,2,482.82006,0
177.25,119.5,2,487.71168,0
177.25,119.75,2,492.73339,0
177.25,120.0,2,497.8908,0
177.25,120.25,2,503.18992,0
177.25,120.5,2,508.6363,0
177.25,120.75,2,514.23653,0
177.25,121.0,2,519.99773,0
177.25,121.25,2,525.92618,0
177.25,121.5,2,532.0305,0
177.25,121.75,2,538.31794,0
177.25,122.0,2,544.79776,0
177.25,122.25,2,551.47848,0
177.25,122.5,2,558.37051,0
177.25,122.75,2,565.48337,0
177.25,123.0,2,572.82908,0
177.25,123.25,2,580.41854,0
177.25,123.5,2,588.26502,0
177.25,123.75,2,596.38218,0
177.25,124.0,2,604.78363,0
177.25,124.25,2,613.48583,0
177.25,124.5,2,622.50546,0
177.25,124.75,2,631.86014,0
177.25,125.0,2,641.5693,0
177.25,125.25,2,651.65422,0
177.25,125.5,2,662.13753,0
177.25,125.75,2,673.04371,0
177.25,126.0,2,684.39934,0
177.25,126.25,2,696.2332,0
177.25,126.5,2,708.57662,0
177.25,126.75,2,721.46407,0
177.25,127.0,2,734.93297,0
177.25,127.25,2,749.02426,0
177.25,127.5,2,763.78285,0
177.25,127.75,2,779.25794,0
177.25,128.0,2,795.5038,0
177.25,128.25,2,812.58064,0
177.25,128.5,2,830.55493,0
177.25,128.75,2,849.50047,0
177.25,129.0,2,869.49942,0
177.25,129.25,2,890.64308,0
177.25,129.5,2,913.03359,0
177.25,129.75,2,936.78715,0
177.25,130.0,2,962.03387,0
177.25,130.25,2,988.91911,0
177.25,130.5,2,1017.6117,0
177.25,130.75,2,1048.3019,0
177.25,131.0,2,1081.2072,0
177.25,131.25,2,1116.5812,0
177.25,131.5,2,1154.7216,0
177.25,131.75,2,1196.0464,0
177.25,132.0,2,1240.987,0
177.25,132.25,2,1290.0393,0
177.25,132.5,2,1343.7941,0
177.25,132.75,2,1402.9615,0
177.25,133.0,2,1468.4015,0
177.25,133.25,2,1541.1671,0
177.25,133.5,2,1622.5606,0
177.25,133.75,2,1714.2125,0
177.25,134.0,2,1818.1918,0
177.25,134.25,2,1937.1639,0
177.25,134.5,2,2074.6225,0
177.25,134.75,2,2235.238,0
177.25,135.0,2,2425.3987,0
177.25,135.25,2,2654.0808,0
177.25,135.5,2,2934.3062,0
177.25,135.75,2,3285.7116,0
177.25,136.0,2,3739.3592,0
177.25,136.25,2,4347.4615,0
177.25,136.5,2,5205.0755,0
177.25,136.75,2,6505.3925,0
177.25,137.0,2,8710.4299,0
177.25,137.25,2,13268.061,0
177.25,137.5,2,28248.146,0
177.25,137.75,1,-1.0,0
177.25,138.0,1,-1.0,0
177.5,112.0,3,372.35398,0
177.5,112.25,3,374.81534,0
177.5,112.5,3,377.32217,0
177.5,112.75,3,379.87584,0
177.5,113.0,3,382.47766,0
177.5,113.25,3,385.12902,0
177.5,113.5,3,387.83109,0
177.5,113.75,3,390.58567,0
177.5,114.0,3,393.39433,0
177.5,114.25,3,396.2587,0
177.5,114.5,3,399.18049,0
177.5,114.75,3,402.16145,0
177.5,115.0,3,405.20345,0
177.5,115.25,3,408.30841,0
177.5,115.5,3,411.47835,0
177.5,115.75,3,414.71536,0
177.5,116.0,3,418.02166,0
177.5,116.25,3,421.39954,0
177.5,116.5,3,424.8514,0
177.5,116.75,3,428.37978,0
177.5,117.0,3,431.98729,0
177.5,117.25,3,435.67672,0
177.5,117.5,3,439.45094,0
177.5,117.75,2,443.31302,0
177.5,118.0,2,447.26612,0
177.5,118.25,2,451.31361,0
177.5,118.5,2,455.45899,0
177.5,118.75,2,459.70556,0
177.5,119.0,2,464.05757,0
177.5,119.25,2,468.51911,0
177.5,119.5,2,473.0945,0
177.5,119.75,2,477.78787,0
177.5,120.0,2,482.60418,0
177.5,120.25,2,487.54868,0
177.5,120.5,2,492.62638,0
177.5,120.75,2,497.84276,0
177.5,121.0,2,503.20423,0
177.5,121.25,2,508.71642,0
177.5,121.5,2,514.38639,0
177.5,121.75,2,520.22109,0
177.5,122.0,2,526.22774,0
177.5,122.25,2,532.41464,0
177.5,122.5,2,538.7897,0
177.5,122.75,2,545.36233,0
177.5,123.0,2,552.14174,0
177.5,123.25,2,559.13813,0
177.5,123.5,2,566.3627,0
177.5,123.75,2,573.82615,0
177.5,124.0,2,581.54172,0
177.5,124.25,2,589.52245,0
177.5,124.5,2,597.78193,0
177.5,124.75,2,606.33609,0
177.5,125.0,2,615.20123,0
177.5,125.25,2,624.39472,0
177.5,125.5,2,633.93529,0
177.5,125.75,2,643.84383,0
177.5,126.0,2,654.14243,0
177.5,126.25,2,664.85501,0
177.5,126.5,2,676.00748,0
177.5,126.75,2,687.62803,0
177.5,127.0,2,699.74729,0
177.5,127.25,2,712.39867,0
177.5,127.5,2,725.61865,0
177.5,127.75,2,739.44715,0
177.5,128.0,2,753.92792,0
177.5,128.25,2,769.10907,0
177.5,128.5,2,785.04357,0
177.5,128.75,2,801.78989,0
177.5,129.0,2,819.41276,0
177.5,129.25,2,837.9833,0
177.5,129.5,2,857.58163,0
177.5,129.75,2,878.29723,0
177.5,130.0,2,900.22992,0
177.5,130.25,2,923.49016,0
177.5,130.5,2,948.20561,0
177.5,130.75,2,974.51893,0
177.5,131.0,2,1002.5906,0
177.5,131.25,2,1032.6076,0
177.5,131.5,2,1064.7792,0
177.5,131.75,2,1099.3646,0
177.5,132.0,2,1136.7163,0
177.5,132.25,2,1177.1889,0
177.5,132.5,2,1221.1904,0
177.5,132.75,2,1269.2029,0
177.5,133.0,2,1321.8007,0
177.5,133.25,2,1379.6732,0
177.5,133.5,2,1443.6551,0
177.5,133.75,2,1514.7673,0
177.5,134.0,2,1594.2713,0
177.5,134.25,2,1683.7451,0
177.5,134.5,2,1785.1887,0
177.5,134.75,2,1901.1753,0
177.5,135.0,2,2035.0726,0
177.5,135.25,2,2191.3751,0
177.5,135.5,2,2376.2186,0
177.5,135.75,2,2598.2039,0
177.5,136.0,2,2869.774,0
177.5,136.25,2,3209.6282,0
177.5,136.5,2,3647.2206,0
177.5,136.75,2,4231.7896,0
177.5,137.0,2,5052.3218,0
177.5,137.25,2,6287.8031,0
177.5,137.5,2,8359.501,0
177.5,137.75,2,12550.609,0
177.5,138.0,2,25518.924,0
177.75,112.0,3,364.16481,0
177.75,112.25,3,366.50667,0
177.75,112.5,3,368.89094,0
177.75,112.75,3,371.31863,0
177.75,113.0,3,373.79089,0
177.75,113.25,3,376.3092,0
177.75,113.5,3,378.87489,0
177.75,113.75,3,381.48932,0
177.75,114.0,3,384.15389,0
177.75,114.25,3,386.86985,0
177.75,114.5,3,389.63899,0
177.75,114.75,3,392.46292,0
177.75,115.0,3,395.3433,0
177.75,115.25,3,398.28189,0
177.75,115.5,3,401.28048,0
177.75,115.75,3,404.34099,0
177.75,116.0,3,407.46538,0
177.75,116.25,3,410.65572,0
177.75,116.5,3,413.91418,0
177.75,116.75,3,417.24302,0
177.75,117.0,3,420.64458,0
177.75,117.25,3,424.12136,0
177.75,117.5,3,427.67593,0
177.75,117.75,3,431.31101,0
177.75,118.0,3,435.02944,0
177.75,118.25,3,438.83421,0
177.75,118.5,2,442.72824,0
177.75,118.75,2,446.71486,0
177.75,119.0,2,450.79764,0
177.75,119.25,2,454.98021,0
177.75,119.5,2,459.26638,0
177.75,119.75,2,463.65978,0
177.75,120.0,2,468.16483,0
177.75,120.25,2,472.78612,0
177.75,120.5,2,477.52822,0
177.75,120.75,2,482.39563,0
177.75,121.0,2,487.39414,0
177.75,121.25,2,492.52893,0
177.75,121.5,2,497.80562,0
177.75,121.75,2,503.23092,0
177.75,122.0,2,508.8104,0
177.75,122.25,2,514.55189,0
177.75,122.5,2,520.46188,0
177.75,122.75,2,526.54883,0
177.75,123.0,2,532.82021,0
177.75,123.25,2,539.28566,0
177.75,123.5,2,545.95339,0
177.75,123.75,2,552.83432,0
177.75,124.0,2,559.93858,0
177.75,124.25,2,567.27734,0
177.75,124.5,2,574.86317,0
177.75,124.75,2,582.70867,0
177.75,125.0,2,590.82749,0
177.75,125.25,2,599.23498,0
177.75,125.5,2,607.94707,0
177.75,125.75,2,616.98089,0
177.75,126.0,2,626.35451,0
177.75,126.25,2,636.08841,0
177.75,126.5,2,646.20415,0
177.75,126.75,2,656.72508,0
177.75,127.0,2,667.6765,0
177.75,127.25,2,679.08591,0
177.75,127.5,2,690.9832,0
177.75,127.75,2,703.40095,0
177.75,128.0,2,716.37473,0
177.75,128.25,2,729.94346,0
177.75,128.5,2,744.14978,0
177.75,128.75,2,759.04055,0
177.75,129.0,2,774.66737,0
177.75,129.25,2,791.08636,0
177.75,129.5,2,808.36114,0
177.75,129.75,2,826.5616,0
177.75,130.0,2,845.76545,0
177.75,130.25,2,866.05811,0
177.75,130.5,2,887.53741,0
177.75,130.75,2,910.31244,0
177.75,131.0,2,934.5039,0
177.75,131.25,2,960.25198,0
177.75,131.5,2,987.71278,0
177.75,131.75,2,1017.0655,0
177.75,132.0,2,1048.5333,0
177.75,132.25,2,1082.4167,0
177.75,132.5,2,1119.0093,0
177.75,132.75,2,1158.6494,0
177.75,133.0,2,1201.7339,0
177.75,133.25,2,1248.7317,0
177.75,133.5,2,1300.201,0
177.75,133.75,2,1356.8113,0
177.75,134.0,2,1419.3729,0
177.75,134.25,2,1488.8758,0
177.75,134.5,2,1566.5425,0
177.75,134.75,2,1653.9005,0
177.75,135.0,2,1752.8834,0
177.75,135.25,2,1865.9764,0
177.75,135.5,2,1996.427,0
177.75,135.75,2,2148.5621,0
177.75,136.0,2,2328.2774,0
177.75,136.25,2,2543.8186,0
177.75,136.5,2,2807.0822,0
177.75,136.75,2,3135.8875,0
177.75,137.0,2,3558.1865,0
177.75,137.25,2,4120.4597,0
177.75,137.5,2,4906.1181,0
177.75,137.75,2,6081.2728,0
177.75,138.0,2,8031.0061,0
178.0,112.0,3,356.28778,0
178.0,112.25,3,358.51765,0
178.0,112.5,3,360.78668,0
178.0,112.75,3,363.09632,0
178.0,113.0,3,365.44767,0
178.0,113.25,3,367.84188,0
178.0,113.5,3,370.27981,0
178.0,113.75,3,372.76303,0
178.0,114.0,3,375.29283,0
178.0,114.25,3,377.87056,0
178.0,114.5,3,380.49761,0
178.0,114.75,3,383.17542,0
178.0,115.0,3,385.9054,0
178.0,115.25,3,388.68917,0
178.0,115.5,3,391.52846,0
178.0,115.75,3,394.42496,0
178.0,116.0,3,397.38047,0
178.0,116.25,3,400.39685,0
178.0,116.5,3,403.47603,0
178.0,116.75,3,406.62005,0
178.0,117.0,3,409.83103,0
178.0,117.25,3,413.11119,0
178.0,117.5,3,416.46284,0
178.0,117.75,3,419.88841,0
178.0,118.0,3,423.39044,0
178.0,118.25,3,426.97146,0
178.0,118.5,3,430.63426,0
178.0,118.75,3,434.38187,0
178.0,119.0,3,438.21735,0
178.0,119.25,3,442.14392,0
178.0,119.5,2,446.16497,0
178.0,119.75,2,450.2837,0
178.0,120.0,2,454.50404,0
178.0,120.25,2,458.83006,0
178.0,120.5,2,463.26589,0
178.0,120.75,2,467.81524,0
178.0,121.0,2,472.48333,0
178.0,121.25,2,477.275,0
178.0,121.5,2,482.19459,0
178.0,121.75,2,487.24829,0
178.0,122.0,2,492.44134,0
178.0,122.25,2,497.77975,0
178.0,122.5,2,503.27015,0
178.0,122.75,2,508.91877,0
178.0,123.0,2,514.73332,0
178.0,123.25,2,520.72081,0
178.0,123.5,2,526.88974,0
178.0,123.75,2,533.24845,0
178.0,124.0,2,539.80594,0
178.0,124.25,2,546.57241,0
178.0,124.5,2,553.55742,0
178.0,124.75,2,560.77261,0
178.0,125.0,2,568.22988,0
178.0,125.25,2,575.9414,0
178.0,125.5,2,583.92088,0
178.0,125.75,2,592.18309,0
178.0,126.0,2,600.74362,0
178.0,126.25,2,609.61922,0
178.0,126.5,2,618.82763,0
178.0,126.75,2,628.38864,0
178.0,127.0,2,638.32339,0
178.0,127.25,2,648.65466,0
178.0,127.5,2,659.40716,0
178.0,127.75,2,670.6077,0
178.0,128.0,2,682.28543,0
178.0,128.25,2,694.47214,0
178.0,128.5,2,707.2025,0
178.0,128.75,2,720.51443,0
178.0,129.0,2,734.44933,0
178.0,129.25,2,749.05252,0
178.0,129.5,2,764.37457,0
178.0,129.75,2,780.4709,0
178.0,130.0,2,797.40281,0
178.0,130.25,2,815.23744,0
178.0,130.5,2,834.05054,0
178.0,130.75,2,853.92678,0
178.0,131.0,2,874.95933,0
178.0,131.25,2,897.25401,0
178.0,131.5,2,920.9303,0
178.0,131.75,2,946.12076,0
178.0,132.0,2,972.97985,0
178.0,132.25,2,1001.7002,0
178.0,132.5,2,1032.5399,0
178.0,132.75,2,1065.7438,0
178.0,133.0,2,1101.5945,0
178.0,133.25,2,1140.4211,0
178.0,133.5,2,1182.6101,0
178.0,133.75,2,1228.6174,0
178.0,134.0,2,1278.9857,0
178.0,134.25,2,1334.3656,0
178.0,134.5,2,1395.5435,0
178.0,134.75,2,1463.4799,0
178.0,135.0,2,1539.3596,0
178.0,135.25,2,1624.6615,0
178.0,135.5,2,1721.2561,0
178.0,135.75,2,1831.5438,0
178.0,136.0,2,1958.6575,0
178.0,136.25,2,2106.7645,0
178.0,136.5,2,2281.5321,0
178.0,136.75,2,2490.8696,0
178.0,137.0,2,2746.1575,0
178.0,137.25,2,3064.3879,0
178.0,137.5,2,3472.1087,0
178.0,137.75,2,4013.2398,0
178.0,138.0,2,4766.0627,0
178.25,112.0,3,348.70525,0
178.25,112.25,3,350.82968,0
178.25,112.5,3,352.99103,0
178.25,112.75,3,355.19025,0
178.25,113.0,3,357.42796,0
178.25,113.25,3,359.70559,0
178.25,113.5,3,362.02425,0
178.25,113.75,3,364.38506,0
178.25,114.0,3,366.78905,0
178.25,114.25,3,369.23741,0
178.25,114.5,3,371.73158,0
178.25,114.75,3,374.27287,0
178.25,115.0,3,376.86266,0
178.25,115.25,3,379.50236,0
178.25,115.5,3,382.19347,0
178.25,115.75,3,384.93751,0
178.25,116.0,3,387.73607,0
178.25,116.25,3,390.59081,0
178.25,116.5,3,393.50355,0
178.25,116.75,3,396.47613,0
178.25,117.0,3,399.51045,0
178.25,117.25,3,402.6085,0
178.25,117.5,3,405.77236,0
178.25,117.75,3,409.00415,0
178.25,118.0,3,412.30612,0
178.25,118.25,3,415.6807,0
178.25,118.5,3,419.13039,0
178.25,118.75,3,422.65779,0
178.25,119.0,3,426.26565,0
178.25,119.25,3,429.95683,0
178.25,119.5,3,433.73434,0
178.25,119.75,3,437.601,0
178.25,120.0,3,441.56036,0
178.25,120.25,2,445.61599,0
178.25,120.5,2,449.77154,0
178.25,120.75,2,454.03044,0
178.25,121.0,2,458.39699,0
178.25,121.25,2,462.87563,0
178.25,121.5,2,467.47042,0
178.25,121.75,2,472.18623,0
178.25,122.0,2,477.02839,0
178.25,122.25,2,482.00129,0
178.25,122.5,2,487.11141,0
178.25,122.75,2,492.36396,0
178.25,123.0,2,497.76559,0
178.25,123.25,2,503.32253,0
178.25,123.5,2,509.04213,0
178.25,123.75,2,514.93133,0
178.25,124.0,2,520.99869,0
178.25,124.25,2,527.25157,0
178.25,124.5,2,533.69982,0
178.25,124.75,2,540.3526,0
178.25,125.0,2,547.2197,0
178.25,125.25,2,554.31245,0
178.25,125.5,2,561.64238,0
178.25,125.75,2,569.22116,0
178.25,126.0,2,577.06264,0
178.25,126.25,2,585.18099,0
178.25,126.5,2,593.59145,0
178.25,126.75,2,602.31038,0
178.25,127.0,2,611.35527,0
178.25,127.25,2,620.74517,0
178.25,127.5,2,630.50082,0
178.25,127.75,2,640.64445,0
178.25,128.0,2,651.20017,0
178.25,128.25,2,662.19412,0
178.25,128.5,2,673.65475,0
178.25,128.75,2,685.61303,0
178.25,129.0,2,698.10251,0
178.25,129.25,2,711.16014,0
178.25,129.5,2,724.82654,0
178.25,129.75,2,739.14615,0
178.25,130.0,2,754.16786,0
178.25,130.25,2,769.94529,0
178.25,130.5,2,786.53752,0
178.25,130.75,2,804.01133,0
178.25,131.0,2,822.43998,0
178.25,131.25,2,841.90399,0
178.25,131.5,2,862.49619,0
178.25,131.75,2,884.31791,0
178.25,132.0,2,907.48488,0
178.25,132.25,2,932.12712,0
178.25,132.5,2,958.41639,0
178.25,132.75,2,986.57212,0
178.25,133.0,2,1016.801,0
178.25,133.25,2,1049.3404,0
178.25,133.5,2,1084.4656,0
178.25,133.75,2,1122.4973,0
178.25,134.0,2,1163.8115,0
178.25,134.25,2,1208.8519,0
178.25,134.5,2,1258.1461,0
178.25,134.75,2,1312.3261,0
178.25,135.0,2,1372.1558,0
178.25,135.25,2,1438.567,0
178.25,135.5,2,1512.7082,0
178.25,135.75,2,1596.0119,0
178.25,136.0,2,1690.2876,0
178.25,136.25,2,1797.855,0
178.25,136.5,2,1921.7372,0
178.25,136.75,2,2065.9493,0
178.25,137.0,2,2235.9417,0
178.25,137.25,2,2439.3043,0
178.25,137.5,2,2686.9304,0
178.25,137.75,2,2995.0339,0
178.25,138.0,2,3388.8485,0
178.5,112.0,3,341.40094,0
178.5,112.25,3,343.42671,0
178.5,112.5,3,345.48671,0
178.5,112.75,3,347.58188,0
178.5,113.0,3,349.71336,0
178.5,113.25,3,351.88208,0
178.5,113.5,3,354.08874,0
178.5,113.75,3,356.33459,0
178.5,114.0,3,358.62079,0
178.5,114.25,3,360.94843,0
178.5,114.5,3,363.31866,0
178.5,114.75,3,365.73244,0
178.5,115.0,3,368.19123,0
178.5,115.25,3,370.69635,0
178.5,115.5,3,373.24915,0
178.5,115.75,3,375.85103,0
178.5,116.0,3,378.50343,0
178.5,116.25,3,381.20787,0
178.5,116.5,3,383.96594,0
178.5,116.75,3,386.77927,0
178.5,117.0,3,389.6496,0
178.5,117.25,3,392.5787,0
178.5,117.5,3,395.56845,0
178.5,117.75,3,398.62081,0
178.5,118.0,3,401.73781,0
178.5,118.25,3,404.9216,0
178.5,118.5,3,408.1744,0
178.5,118.75,3,411.49855,0
178.5,119.0,3,414.8965,0
178.5,119.25,3,418.3708,0
178.5,119.5,3,421.92415,0
178.5,119.75,3,425.55902,0
178.5,120.0,3,429.27864,0
178.5,120.25,3,433.08613,0
178.5,120.5,3,436.98475,0
178.5,120.75,3,440.97766,0
178.5,121.0,2,445.06839,0
178.5,121.25,2,449.26101,0
178.5,121.5,2,453.55937,0
178.5,121.75,2,457.9672,0
178.5,122.0,2,462.48946,0
178.5,122.25,2,467.13046,0
178.5,122.5,2,471.89498,0
178.5,122.75,2,476.78861,0
178.5,123.0,2,481.81599,0
178.5,123.25,2,486.98383,0
178.5,123.5,2,492.29719,0
178.5,123.75,2,497.76354,0
178.5,124.0,2,503.38869,0
178.5,124.25,2,509.18076,0
178.5,124.5,2,515.1469,0
178.5,124.75,2,521.29546,0
178.5,125.0,2,527.63545,0
178.5,125.25,2,534.17544,0
178.5,125.5,2,540.92586,0
178.5,125.75,2,547.89735,0
178.5,126.0,2,555.10092,0
178.5,126.25,2,562.54846,0
178.5,126.5,2,570.25328,0
178.5,126.75,2,578.22922,0
178.5,127.0,2,586.49112,0
178.5,127.25,2,595.05498,0
178.5,127.5,2,603.93801,0
178.5,127.75,2,613.15862,0
178.5,128.0,2,622.73708,0
178.5,128.25,2,632.69511,0
178.5,128.5,2,643.05621,0
178.5,128.75,2,653.84588,0
178.5,129.0,2,665.09159,0
178.5,129.25,2,676.8237,0
178.5,129.5,2,689.07513,0
178.5,129.75,2,701.8819,0
178.5,130.0,2,715.28341,0
178.5,130.25,2,729.32296,0
178.5,130.5,2,744.04728,0
178.5,130.75,2,759.50941,0
178.5,131.0,2,775.76746,0
178.5,131.25,2,792.8849,0
178.5,131.5,2,810.93307,0
178.5,131.75,2,829.99214,0
178.5,132.0,2,850.14899,0
178.5,132.25,2,871.50495,0
178.5,132.5,2,894.17008,0
178.5,132.75,2,918.29793,0
178.5,133.0,2,944.07622,0
178.5,133.25,2,971.68044,0
178.5,133.5,2,1001.3115,0
178.5,133.75,2,1033.2009,0
178.5,134.0,2,1067.6168,0
178.5,134.25,2,1104.8715,0
178.5,134.5,2,1145.3311,0
178.5,134.75,2,1189.4274,0
178.5,135.0,2,1237.6734,0
178.5,135.25,2,1290.6834,0
178.5,135.5,2,1349.1992,0
178.5,135.75,2,1414.125,0
178.5,136.0,2,1486.5747,0
178.5,136.25,2,1567.9359,0
178.5,136.5,2,1659.9597,0
178.5,136.75,2,1764.8883,0
178.5,137.0,2,1885.6402,0
178.5,137.25,2,2026.085,0
178.5,137.5,2,2191.4669,0
178.5,137.75,2,2389.0727,0
178.5,138.0,2,2629.3352,0
178.75,112.0,3,334.36023,0
178.75,112.25,3,336.2928,0
178.75,112.5,3,338.25757,0
178.75,112.75,3,340.25542,0
178.75,113.0,3,342.28692,0
178.75,113.25,3,344.35304,0
178.75,113.5,3,346.45485,0
178.75,113.75,3,348.59329,0
178.75,114.0,3,350.7691,0
178.75,114.25,3,352.98339,0
178.75,114.5,3,355.23735,0
178.75,114.75,3,357.53206,0
178.75,115.0,3,359.86864,0
178.75,115.25,3,362.24822,0
178.75,115.5,3,364.67189,0
178.75,115.75,3,367.14111,0
178.75,116.0,3,369.65719,0
178.75,116.25,3,372.22151,0
178.75,116.5,3,374.8355,0
178.75,116.75,3,377.50065,0
178.75,117.0,3,380.2185,0
178.75,117.25,3,382.99067,0
178.75,117.5,3,385.81884,0
178.75,117.75,3,388.70479,0
178.75,118.0,3,391.65034,0
178.75,118.25,3,394.65741,0
178.75,118.5,3,397.728,0
178.75,118.75,3,400.86421,0
178.75,119.0,3,404.06824,0
178.75,119.25,3,407.34236,0
178.75,119.5,3,410.68895,0
178.75,119.75,3,414.11029,0
178.75,120.0,3,417.60923,0
178.75,120.25,3,421.18855,0
178.75,120.5,3,424.85113,0
178.75,120.75,3,428.59994,0
178.75,121.0,3,432.43781,0
178.75,121.25,3,436.3685,0
178.75,121.5,3,440.39551,0
178.75,121.75,2,444.52212,0
178.75,122.0,2,448.75243,0
178.75,122.25,2,453.09075,0
178.75,122.5,2,457.54073,0
178.75,122.75,2,462.10747,0
178.75,123.0,2,466.79551,0
178.75,123.25,2,471.60977,0
178.75,123.5,2,476.55588,0
178.75,123.75,2,481.63901,0
178.75,124.0,2,486.86558,0
178.75,124.25,2,492.24149,0
178.75,124.5,2,497.77366,0
178.75,124.75,2,503.46924,0
178.75,125.0,2,509.33531,0
178.75,125.25,2,515.38049,0
178.75,125.5,2,521.61288,0
178.75,125.75,2,528.04149,0
178.75,126.0,2,534.67635,0
178.75,126.25,2,541.52773,0
178.75,126.5,2,548.60614,0
178.75,126.75,2,555.92377,0
178.75,127.0,2,563.49332,0
178.75,127.25,2,571.32827,0
178.75,127.5,2,579.44316,0
178.75,127.75,2,587.85357,0
178.75,128.0,2,596.57631,0
178.75,128.25,2,605.62951,0
178.75,128.5,2,615.03273,0
178.75,128.75,2,624.80713,0
178.75,129.0,2,634.97563,0
178.75,129.25,2,645.5631,0
178.75,129.5,2,656.59657,0
178.75,129.75,2,668.10545,0
178.75,130.0,2,680.12184,0
178.75,130.25,2,692.6808,0
178.75,130.5,2,705.82052,0
178.75,130.75,2,719.58259,0
178.75,131.0,2,734.01392,0
178.75,131.25,2,749.16556,0
178.75,131.5,2,765.09273,0
178.75,131.75,2,781.85867,0
178.75,132.0,2,799.53253,0
178.75,132.25,2,818.19047,0
178.75,132.5,2,837.91992,0
178.75,132.75,2,858.81549,0
178.75,133.0,2,881.01414,0
178.75,133.25,2,904.67777,0
178.75,133.5,2,929.95624,0
178.75,133.75,2,957.02051,0
178.75,134.0,2,986.06652,0
178.75,134.25,2,1017.32,0
178.75,134.5,2,1051.0422,0
178.75,134.75,2,1087.5374,0
178.75,135.0,2,1127.1621,0
178.75,135.25,2,1170.3364,0
178.75,135.5,2,1217.5594,0
178.75,135.75,2,1269.4281,0
178.75,136.0,2,1326.6632,0
178.75,136.25,2,1390.1424,0
178.75,136.5,2,1460.9458,0
178.75,136.75,2,1540.4182,0
178.75,137.0,2,1630.2546,0
178.75,137.25,2,1732.6231,0
178.75,137.5,2,1850.3417,0
178.75,137.75,2,1987.1418,0
178.75,138.0,2,2148.0705,0
179.0,112.0,3,327.56863,0
179.0,112.25,3,329.41381,0
179.0,112.5,3,331.28918,0
179.0,112.75,3,333.19504,0
179.0,113.0,3,335.13264,0
179.0,113.25,3,337.10276,0
179.0,113.5,3,339.10596,0
179.0,113.75,3,341.14322,0
179.0,114.0,3,343.21557,0
179.0,114.25,3,345.32394,0
179.0,114.5,3,347.46911,0
179.0,114.75,3,349.65208,0
179.0,115.0,3,351.87404,0
179.0,115.25,3,354.13605,0
179.0,115.5,3,356.43923,0
179.0,115.75,3,358.78472,0
179.0,116.0,3,361.17365,0
179.0,116.25,3,363.60722,0
179.0,116.5,3,366.08687,0
179.0,116.75,3,368.61392,0
179.0,117.0,3,371.1898,0
179.0,117.25,3,373.81594,0
179.0,117.5,3,376.49389,0
179.0,117.75,3,379.22521,0
179.0,118.0,3,382.01158,0
179.0,118.25,3,384.8547,0
179.0,118.5,3,387.7564,0
179.0,118.75,3,390.71854,0
179.0,119.0,3,393.7431,0
179.0,119.25,3,396.83212,0
179.0,119.5,3,399.98766,0
179.0,119.75,3,403.21192,0
179.0,120.0,3,406.50736,0
179.0,120.25,3,409.87645,0
179.0,120.5,3,413.32176,0
179.0,120.75,3,416.84602,0
179.0,121.0,3,420.45167,0
179.0,121.25,3,424.14196,0
179.0,121.5,3,427.9201,0
179.0,121.75,3,431.78927,0
179.0,122.0,3,435.75251,0
179.0,122.25,3,439.81391,0
179.0,122.5,3,443.97715,0
179.0,122.75,2,448.24582,0
179.0,123.0,2,452.62472,0
179.0,123.25,2,457.11768,0
179.0,123.5,2,461.72979,0
179.0,123.75,2,466.46575,0
179.0,124.0,2,471.33084,0
179.0,124.25,2,476.33052,0
179.0,124.5,2,481.4707,0
179.0,124.75,2,486.75729,0
179.0,125.0,2,492.19737,0
179.0,125.25,2,497.79697,0
179.0,125.5,2,503.56427,0
179.0,125.75,2,509.50691,0
179.0,126.0,2,515.63273,0
179.0,126.25,2,521.95115,0
179.0,126.5,2,528.47157,0
179.0,126.75,2,535.20376,0
179.0,127.0,2,542.15851,0
179.0,127.25,2,549.34755,0
179.0,127.5,2,556.7832,0
179.0,127.75,2,564.47865,0
179.0,128.0,2,572.44806,0
179.0,128.25,2,580.70666,0
179.0,128.5,2,589.27086,0
179.0,128.75,2,598.15833,0
179.0,129.0,2,607.38817,0
179.0,129.25,2,616.98101,0
179.0,129.5,2,626.95921,0
179.0,129.75,2,637.34701,0
179.0,130.0,2,648.17074,0
179.0,130.25,2,659.45909,0
179.0,130.5,2,671.24331,0
179.0,130.75,2,683.55716,0
179.0,131.0,2,696.4379,0
179.0,131.25,2,709.92689,0
179.0,131.5,2,724.0692,0
179.0,131.75,2,738.91318,0
179.0,132.0,2,754.51479,0
179.0,132.25,2,770.93408,0
179.0,132.5,2,788.23793,0
179.0,132.75,2,806.50188,0
179.0,133.0,2,825.80831,0
179.0,133.25,2,846.27883,0
179.0,133.5,2,868.05428,0
179.0,133.75,2,891.26335,0
179.0,134.0,2,916.05228,0
179.0,134.25,2,942.58785,0
179.0,134.5,2,971.06119,0
179.0,134.75,2,1001.6924,0
179.0,135.0,2,1034.7361,0
179.0,135.25,2,1070.4889,0
179.0,135.5,2,1109.2977,0
179.0,135.75,2,1151.5716,0
179.0,136.0,2,1197.796,0
179.0,136.25,2,1248.5514,0
179.0,136.5,2,1304.5379,0
179.0,136.75,2,1366.6078,0
179.0,137.0,2,1435.8088,0
179.0,137.25,2,1513.4442,0
179.0,137.5,2,1601.1555,0
179.0,137.75,2,1701.0395,0
179.0,138.0,2,1815.8182,0
179.25,112.0,3,321.01364,0
179.25,112.25,3,322.77642,0
179.25,112.5,3,324.56714,0
179.25,112.75,3,326.38687,0
179.25,113.0,3,328.23619,0
179.25,113.25,3,330.1156,0
179.25,113.5,3,332.02621,0
179.25,113.75,3,333.96879,0
179.25,114.0,3,335.94388,0
179.25,114.25,3,337.95249,0
179.25,114.5,3,339.9956,0
179.25,114.75,3,342.07411,0
179.25,115.0,3,344.18885,0
179.25,115.25,3,346.34072,0
179.25,115.5,3,348.53091,0
179.25,115.75,3,350.76048,0
179.25,116.0,3,353.03051,0
179.25,116.25,3,355.34212,0
179.25,116.5,3,357.6965,0
179.25,116.75,3,360.0948,0
179.25,117.0,3,362.53828,0
179.25,117.25,3,365.02836,0
179.25,117.5,3,367.56641,0
179.25,117.75,3,370.15386,0
179.25,118.0,3,372.79221,0
179.25,118.25,3,375.48302,0
179.25,118.5,3,378.2279,0
179.25,118.75,3,381.02856,0
179.25,119.0,3,383.88675,0
179.25,119.25,3,386.80433,0
179.25,119.5,3,389.78306,0
179.25,119.75,3,392.82507,0
179.25,120.0,3,395.9325,0
179.25,120.25,3,399.10753,0
179.25,120.5,3,402.35248,0
179.25,120.75,3,405.66976,0
179.25,121.0,3,409.06171,0
179.25,121.25,3,412.53094,0
179.25,121.5,3,416.08043,0
179.25,121.75,3,419.71311,0
179.25,122.0,3,423.4317,0
179.25,122.25,3,427.2395,0
179.25,122.5,3,431.14011,0
179.25,122.75,3,435.13671,0
179.25,123.0,3,439.23307,0
179.25,123.25,3,443.43346,0
179.25,123.5,2,447.74121,0
179.25,123.75,2,452.16146,0
179.25,124.0,2,456.69815,0
179.25,124.25,2,461.35658,0
179.25,124.5,2,466.1414,0
179.25,124.75,2,471.05847,0
179.25,125.0,2,476.11286,0
179.25,125.25,2,481.31131,0
179.25,125.5,2,486.65949,0
179.25,125.75,2,492.16466,0
179.25,126.0,2,497.83412,0
179.25,126.25,2,503.67481,0
179.25,126.5,2,509.69548,0
179.25,126.75,2,515.90479,0
179.25,127.0,2,522.31177,0
179.25,127.25,2,528.92603,0
179.25,127.5,2,535.75845,0
179.25,127.75,2,542.82022,0
179.25,128.0,2,550.12338,0
179.25,128.25,2,557.68079,0
179.25,128.5,2,565.50629,0
179.25,128.75,2,573.61474,0
179.25,129.0,2,582.02215,0
179.25,129.25,2,590.74575,0
179.25,129.5,2,599.80418,0
179.25,129.75,2,609.21756,0
179.25,130.0,2,619.00768,0
179.25,130.25,2,629.19818,0
179.25,130.5,2,639.81471,0
179.25,130.75,2,650.88523,0
179.25,131.0,2,662.43974,0
179.25,131.25,2,674.51149,0
179.25,131.5,2,687.13717,0
179.25,131.75,2,700.35661,0
179.25,132.0,2,714.21252,0
179.25,132.25,2,728.75421,0
179.25,132.5,2,744.03428,0
179.25,132.75,2,760.11139,0
179.25,133.0,2,777.05132,0
179.25,133.25,2,794.92578,0
179.25,133.5,2,813.84304,0
179.25,133.75,2,833.92648,0
179.25,134.0,2,855.28719,0
179.25,134.25,2,878.05087,0
179.25,134.5,2,902.36025,0
179.25,134.75,2,928.37808,0
179.25,135.0,2,956.29085,0
179.25,135.25,2,986.31314,0
179.25,135.5,2,1018.6933,0
179.25,135.75,2,1053.7201,0
179.25,136.0,2,1091.7316,0
179.25,136.25,2,1133.1259,0
179.25,136.5,2,1178.3755,0
179.25,136.75,2,1228.0446,0
179.25,137.0,2,1282.8137,0
179.25,137.25,2,1343.5104,0
179.25,137.5,2,1411.1513,0
179.25,137.75,2,1486.9999,0
179.25,138.0,2,1572.646,0
179.5,112.0,3,314.68305,0
179.5,112.25,3,316.36786,0
179.5,112.5,3,318.07924,0
179.5,112.75,3,319.81755,0
179.5,113.0,3,321.58348,0
179.5,113.25,3,323.37793,0
179.5,113.5,3,325.20138,0
179.5,113.75,3,327.05453,0
179.5,114.0,3,328.93834,0
179.5,114.25,3,330.85359,0
179.5,114.5,3,332.80075,0
179.5,114.75,3,334.78091,0
179.5,115.0,3,336.79499,0
179.5,115.25,3,338.84387,0
179.5,115.5,3,340.9284,0
179.5,115.75,3,343.04939,0
179.5,116.0,3,345.20805,0
179.5,116.25,3,347.40542,0
179.5,116.5,3,349.64254,0
179.5,116.75,3,351.92054,0
179.5,117.0,3,354.24056,0
179.5,117.25,3,356.6038,0
179.5,117.5,3,359.0115,0
179.5,117.75,3,361.46491,0
179.5,118.0,3,363.96544,0
179.5,118.25,3,366.51451,0
179.5,118.5,3,369.11358,0
179.5,118.75,3,371.76419,0
179.5,119.0,3,374.46791,0
179.5,119.25,3,377.22634,0
179.5,119.5,3,380.04126,0
179.5,119.75,3,382.91448,0
179.5,120.0,3,385.8479,0
179.5,120.25,3,388.84349,0
179.5,120.5,3,391.90331,0
179.5,120.75,3,395.02954,0
179.5,121.0,3,398.22439,0
179.5,121.25,3,401.48994,0
179.5,121.5,3,404.82896,0
179.5,121.75,3,408.24406,0
179.5,122.0,3,411.73796,0
179.5,122.25,3,415.31301,0
179.5,122.5,3,418.97267,0
179.5,122.75,3,422.72012,0
179.5,123.0,3,426.55812,0
179.5,123.25,3,430.49056,0
179.5,123.5,3,434.52106,0
179.5,123.75,3,438.65299,0
179.5,124.0,3,442.89103,0
179.5,124.25,2,447.23866,0
179.5,124.5,2,451.70108,0
179.5,124.75,2,456.28231,0
179.5,125.0,2,460.98806,0
179.5,125.25,2,465.82273,0
179.5,125.5,2,470.79271,0
179.5,125.75,2,475.9033,0
179.5,126.0,2,481.16099,0
179.5,126.25,2,486.57263,0
179.5,126.5,2,492.14463,0
179.5,126.75,2,497.88491,0
179.5,127.0,2,503.80148,0
179.5,127.25,2,509.90269,0
179.5,127.5,2,516.19719,0
179.5,127.75,2,522.69499,0
179.5,128.0,2,529.40634,0
179.5,128.25,2,536.34219,0
179.5,128.5,2,543.51427,0
179.5,128.75,2,550.93514,0
179.5,129.0,2,558.6183,0
179.5,129.25,2,566.57827,0
179.5,129.5,2,574.83064,0
179.5,129.75,2,583.39226,0
179.5,130.0,2,592.28126,0
179.5,130.25,2,601.51729,0
179.5,130.5,2,611.12157,0
179.5,130.75,2,621.11715,0
179.5,131.0,2,631.52904,0
179.5,131.25,2,642.3841,0
179.5,131.5,2,653.71184,0
179.5,131.75,2,665.545,0
179.5,132.0,2,677.91897,0
179.5,132.25,2,690.87139,0
179.5,132.5,2,704.44592,0
179.5,132.75,2,718.68892,0
179.5,133.0,2,733.65173,0
179.5,133.25,2,749.39211,0
179.5,133.5,2,765.97245,0
179.5,133.75,2,783.48916,0
179.5,134.0,2,802.0513,0
179.5,134.25,2,821.7552,0
179.5,134.5,2,842.70939,0
179.5,134.75,2,865.0366,0
179.5,135.0,2,888.87618,0
179.5,135.25,2,914.38699,0
179.5,135.5,2,941.75093,0
179.5,135.75,2,971.17733,0
179.5,136.0,2,1002.9082,0
179.5,136.25,2,1037.2252,0
179.5,136.5,2,1074.4574,0
179.5,136.75,2,1114.9925,0
179.5,137.0,2,1159.2902,0
179.5,137.25,2,1207.8994,0
179.5,137.5,2,1261.4813,0
179.5,137.75,2,1320.8397,0
179.5,138.0,2,1386.9614,0
179.75,112.0,3,308.56538,0
179.75,112.25,3,310.17697,0
179.75,112.5,3,311.81314,0
179.75,112.75,3,313.4747,0
179.75,113.0,3,315.16238,0
179.75,113.25,3,316.87637,0
179.75,113.5,3,318.6177,0
179.75,113.75,3,320.38705,0
179.75,114.0,3,322.18481,0
179.75,114.25,3,324.01187,0
179.75,114.5,3,325.86908,0
179.75,114.75,3,327.75719,0
179.75,115.0,3,329.67662,0
179.75,115.25,3,331.62855,0
179.75,115.5,3,333.61382,0
179.75,115.75,3,335.63329,0
179.75,116.0,3,337.68781,0
179.75,116.25,3,339.77816,0
179.75,116.5,3,341.90554,0
179.75,116.75,3,344.07094,0
179.75,117.0,3,346.27542,0
179.75,117.25,3,348.52006,0
179.75,117.5,3,350.80599,0
179.75,117.75,3,353.13439,0
179.75,118.0,3,355.50647,0
179.75,118.25,3,357.92351,0
179.75,118.5,3,360.38683,0
179.75,118.75,3,362.89782,0
179.75,119.0,3,365.4579,0
179.75,119.25,3,368.06858,0
179.75,119.5,3,370.73142,0
179.75,119.75,3,373.44805,0
179.75,120.0,3,376.22016,0
179.75,120.25,3,379.04954,0
179.75,120.5,3,381.93804,0
179.75,120.75,3,384.88759,0
179.75,121.0,3,387.90023,0
179.75,121.25,3,390.97786,0
179.75,121.5,3,394.12276,0
179.75,121.75,3,397.33737,0
179.75,122.0,3,400.62412,0
179.75,122.25,3,403.98542,0
179.75,122.5,3,407.42371,0
179.75,122.75,3,410.94213,0
179.75,123.0,3,414.54359,0
179.75,123.25,3,418.23061,0
179.75,123.5,3,422.00699,0
179.75,123.75,3,425.8759,0
179.75,124.0,3,429.84067,0
179.75,124.25,3,433.90556,0
179.75,124.5,3,438.07369,0
179.75,124.75,3,442.35009,0
179.75,125.0,3,446.73828,0
179.75,125.25,2,451.24372,0
179.75,125.5,2,455.87036,0
179.75,125.75,2,460.62415,0
179.75,126.0,2,465.51004,0
179.75,126.25,2,470.53391,0
179.75,126.5,2,475.70214,0
179.75,126.75,2,481.02063,0
179.75,127.0,2,486.49663,0
179.75,127.25,2,492.13753,0
179.75,127.5,2,497.95098,0
179.75,127.75,2,503.94487,0
179.75,128.0,2,510.12843,0
179.75,128.25,2,516.51099,0
179.75,128.5,2,523.10257,0
179.75,128.75,2,529.91384,0
179.75,129.0,2,536.95626,0
179.75,129.25,2,544.24209,0
179.75,129.5,2,551.78451,0
179.75,129.75,2,559.59767,0
179.75,130.0,2,567.69679,0
179.75,130.25,2,576.09829,0
179.75,130.5,2,584.81987,0
179.75,130.75,2,593.88066,0
179.75,131.0,2,603.30137,0
179.75,131.25,2,613.10444,0
179.75,131.5,2,623.31407,0
179.75,131.75,2,633.95631,0
179.75,132.0,2,645.06053,0
179.75,132.25,2,656.65822,0
179.75,132.5,2,668.78291,0
179.75,132.75,2,681.47295,0
179.75,133.0,2,694.76964,0
179.75,133.25,2,708.71776,0
179.75,133.5,2,723.36851,0
179.75,133.75,2,738.77603,0
179.75,134.0,2,755.02616,0
179.75,134.25,2,772.21623,0
179.75,134.5,2,790.43007,0
179.75,134.75,2,809.76181,0
179.75,135.0,2,830.31747,0
179.75,135.25,2,852.21693,0
179.75,135.5,2,875.59623,0
179.75,135.75,2,900.61043,0
179.75,136.0,2,927.43703,0
179.75,136.25,2,956.28019,0
179.75,136.5,2,987.37595,0
179.75,136.75,2,1020.9986,0
179.75,137.0,2,1057.4691,0
179.75,137.25,2,1097.1647,0
179.75,137.5,2,1140.5329,0
179.75,137.75,2,1188.1075,0
179.75,138.0,2,1240.5315,0
180.0,112.0,3,302.65045,0
180.0,112.25,3,304.1925,0
180.0,112.5,3,305.75784,0
180.0,112.75,3,307.34712,0
180.0,113.0,3,308.96048,0
180.0,113.25,3,310.59895,0
180.0,113.5,3,312.26298,0
180.0,113.75,3,313.95295,0
180.0,114.0,3,315.66983,0
180.0,114.25,3,317.41426,0
180.0,114.5,3,319.18651,0
180.0,114.75,3,320.98769,0
180.0,115.0,3,322.81849,0
180.0,115.25,3,324.67959,0
180.0,115.5,3,326.57156,0
180.0,115.75,3,328.49547,0
180.0,116.0,3,330.45214,0
180.0,116.25,3,332.44241,0
180.0,116.5,3,334.46715,0
180.0,116.75,3,336.5271,0
180.0,117.0,3,338.62343,0
180.0,117.25,3,340.75713,0
180.0,117.5,3,342.92921,0
180.0,117.75,3,345.14076,0
180.0,118.0,3,347.39287,0
180.0,118.25,3,349.68671,0
180.0,118.5,3,352.02346,0
180.0,118.75,3,354.40437,0
180.0,119.0,3,356.83075,0
180.0,119.25,3,359.30395,0
180.0,119.5,3,361.82538,0
180.0,119.75,3,364.3965,0
180.0,120.0,3,367.01886,0
180.0,120.25,3,369.69404,0
180.0,120.5,3,372.42371,0
180.0,120.75,3,375.20962,0
180.0,121.0,3,378.05358,0
180.0,121.25,3,380.95745,0
180.0,121.5,3,383.92301,0
180.0,121.75,3,386.95254,0
180.0,122.0,3,390.04824,0
180.0,122.25,3,393.21237,0
180.0,122.5,3,396.44706,0
180.0,122.75,3,399.75484,0
180.0,123.0,3,403.13851,0
180.0,123.25,3,406.60071,0
180.0,123.5,3,410.14394,0
180.0,123.75,3,413.7717,0
180.0,124.0,3,417.48682,0
180.0,124.25,3,421.29257,0
180.0,124.5,3,425.19277,0
180.0,124.75,3,429.19043,0
180.0,125.0,3,433.29018,0
180.0,125.25,3,437.49522,0
180.0,125.5,3,441.81068,0
180.0,125.75,3,446.2402,0
180.0,126.0,2,450.7893,0
180.0,126.25,2,455.46252,0
180.0,126.5,2,460.26531,0
180.0,126.75,2,465.20357,0
180.0,127.0,2,470.28268,0
180.0,127.25,2,475.50938,0
180.0,127.5,2,480.89045,0
180.0,127.75,2,486.43284,0
180.0,128.0,2,492.1439,0
180.0,128.25,2,498.03204,0
180.0,128.5,2,504.10582,0
180.0,128.75,2,510.37438,0
180.0,129.0,2,516.84747,0
180.0,129.25,2,523.53552,0
180.0,129.5,2,530.44972,0
180.0,129.75,2,537.60203,0
180.0,130.0,2,545.0053,0
180.0,130.25,2,552.67334,0
180.0,130.5,2,560.621,0
180.0,130.75,2,568.86428,0
180.0,131.0,2,577.42044,0
180.0,131.25,2,586.30814,0
180.0,131.5,2,595.54753,0
180.0,131.75,2,605.1605,0
180.0,132.0,2,615.17015,0
180.0,132.25,2,625.60268,0
180.0,132.5,2,636.48629,0
180.0,132.75,2,647.85108,0
180.0,133.0,2,659.73051,0
180.0,133.25,2,672.16179,0
180.0,133.5,2,685.18377,0
180.0,133.75,2,698.8421,0
180.0,134.0,2,713.18409,0
180.0,134.25,2,728.28566,0
