Mt,Mh_calc,Stability,S_approx
0,0,4,-1.0
0,1,4,-1.0
0,2,4,-1.0
0,3,4,-1.0
0,4,4,-1.0
0,5,4,-1.0
0,6,4,-1.0
0,7,4,-1.0
0,8,4,-1.0
0,9,4,-1.0
0,10,4,-1.0
0,11,4,-1.0
0,12,4,-1.0
0,13,4,-1.0
0,14,4,-1.0
0,15,4,-1.0
0,16,4,-1.0
0,17,4,-1.0
0,18,4,-1.0
0,19,4,-1.0
0,20,4,-1.0
0,21,4,-1.0
0,22,4,-1.0
0,23,4,-1.0
0,24,4,-1.0
0,25,4,-1.0
0,26,4,-1.0
0,27,4,-1.0
0,28,4,-1.0
0,29,4,-1.0
0,30,4,-1.0
0,31,4,-1.0
0,32,4,-1.0
0,33,4,-1.0
0,34,4,-1.0
0,35,4,-1.0
0,36,4,-1.0
0,37,4,-1.0
0,38,4,-1.0
0,39,4,-1.0
0,40,4,-1.0
0,41,4,-1.0
0,42,4,-1.0
0,43,4,-1.0
0,44,4,-1.0
0,45,4,-1.0
0,46,4,-1.0
0,47,4,-1.0
0,48,4,-1.0
0,49,4,-1.0
0,50,4,-1.0
0,51,4,-1.0
0,52,4,-1.0
0,53,4,-1.0
0,54,4,-1.0
0,55,4,-1.0
0,56,4,-1.0
0,57,4,-1.0
0,58,4,-1.0
0,59,4,-1.0
0,60,4,-1.0
0,61,4,-1.0
0,62,4,-1.0
0,63,4,-1.0
0,64,4,-1.0
0,65,4,-1.0
0,66,4,-1.0
0,67,4,-1.0
0,68,4,-1.0
0,69,4,-1.0
0,70,4,-1.0
0,71,4,-1.0
0,72,4,-1.0
0,73,4,-1.0
0,74,4,-1.0
0,75,4,-1.0
0,76,4,-1.0
0,77,4,-1.0
0,78,4,-1.0
0,79,4,-1.0
0,80,4,-1.0
0,81,4,-1.0
0,82,4,-1.0
0,83,4,-1.0
0,84,4,-1.0
0,85,4,-1.0
0,86,4,-1.0
0,87,4,-1.0
0,88,4,-1.0
0,89,4,-1.0
0,90,4,-1.0
0,91,4,-1.0
0,92,4,-1.0
0,93,4,-1.0
0,94,4,-1.0
0,95,4,-1.0
0,96,4,-1.0
0,97,4,-1.0
0,98,4,-1.0
0,99,4,-1.0
0,100,4,-1.0
0,101,4,-1.0
0,102,4,-1.0
0,103,4,-1.0
0,104,4,-1.0
0,105,4,-1.0
0,106,4,-1.0
0,107,4,-1.0
0,108,4,-1.0
0,109,4,-1.0
0,110,4,-1.0
0,111,4,-1.0
0,112,4,-1.0
0,113,4,-1.0
0,114,4,-1.0
0,115,4,-1.0
0,116,4,-1.0
0,117,4,-1.0
0,118,4,-1.0
0,119,4,-1.0
0,120,4,-1.0
0,121,4,-1.0
0,122,4,-1.0
0,123,4,-1.0
0,124,4,-1.0
0,125,4,-1.0
0,126,4,-1.0
0,127,4,-1.0
0,128,4,-1.0
0,129,4,-1.0
0,130,4,-1.0
0,131,4,-1.0
0,132,4,-1.0
0,133,4,-1.0
0,134,4,-1.0
0,135,4,-1.0
0,136,4,-1.0
0,137,4,-1.0
0,138,4,-1.0
0,139,4,-1.0
0,140,4,-1.0
0,141,4,-1.0
0,142,4,-1.0
0,143,4,-1.0
0,144,4,-1.0
0,145,4,-1.0
0,146,4,-1.0
0,147,4,-1.0
0,148,4,-1.0
0,149,4,-1.0
0,150,4,-1.0
0,151,4,-1.0
0,152,4,-1.0
0,153,4,-1.0
0,154,4,-1.0
0,155,4,-1.0
0,156,4,-1.0
0,157,4,-1.0
0,158,4,-1.0
0,159,4,-1.0
0,160,4,-1.0
0,161,4,-1.0
0,162,4,-1.0
0,163,4,-1.0
0,164,4,-1.0
0,165,4,-1.0
0,166,4,-1.0
0,167,4,-1.0
0,168,4,-1.0
0,169,4,-1.0
0,170,4,-1.0
0,171,4,-1.0
0,172,4,-1.0
0,173,4,-1.0
0,174,4,-1.0
0,175,4,-1.0
0,176,4,-1.0
0,177,4,-1.0
0,178,4,-1.0
0,179,4,-1.0
0,180,4,-1.0
0,181,4,-1.0
0,182,4,-1.0
0,183,4,-1.0
0,184,4,-1.0
0,185,4,-1.0
0,186,4,-1.0
0,187,4,-1.0
0,188,4,-1.0
0,189,4,-1.0
0,190,4,-1.0
0,191,4,-1.0
0,192,4,-1.0
0,193,4,-1.0
0,194,4,-1.0
0,195,4,-1.0
0,196,4,-1.0
0,197,4,-1.0
0,198,4,-1.0
0,199,4,-1.0
0,200,4,-1.0
0,201,4,-1.0
0,202,4,-1.0
0,203,4,-1.0
0,204,4,-1.0
0,205,4,-1.0
0,206,4,-1.0
0,207,4,-1.0
0,208,4,-1.0
0,209,4,-1.0
0,210,4,-1.0
0,211,4,-1.0
0,212,4,-1.0
0,213,4,-1.0
0,214,4,-1.0
0,215,4,-1.0
0,216,4,-1.0
0,217,4,-1.0
0,218,4,-1.0
0,219,4,-1.0
0,220,4,-1.0
0,221,4,-1.0
0,222,4,-1.0
0,223,4,-1.0
0,224,4,-1.0
0,225,4,-1.0
0,226,4,-1.0
0,227,4,-1.0
0,228,4,-1.0
0,229,4,-1.0
0,230,4,-1.0
0,231,4,-1.0
0,232,4,-1.0
0,233,4,-1.0
0,234,4,-1.0
0,235,4,-1.0
0,236,4,-1.0
0,237,4,-1.0
0,238,4,-1.0
0,239,4,-1.0
0,240,4,-1.0
0,241,4,-1.0
0,242,4,-1.0
0,243,4,-1.0
0,244,4,-1.0
0,245,4,-1.0
0,246,4,-1.0
0,247,4,-1.0
0,248,4,-1.0
0,249,4,-1.0
0,250,4,-1.0
1,0,1,-1.0
1,1,1,-1.0
1,2,1,-1.0
1,3,1,-1.0
1,4,1,-1.0
1,5,1,-1.0
1,6,1,-1.0
1,7,1,-1.0
1,8,1,-1.0
1,9,1,-1.0
1,10,1,-1.0
1,11,1,-1.0
1,12,1,-1.0
1,13,1,-1.0
1,14,1,-1.0
1,15,1,-1.0
1,16,1,-1.0
1,17,1,-1.0
1,18,1,-1.0
1,19,1,-1.0
1,20,1,-1.0
1,21,1,-1.0
1,22,1,-1.0
1,23,1,-1.0
1,24,1,-1.0
1,25,1,-1.0
1,26,1,-1.0
1,27,1,-1.0
1,28,1,-1.0
1,29,1,-1.0
1,30,1,-1.0
1,31,1,-1.0
1,32,1,-1.0
1,33,1,-1.0
1,34,1,-1.0
1,35,1,-1.0
1,36,1,-1.0
1,37,1,-1.0
1,38,1,-1.0
1,39,1,-1.0
1,40,1,-1.0
1,41,1,-1.0
1,42,1,-1.0
1,43,1,-1.0
1,44,1,-1.0
1,45,1,-1.0
1,46,1,-1.0
1,47,1,-1.0
1,48,1,-1.0
1,49,1,-1.0
1,50,1,-1.0
1,51,1,-1.0
1,52,1,-1.0
1,53,1,-1.0
1,54,1,-1.0
1,55,1,-1.0
1,56,1,-1.0
1,57,1,-1.0
1,58,1,-1.0
1,59,1,-1.0
1,60,1,-1.0
1,61,1,-1.0
1,62,1,-1.0
1,63,1,-1.0
1,64,1,-1.0
1,65,1,-1.0
1,66,1,-1.0
1,67,1,-1.0
1,68,1,-1.0
1,69,1,-1.0
1,70,1,-1.0
1,71,1,-1.0
1,72,1,-1.0
1,73,1,-1.0
1,74,1,-1.0
1,75,1,-1.0
1,76,1,-1.0
1,77,1,-1.0
1,78,1,-1.0
1,79,1,-1.0
1,80,1,-1.0
1,81,1,-1.0
1,82,1,-1.0
1,83,1,-1.0
1,84,1,-1.0
1,85,1,-1.0
1,86,1,-1.0
1,87,1,-1.0
1,88,1,-1.0
1,89,1,-1.0
1,90,1,-1.0
1,91,1,-1.0
1,92,1,-1.0
1,93,1,-1.0
1,94,1,-1.0
1,95,1,-1.0
1,96,1,-1.0
1,97,1,-1.0
1,98,1,-1.0
1,99,1,-1.0
1,100,1,-1.0
1,101,1,-1.0
1,102,1,-1.0
1,103,1,-1.0
1,104,1,-1.0
1,105,1,-1.0
1,106,1,-1.0
1,107,1,-1.0
1,108,1,-1.0
1,109,1,-1.0
1,110,1,-1.0
1,111,1,-1.0
1,112,1,-1.0
1,113,1,-1.0
1,114,1,-1.0
1,115,1,-1.0
1,116,1,-1.0
1,117,1,-1.0
1,118,1,-1.0
1,119,1,-1.0
1,120,1,-1.0
1,121,1,-1.0
1,122,1,-1.0
1,123,1,-1.0
1,124,1,-1.0
1,125,1,-1.0
1,126,1,-1.0
1,127,1,-1.0
1,128,1,-1.0
1,129,1,-1.0
1,130,1,-1.0
1,131,1,-1.0
1,132,1,-1.0
1,133,1,-1.0
1,134,1,-1.0
1,135,1,-1.0
1,136,1,-1.0
1,137,1,-1.0
1,138,1,-1.0
1,139,1,-1.0
1,140,1,-1.0
1,141,1,-1.0
1,142,1,-1.0
1,143,1,-1.0
1,144,1,-1.0
1,145,1,-1.0
1,146,1,-1.0
1,147,1,-1.0
1,148,1,-1.0
1,149,1,-1.0
1,150,1,-1.0
1,151,1,-1.0
1,152,1,-1.0
1,153,1,-1.0
1,154,1,-1.0
1,155,1,-1.0
1,156,1,-1.0
1,157,1,-1.0
1,158,1,-1.0
1,159,1,-1.0
1,160,1,-1.0
1,161,1,-1.0
1,162,4,-1.0
1,163,4,-1.0
1,164,4,-1.0
1,165,4,-1.0
1,166,4,-1.0
1,167,4,-1.0
1,168,4,-1.0
1,169,4,-1.0
1,170,4,-1.0
1,171,4,-1.0
1,172,4,-1.0
1,173,4,-1.0
1,174,4,-1.0
1,175,4,-1.0
1,176,4,-1.0
1,177,4,-1.0
1,178,4,-1.0
1,179,4,-1.0
1,180,4,-1.0
1,181,4,-1.0
1,182,4,-1.0
1,183,4,-1.0
1,184,4,-1.0
1,185,4,-1.0
1,186,4,-1.0
1,187,4,-1.0
1,188,4,-1.0
1,189,4,-1.0
1,190,4,-1.0
1,191,4,-1.0
1,192,4,-1.0
1,193,4,-1.0
1,194,4,-1.0
1,195,4,-1.0
1,196,4,-1.0
1,197,4,-1.0
1,198,4,-1.0
1,199,4,-1.0
1,200,4,-1.0
1,201,4,-1.0
1,202,4,-1.0
1,203,4,-1.0
1,204,4,-1.0
1,205,4,-1.0
1,206,4,-1.0
1,207,4,-1.0
1,208,4,-1.0
1,209,4,-1.0
1,210,4,-1.0
1,211,4,-1.0
1,212,4,-1.0
1,213,4,-1.0
1,214,4,-1.0
1,215,4,-1.0
1,216,4,-1.0
1,217,4,-1.0
1,218,4,-1.0
1,219,4,-1.0
1,220,4,-1.0
1,221,4,-1.0
1,222,4,-1.0
1,223,4,-1.0
1,224,4,-1.0
1,225,4,-1.0
1,226,4,-1.0
1,227,4,-1.0
1,228,4,-1.0
1,229,4,-1.0
1,230,4,-1.0
1,231,4,-1.0
1,232,4,-1.0
1,233,4,-1.0
1,234,4,-1.0
1,235,4,-1.0
1,236,4,-1.0
1,237,4,-1.0
1,238,4,-1.0
1,239,4,-1.0
1,240,4,-1.0
1,241,4,-1.0
1,242,4,-1.0
1,243,4,-1.0
1,244,4,-1.0
1,245,4,-1.0
1,246,4,-1.0
1,247,4,-1.0
1,248,4,-1.0
1,249,4,-1.0
1,250,4,-1.0
2,0,1,-1.0
2,1,1,-1.0
2,2,1,-1.0
2,3,1,-1.0
2,4,1,-1.0
2,5,1,-1.0
2,6,1,-1.0
2,7,1,-1.0
2,8,1,-1.0
2,9,1,-1.0
2,10,1,-1.0
2,11,1,-1.0
2,12,1,-1.0
2,13,1,-1.0
2,14,1,-1.0
2,15,1,-1.0
2,16,1,-1.0
2,17,1,-1.0
2,18,1,-1.0
2,19,1,-1.0
2,20,1,-1.0
2,21,1,-1.0
2,22,1,-1.0
2,23,1,-1.0
2,24,1,-1.0
2,25,1,-1.0
2,26,1,-1.0
2,27,1,-1.0
2,28,1,-1.0
2,29,1,-1.0
2,30,1,-1.0
2,31,1,-1.0
2,32,1,-1.0
2,33,1,-1.0
2,34,1,-1.0
2,35,1,-1.0
2,36,1,-1.0
2,37,1,-1.0
2,38,1,-1.0
2,39,1,-1.0
2,40,1,-1.0
2,41,1,-1.0
2,42,1,-1.0
2,43,1,-1.0
2,44,1,-1.0
2,45,1,-1.0
2,46,1,-1.0
2,47,1,-1.0
2,48,1,-1.0
2,49,1,-1.0
2,50,1,-1.0
2,51,1,-1.0
2,52,1,-1.0
2,53,1,-1.0
2,54,1,-1.0
2,55,1,-1.0
2,56,1,-1.0
2,57,1,-1.0
2,58,1,-1.0
2,59,1,-1.0
2,60,1,-1.0
2,61,1,-1.0
2,62,1,-1.0
2,63,1,-1.0
2,64,1,-1.0
2,65,1,-1.0
2,66,1,-1.0
2,67,1,-1.0
2,68,1,-1.0
2,69,1,-1.0
2,70,1,-1.0
2,71,1,-1.0
2,72,1,-1.0
2,73,1,-1.0
2,74,1,-1.0
2,75,1,-1.0
2,76,1,-1.0
2,77,1,-1.0
2,78,1,-1.0
2,79,1,-1.0
2,80,1,-1.0
2,81,1,-1.0
2,82,1,-1.0
2,83,1,-1.0
2,84,1,-1.0
2,85,1,-1.0
2,86,1,-1.0
2,87,1,-1.0
2,88,1,-1.0
2,89,1,-1.0
2,90,1,-1.0
2,91,1,-1.0
2,92,1,-1.0
2,93,1,-1.0
2,94,1,-1.0
2,95,1,-1.0
2,96,1,-1.0
2,97,1,-1.0
2,98,1,-1.0
2,99,1,-1.0
2,100,1,-1.0
2,101,1,-1.0
2,102,1,-1.0
2,103,1,-1.0
2,104,1,-1.0
2,105,1,-1.0
2,106,1,-1.0
2,107,1,-1.0
2,108,1,-1.0
2,109,1,-1.0
2,110,1,-1.0
2,111,1,-1.0
2,112,1,-1.0
2,113,1,-1.0
2,114,1,-1.0
2,115,1,-1.0
2,116,1,-1.0
2,117,1,-1.0
2,118,1,-1.0
2,119,1,-1.0
2,120,1,-1.0
2,121,1,-1.0
2,122,1,-1.0
2,123,1,-1.0
2,124,1,-1.0
2,125,1,-1.0
2,126,1,-1.0
2,127,1,-1.0
2,128,1,-1.0
2,129,1,-1.0
2,130,1,-1.0
2,131,1,-1.0
2,132,1,-1.0
2,133,1,-1.0
2,134,1,-1.0
2,135,1,-1.0
2,136,1,-1.0
2,137,1,-1.0
2,138,1,-1.0
2,139,1,-1.0
2,140,1,-1.0
2,141,1,-1.0
2,142,1,-1.0
2,143,1,-1.0
2,144,1,-1.0
2,145,1,-1.0
2,146,1,-1.0
2,147,1,-1.0
2,148,1,-1.0
2,149,1,-1.0
2,150,1,-1.0
2,151,1,-1.0
2,152,1,-1.0
2,153,1,-1.0
2,154,1,-1.0
2,155,1,-1.0
2,156,1,-1.0
2,157,1,-1.0
2,158,1,-1.0
2,159,1,-1.0
2,160,1,-1.0
2,161,1,-1.0
2,162,1,-1.0
2,163,4,-1.0
2,164,4,-1.0
2,165,4,-1.0
2,166,4,-1.0
2,167,4,-1.0
2,168,4,-1.0
2,169,4,-1.0
2,170,4,-1.0
2,171,4,-1.0
2,172,4,-1.0
2,173,4,-1.0
2,174,4,-1.0
2,175,4,-1.0
2,176,4,-1.0
2,177,4,-1.0
2,178,4,-1.0
2,179,4,-1.0
2,180,4,-1.0
2,181,4,-1.0
2,182,4,-1.0
2,183,4,-1.0
2,184,4,-1.0
2,185,4,-1.0
2,186,4,-1.0
2,187,4,-1.0
2,188,4,-1.0
2,189,4,-1.0
2,190,4,-1.0
2,191,4,-1.0
2,192,4,-1.0
2,193,4,-1.0
2,194,4,-1.0
2,195,4,-1.0
2,196,4,-1.0
2,197,4,-1.0
2,198,4,-1.0
2,199,4,-1.0
2,200,4,-1.0
2,201,4,-1.0
2,202,4,-1.0
2,203,4,-1.0
2,204,4,-1.0
2,205,4,-1.0
2,206,4,-1.0
2,207,4,-1.0
2,208,4,-1.0
2,209,4,-1.0
2,210,4,-1.0
2,211,4,-1.0
2,212,4,-1.0
2,213,4,-1.0
2,214,4,-1.0
2,215,4,-1.0
2,216,4,-1.0
2,217,4,-1.0
2,218,4,-1.0
2,219,4,-1.0
2,220,4,-1.0
2,221,4,-1.0
2,222,4,-1.0
2,223,4,-1.0
2,224,4,-1.0
2,225,4,-1.0
2,226,4,-1.0
2,227,4,-1.0
2,228,4,-1.0
2,229,4,-1.0
2,230,4,-1.0
2,231,4,-1.0
2,232,4,-1.0
2,233,4,-1.0
2,234,4,-1.0
2,235,4,-1.0
2,236,4,-1.0
2,237,4,-1.0
2,238,4,-1.0
2,239,4,-1.0
2,240,4,-1.0
2,241,4,-1.0
2,242,4,-1.0
2,243,4,-1.0
2,244,4,-1.0
2,245,4,-1.0
2,246,4,-1.0
2,247,4,-1.0
2,248,4,-1.0
2,249,4,-1.0
2,250,4,-1.0
3,0,1,-1.0
3,1,1,-1.0
3,2,1,-1.0
3,3,1,-1.0
3,4,1,-1.0
3,5,1,-1.0
3,6,1,-1.0
3,7,1,-1.0
3,8,1,-1.0
3,9,1,-1.0
3,10,1,-1.0
3,11,1,-1.0
3,12,1,-1.0
3,13,1,-1.0
3,14,1,-1.0
3,15,1,-1.0
3,16,1,-1.0
3,17,1,-1.0
3,18,1,-1.0
3,19,1,-1.0
3,20,1,-1.0
3,21,1,-1.0
3,22,1,-1.0
3,23,1,-1.0
3,24,1,-1.0
3,25,1,-1.0
3,26,1,-1.0
3,27,1,-1.0
3,28,1,-1.0
3,29,1,-1.0
3,30,1,-1.0
3,31,1,-1.0
3,32,1,-1.0
3,33,1,-1.0
3,34,1,-1.0
3,35,1,-1.0
3,36,1,-1.0
3,37,1,-1.0
3,38,1,-1.0
3,39,1,-1.0
3,40,1,-1.0
3,41,1,-1.0
3,42,1,-1.0
3,43,1,-1.0
3,44,1,-1.0
3,45,1,-1.0
3,46,1,-1.0
3,47,1,-1.0
3,48,1,-1.0
3,49,1,-1.0
3,50,1,-1.0
3,51,1,-1.0
3,52,1,-1.0
3,53,1,-1.0
3,54,1,-1.0
3,55,1,-1.0
3,56,1,-1.0
3,57,1,-1.0
3,58,1,-1.0
3,59,1,-1.0
3,60,1,-1.0
3,61,1,-1.0
3,62,1,-1.0
3,63,1,-1.0
3,64,1,-1.0
3,65,1,-1.0
3,66,1,-1.0
3,67,1,-1.0
3,68,1,-1.0
3,69,1,-1.0
3,70,1,-1.0
3,71,1,-1.0
3,72,1,-1.0
3,73,1,-1.0
3,74,1,-1.0
3,75,1,-1.0
3,76,1,-1.0
3,77,1,-1.0
3,78,1,-1.0
3,79,1,-1.0
3,80,1,-1.0
3,81,1,-1.0
3,82,1,-1.0
3,83,1,-1.0
3,84,1,-1.0
3,85,1,-1.0
3,86,1,-1.0
3,87,1,-1.0
3,88,1,-1.0
3,89,1,-1.0
3,90,1,-1.0
3,91,1,-1.0
3,92,1,-1.0
3,93,1,-1.0
3,94,1,-1.0
3,95,1,-1.0
3,96,1,-1.0
3,97,1,-1.0
3,98,1,-1.0
3,99,1,-1.0
3,100,1,-1.0
3,101,1,-1.0
3,102,1,-1.0
3,103,1,-1.0
3,104,1,-1.0
3,105,1,-1.0
3,106,1,-1.0
3,107,1,-1.0
3,108,1,-1.0
3,109,1,-1.0
3,110,1,-1.0
3,111,1,-1.0
3,112,1,-1.0
3,113,1,-1.0
3,114,1,-1.0
3,115,1,-1.0
3,116,1,-1.0
3,117,1,-1.0
3,118,1,-1.0
3,119,1,-1.0
3,120,1,-1.0
3,121,1,-1.0
3,122,1,-1.0
3,123,1,-1.0
3,124,1,-1.0
3,125,1,-1.0
3,126,1,-1.0
3,127,1,-1.0
3,128,1,-1.0
3,129,1,-1.0
3,130,1,-1.0
3,131,1,-1.0
3,132,1,-1.0
3,133,1,-1.0
3,134,1,-1.0
3,135,1,-1.0
3,136,1,-1.0
3,137,1,-1.0
3,138,1,-1.0
3,139,1,-1.0
3,140,1,-1.0
3,141,1,-1.0
3,142,1,-1.0
3,143,1,-1.0
3,144,1,-1.0
3,145,1,-1.0
3,146,1,-1.0
3,147,1,-1.0
3,148,1,-1.0
3,149,1,-1.0
3,150,1,-1.0
3,151,1,-1.0
3,152,1,-1.0
3,153,1,-1.0
3,154,1,-1.0
3,155,1,-1.0
3,156,1,-1.0
3,157,1,-1.0
3,158,1,-1.0
3,159,1,-1.0
3,160,1,-1.0
3,161,1,-1.0
3,162,1,-1.0
3,163,4,-1.0
3,164,4,-1.0
3,165,4,-1.0
3,166,4,-1.0
3,167,4,-1.0
3,168,4,-1.0
3,169,4,-1.0
3,170,4,-1.0
3,171,4,-1.0
3,172,4,-1.0
3,173,4,-1.0
3,174,4,-1.0
3,175,4,-1.0
3,176,4,-1.0
3,177,4,-1.0
3,178,4,-1.0
3,179,4,-1.0
3,180,4,-1.0
3,181,4,-1.0
3,182,4,-1.0
3,183,4,-1.0
3,184,4,-1.0
3,185,4,-1.0
3,186,4,-1.0
3,187,4,-1.0
3,188,4,-1.0
3,189,4,-1.0
3,190,4,-1.0
3,191,4,-1.0
3,192,4,-1.0
3,193,4,-1.0
3,194,4,-1.0
3,195,4,-1.0
3,196,4,-1.0
3,197,4,-1.0
3,198,4,-1.0
3,199,4,-1.0
3,200,4,-1.0
3,201,4,-1.0
3,202,4,-1.0
3,203,4,-1.0
3,204,4,-1.0
3,205,4,-1.0
3,206,4,-1.0
3,207,4,-1.0
3,208,4,-1.0
3,209,4,-1.0
3,210,4,-1.0
3,211,4,-1.0
3,212,4,-1.0
3,213,4,-1.0
3,214,4,-1.0
3,215,4,-1.0
3,216,4,-1.0
3,217,4,-1.0
3,218,4,-1.0
3,219,4,-1.0
3,220,4,-1.0
3,221,4,-1.0
3,222,4,-1.0
3,223,4,-1.0
3,224,4,-1.0
3,225,4,-1.0
3,226,4,-1.0
3,227,4,-1.0
3,228,4,-1.0
3,229,4,-1.0
3,230,4,-1.0
3,231,4,-1.0
3,232,4,-1.0
3,233,4,-1.0
3,234,4,-1.0
3,235,4,-1.0
3,236,4,-1.0
3,237,4,-1.0
3,238,4,-1.0
3,239,4,-1.0
3,240,4,-1.0
3,241,4,-1.0
3,242,4,-1.0
3,243,4,-1.0
3,244,4,-1.0
3,245,4,-1.0
3,246,4,-1.0
3,247,4,-1.0
3,248,4,-1.0
3,249,4,-1.0
3,250,4,-1.0
4,0,1,-1.0
4,1,1,-1.0
4,2,1,-1.0
4,3,1,-1.0
4,4,1,-1.0
4,5,1,-1.0
4,6,1,-1.0
4,7,1,-1.0
4,8,1,-1.0
4,9,1,-1.0
4,10,1,-1.0
4,11,1,-1.0
4,12,1,-1.0
4,13,1,-1.0
4,14,1,-1.0
4,15,1,-1.0
4,16,1,-1.0
4,17,1,-1.0
4,18,1,-1.0
4,19,1,-1.0
4,20,1,-1.0
4,21,1,-1.0
4,22,1,-1.0
4,23,1,-1.0
4,24,1,-1.0
4,25,1,-1.0
4,26,1,-1.0
4,27,1,-1.0
4,28,1,-1.0
4,29,1,-1.0
4,30,1,-1.0
4,31,1,-1.0
4,32,1,-1.0
4,33,1,-1.0
4,34,1,-1.0
4,35,1,-1.0
4,36,1,-1.0
4,37,1,-1.0
4,38,1,-1.0
4,39,1,-1.0
4,40,1,-1.0
4,41,1,-1.0
4,42,1,-1.0
4,43,1,-1.0
4,44,1,-1.0
4,45,1,-1.0
4,46,1,-1.0
4,47,1,-1.0
4,48,1,-1.0
4,49,1,-1.0
4,50,1,-1.0
4,51,1,-1.0
4,52,1,-1.0
4,53,1,-1.0
4,54,1,-1.0
4,55,1,-1.0
4,56,1,-1.0
4,57,1,-1.0
4,58,1,-1.0
4,59,1,-1.0
4,60,1,-1.0
4,61,1,-1.0
4,62,1,-1.0
4,63,1,-1.0
4,64,1,-1.0
4,65,1,-1.0
4,66,1,-1.0
4,67,1,-1.0
4,68,1,-1.0
4,69,1,-1.0
4,70,1,-1.0
4,71,1,-1.0
4,72,1,-1.0
4,73,1,-1.0
4,74,1,-1.0
4,75,1,-1.0
4,76,1,-1.0
4,77,1,-1.0
4,78,1,-1.0
4,79,1,-1.0
4,80,1,-1.0
4,81,1,-1.0
4,82,1,-1.0
4,83,1,-1.0
4,84,1,-1.0
4,85,1,-1.0
4,86,1,-1.0
4,87,1,-1.0
4,88,1,-1.0
4,89,1,-1.0
4,90,1,-1.0
4,91,1,-1.0
4,92,1,-1.0
4,93,1,-1.0
4,94,1,-1.0
4,95,1,-1.0
4,96,1,-1.0
4,97,1,-1.0
4,98,1,-1.0
4,99,1,-1.0
4,100,1,-1.0
4,101,1,-1.0
4,102,1,-1.0
4,103,1,-1.0
4,104,1,-1.0
4,105,1,-1.0
4,106,1,-1.0
4,107,1,-1.0
4,108,1,-1.0
4,109,1,-1.0
4,110,1,-1.0
4,111,1,-1.0
4,112,1,-1.0
4,113,1,-1.0
4,114,1,-1.0
4,115,1,-1.0
4,116,1,-1.0
4,117,1,-1.0
4,118,1,-1.0
4,119,1,-1.0
4,120,1,-1.0
4,121,1,-1.0
4,122,1,-1.0
4,123,1,-1.0
4,124,1,-1.0
4,125,1,-1.0
4,126,1,-1.0
4,127,1,-1.0
4,128,1,-1.0
4,129,1,-1.0
4,130,1,-1.0
4,131,1,-1.0
4,132,1,-1.0
4,133,1,-1.0
4,134,1,-1.0
4,135,1,-1.0
4,136,1,-1.0
4,137,1,-1.0
4,138,1,-1.0
4,139,1,-1.0
4,140,1,-1.0
4,141,1,-1.0
4,142,1,-1.0
4,143,1,-1.0
4,144,1,-1.0
4,145,1,-1.0
4,146,1,-1.0
4,147,1,-1.0
4,148,1,-1.0
4,149,1,-1.0
4,150,1,-1.0
4,151,1,-1.0
4,152,1,-1.0
4,153,1,-1.0
4,154,1,-1.0
4,155,1,-1.0
4,156,1,-1.0
4,157,1,-1.0
4,158,1,-1.0
4,159,1,-1.0
4,160,1,-1.0
4,161,1,-1.0
4,162,1,-1.0
4,163,1,-1.0
4,164,4,-1.0
4,165,4,-1.0
4,166,4,-1.0
4,167,4,-1.0
4,168,4,-1.0
4,169,4,-1.0
4,170,4,-1.0
4,171,4,-1.0
4,172,4,-1.0
4,173,4,-1.0
4,174,4,-1.0
4,175,4,-1.0
4,176,4,-1.0
4,177,4,-1.0
4,178,4,-1.0
4,179,4,-1.0
4,180,4,-1.0
4,181,4,-1.0
4,182,4,-1.0
4,183,4,-1.0
4,184,4,-1.0
4,185,4,-1.0
4,186,4,-1.0
4,187,4,-1.0
4,188,4,-1.0
4,189,4,-1.0
4,190,4,-1.0
4,191,4,-1.0
4,192,4,-1.0
4,193,4,-1.0
4,194,4,-1.0
4,195,4,-1.0
4,196,4,-1.0
4,197,4,-1.0
4,198,4,-1.0
4,199,4,-1.0
4,200,4,-1.0
4,201,4,-1.0
4,202,4,-1.0
4,203,4,-1.0
4,204,4,-1.0
4,205,4,-1.0
4,206,4,-1.0
4,207,4,-1.0
4,208,4,-1.0
4,209,4,-1.0
4,210,4,-1.0
4,211,4,-1.0
4,212,4,-1.0
4,213,4,-1.0
4,214,4,-1.0
4,215,4,-1.0
4,216,4,-1.0
4,217,4,-1.0
4,218,4,-1.0
4,219,4,-1.0
4,220,4,-1.0
4,221,4,-1.0
4,222,4,-1.0
4,223,4,-1.0
4,224,4,-1.0
4,225,4,-1.0
4,226,4,-1.0
4,227,4,-1.0
4,228,4,-1.0
4,229,4,-1.0
4,230,4,-1.0
4,231,4,-1.0
4,232,4,-1.0
4,233,4,-1.0
4,234,4,-1.0
4,235,4,-1.0
4,236,4,-1.0
4,237,4,-1.0
4,238,4,-1.0
4,239,4,-1.0
4,240,4,-1.0
4,241,4,-1.0
4,242,4,-1.0
4,243,4,-1.0
4,244,4,-1.0
4,245,4,-1.0
4,246,4,-1.0
4,247,4,-1.0
4,248,4,-1.0
4,249,4,-1.0
4,250,4,-1.0
5,0,1,-1.0
5,1,1,-1.0
5,2,1,-1.0
5,3,1,-1.0
5,4,1,-1.0
5,5,1,-1.0
5,6,1,-1.0
5,7,1,-1.0
5,8,1,-1.0
5,9,1,-1.0
5,10,1,-1.0
5,11,1,-1.0
5,12,1,-1.0
5,13,1,-1.0
5,14,1,-1.0
5,15,1,-1.0
5,16,1,-1.0
5,17,1,-1.0
5,18,1,-1.0
5,19,1,-1.0
5,20,1,-1.0
5,21,1,-1.0
5,22,1,-1.0
5,23,1,-1.0
5,24,1,-1.0
5,25,1,-1.0
5,26,1,-1.0
5,27,1,-1.0
5,28,1,-1.0
5,29,1,-1.0
5,30,1,-1.0
5,31,1,-1.0
5,32,1,-1.0
5,33,1,-1.0
5,34,1,-1.0
5,35,1,-1.0
5,36,1,-1.0
5,37,1,-1.0
5,38,1,-1.0
5,39,1,-1.0
5,40,1,-1.0
5,41,1,-1.0
5,42,1,-1.0
5,43,1,-1.0
5,44,1,-1.0
5,45,1,-1.0
5,46,1,-1.0
5,47,1,-1.0
5,48,1,-1.0
5,49,1,-1.0
5,50,1,-1.0
5,51,1,-1.0
5,52,1,-1.0
5,53,1,-1.0
5,54,1,-1.0
5,55,1,-1.0
5,56,1,-1.0
5,57,1,-1.0
5,58,1,-1.0
5,59,1,-1.0
5,60,1,-1.0
5,61,1,-1.0
5,62,1,-1.0
5,63,1,-1.0
5,64,1,-1.0
5,65,1,-1.0
5,66,1,-1.0
5,67,1,-1.0
5,68,1,-1.0
5,69,1,-1.0
5,70,1,-1.0
5,71,1,-1.0
5,72,1,-1.0
5,73,1,-1.0
5,74,1,-1.0
5,75,1,-1.0
5,76,1,-1.0
5,77,1,-1.0
5,78,1,-1.0
5,79,1,-1.0
5,80,1,-1.0
5,81,1,-1.0
5,82,1,-1.0
5,83,1,-1.0
5,84,1,-1.0
5,85,1,-1.0
5,86,1,-1.0
5,87,1,-1.0
5,88,1,-1.0
5,89,1,-1.0
5,90,1,-1.0
5,91,1,-1.0
5,92,1,-1.0
5,93,1,-1.0
5,94,1,-1.0
5,95,1,-1.0
5,96,1,-1.0
5,97,1,-1.0
5,98,1,-1.0
5,99,1,-1.0
5,100,1,-1.0
5,101,1,-1.0
5,102,1,-1.0
5,103,1,-1.0
5,104,1,-1.0
5,105,1,-1.0
5,106,1,-1.0
5,107,1,-1.0
5,108,1,-1.0
5,109,1,-1.0
5,110,1,-1.0
5,111,1,-1.0
5,112,1,-1.0
5,113,1,-1.0
5,114,1,-1.0
5,115,1,-1.0
5,116,1,-1.0
5,117,1,-1.0
5,118,1,-1.0
5,119,1,-1.0
5,120,1,-1.0
5,121,1,-1.0
5,122,1,-1.0
5,123,1,-1.0
5,124,1,-1.0
5,125,1,-1.0
5,126,1,-1.0
5,127,1,-1.0
5,128,1,-1.0
5,129,1,-1.0
5,130,1,-1.0
5,131,1,-1.0
5,132,1,-1.0
5,133,1,-1.0
5,134,1,-1.0
5,135,1,-1.0
5,136,1,-1.0
5,137,1,-1.0
5,138,1,-1.0
5,139,1,-1.0
5,140,1,-1.0
5,141,1,-1.0
5,142,1,-1.0
5,143,1,-1.0
5,144,1,-1.0
5,145,1,-1.0
5,146,1,-1.0
5,147,1,-1.0
5,148,1,-1.0
5,149,1,-1.0
5,150,1,-1.0
5,151,1,-1.0
5,152,1,-1.0
5,153,1,-1.0
5,154,1,-1.0
5,155,1,-1.0
5,156,1,-1.0
5,157,1,-1.0
5,158,1,-1.0
5,159,1,-1.0
5,160,1,-1.0
5,161,1,-1.0
5,162,1,-1.0
5,163,1,-1.0
5,164,4,-1.0
5,165,4,-1.0
5,166,4,-1.0
5,167,4,-1.0
5,168,4,-1.0
5,169,4,-1.0
5,170,4,-1.0
5,171,4,-1.0
5,172,4,-1.0
5,173,4,-1.0
5,174,4,-1.0
5,175,4,-1.0
5,176,4,-1.0
5,177,4,-1.0
5,178,4,-1.0
5,179,4,-1.0
5,180,4,-1.0
5,181,4,-1.0
5,182,4,-1.0
5,183,4,-1.0
5,184,4,-1.0
5,185,4,-1.0
5,186,4,-1.0
5,187,4,-1.0
5,188,4,-1.0
5,189,4,-1.0
5,190,4,-1.0
5,191,4,-1.0
5,192,4,-1.0
5,193,4,-1.0
5,194,4,-1.0
5,195,4,-1.0
5,196,4,-1.0
5,197,4,-1.0
5,198,4,-1.0
5,199,4,-1.0
5,200,4,-1.0
5,201,4,-1.0
5,202,4,-1.0
5,203,4,-1.0
5,204,4,-1.0
5,205,4,-1.0
5,206,4,-1.0
5,207,4,-1.0
5,208,4,-1.0
5,209,4,-1.0
5,210,4,-1.0
5,211,4,-1.0
5,212,4,-1.0
5,213,4,-1.0
5,214,4,-1.0
5,215,4,-1.0
5,216,4,-1.0
5,217,4,-1.0
5,218,4,-1.0
5,219,4,-1.0
5,220,4,-1.0
5,221,4,-1.0
5,222,4,-1.0
5,223,4,-1.0
5,224,4,-1.0
5,225,4,-1.0
5,226,4,-1.0
5,227,4,-1.0
5,228,4,-1.0
5,229,4,-1.0
5,230,4,-1.0
5,231,4,-1.0
5,232,4,-1.0
5,233,4,-1.0
5,234,4,-1.0
5,235,4,-1.0
5,236,4,-1.0
5,237,4,-1.0
5,238,4,-1.0
5,239,4,-1.0
5,240,4,-1.0
5,241,4,-1.0
5,242,4,-1.0
5,243,4,-1.0
5,244,4,-1.0
5,245,4,-1.0
5,246,4,-1.0
5,247,4,-1.0
5,248,4,-1.0
5,249,4,-1.0
5,250,4,-1.0
6,0,1,-1.0
6,1,1,-1.0
6,2,1,-1.0
6,3,1,-1.0
6,4,1,-1.0
6,5,1,-1.0
6,6,1,-1.0
6,7,1,-1.0
6,8,1,-1.0
6,9,1,-1.0
6,10,1,-1.0
6,11,1,-1.0
6,12,1,-1.0
6,13,1,-1.0
6,14,1,-1.0
6,15,1,-1.0
6,16,1,-1.0
6,17,1,-1.0
6,18,1,-1.0
6,19,1,-1.0
6,20,1,-1.0
6,21,1,-1.0
6,22,1,-1.0
6,23,1,-1.0
6,24,1,-1.0
6,25,1,-1.0
6,26,1,-1.0
6,27,1,-1.0
6,28,1,-1.0
6,29,1,-1.0
6,30,1,-1.0
6,31,1,-1.0
6,32,1,-1.0
6,33,1,-1.0
6,34,1,-1.0
6,35,1,-1.0
6,36,1,-1.0
6,37,1,-1.0
6,38,1,-1.0
6,39,1,-1.0
6,40,1,-1.0
6,41,1,-1.0
6,42,1,-1.0
6,43,1,-1.0
6,44,1,-1.0
6,45,1,-1.0
6,46,1,-1.0
6,47,1,-1.0
6,48,1,-1.0
6,49,1,-1.0
6,50,1,-1.0
6,51,1,-1.0
6,52,1,-1.0
6,53,1,-1.0
6,54,1,-1.0
6,55,1,-1.0
6,56,1,-1.0
6,57,1,-1.0
6,58,1,-1.0
6,59,1,-1.0
6,60,1,-1.0
6,61,1,-1.0
6,62,1,-1.0
6,63,1,-1.0
6,64,1,-1.0
6,65,1,-1.0
6,66,1,-1.0
6,67,1,-1.0
6,68,1,-1.0
6,69,1,-1.0
6,70,1,-1.0
6,71,1,-1.0
6,72,1,-1.0
6,73,1,-1.0
6,74,1,-1.0
6,75,1,-1.0
6,76,1,-1.0
6,77,1,-1.0
6,78,1,-1.0
6,79,1,-1.0
6,80,1,-1.0
6,81,1,-1.0
6,82,1,-1.0
6,83,1,-1.0
6,84,1,-1.0
6,85,1,-1.0
6,86,1,-1.0
6,87,1,-1.0
6,88,1,-1.0
6,89,1,-1.0
6,90,1,-1.0
6,91,1,-1.0
6,92,1,-1.0
6,93,1,-1.0
6,94,1,-1.0
6,95,1,-1.0
6,96,1,-1.0
6,97,1,-1.0
6,98,1,-1.0
6,99,1,-1.0
6,100,1,-1.0
6,101,1,-1.0
6,102,1,-1.0
6,103,1,-1.0
6,104,1,-1.0
6,105,1,-1.0
6,106,1,-1.0
6,107,1,-1.0
6,108,1,-1.0
6,109,1,-1.0
6,110,1,-1.0
6,111,1,-1.0
6,112,1,-1.0
6,113,1,-1.0
6,114,1,-1.0
6,115,1,-1.0
6,116,1,-1.0
6,117,1,-1.0
6,118,1,-1.0
6,119,1,-1.0
6,120,1,-1.0
6,121,1,-1.0
6,122,1,-1.0
6,123,1,-1.0
6,124,1,-1.0
6,125,1,-1.0
6,126,1,-1.0
6,127,1,-1.0
6,128,1,-1.0
6,129,1,-1.0
6,130,1,-1.0
6,131,1,-1.0
6,132,1,-1.0
6,133,1,-1.0
6,134,1,-1.0
6,135,1,-1.0
6,136,1,-1.0
6,137,1,-1.0
6,138,1,-1.0
6,139,1,-1.0
6,140,1,-1.0
6,141,1,-1.0
6,142,1,-1.0
6,143,1,-1.0
6,144,1,-1.0
6,145,1,-1.0
6,146,1,-1.0
6,147,1,-1.0
6,148,1,-1.0
6,149,1,-1.0
6,150,1,-1.0
6,151,1,-1.0
6,152,1,-1.0
6,153,1,-1.0
6,154,1,-1.0
6,155,1,-1.0
6,156,1,-1.0
6,157,1,-1.0
6,158,1,-1.0
6,159,1,-1.0
6,160,1,-1.0
6,161,1,-1.0
6,162,1,-1.0
6,163,1,-1.0
6,164,1,-1.0
6,165,4,-1.0
6,166,4,-1.0
6,167,4,-1.0
6,168,4,-1.0
6,169,4,-1.0
6,170,4,-1.0
6,171,4,-1.0
6,172,4,-1.0
6,173,4,-1.0
6,174,4,-1.0
6,175,4,-1.0
6,176,4,-1.0
6,177,4,-1.0
6,178,4,-1.0
6,179,4,-1.0
6,180,4,-1.0
6,181,4,-1.0
6,182,4,-1.0
6,183,4,-1.0
6,184,4,-1.0
6,185,4,-1.0
6,186,4,-1.0
6,187,4,-1.0
6,188,4,-1.0
6,189,4,-1.0
6,190,4,-1.0
6,191,4,-1.0
6,192,4,-1.0
6,193,4,-1.0
6,194,4,-1.0
6,195,4,-1.0
6,196,4,-1.0
6,197,4,-1.0
6,198,4,-1.0
6,199,4,-1.0
6,200,4,-1.0
6,201,4,-1.0
6,202,4,-1.0
6,203,4,-1.0
6,204,4,-1.0
6,205,4,-1.0
6,206,4,-1.0
6,207,4,-1.0
6,208,4,-1.0
6,209,4,-1.0
6,210,4,-1.0
6,211,4,-1.0
6,212,4,-1.0
6,213,4,-1.0
6,214,4,-1.0
6,215,4,-1.0
6,216,4,-1.0
6,217,4,-1.0
6,218,4,-1.0
6,219,4,-1.0
6,220,4,-1.0
6,221,4,-1.0
6,222,4,-1.0
6,223,4,-1.0
6,224,4,-1.0
6,225,4,-1.0
6,226,4,-1.0
6,227,4,-1.0
6,228,4,-1.0
6,229,4,-1.0
6,230,4,-1.0
6,231,4,-1.0
6,232,4,-1.0
6,233,4,-1.0
6,234,4,-1.0
6,235,4,-1.0
6,236,4,-1.0
6,237,4,-1.0
6,238,4,-1.0
6,239,4,-1.0
6,240,4,-1.0
6,241,4,-1.0
6,242,4,-1.0
6,243,4,-1.0
6,244,4,-1.0
6,245,4,-1.0
6,246,4,-1.0
6,247,4,-1.0
6,248,4,-1.0
6,249,4,-1.0
6,250,4,-1.0
7,0,1,-1.0
7,1,1,-1.0
7,2,1,-1.0
7,3,1,-1.0
7,4,1,-1.0
7,5,1,-1.0
7,6,1,-1.0
7,7,1,-1.0
7,8,1,-1.0
7,9,1,-1.0
7,10,1,-1.0
7,11,1,-1.0
7,12,1,-1.0
7,13,1,-1.0
7,14,1,-1.0
7,15,1,-1.0
7,16,1,-1.0
7,17,1,-1.0
7,18,1,-1.0
7,19,1,-1.0
7,20,1,-1.0
7,21,1,-1.0
7,22,1,-1.0
7,23,1,-1.0
7,24,1,-1.0
7,25,1,-1.0
7,26,1,-1.0
7,27,1,-1.0
7,28,1,-1.0
7,29,1,-1.0
7,30,1,-1.0
7,31,1,-1.0
7,32,1,-1.0
7,33,1,-1.0
7,34,1,-1.0
7,35,1,-1.0
7,36,1,-1.0
7,37,1,-1.0
7,38,1,-1.0
7,39,1,-1.0
7,40,1,-1.0
7,41,1,-1.0
7,42,1,-1.0
7,43,1,-1.0
7,44,1,-1.0
7,45,1,-1.0
7,46,1,-1.0
7,47,1,-1.0
7,48,1,-1.0
7,49,1,-1.0
7,50,1,-1.0
7,51,1,-1.0
7,52,1,-1.0
7,53,1,-1.0
7,54,1,-1.0
7,55,1,-1.0
7,56,1,-1.0
7,57,1,-1.0
7,58,1,-1.0
7,59,1,-1.0
7,60,1,-1.0
7,61,1,-1.0
7,62,1,-1.0
7,63,1,-1.0
7,64,1,-1.0
7,65,1,-1.0
7,66,1,-1.0
7,67,1,-1.0
7,68,1,-1.0
7,69,1,-1.0
7,70,1,-1.0
7,71,1,-1.0
7,72,1,-1.0
7,73,1,-1.0
7,74,1,-1.0
7,75,1,-1.0
7,76,1,-1.0
7,77,1,-1.0
7,78,1,-1.0
7,79,1,-1.0
7,80,1,-1.0
7,81,1,-1.0
7,82,1,-1.0
7,83,1,-1.0
7,84,1,-1.0
7,85,1,-1.0
7,86,1,-1.0
7,87,1,-1.0
7,88,1,-1.0
7,89,1,-1.0
7,90,1,-1.0
7,91,1,-1.0
7,92,1,-1.0
7,93,1,-1.0
7,94,1,-1.0
7,95,1,-1.0
7,96,1,-1.0
7,97,1,-1.0
7,98,1,-1.0
7,99,1,-1.0
7,100,1,-1.0
7,101,1,-1.0
7,102,1,-1.0
7,103,1,-1.0
7,104,1,-1.0
7,105,1,-1.0
7,106,1,-1.0
7,107,1,-1.0
7,108,1,-1.0
7,109,1,-1.0
7,110,1,-1.0
7,111,1,-1.0
7,112,1,-1.0
7,113,1,-1.0
7,114,1,-1.0
7,115,1,-1.0
7,116,1,-1.0
7,117,1,-1.0
7,118,1,-1.0
7,119,1,-1.0
7,120,1,-1.0
7,121,1,-1.0
7,122,1,-1.0
7,123,1,-1.0
7,124,1,-1.0
7,125,1,-1.0
7,126,1,-1.0
7,127,1,-1.0
7,128,1,-1.0
7,129,1,-1.0
7,130,1,-1.0
7,131,1,-1.0
7,132,1,-1.0
7,133,1,-1.0
7,134,1,-1.0
7,135,1,-1.0
7,136,1,-1.0
7,137,1,-1.0
7,138,1,-1.0
7,139,1,-1.0
7,140,1,-1.0
7,141,1,-1.0
7,142,1,-1.0
7,143,1,-1.0
7,144,1,-1.0
7,145,1,-1.0
7,146,1,-1.0
7,147,1,-1.0
7,148,1,-1.0
7,149,1,-1.0
7,150,1,-1.0
7,151,1,-1.0
7,152,1,-1.0
7,153,1,-1.0
7,154,1,-1.0
7,155,1,-1.0
7,156,1,-1.0
7,157,1,-1.0
7,158,1,-1.0
7,159,1,-1.0
7,160,1,-1.0
7,161,1,-1.0
7,162,1,-1.0
7,163,1,-1.0
7,164,1,-1.0
7,165,4,-1.0
7,166,4,-1.0
7,167,4,-1.0
7,168,4,-1.0
7,169,4,-1.0
7,170,4,-1.0
7,171,4,-1.0
7,172,4,-1.0
7,173,4,-1.0
7,174,4,-1.0
7,175,4,-1.0
7,176,4,-1.0
7,177,4,-1.0
7,178,4,-1.0
7,179,4,-1.0
7,180,4,-1.0
7,181,4,-1.0
7,182,4,-1.0
7,183,4,-1.0
7,184,4,-1.0
7,185,4,-1.0
7,186,4,-1.0
7,187,4,-1.0
7,188,4,-1.0
7,189,4,-1.0
7,190,4,-1.0
7,191,4,-1.0
7,192,4,-1.0
7,193,4,-1.0
7,194,4,-1.0
7,195,4,-1.0
7,196,4,-1.0
7,197,4,-1.0
7,198,4,-1.0
7,199,4,-1.0
7,200,4,-1.0
7,201,4,-1.0
7,202,4,-1.0
7,203,4,-1.0
7,204,4,-1.0
7,205,4,-1.0
7,206,4,-1.0
7,207,4,-1.0
7,208,4,-1.0
7,209,4,-1.0
7,210,4,-1.0
7,211,4,-1.0
7,212,4,-1.0
7,213,4,-1.0
7,214,4,-1.0
7,215,4,-1.0
7,216,4,-1.0
7,217,4,-1.0
7,218,4,-1.0
7,219,4,-1.0
7,220,4,-1.0
7,221,4,-1.0
7,222,4,-1.0
7,223,4,-1.0
7,224,4,-1.0
7,225,4,-1.0
7,226,4,-1.0
7,227,4,-1.0
7,228,4,-1.0
7,229,4,-1.0
7,230,4,-1.0
7,231,4,-1.0
7,232,4,-1.0
7,233,4,-1.0
7,234,4,-1.0
7,235,4,-1.0
7,236,4,-1.0
7,237,4,-1.0
7,238,4,-1.0
7,239,4,-1.0
7,240,4,-1.0
7,241,4,-1.0
7,242,4,-1.0
7,243,4,-1.0
7,244,4,-1.0
7,245,4,-1.0
7,246,4,-1.0
7,247,4,-1.0
7,248,4,-1.0
7,249,4,-1.0
7,250,4,-1.0
8,0,1,-1.0
8,1,1,-1.0
8,2,1,-1.0
8,3,1,-1.0
8,4,1,-1.0
8,5,1,-1.0
8,6,1,-1.0
8,7,1,-1.0
8,8,1,-1.0
8,9,1,-1.0
8,10,1,-1.0
8,11,1,-1.0
8,12,1,-1.0
8,13,1,-1.0
8,14,1,-1.0
8,15,1,-1.0
8,16,1,-1.0
8,17,1,-1.0
8,18,1,-1.0
8,19,1,-1.0
8,20,1,-1.0
8,21,1,-1.0
8,22,1,-1.0
8,23,1,-1.0
8,24,1,-1.0
8,25,1,-1.0
8,26,1,-1.0
8,27,1,-1.0
8,28,1,-1.0
8,29,1,-1.0
8,30,1,-1.0
8,31,1,-1.0
8,32,1,-1.0
8,33,1,-1.0
8,34,1,-1.0
8,35,1,-1.0
8,36,1,-1.0
8,37,1,-1.0
8,38,1,-1.0
8,39,1,-1.0
8,40,1,-1.0
8,41,1,-1.0
8,42,1,-1.0
8,43,1,-1.0
8,44,1,-1.0
8,45,1,-1.0
8,46,1,-1.0
8,47,1,-1.0
8,48,1,-1.0
8,49,1,-1.0
8,50,1,-1.0
8,51,1,-1.0
8,52,1,-1.0
8,53,1,-1.0
8,54,1,-1.0
8,55,1,-1.0
8,56,1,-1.0
8,57,1,-1.0
8,58,1,-1.0
8,59,1,-1.0
8,60,1,-1.0
8,61,1,-1.0
8,62,1,-1.0
8,63,1,-1.0
8,64,1,-1.0
8,65,1,-1.0
8,66,1,-1.0
8,67,1,-1.0
8,68,1,-1.0
8,69,1,-1.0
8,70,1,-1.0
8,71,1,-1.0
8,72,1,-1.0
8,73,1,-1.0
8,74,1,-1.0
8,75,1,-1.0
8,76,1,-1.0
8,77,1,-1.0
8,78,1,-1.0
8,79,1,-1.0
8,80,1,-1.0
8,81,1,-1.0
8,82,1,-1.0
8,83,1,-1.0
8,84,1,-1.0
8,85,1,-1.0
8,86,1,-1.0
8,87,1,-1.0
8,88,1,-1.0
8,89,1,-1.0
8,90,1,-1.0
8,91,1,-1.0
8,92,1,-1.0
8,93,1,-1.0
8,94,1,-1.0
8,95,1,-1.0
8,96,1,-1.0
8,97,1,-1.0
8,98,1,-1.0
8,99,1,-1.0
8,100,1,-1.0
8,101,1,-1.0
8,102,1,-1.0
8,103,1,-1.0
8,104,1,-1.0
8,105,1,-1.0
8,106,1,-1.0
8,107,1,-1.0
8,108,1,-1.0
8,109,1,-1.0
8,110,1,-1.0
8,111,1,-1.0
8,112,1,-1.0
8,113,1,-1.0
8,114,1,-1.0
8,115,1,-1.0
8,116,1,-1.0
8,117,1,-1.0
8,118,1,-1.0
8,119,1,-1.0
8,120,1,-1.0
8,121,1,-1.0
8,122,1,-1.0
8,123,1,-1.0
8,124,1,-1.0
8,125,1,-1.0
8,126,1,-1.0
8,127,1,-1.0
8,128,1,-1.0
8,129,1,-1.0
8,130,1,-1.0
8,131,1,-1.0
8,132,1,-1.0
8,133,1,-1.0
8,134,1,-1.0
8,135,1,-1.0
8,136,1,-1.0
8,137,1,-1.0
8,138,1,-1.0
8,139,1,-1.0
8,140,1,-1.0
8,141,1,-1.0
8,142,1,-1.0
8,143,1,-1.0
8,144,1,-1.0
8,145,1,-1.0
8,146,1,-1.0
8,147,1,-1.0
8,148,1,-1.0
8,149,1,-1.0
8,150,1,-1.0
8,151,1,-1.0
8,152,1,-1.0
8,153,1,-1.0
8,154,1,-1.0
8,155,1,-1.0
8,156,1,-1.0
8,157,1,-1.0
8,158,1,-1.0
8,159,1,-1.0
8,160,1,-1.0
8,161,1,-1.0
8,162,1,-1.0
8,163,1,-1.0
8,164,1,-1.0
8,165,4,-1.0
8,166,4,-1.0
8,167,4,-1.0
8,168,4,-1.0
8,169,4,-1.0
8,170,4,-1.0
8,171,4,-1.0
8,172,4,-1.0
8,173,4,-1.0
8,174,4,-1.0
8,175,4,-1.0
8,176,4,-1.0
8,177,4,-1.0
8,178,4,-1.0
8,179,4,-1.0
8,180,4,-1.0
8,181,4,-1.0
8,182,4,-1.0
8,183,4,-1.0
8,184,4,-1.0
8,185,4,-1.0
8,186,4,-1.0
8,187,4,-1.0
8,188,4,-1.0
8,189,4,-1.0
8,190,4,-1.0
8,191,4,-1.0
8,192,4,-1.0
8,193,4,-1.0
8,194,4,-1.0
8,195,4,-1.0
8,196,4,-1.0
8,197,4,-1.0
8,198,4,-1.0
8,199,4,-1.0
8,200,4,-1.0
8,201,4,-1.0
8,202,4,-1.0
8,203,4,-1.0
8,204,4,-1.0
8,205,4,-1.0
8,206,4,-1.0
8,207,4,-1.0
8,208,4,-1.0
8,209,4,-1.0
8,210,4,-1.0
8,211,4,-1.0
8,212,4,-1.0
8,213,4,-1.0
8,214,4,-1.0
8,215,4,-1.0
8,216,4,-1.0
8,217,4,-1.0
8,218,4,-1.0
8,219,4,-1.0
8,220,4,-1.0
8,221,4,-1.0
8,222,4,-1.0
8,223,4,-1.0
8,224,4,-1.0
8,225,4,-1.0
8,226,4,-1.0
8,227,4,-1.0
8,228,4,-1.0
8,229,4,-1.0
8,230,4,-1.0
8,231,4,-1.0
8,232,4,-1.0
8,233,4,-1.0
8,234,4,-1.0
8,235,4,-1.0
8,236,4,-1.0
8,237,4,-1.0
8,238,4,-1.0
8,239,4,-1.0
8,240,4,-1.0
8,241,4,-1.0
8,242,4,-1.0
8,243,4,-1.0
8,244,4,-1.0
8,245,4,-1.0
8,246,4,-1.0
8,247,4,-1.0
8,248,4,-1.0
8,249,4,-1.0
8,250,4,-1.0
9,0,1,-1.0
9,1,1,-1.0
9,2,1,-1.0
9,3,1,-1.0
9,4,1,-1.0
9,5,1,-1.0
9,6,1,-1.0
9,7,1,-1.0
9,8,1,-1.0
9,9,1,-1.0
9,10,1,-1.0
9,11,1,-1.0
9,12,1,-1.0
9,13,1,-1.0
9,14,1,-1.0
9,15,1,-1.0
9,16,1,-1.0
9,17,1,-1.0
9,18,1,-1.0
9,19,1,-1.0
9,20,1,-1.0
9,21,1,-1.0
9,22,1,-1.0
9,23,1,-1.0
9,24,1,-1.0
9,25,1,-1.0
9,26,1,-1.0
9,27,1,-1.0
9,28,1,-1.0
9,29,1,-1.0
9,30,1,-1.0
9,31,1,-1.0
9,32,1,-1.0
9,33,1,-1.0
9,34,1,-1.0
9,35,1,-1.0
9,36,1,-1.0
9,37,1,-1.0
9,38,1,-1.0
9,39,1,-1.0
9,40,1,-1.0
9,41,1,-1.0
9,42,1,-1.0
9,43,1,-1.0
9,44,1,-1.0
9,45,1,-1.0
9,46,1,-1.0
9,47,1,-1.0
9,48,1,-1.0
9,49,1,-1.0
9,50,1,-1.0
9,51,1,-1.0
9,52,1,-1.0
9,53,1,-1.0
9,54,1,-1.0
9,55,1,-1.0
9,56,1,-1.0
9,57,1,-1.0
9,58,1,-1.0
9,59,1,-1.0
9,60,1,-1.0
9,61,1,-1.0
9,62,1,-1.0
9,63,1,-1.0
9,64,1,-1.0
9,65,1,-1.0
9,66,1,-1.0
9,67,1,-1.0
9,68,1,-1.0
9,69,1,-1.0
9,70,1,-1.0
9,71,1,-1.0
9,72,1,-1.0
9,73,1,-1.0
9,74,1,-1.0
9,75,1,-1.0
9,76,1,-1.0
9,77,1,-1.0
9,78,1,-1.0
9,79,1,-1.0
9,80,1,-1.0
9,81,1,-1.0
9,82,1,-1.0
9,83,1,-1.0
9,84,1,-1.0
9,85,1,-1.0
9,86,1,-1.0
9,87,1,-1.0
9,88,1,-1.0
9,89,1,-1.0
9,90,1,-1.0
9,91,1,-1.0
9,92,1,-1.0
9,93,1,-1.0
9,94,1,-1.0
9,95,1,-1.0
9,96,1,-1.0
9,97,1,-1.0
9,98,1,-1.0
9,99,1,-1.0
9,100,1,-1.0
9,101,1,-1.0
9,102,1,-1.0
9,103,1,-1.0
9,104,1,-1.0
9,105,1,-1.0
9,106,1,-1.0
9,107,1,-1.0
9,108,1,-1.0
9,109,1,-1.0
9,110,1,-1.0
9,111,1,-1.0
9,112,1,-1.0
9,113,1,-1.0
9,114,1,-1.0
9,115,1,-1.0
9,116,1,-1.0
9,117,1,-1.0
9,118,1,-1.0
9,119,1,-1.0
9,120,1,-1.0
9,121,1,-1.0
9,122,1,-1.0
9,123,1,-1.0
9,124,1,-1.0
9,125,1,-1.0
9,126,1,-1.0
9,127,1,-1.0
9,128,1,-1.0
9,129,1,-1.0
9,130,1,-1.0
9,131,1,-1.0
9,132,1,-1.0
9,133,1,-1.0
9,134,1,-1.0
9,135,1,-1.0
9,136,1,-1.0
9,137,1,-1.0
9,138,1,-1.0
9,139,1,-1.0
9,140,1,-1.0
9,141,1,-1.0
9,142,1,-1.0
9,143,1,-1.0
9,144,1,-1.0
9,145,1,-1.0
9,146,1,-1.0
9,147,1,-1.0
9,148,1,-1.0
9,149,1,-1.0
9,150,1,-1.0
9,151,1,-1.0
9,152,1,-1.0
9,153,1,-1.0
9,154,1,-1.0
9,155,1,-1.0
9,156,1,-1.0
9,157,1,-1.0
9,158,1,-1.0
9,159,1,-1.0
9,160,1,-1.0
9,161,1,-1.0
9,162,1,-1.0
9,163,1,-1.0
9,164,1,-1.0
9,165,4,-1.0
9,166,4,-1.0
9,167,4,-1.0
9,168,4,-1.0
9,169,4,-1.0
9,170,4,-1.0
9,171,4,-1.0
9,172,4,-1.0
9,173,4,-1.0
9,174,4,-1.0
9,175,4,-1.0
9,176,4,-1.0
9,177,4,-1.0
9,178,4,-1.0
9,179,4,-1.0
9,180,4,-1.0
9,181,4,-1.0
9,182,4,-1.0
9,183,4,-1.0
9,184,4,-1.0
9,185,4,-1.0
9,186,4,-1.0
9,187,4,-1.0
9,188,4,-1.0
9,189,4,-1.0
9,190,4,-1.0
9,191,4,-1.0
9,192,4,-1.0
9,193,4,-1.0
9,194,4,-1.0
9,195,4,-1.0
9,196,4,-1.0
9,197,4,-1.0
9,198,4,-1.0
9,199,4,-1.0
9,200,4,-1.0
9,201,4,-1.0
9,202,4,-1.0
9,203,4,-1.0
9,204,4,-1.0
9,205,4,-1.0
9,206,4,-1.0
9,207,4,-1.0
9,208,4,-1.0
9,209,4,-1.0
9,210,4,-1.0
9,211,4,-1.0
9,212,4,-1.0
9,213,4,-1.0
9,214,4,-1.0
9,215,4,-1.0
9,216,4,-1.0
9,217,4,-1.0
9,218,4,-1.0
9,219,4,-1.0
9,220,4,-1.0
9,221,4,-1.0
9,222,4,-1.0
9,223,4,-1.0
9,224,4,-1.0
9,225,4,-1.0
9,226,4,-1.0
9,227,4,-1.0
9,228,4,-1.0
9,229,4,-1.0
9,230,4,-1.0
9,231,4,-1.0
9,232,4,-1.0
9,233,4,-1.0
9,234,4,-1.0
9,235,4,-1.0
9,236,4,-1.0
9,237,4,-1.0
9,238,4,-1.0
9,239,4,-1.0
9,240,4,-1.0
9,241,4,-1.0
9,242,4,-1.0
9,243,4,-1.0
9,244,4,-1.0
9,245,4,-1.0
9,246,4,-1.0
9,247,4,-1.0
9,248,4,-1.0
9,249,4,-1.0
9,250,4,-1.0
10,0,1,-1.0
10,1,1,-1.0
10,2,1,-1.0
10,3,1,-1.0
10,4,1,-1.0
10,5,1,-1.0
10,6,1,-1.0
10,7,1,-1.0
10,8,1,-1.0
10,9,1,-1.0
10,10,1,-1.0
10,11,1,-1.0
10,12,1,-1.0
10,13,1,-1.0
10,14,1,-1.0
10,15,1,-1.0
10,16,1,-1.0
10,17,1,-1.0
10,18,1,-1.0
10,19,1,-1.0
10,20,1,-1.0
10,21,1,-1.0
10,22,1,-1.0
10,23,1,-1.0
10,24,1,-1.0
10,25,1,-1.0
10,26,1,-1.0
10,27,1,-1.0
10,28,1,-1.0
10,29,1,-1.0
10,30,1,-1.0
10,31,1,-1.0
10,32,1,-1.0
10,33,1,-1.0
10,34,1,-1.0
10,35,1,-1.0
10,36,1,-1.0
10,37,1,-1.0
10,38,1,-1.0
10,39,1,-1.0
10,40,1,-1.0
10,41,1,-1.0
10,42,1,-1.0
10,43,1,-1.0
10,44,1,-1.0
10,45,1,-1.0
10,46,1,-1.0
10,47,1,-1.0
10,48,1,-1.0
10,49,1,-1.0
10,50,1,-1.0
10,51,1,-1.0
10,52,1,-1.0
10,53,1,-1.0
10,54,1,-1.0
10,55,1,-1.0
10,56,1,-1.0
10,57,1,-1.0
10,58,1,-1.0
10,59,1,-1.0
10,60,1,-1.0
10,61,1,-1.0
10,62,1,-1.0
10,63,1,-1.0
10,64,1,-1.0
10,65,1,-1.0
10,66,1,-1.0
10,67,1,-1.0
10,68,1,-1.0
10,69,1,-1.0
10,70,1,-1.0
10,71,1,-1.0
10,72,1,-1.0
10,73,1,-1.0
10,74,1,-1.0
10,75,1,-1.0
10,76,1,-1.0
10,77,1,-1.0
10,78,1,-1.0
10,79,1,-1.0
10,80,1,-1.0
10,81,1,-1.0
10,82,1,-1.0
10,83,1,-1.0
10,84,1,-1.0
10,85,1,-1.0
10,86,1,-1.0
10,87,1,-1.0
10,88,1,-1.0
10,89,1,-1.0
10,90,1,-1.0
10,91,1,-1.0
10,92,1,-1.0
10,93,1,-1.0
10,94,1,-1.0
10,95,1,-1.0
10,96,1,-1.0
10,97,1,-1.0
10,98,1,-1.0
10,99,1,-1.0
10,100,1,-1.0
10,101,1,-1.0
10,102,1,-1.0
10,103,1,-1.0
10,104,1,-1.0
10,105,1,-1.0
10,106,1,-1.0
10,107,1,-1.0
10,108,1,-1.0
10,109,1,-1.0
10,110,1,-1.0
10,111,1,-1.0
10,112,1,-1.0
10,113,1,-1.0
10,114,1,-1.0
10,115,1,-1.0
10,116,1,-1.0
10,117,1,-1.0
10,118,1,-1.0
10,119,1,-1.0
10,120,1,-1.0
10,121,1,-1.0
10,122,1,-1.0
10,123,1,-1.0
10,124,1,-1.0
10,125,1,-1.0
10,126,1,-1.0
10,127,1,-1.0
10,128,1,-1.0
10,129,1,-1.0
10,130,1,-1.0
10,131,1,-1.0
10,132,1,-1.0
10,133,1,-1.0
10,134,1,-1.0
10,135,1,-1.0
10,136,1,-1.0
10,137,1,-1.0
10,138,1,-1.0
10,139,1,-1.0
10,140,1,-1.0
10,141,1,-1.0
10,142,1,-1.0
10,143,1,-1.0
10,144,1,-1.0
10,145,1,-1.0
10,146,1,-1.0
10,147,1,-1.0
10,148,1,-1.0
10,149,1,-1.0
10,150,1,-1.0
10,151,1,-1.0
10,152,1,-1.0
10,153,1,-1.0
10,154,1,-1.0
10,155,1,-1.0
10,156,1,-1.0
10,157,1,-1.0
10,158,1,-1.0
10,159,1,-1.0
10,160,1,-1.0
10,161,1,-1.0
10,162,1,-1.0
10,163,1,-1.0
10,164,1,-1.0
10,165,4,-1.0
10,166,4,-1.0
10,167,4,-1.0
10,168,4,-1.0
10,169,4,-1.0
10,170,4,-1.0
10,171,4,-1.0
10,172,4,-1.0
10,173,4,-1.0
10,174,4,-1.0
10,175,4,-1.0
10,176,4,-1.0
10,177,4,-1.0
10,178,4,-1.0
10,179,4,-1.0
10,180,4,-1.0
10,181,4,-1.0
10,182,4,-1.0
10,183,4,-1.0
10,184,4,-1.0
10,185,4,-1.0
10,186,4,-1.0
10,187,4,-1.0
10,188,4,-1.0
10,189,4,-1.0
10,190,4,-1.0
10,191,4,-1.0
10,192,4,-1.0
10,193,4,-1.0
10,194,4,-1.0
10,195,4,-1.0
10,196,4,-1.0
10,197,4,-1.0
10,198,4,-1.0
10,199,4,-1.0
10,200,4,-1.0
10,201,4,-1.0
10,202,4,-1.0
10,203,4,-1.0
10,204,4,-1.0
10,205,4,-1.0
10,206,4,-1.0
10,207,4,-1.0
10,208,4,-1.0
10,209,4,-1.0
10,210,4,-1.0
10,211,4,-1.0
10,212,4,-1.0
10,213,4,-1.0
10,214,4,-1.0
10,215,4,-1.0
10,216,4,-1.0
10,217,4,-1.0
10,218,4,-1.0
10,219,4,-1.0
10,220,4,-1.0
10,221,4,-1.0
10,222,4,-1.0
10,223,4,-1.0
10,224,4,-1.0
10,225,4,-1.0
10,226,4,-1.0
10,227,4,-1.0
10,228,4,-1.0
10,229,4,-1.0
10,230,4,-1.0
10,231,4,-1.0
10,232,4,-1.0
10,233,4,-1.0
10,234,4,-1.0
10,235,4,-1.0
10,236,4,-1.0
10,237,4,-1.0
10,238,4,-1.0
10,239,4,-1.0
10,240,4,-1.0
10,241,4,-1.0
10,242,4,-1.0
10,243,4,-1.0
10,244,4,-1.0
10,245,4,-1.0
10,246,4,-1.0
10,247,4,-1.0
10,248,4,-1.0
10,249,4,-1.0
10,250,4,-1.0
11,0,1,-1.0
11,1,1,-1.0
11,2,1,-1.0
11,3,1,-1.0
11,4,1,-1.0
11,5,1,-1.0
11,6,1,-1.0
11,7,1,-1.0
11,8,1,-1.0
11,9,1,-1.0
11,10,1,-1.0
11,11,1,-1.0
11,12,1,-1.0
11,13,1,-1.0
11,14,1,-1.0
11,15,1,-1.0
11,16,1,-1.0
11,17,1,-1.0
11,18,1,-1.0
11,19,1,-1.0
11,20,1,-1.0
11,21,1,-1.0
11,22,1,-1.0
11,23,1,-1.0
11,24,1,-1.0
11,25,1,-1.0
11,26,1,-1.0
11,27,1,-1.0
11,28,1,-1.0
11,29,1,-1.0
11,30,1,-1.0
11,31,1,-1.0
11,32,1,-1.0
11,33,1,-1.0
11,34,1,-1.0
11,35,1,-1.0
11,36,1,-1.0
11,37,1,-1.0
11,38,1,-1.0
11,39,1,-1.0
11,40,1,-1.0
11,41,1,-1.0
11,42,1,-1.0
11,43,1,-1.0
11,44,1,-1.0
11,45,1,-1.0
11,46,1,-1.0
11,47,1,-1.0
11,48,1,-1.0
11,49,1,-1.0
11,50,1,-1.0
11,51,1,-1.0
11,52,1,-1.0
11,53,1,-1.0
11,54,1,-1.0
11,55,1,-1.0
11,56,1,-1.0
11,57,1,-1.0
11,58,1,-1.0
11,59,1,-1.0
11,60,1,-1.0
11,61,1,-1.0
11,62,1,-1.0
11,63,1,-1.0
11,64,1,-1.0
11,65,1,-1.0
11,66,1,-1.0
11,67,1,-1.0
11,68,1,-1.0
11,69,1,-1.0
11,70,1,-1.0
11,71,1,-1.0
11,72,1,-1.0
11,73,1,-1.0
11,74,1,-1.0
11,75,1,-1.0
11,76,1,-1.0
11,77,1,-1.0
11,78,1,-1.0
11,79,1,-1.0
11,80,1,-1.0
11,81,1,-1.0
11,82,1,-1.0
11,83,1,-1.0
11,84,1,-1.0
11,85,1,-1.0
11,86,1,-1.0
11,87,1,-1.0
11,88,1,-1.0
11,89,1,-1.0
11,90,1,-1.0
11,91,1,-1.0
11,92,1,-1.0
11,93,1,-1.0
11,94,1,-1.0
11,95,1,-1.0
11,96,1,-1.0
11,97,1,-1.0
11,98,1,-1.0
11,99,1,-1.0
11,100,1,-1.0
11,101,1,-1.0
11,102,1,-1.0
11,103,1,-1.0
11,104,1,-1.0
11,105,1,-1.0
11,106,1,-1.0
11,107,1,-1.0
11,108,1,-1.0
11,109,1,-1.0
11,110,1,-1.0
11,111,1,-1.0
11,112,1,-1.0
11,113,1,-1.0
11,114,1,-1.0
11,115,1,-1.0
11,116,1,-1.0
11,117,1,-1.0
11,118,1,-1.0
11,119,1,-1.0
11,120,1,-1.0
11,121,1,-1.0
11,122,1,-1.0
11,123,1,-1.0
11,124,1,-1.0
11,125,1,-1.0
11,126,1,-1.0
11,127,1,-1.0
11,128,1,-1.0
11,129,1,-1.0
11,130,1,-1.0
11,131,1,-1.0
11,132,1,-1.0
11,133,1,-1.0
11,134,1,-1.0
11,135,1,-1.0
11,136,1,-1.0
11,137,1,-1.0
11,138,1,-1.0
11,139,1,-1.0
11,140,1,-1.0
11,141,1,-1.0
11,142,1,-1.0
11,143,1,-1.0
11,144,1,-1.0
11,145,1,-1.0
11,146,1,-1.0
11,147,1,-1.0
11,148,1,-1.0
11,149,1,-1.0
11,150,1,-1.0
11,151,1,-1.0
11,152,1,-1.0
11,153,1,-1.0
11,154,1,-1.0
11,155,1,-1.0
11,156,1,-1.0
11,157,1,-1.0
11,158,1,-1.0
11,159,1,-1.0
11,160,1,-1.0
11,161,1,-1.0
11,162,1,-1.0
11,163,1,-1.0
11,164,1,-1.0
11,165,1,-1.0
11,166,4,-1.0
11,167,4,-1.0
11,168,4,-1.0
11,169,4,-1.0
11,170,4,-1.0
11,171,4,-1.0
11,172,4,-1.0
11,173,4,-1.0
11,174,4,-1.0
11,175,4,-1.0
11,176,4,-1.0
11,177,4,-1.0
11,178,4,-1.0
11,179,4,-1.0
11,180,4,-1.0
11,181,4,-1.0
11,182,4,-1.0
11,183,4,-1.0
11,184,4,-1.0
11,185,4,-1.0
11,186,4,-1.0
11,187,4,-1.0
11,188,4,-1.0
11,189,4,-1.0
11,190,4,-1.0
11,191,4,-1.0
11,192,4,-1.0
11,193,4,-1.0
11,194,4,-1.0
11,195,4,-1.0
11,196,4,-1.0
11,197,4,-1.0
11,198,4,-1.0
11,199,4,-1.0
11,200,4,-1.0
11,201,4,-1.0
11,202,4,-1.0
11,203,4,-1.0
11,204,4,-1.0
11,205,4,-1.0
11,206,4,-1.0
11,207,4,-1.0
11,208,4,-1.0
11,209,4,-1.0
11,210,4,-1.0
11,211,4,-1.0
11,212,4,-1.0
11,213,4,-1.0
11,214,4,-1.0
11,215,4,-1.0
11,216,4,-1.0
11,217,4,-1.0
11,218,4,-1.0
11,219,4,-1.0
11,220,4,-1.0
11,221,4,-1.0
11,222,4,-1.0
11,223,4,-1.0
11,224,4,-1.0
11,225,4,-1.0
11,226,4,-1.0
11,227,4,-1.0
11,228,4,-1.0
11,229,4,-1.0
11,230,4,-1.0
11,231,4,-1.0
11,232,4,-1.0
11,233,4,-1.0
11,234,4,-1.0
11,235,4,-1.0
11,236,4,-1.0
11,237,4,-1.0
11,238,4,-1.0
11,239,4,-1.0
11,240,4,-1.0
11,241,4,-1.0
11,242,4,-1.0
11,243,4,-1.0
11,244,4,-1.0
11,245,4,-1.0
11,246,4,-1.0
11,247,4,-1.0
11,248,4,-1.0
11,249,4,-1.0
11,250,4,-1.0
12,0,1,-1.0
12,1,1,-1.0
12,2,1,-1.0
12,3,1,-1.0
12,4,1,-1.0
12,5,1,-1.0
12,6,1,-1.0
12,7,1,-1.0
12,8,1,-1.0
12,9,1,-1.0
12,10,1,-1.0
12,11,1,-1.0
12,12,1,-1.0
12,13,1,-1.0
12,14,1,-1.0
12,15,1,-1.0
12,16,1,-1.0
12,17,1,-1.0
12,18,1,-1.0
12,19,1,-1.0
12,20,1,-1.0
12,21,1,-1.0
12,22,1,-1.0
12,23,1,-1.0
12,24,1,-1.0
12,25,1,-1.0
12,26,1,-1.0
12,27,1,-1.0
12,28,1,-1.0
12,29,1,-1.0
12,30,1,-1.0
12,31,1,-1.0
12,32,1,-1.0
12,33,1,-1.0
12,34,1,-1.0
12,35,1,-1.0
12,36,1,-1.0
12,37,1,-1.0
12,38,1,-1.0
12,39,1,-1.0
12,40,1,-1.0
12,41,1,-1.0
12,42,1,-1.0
12,43,1,-1.0
12,44,1,-1.0
12,45,1,-1.0
12,46,1,-1.0
12,47,1,-1.0
12,48,1,-1.0
12,49,1,-1.0
12,50,1,-1.0
12,51,1,-1.0
12,52,1,-1.0
12,53,1,-1.0
12,54,1,-1.0
12,55,1,-1.0
12,56,1,-1.0
12,57,1,-1.0
12,58,1,-1.0
12,59,1,-1.0
12,60,1,-1.0
12,61,1,-1.0
12,62,1,-1.0
12,63,1,-1.0
12,64,1,-1.0
12,65,1,-1.0
12,66,1,-1.0
12,67,1,-1.0
12,68,1,-1.0
12,69,1,-1.0
12,70,1,-1.0
12,71,1,-1.0
12,72,1,-1.0
12,73,1,-1.0
12,74,1,-1.0
12,75,1,-1.0
12,76,1,-1.0
12,77,1,-1.0
12,78,1,-1.0
12,79,1,-1.0
12,80,1,-1.0
12,81,1,-1.0
12,82,1,-1.0
12,83,1,-1.0
12,84,1,-1.0
12,85,1,-1.0
12,86,1,-1.0
12,87,1,-1.0
12,88,1,-1.0
12,89,1,-1.0
12,90,1,-1.0
12,91,1,-1.0
12,92,1,-1.0
12,93,1,-1.0
12,94,1,-1.0
12,95,1,-1.0
12,96,1,-1.0
12,97,1,-1.0
12,98,1,-1.0
12,99,1,-1.0
12,100,1,-1.0
12,101,1,-1.0
12,102,1,-1.0
12,103,1,-1.0
12,104,1,-1.0
12,105,1,-1.0
12,106,1,-1.0
12,107,1,-1.0
12,108,1,-1.0
12,109,1,-1.0
12,110,1,-1.0
12,111,1,-1.0
12,112,1,-1.0
12,113,1,-1.0
12,114,1,-1.0
12,115,1,-1.0
12,116,1,-1.0
12,117,1,-1.0
12,118,1,-1.0
12,119,1,-1.0
12,120,1,-1.0
12,121,1,-1.0
12,122,1,-1.0
12,123,1,-1.0
12,124,1,-1.0
12,125,1,-1.0
12,126,1,-1.0
12,127,1,-1.0
12,128,1,-1.0
12,129,1,-1.0
12,130,1,-1.0
12,131,1,-1.0
12,132,1,-1.0
12,133,1,-1.0
12,134,1,-1.0
12,135,1,-1.0
12,136,1,-1.0
12,137,1,-1.0
12,138,1,-1.0
12,139,1,-1.0
12,140,1,-1.0
12,141,1,-1.0
12,142,1,-1.0
12,143,1,-1.0
12,144,1,-1.0
12,145,1,-1.0
12,146,1,-1.0
12,147,1,-1.0
12,148,1,-1.0
12,149,1,-1.0
12,150,1,-1.0
12,151,1,-1.0
12,152,1,-1.0
12,153,1,-1.0
12,154,1,-1.0
12,155,1,-1.0
12,156,1,-1.0
12,157,1,-1.0
12,158,1,-1.0
12,159,1,-1.0
12,160,1,-1.0
12,161,1,-1.0
12,162,1,-1.0
12,163,1,-1.0
12,164,1,-1.0
12,165,1,-1.0
12,166,4,-1.0
12,167,4,-1.0
12,168,4,-1.0
12,169,4,-1.0
12,170,4,-1.0
12,171,4,-1.0
12,172,4,-1.0
12,173,4,-1.0
12,174,4,-1.0
12,175,4,-1.0
12,176,4,-1.0
12,177,4,-1.0
12,178,4,-1.0
12,179,4,-1.0
12,180,4,-1.0
12,181,4,-1.0
12,182,4,-1.0
12,183,4,-1.0
12,184,4,-1.0
12,185,4,-1.0
12,186,4,-1.0
12,187,4,-1.0
12,188,4,-1.0
12,189,4,-1.0
12,190,4,-1.0
12,191,4,-1.0
12,192,4,-1.0
12,193,4,-1.0
12,194,4,-1.0
12,195,4,-1.0
12,196,4,-1.0
12,197,4,-1.0
12,198,4,-1.0
12,199,4,-1.0
12,200,4,-1.0
12,201,4,-1.0
12,202,4,-1.0
12,203,4,-1.0
12,204,4,-1.0
12,205,4,-1.0
12,206,4,-1.0
12,207,4,-1.0
12,208,4,-1.0
12,209,4,-1.0
12,210,4,-1.0
12,211,4,-1.0
12,212,4,-1.0
12,213,4,-1.0
12,214,4,-1.0
12,215,4,-1.0
12,216,4,-1.0
12,217,4,-1.0
12,218,4,-1.0
12,219,4,-1.0
12,220,4,-1.0
12,221,4,-1.0
12,222,4,-1.0
12,223,4,-1.0
12,224,4,-1.0
12,225,4,-1.0
12,226,4,-1.0
12,227,4,-1.0
12,228,4,-1.0
12,229,4,-1.0
12,230,4,-1.0
12,231,4,-1.0
12,232,4,-1.0
12,233,4,-1.0
12,234,4,-1.0
12,235,4,-1.0
12,236,4,-1.0
12,237,4,-1.0
12,238,4,-1.0
12,239,4,-1.0
12,240,4,-1.0
12,241,4,-1.0
12,242,4,-1.0
12,243,4,-1.0
12,244,4,-1.0
12,245,4,-1.0
12,246,4,-1.0
12,247,4,-1.0
12,248,4,-1.0
12,249,4,-1.0
12,250,4,-1.0
13,0,1,-1.0
13,1,1,-1.0
13,2,1,-1.0
13,3,1,-1.0
13,4,1,-1.0
13,5,1,-1.0
13,6,1,-1.0
13,7,1,-1.0
13,8,1,-1.0
13,9,1,-1.0
13,10,1,-1.0
13,11,1,-1.0
13,12,1,-1.0
13,13,1,-1.0
13,14,1,-1.0
13,15,1,-1.0
13,16,1,-1.0
13,17,1,-1.0
13,18,1,-1.0
13,19,1,-1.0
13,20,1,-1.0
13,21,1,-1.0
13,22,1,-1.0
13,23,1,-1.0
13,24,1,-1.0
13,25,1,-1.0
13,26,1,-1.0
13,27,1,-1.0
13,28,1,-1.0
13,29,1,-1.0
13,30,1,-1.0
13,31,1,-1.0
13,32,1,-1.0
13,33,1,-1.0
13,34,1,-1.0
13,35,1,-1.0
13,36,1,-1.0
13,37,1,-1.0
13,38,1,-1.0
13,39,1,-1.0
13,40,1,-1.0
13,41,1,-1.0
13,42,1,-1.0
13,43,1,-1.0
13,44,1,-1.0
13,45,1,-1.0
13,46,1,-1.0
13,47,1,-1.0
13,48,1,-1.0
13,49,1,-1.0
13,50,1,-1.0
13,51,1,-1.0
13,52,1,-1.0
13,53,1,-1.0
13,54,1,-1.0
13,55,1,-1.0
13,56,1,-1.0
13,57,1,-1.0
13,58,1,-1.0
13,59,1,-1.0
13,60,1,-1.0
13,61,1,-1.0
13,62,1,-1.0
13,63,1,-1.0
13,64,1,-1.0
13,65,1,-1.0
13,66,1,-1.0
13,67,1,-1.0
13,68,1,-1.0
13,69,1,-1.0
13,70,1,-1.0
13,71,1,-1.0
13,72,1,-1.0
13,73,1,-1.0
13,74,1,-1.0
13,75,1,-1.0
13,76,1,-1.0
13,77,1,-1.0
13,78,1,-1.0
13,79,1,-1.0
13,80,1,-1.0
13,81,1,-1.0
13,82,1,-1.0
13,83,1,-1.0
13,84,1,-1.0
13,85,1,-1.0
13,86,1,-1.0
13,87,1,-1.0
13,88,1,-1.0
13,89,1,-1.0
13,90,1,-1.0
13,91,1,-1.0
13,92,1,-1.0
13,93,1,-1.0
13,94,1,-1.0
13,95,1,-1.0
13,96,1,-1.0
13,97,1,-1.0
13,98,1,-1.0
13,99,1,-1.0
13,100,1,-1.0
13,101,1,-1.0
13,102,1,-1.0
13,103,1,-1.0
13,104,1,-1.0
13,105,1,-1.0
13,106,1,-1.0
13,107,1,-1.0
13,108,1,-1.0
13,109,1,-1.0
13,110,1,-1.0
13,111,1,-1.0
13,112,1,-1.0
13,113,1,-1.0
13,114,1,-1.0
13,115,1,-1.0
13,116,1,-1.0
13,117,1,-1.0
13,118,1,-1.0
13,119,1,-1.0
13,120,1,-1.0
13,121,1,-1.0
13,122,1,-1.0
13,123,1,-1.0
13,124,1,-1.0
13,125,1,-1.0
13,126,1,-1.0
13,127,1,-1.0
13,128,1,-1.0
13,129,1,-1.0
13,130,1,-1.0
13,131,1,-1.0
13,132,1,-1.0
13,133,1,-1.0
13,134,1,-1.0
13,135,1,-1.0
13,136,1,-1.0
13,137,1,-1.0
13,138,1,-1.0
13,139,1,-1.0
13,140,1,-1.0
13,141,1,-1.0
13,142,1,-1.0
13,143,1,-1.0
13,144,1,-1.0
13,145,1,-1.0
13,146,1,-1.0
13,147,1,-1.0
13,148,1,-1.0
13,149,1,-1.0
13,150,1,-1.0
13,151,1,-1.0
13,152,1,-1.0
13,153,1,-1.0
13,154,1,-1.0
13,155,1,-1.0
13,156,1,-1.0
13,157,1,-1.0
13,158,1,-1.0
13,159,1,-1.0
13,160,1,-1.0
13,161,1,-1.0
13,162,1,-1.0
13,163,1,-1.0
13,164,1,-1.0
13,165,1,-1.0
13,166,4,-1.0
13,167,4,-1.0
13,168,4,-1.0
13,169,4,-1.0
13,170,4,-1.0
13,171,4,-1.0
13,172,4,-1.0
13,173,4,-1.0
13,174,4,-1.0
13,175,4,-1.0
13,176,4,-1.0
13,177,4,-1.0
13,178,4,-1.0
13,179,4,-1.0
13,180,4,-1.0
13,181,4,-1.0
13,182,4,-1.0
13,183,4,-1.0
13,184,4,-1.0
13,185,4,-1.0
13,186,4,-1.0
13,187,4,-1.0
13,188,4,-1.0
13,189,4,-1.0
13,190,4,-1.0
13,191,4,-1.0
13,192,4,-1.0
13,193,4,-1.0
13,194,4,-1.0
13,195,4,-1.0
13,196,4,-1.0
13,197,4,-1.0
13,198,4,-1.0
13,199,4,-1.0
13,200,4,-1.0
13,201,4,-1.0
13,202,4,-1.0
13,203,4,-1.0
13,204,4,-1.0
13,205,4,-1.0
13,206,4,-1.0
13,207,4,-1.0
13,208,4,-1.0
13,209,4,-1.0
13,210,4,-1.0
13,211,4,-1.0
13,212,4,-1.0
13,213,4,-1.0
13,214,4,-1.0
13,215,4,-1.0
13,216,4,-1.0
13,217,4,-1.0
13,218,4,-1.0
13,219,4,-1.0
13,220,4,-1.0
13,221,4,-1.0
13,222,4,-1.0
13,223,4,-1.0
13,224,4,-1.0
13,225,4,-1.0
13,226,4,-1.0
13,227,4,-1.0
13,228,4,-1.0
13,229,4,-1.0
13,230,4,-1.0
13,231,4,-1.0
13,232,4,-1.0
13,233,4,-1.0
13,234,4,-1.0
13,235,4,-1.0
13,236,4,-1.0
13,237,4,-1.0
13,238,4,-1.0
13,239,4,-1.0
13,240,4,-1.0
13,241,4,-1.0
13,242,4,-1.0
13,243,4,-1.0
13,244,4,-1.0
13,245,4,-1.0
13,246,4,-1.0
13,247,4,-1.0
13,248,4,-1.0
13,249,4,-1.0
13,250,4,-1.0
14,0,1,-1.0
14,1,1,-1.0
14,2,1,-1.0
14,3,1,-1.0
14,4,1,-1.0
14,5,1,-1.0
14,6,1,-1.0
14,7,1,-1.0
14,8,1,-1.0
14,9,1,-1.0
14,10,1,-1.0
14,11,1,-1.0
14,12,1,-1.0
14,13,1,-1.0
14,14,1,-1.0
14,15,1,-1.0
14,16,1,-1.0
14,17,1,-1.0
14,18,1,-1.0
14,19,1,-1.0
14,20,1,-1.0
14,21,1,-1.0
14,22,1,-1.0
14,23,1,-1.0
14,24,1,-1.0
14,25,1,-1.0
14,26,1,-1.0
14,27,1,-1.0
14,28,1,-1.0
14,29,1,-1.0
14,30,1,-1.0
14,31,1,-1.0
14,32,1,-1.0
14,33,1,-1.0
14,34,1,-1.0
14,35,1,-1.0
14,36,1,-1.0
14,37,1,-1.0
14,38,1,-1.0
14,39,1,-1.0
14,40,1,-1.0
14,41,1,-1.0
14,42,1,-1.0
14,43,1,-1.0
14,44,1,-1.0
14,45,1,-1.0
14,46,1,-1.0
14,47,1,-1.0
14,48,1,-1.0
14,49,1,-1.0
14,50,1,-1.0
14,51,1,-1.0
14,52,1,-1.0
14,53,1,-1.0
14,54,1,-1.0
14,55,1,-1.0
14,56,1,-1.0
14,57,1,-1.0
14,58,1,-1.0
14,59,1,-1.0
14,60,1,-1.0
14,61,1,-1.0
14,62,1,-1.0
14,63,1,-1.0
14,64,1,-1.0
14,65,1,-1.0
14,66,1,-1.0
14,67,1,-1.0
14,68,1,-1.0
14,69,1,-1.0
14,70,1,-1.0
14,71,1,-1.0
14,72,1,-1.0
14,73,1,-1.0
14,74,1,-1.0
14,75,1,-1.0
14,76,1,-1.0
14,77,1,-1.0
14,78,1,-1.0
14,79,1,-1.0
14,80,1,-1.0
14,81,1,-1.0
14,82,1,-1.0
14,83,1,-1.0
14,84,1,-1.0
14,85,1,-1.0
14,86,1,-1.0
14,87,1,-1.0
14,88,1,-1.0
14,89,1,-1.0
14,90,1,-1.0
14,91,1,-1.0
14,92,1,-1.0
14,93,1,-1.0
14,94,1,-1.0
14,95,1,-1.0
14,96,1,-1.0
14,97,1,-1.0
14,98,1,-1.0
14,99,1,-1.0
14,100,1,-1.0
14,101,1,-1.0
14,102,1,-1.0
14,103,1,-1.0
14,104,1,-1.0
14,105,1,-1.0
14,106,1,-1.0
14,107,1,-1.0
14,108,1,-1.0
14,109,1,-1.0
14,110,1,-1.0
14,111,1,-1.0
14,112,1,-1.0
14,113,1,-1.0
14,114,1,-1.0
14,115,1,-1.0
14,116,1,-1.0
14,117,1,-1.0
14,118,1,-1.0
14,119,1,-1.0
14,120,1,-1.0
14,121,1,-1.0
14,122,1,-1.0
14,123,1,-1.0
14,124,1,-1.0
14,125,1,-1.0
14,126,1,-1.0
14,127,1,-1.0
14,128,1,-1.0
14,129,1,-1.0
14,130,1,-1.0
14,131,1,-1.0
14,132,1,-1.0
14,133,1,-1.0
14,134,1,-1.0
14,135,1,-1.0
14,136,1,-1.0
14,137,1,-1.0
14,138,1,-1.0
14,139,1,-1.0
14,140,1,-1.0
14,141,1,-1.0
14,142,1,-1.0
14,143,1,-1.0
14,144,1,-1.0
14,145,1,-1.0
14,146,1,-1.0
14,147,1,-1.0
14,148,1,-1.0
14,149,1,-1.0
14,150,1,-1.0
14,151,1,-1.0
14,152,1,-1.0
14,153,1,-1.0
14,154,1,-1.0
14,155,1,-1.0
14,156,1,-1.0
14,157,1,-1.0
14,158,1,-1.0
14,159,1,-1.0
14,160,1,-1.0
14,161,1,-1.0
14,162,1,-1.0
14,163,1,-1.0
14,164,1,-1.0
14,165,1,-1.0
14,166,4,-1.0
14,167,4,-1.0
14,168,4,-1.0
14,169,4,-1.0
14,170,4,-1.0
14,171,4,-1.0
14,172,4,-1.0
14,173,4,-1.0
14,174,4,-1.0
14,175,4,-1.0
14,176,4,-1.0
14,177,4,-1.0
14,178,4,-1.0
14,179,4,-1.0
14,180,4,-1.0
14,181,4,-1.0
14,182,4,-1.0
14,183,4,-1.0
14,184,4,-1.0
14,185,4,-1.0
14,186,4,-1.0
14,187,4,-1.0
14,188,4,-1.0
14,189,4,-1.0
14,190,4,-1.0
14,191,4,-1.0
14,192,4,-1.0
14,193,4,-1.0
14,194,4,-1.0
14,195,4,-1.0
14,196,4,-1.0
14,197,4,-1.0
14,198,4,-1.0
14,199,4,-1.0
14,200,4,-1.0
14,201,4,-1.0
14,202,4,-1.0
14,203,4,-1.0
14,204,4,-1.0
14,205,4,-1.0
14,206,4,-1.0
14,207,4,-1.0
14,208,4,-1.0
14,209,4,-1.0
14,210,4,-1.0
14,211,4,-1.0
14,212,4,-1.0
14,213,4,-1.0
14,214,4,-1.0
14,215,4,-1.0
14,216,4,-1.0
14,217,4,-1.0
14,218,4,-1.0
14,219,4,-1.0
14,220,4,-1.0
14,221,4,-1.0
14,222,4,-1.0
14,223,4,-1.0
14,224,4,-1.0
14,225,4,-1.0
14,226,4,-1.0
14,227,4,-1.0
14,228,4,-1.0
14,229,4,-1.0
14,230,4,-1.0
14,231,4,-1.0
14,232,4,-1.0
14,233,4,-1.0
14,234,4,-1.0
14,235,4,-1.0
14,236,4,-1.0
14,237,4,-1.0
14,238,4,-1.0
14,239,4,-1.0
14,240,4,-1.0
14,241,4,-1.0
14,242,4,-1.0
14,243,4,-1.0
14,244,4,-1.0
14,245,4,-1.0
14,246,4,-1.0
14,247,4,-1.0
14,248,4,-1.0
14,249,4,-1.0
14,250,4,-1.0
15,0,1,-1.0
15,1,1,-1.0
15,2,1,-1.0
15,3,1,-1.0
15,4,1,-1.0
15,5,1,-1.0
15,6,1,-1.0
15,7,1,-1.0
15,8,1,-1.0
15,9,1,-1.0
15,10,1,-1.0
15,11,1,-1.0
15,12,1,-1.0
15,13,1,-1.0
15,14,1,-1.0
15,15,1,-1.0
15,16,1,-1.0
15,17,1,-1.0
15,18,1,-1.0
15,19,1,-1.0
15,20,1,-1.0
15,21,1,-1.0
15,22,1,-1.0
15,23,1,-1.0
15,24,1,-1.0
15,25,1,-1.0
15,26,1,-1.0
15,27,1,-1.0
15,28,1,-1.0
15,29,1,-1.0
15,30,1,-1.0
15,31,1,-1.0
15,32,1,-1.0
15,33,1,-1.0
15,34,1,-1.0
15,35,1,-1.0
15,36,1,-1.0
15,37,1,-1.0
15,38,1,-1.0
15,39,1,-1.0
15,40,1,-1.0
15,41,1,-1.0
15,42,1,-1.0
15,43,1,-1.0
15,44,1,-1.0
15,45,1,-1.0
15,46,1,-1.0
15,47,1,-1.0
15,48,1,-1.0
15,49,1,-1.0
15,50,1,-1.0
15,51,1,-1.0
15,52,1,-1.0
15,53,1,-1.0
15,54,1,-1.0
15,55,1,-1.0
15,56,1,-1.0
15,57,1,-1.0
15,58,1,-1.0
15,59,1,-1.0
15,60,1,-1.0
15,61,1,-1.0
15,62,1,-1.0
15,63,1,-1.0
15,64,1,-1.0
15,65,1,-1.0
15,66,1,-1.0
15,67,1,-1.0
15,68,1,-1.0
15,69,1,-1.0
15,70,1,-1.0
15,71,1,-1.0
15,72,1,-1.0
15,73,1,-1.0
15,74,1,-1.0
15,75,1,-1.0
15,76,1,-1.0
15,77,1,-1.0
15,78,1,-1.0
15,79,1,-1.0
15,80,1,-1.0
15,81,1,-1.0
15,82,1,-1.0
15,83,1,-1.0
15,84,1,-1.0
15,85,1,-1.0
15,86,1,-1.0
15,87,1,-1.0
15,88,1,-1.0
15,89,1,-1.0
15,90,1,-1.0
15,91,1,-1.0
15,92,1,-1.0
15,93,1,-1.0
15,94,1,-1.0
15,95,1,-1.0
15,96,1,-1.0
15,97,1,-1.0
15,98,1,-1.0
15,99,1,-1.0
15,100,1,-1.0
15,101,1,-1.0
15,102,1,-1.0
15,103,1,-1.0
15,104,1,-1.0
15,105,1,-1.0
15,106,1,-1.0
15,107,1,-1.0
15,108,1,-1.0
15,109,1,-1.0
15,110,1,-1.0
15,111,1,-1.0
15,112,1,-1.0
15,113,1,-1.0
15,114,1,-1.0
15,115,1,-1.0
15,116,1,-1.0
15,117,1,-1.0
15,118,1,-1.0
15,119,1,-1.0
15,120,1,-1.0
15,121,1,-1.0
15,122,1,-1.0
15,123,1,-1.0
15,124,1,-1.0
15,125,1,-1.0
15,126,1,-1.0
15,127,1,-1.0
15,128,1,-1.0
15,129,1,-1.0
15,130,1,-1.0
15,131,1,-1.0
15,132,1,-1.0
15,133,1,-1.0
15,134,1,-1.0
15,135,1,-1.0
15,136,1,-1.0
15,137,1,-1.0
15,138,1,-1.0
15,139,1,-1.0
15,140,1,-1.0
15,141,1,-1.0
15,142,1,-1.0
15,143,1,-1.0
15,144,1,-1.0
15,145,1,-1.0
15,146,1,-1.0
15,147,1,-1.0
15,148,1,-1.0
15,149,1,-1.0
15,150,1,-1.0
15,151,1,-1.0
15,152,1,-1.0
15,153,1,-1.0
15,154,1,-1.0
15,155,1,-1.0
15,156,1,-1.0
15,157,1,-1.0
15,158,1,-1.0
15,159,1,-1.0
15,160,1,-1.0
15,161,1,-1.0
15,162,1,-1.0
15,163,1,-1.0
15,164,1,-1.0
15,165,1,-1.0
15,166,4,-1.0
15,167,4,-1.0
15,168,4,-1.0
15,169,4,-1.0
15,170,4,-1.0
15,171,4,-1.0
15,172,4,-1.0
15,173,4,-1.0
15,174,4,-1.0
15,175,4,-1.0
15,176,4,-1.0
15,177,4,-1.0
15,178,4,-1.0
15,179,4,-1.0
15,180,4,-1.0
15,181,4,-1.0
15,182,4,-1.0
15,183,4,-1.0
15,184,4,-1.0
15,185,4,-1.0
15,186,4,-1.0
15,187,4,-1.0
15,188,4,-1.0
15,189,4,-1.0
15,190,4,-1.0
15,191,4,-1.0
15,192,4,-1.0
15,193,4,-1.0
15,194,4,-1.0
15,195,4,-1.0
15,196,4,-1.0
15,197,4,-1.0
15,198,4,-1.0
15,199,4,-1.0
15,200,4,-1.0
15,201,4,-1.0
15,202,4,-1.0
15,203,4,-1.0
15,204,4,-1.0
15,205,4,-1.0
15,206,4,-1.0
15,207,4,-1.0
15,208,4,-1.0
15,209,4,-1.0
15,210,4,-1.0
15,211,4,-1.0
15,212,4,-1.0
15,213,4,-1.0
15,214,4,-1.0
15,215,4,-1.0
15,216,4,-1.0
15,217,4,-1.0
15,218,4,-1.0
15,219,4,-1.0
15,220,4,-1.0
15,221,4,-1.0
15,222,4,-1.0
15,223,4,-1.0
15,224,4,-1.0
15,225,4,-1.0
15,226,4,-1.0
15,227,4,-1.0
15,228,4,-1.0
15,229,4,-1.0
15,230,4,-1.0
15,231,4,-1.0
15,232,4,-1.0
15,233,4,-1.0
15,234,4,-1.0
15,235,4,-1.0
15,236,4,-1.0
15,237,4,-1.0
15,238,4,-1.0
15,239,4,-1.0
15,240,4,-1.0
15,241,4,-1.0
15,242,4,-1.0
15,243,4,-1.0
15,244,4,-1.0
15,245,4,-1.0
15,246,4,-1.0
15,247,4,-1.0
15,248,4,-1.0
15,249,4,-1.0
15,250,4,-1.0
16,0,1,-1.0
16,1,1,-1.0
16,2,1,-1.0
16,3,1,-1.0
16,4,1,-1.0
16,5,1,-1.0
16,6,1,-1.0
16,7,1,-1.0
16,8,1,-1.0
16,9,1,-1.0
16,10,1,-1.0
16,11,1,-1.0
16,12,1,-1.0
16,13,1,-1.0
16,14,1,-1.0
16,15,1,-1.0
16,16,1,-1.0
16,17,1,-1.0
16,18,1,-1.0
16,19,1,-1.0
16,20,1,-1.0
16,21,1,-1.0
16,22,1,-1.0
16,23,1,-1.0
16,24,1,-1.0
16,25,1,-1.0
16,26,1,-1.0
16,27,1,-1.0
16,28,1,-1.0
16,29,1,-1.0
16,30,1,-1.0
16,31,1,-1.0
16,32,1,-1.0
16,33,1,-1.0
16,34,1,-1.0
16,35,1,-1.0
16,36,1,-1.0
16,37,1,-1.0
16,38,1,-1.0
16,39,1,-1.0
16,40,1,-1.0
16,41,1,-1.0
16,42,1,-1.0
16,43,1,-1.0
16,44,1,-1.0
16,45,1,-1.0
16,46,1,-1.0
16,47,1,-1.0
16,48,1,-1.0
16,49,1,-1.0
16,50,1,-1.0
16,51,1,-1.0
16,52,1,-1.0
16,53,1,-1.0
16,54,1,-1.0
16,55,1,-1.0
16,56,1,-1.0
16,57,1,-1.0
16,58,1,-1.0
16,59,1,-1.0
16,60,1,-1.0
16,61,1,-1.0
16,62,1,-1.0
16,63,1,-1.0
16,64,1,-1.0
16,65,1,-1.0
16,66,1,-1.0
16,67,1,-1.0
16,68,1,-1.0
16,69,1,-1.0
16,70,1,-1.0
16,71,1,-1.0
16,72,1,-1.0
16,73,1,-1.0
16,74,1,-1.0
16,75,1,-1.0
16,76,1,-1.0
16,77,1,-1.0
16,78,1,-1.0
16,79,1,-1.0
16,80,1,-1.0
16,81,1,-1.0
16,82,1,-1.0
16,83,1,-1.0
16,84,1,-1.0
16,85,1,-1.0
16,86,1,-1.0
16,87,1,-1.0
16,88,1,-1.0
16,89,1,-1.0
16,90,1,-1.0
16,91,1,-1.0
16,92,1,-1.0
16,93,1,-1.0
16,94,1,-1.0
16,95,1,-1.0
16,96,1,-1.0
16,97,1,-1.0
16,98,1,-1.0
16,99,1,-1.0
16,100,1,-1.0
16,101,1,-1.0
16,102,1,-1.0
16,103,1,-1.0
16,104,1,-1.0
16,105,1,-1.0
16,106,1,-1.0
16,107,1,-1.0
16,108,1,-1.0
16,109,1,-1.0
16,110,1,-1.0
16,111,1,-1.0
16,112,1,-1.0
16,113,1,-1.0
16,114,1,-1.0
16,115,1,-1.0
16,116,1,-1.0
16,117,1,-1.0
16,118,1,-1.0
16,119,1,-1.0
16,120,1,-1.0
16,121,1,-1.0
16,122,1,-1.0
16,123,1,-1.0
16,124,1,-1.0
16,125,1,-1.0
16,126,1,-1.0
16,127,1,-1.0
16,128,1,-1.0
16,129,1,-1.0
16,130,1,-1.0
16,131,1,-1.0
16,132,1,-1.0
16,133,1,-1.0
16,134,1,-1.0
16,135,1,-1.0
16,136,1,-1.0
16,137,1,-1.0
16,138,1,-1.0
16,139,1,-1.0
16,140,1,-1.0
16,141,1,-1.0
16,142,1,-1.0
16,143,1,-1.0
16,144,1,-1.0
16,145,1,-1.0
16,146,1,-1.0
16,147,1,-1.0
16,148,1,-1.0
16,149,1,-1.0
16,150,1,-1.0
16,151,1,-1.0
16,152,1,-1.0
16,153,1,-1.0
16,154,1,-1.0
16,155,1,-1.0
16,156,1,-1.0
16,157,1,-1.0
16,158,1,-1.0
16,159,1,-1.0
16,160,1,-1.0
16,161,1,-1.0
16,162,1,-1.0
16,163,1,-1.0
16,164,1,-1.0
16,165,1,-1.0
16,166,4,-1.0
16,167,4,-1.0
16,168,4,-1.0
16,169,4,-1.0
16,170,4,-1.0
16,171,4,-1.0
16,172,4,-1.0
16,173,4,-1.0
16,174,4,-1.0
16,175,4,-1.0
16,176,4,-1.0
16,177,4,-1.0
16,178,4,-1.0
16,179,4,-1.0
16,180,4,-1.0
16,181,4,-1.0
16,182,4,-1.0
16,183,4,-1.0
16,184,4,-1.0
16,185,4,-1.0
16,186,4,-1.0
16,187,4,-1.0
16,188,4,-1.0
16,189,4,-1.0
16,190,4,-1.0
16,191,4,-1.0
16,192,4,-1.0
16,193,4,-1.0
16,194,4,-1.0
16,195,4,-1.0
16,196,4,-1.0
16,197,4,-1.0
16,198,4,-1.0
16,199,4,-1.0
16,200,4,-1.0
16,201,4,-1.0
16,202,4,-1.0
16,203,4,-1.0
16,204,4,-1.0
16,205,4,-1.0
16,206,4,-1.0
16,207,4,-1.0
16,208,4,-1.0
16,209,4,-1.0
16,210,4,-1.0
16,211,4,-1.0
16,212,4,-1.0
16,213,4,-1.0
16,214,4,-1.0
16,215,4,-1.0
16,216,4,-1.0
16,217,4,-1.0
16,218,4,-1.0
16,219,4,-1.0
16,220,4,-1.0
16,221,4,-1.0
16,222,4,-1.0
16,223,4,-1.0
16,224,4,-1.0
16,225,4,-1.0
16,226,4,-1.0
16,227,4,-1.0
16,228,4,-1.0
16,229,4,-1.0
16,230,4,-1.0
16,231,4,-1.0
16,232,4,-1.0
16,233,4,-1.0
16,234,4,-1.0
16,235,4,-1.0
16,236,4,-1.0
16,237,4,-1.0
16,238,4,-1.0
16,239,4,-1.0
16,240,4,-1.0
16,241,4,-1.0
16,242,4,-1.0
16,243,4,-1.0
16,244,4,-1.0
16,245,4,-1.0
16,246,4,-1.0
16,247,4,-1.0
16,248,4,-1.0
16,249,4,-1.0
16,250,4,-1.0
17,0,1,-1.0
17,1,1,-1.0
17,2,1,-1.0
17,3,1,-1.0
17,4,1,-1.0
17,5,1,-1.0
17,6,1,-1.0
17,7,1,-1.0
17,8,1,-1.0
17,9,1,-1.0
17,10,1,-1.0
17,11,1,-1.0
17,12,1,-1.0
17,13,1,-1.0
17,14,1,-1.0
17,15,1,-1.0
17,16,1,-1.0
17,17,1,-1.0
17,18,1,-1.0
17,19,1,-1.0
17,20,1,-1.0
17,21,1,-1.0
17,22,1,-1.0
17,23,1,-1.0
17,24,1,-1.0
17,25,1,-1.0
17,26,1,-1.0
17,27,1,-1.0
17,28,1,-1.0
17,29,1,-1.0
17,30,1,-1.0
17,31,1,-1.0
17,32,1,-1.0
17,33,1,-1.0
17,34,1,-1.0
17,35,1,-1.0
17,36,1,-1.0
17,37,1,-1.0
17,38,1,-1.0
17,39,1,-1.0
17,40,1,-1.0
17,41,1,-1.0
17,42,1,-1.0
17,43,1,-1.0
17,44,1,-1.0
17,45,1,-1.0
17,46,1,-1.0
17,47,1,-1.0
17,48,1,-1.0
17,49,1,-1.0
17,50,1,-1.0
17,51,1,-1.0
17,52,1,-1.0
17,53,1,-1.0
17,54,1,-1.0
17,55,1,-1.0
17,56,1,-1.0
17,57,1,-1.0
17,58,1,-1.0
17,59,1,-1.0
17,60,1,-1.0
17,61,1,-1.0
17,62,1,-1.0
17,63,1,-1.0
17,64,1,-1.0
17,65,1,-1.0
17,66,1,-1.0
17,67,1,-1.0
17,68,1,-1.0
17,69,1,-1.0
17,70,1,-1.0
17,71,1,-1.0
17,72,1,-1.0
17,73,1,-1.0
17,74,1,-1.0
17,75,1,-1.0
17,76,1,-1.0
17,77,1,-1.0
17,78,1,-1.0
17,79,1,-1.0
17,80,1,-1.0
17,81,1,-1.0
17,82,1,-1.0
17,83,1,-1.0
17,84,1,-1.0
17,85,1,-1.0
17,86,1,-1.0
17,87,1,-1.0
17,88,1,-1.0
17,89,1,-1.0
17,90,1,-1.0
17,91,1,-1.0
17,92,1,-1.0
17,93,1,-1.0
17,94,1,-1.0
17,95,1,-1.0
17,96,1,-1.0
17,97,1,-1.0
17,98,1,-1.0
17,99,1,-1.0
17,100,1,-1.0
17,101,1,-1.0
17,102,1,-1.0
17,103,1,-1.0
17,104,1,-1.0
17,105,1,-1.0
17,106,1,-1.0
17,107,1,-1.0
17,108,1,-1.0
17,109,1,-1.0
17,110,1,-1.0
17,111,1,-1.0
17,112,1,-1.0
17,113,1,-1.0
17,114,1,-1.0
17,115,1,-1.0
17,116,1,-1.0
17,117,1,-1.0
17,118,1,-1.0
17,119,1,-1.0
17,120,1,-1.0
17,121,1,-1.0
17,122,1,-1.0
17,123,1,-1.0
17,124,1,-1.0
17,125,1,-1.0
17,126,1,-1.0
17,127,1,-1.0
17,128,1,-1.0
17,129,1,-1.0
17,130,1,-1.0
17,131,1,-1.0
17,132,1,-1.0
17,133,1,-1.0
17,134,1,-1.0
17,135,1,-1.0
17,136,1,-1.0
17,137,1,-1.0
17,138,1,-1.0
17,139,1,-1.0
17,140,1,-1.0
17,141,1,-1.0
17,142,1,-1.0
17,143,1,-1.0
17,144,1,-1.0
17,145,1,-1.0
17,146,1,-1.0
17,147,1,-1.0
17,148,1,-1.0
17,149,1,-1.0
17,150,1,-1.0
17,151,1,-1.0
17,152,1,-1.0
17,153,1,-1.0
17,154,1,-1.0
17,155,1,-1.0
17,156,1,-1.0
17,157,1,-1.0
17,158,1,-1.0
17,159,1,-1.0
17,160,1,-1.0
17,161,1,-1.0
17,162,1,-1.0
17,163,1,-1.0
17,164,1,-1.0
17,165,1,-1.0
17,166,4,-1.0
17,167,4,-1.0
17,168,4,-1.0
17,169,4,-1.0
17,170,4,-1.0
17,171,4,-1.0
17,172,4,-1.0
17,173,4,-1.0
17,174,4,-1.0
17,175,4,-1.0
17,176,4,-1.0
17,177,4,-1.0
17,178,4,-1.0
17,179,4,-1.0
17,180,4,-1.0
17,181,4,-1.0
17,182,4,-1.0
17,183,4,-1.0
17,184,4,-1.0
17,185,4,-1.0
17,186,4,-1.0
17,187,4,-1.0
17,188,4,-1.0
17,189,4,-1.0
17,190,4,-1.0
17,191,4,-1.0
17,192,4,-1.0
17,193,4,-1.0
17,194,4,-1.0
17,195,4,-1.0
17,196,4,-1.0
17,197,4,-1.0
17,198,4,-1.0
17,199,4,-1.0
17,200,4,-1.0
17,201,4,-1.0
17,202,4,-1.0
17,203,4,-1.0
17,204,4,-1.0
17,205,4,-1.0
17,206,4,-1.0
17,207,4,-1.0
17,208,4,-1.0
17,209,4,-1.0
17,210,4,-1.0
17,211,4,-1.0
17,212,4,-1.0
17,213,4,-1.0
17,214,4,-1.0
17,215,4,-1.0
17,216,4,-1.0
17,217,4,-1.0
17,218,4,-1.0
17,219,4,-1.0
17,220,4,-1.0
17,221,4,-1.0
17,222,4,-1.0
17,223,4,-1.0
17,224,4,-1.0
17,225,4,-1.0
17,226,4,-1.0
17,227,4,-1.0
17,228,4,-1.0
17,229,4,-1.0
17,230,4,-1.0
17,231,4,-1.0
17,232,4,-1.0
17,233,4,-1.0
17,234,4,-1.0
17,235,4,-1.0
17,236,4,-1.0
17,237,4,-1.0
17,238,4,-1.0
17,239,4,-1.0
17,240,4,-1.0
17,241,4,-1.0
17,242,4,-1.0
17,243,4,-1.0
17,244,4,-1.0
17,245,4,-1.0
17,246,4,-1.0
17,247,4,-1.0
17,248,4,-1.0
17,249,4,-1.0
17,250,4,-1.0
18,0,1,-1.0
18,1,1,-1.0
18,2,1,-1.0
18,3,1,-1.0
18,4,1,-1.0
18,5,1,-1.0
18,6,1,-1.0
18,7,1,-1.0
18,8,1,-1.0
18,9,1,-1.0
18,10,1,-1.0
18,11,1,-1.0
18,12,1,-1.0
18,13,1,-1.0
18,14,1,-1.0
18,15,1,-1.0
18,16,1,-1.0
18,17,1,-1.0
18,18,1,-1.0
18,19,1,-1.0
18,20,1,-1.0
18,21,1,-1.0
18,22,1,-1.0
18,23,1,-1.0
18,24,1,-1.0
18,25,1,-1.0
18,26,1,-1.0
18,27,1,-1.0
18,28,1,-1.0
18,29,1,-1.0
18,30,1,-1.0
18,31,1,-1.0
18,32,1,-1.0
18,33,1,-1.0
18,34,1,-1.0
18,35,1,-1.0
18,36,1,-1.0
18,37,1,-1.0
18,38,1,-1.0
18,39,1,-1.0
18,40,1,-1.0
18,41,1,-1.0
18,42,1,-1.0
18,43,1,-1.0
18,44,1,-1.0
18,45,1,-1.0
18,46,1,-1.0
18,47,1,-1.0
18,48,1,-1.0
18,49,1,-1.0
18,50,1,-1.0
18,51,1,-1.0
18,52,1,-1.0
18,53,1,-1.0
18,54,1,-1.0
18,55,1,-1.0
18,56,1,-1.0
18,57,1,-1.0
18,58,1,-1.0
18,59,1,-1.0
18,60,1,-1.0
18,61,1,-1.0
18,62,1,-1.0
18,63,1,-1.0
18,64,1,-1.0
18,65,1,-1.0
18,66,1,-1.0
18,67,1,-1.0
18,68,1,-1.0
18,69,1,-1.0
18,70,1,-1.0
18,71,1,-1.0
18,72,1,-1.0
18,73,1,-1.0
18,74,1,-1.0
18,75,1,-1.0
18,76,1,-1.0
18,77,1,-1.0
18,78,1,-1.0
18,79,1,-1.0
18,80,1,-1.0
18,81,1,-1.0
18,82,1,-1.0
18,83,1,-1.0
18,84,1,-1.0
18,85,1,-1.0
18,86,1,-1.0
18,87,1,-1.0
18,88,1,-1.0
18,89,1,-1.0
18,90,1,-1.0
18,91,1,-1.0
18,92,1,-1.0
18,93,1,-1.0
18,94,1,-1.0
18,95,1,-1.0
18,96,1,-1.0
18,97,1,-1.0
18,98,1,-1.0
18,99,1,-1.0
18,100,1,-1.0
18,101,1,-1.0
18,102,1,-1.0
18,103,1,-1.0
18,104,1,-1.0
18,105,1,-1.0
18,106,1,-1.0
18,107,1,-1.0
18,108,1,-1.0
18,109,1,-1.0
18,110,1,-1.0
18,111,1,-1.0
18,112,1,-1.0
18,113,1,-1.0
18,114,1,-1.0
18,115,1,-1.0
18,116,1,-1.0
18,117,1,-1.0
18,118,1,-1.0
18,119,1,-1.0
18,120,1,-1.0
18,121,1,-1.0
18,122,1,-1.0
18,123,1,-1.0
18,124,1,-1.0
18,125,1,-1.0
18,126,1,-1.0
18,127,1,-1.0
18,128,1,-1.0
18,129,1,-1.0
18,130,1,-1.0
18,131,1,-1.0
18,132,1,-1.0
18,133,1,-1.0
18,134,1,-1.0
18,135,1,-1.0
18,136,1,-1.0
18,137,1,-1.0
18,138,1,-1.0
18,139,1,-1.0
18,140,1,-1.0
18,141,1,-1.0
18,142,1,-1.0
18,143,1,-1.0
18,144,1,-1.0
18,145,1,-1.0
18,146,1,-1.0
18,147,1,-1.0
18,148,1,-1.0
18,149,1,-1.0
18,150,1,-1.0
18,151,1,-1.0
18,152,1,-1.0
18,153,1,-1.0
18,154,1,-1.0
18,155,1,-1.0
18,156,1,-1.0
18,157,1,-1.0
18,158,1,-1.0
18,159,1,-1.0
18,160,1,-1.0
18,161,1,-1.0
18,162,1,-1.0
18,163,1,-1.0
18,164,1,-1.0
18,165,1,-1.0
18,166,4,-1.0
18,167,4,-1.0
18,168,4,-1.0
18,169,4,-1.0
18,170,4,-1.0
18,171,4,-1.0
18,172,4,-1.0
18,173,4,-1.0
18,174,4,-1.0
18,175,4,-1.0
18,176,4,-1.0
18,177,4,-1.0
18,178,4,-1.0
18,179,4,-1.0
18,180,4,-1.0
18,181,4,-1.0
18,182,4,-1.0
18,183,4,-1.0
18,184,4,-1.0
18,185,4,-1.0
18,186,4,-1.0
18,187,4,-1.0
18,188,4,-1.0
18,189,4,-1.0
18,190,4,-1.0
18,191,4,-1.0
18,192,4,-1.0
18,193,4,-1.0
18,194,4,-1.0
18,195,4,-1.0
18,196,4,-1.0
18,197,4,-1.0
18,198,4,-1.0
18,199,4,-1.0
18,200,4,-1.0
18,201,4,-1.0
18,202,4,-1.0
18,203,4,-1.0
18,204,4,-1.0
18,205,4,-1.0
18,206,4,-1.0
18,207,4,-1.0
18,208,4,-1.0
18,209,4,-1.0
18,210,4,-1.0
18,211,4,-1.0
18,212,4,-1.0
18,213,4,-1.0
18,214,4,-1.0
18,215,4,-1.0
18,216,4,-1.0
18,217,4,-1.0
18,218,4,-1.0
18,219,4,-1.0
18,220,4,-1.0
18,221,4,-1.0
18,222,4,-1.0
18,223,4,-1.0
18,224,4,-1.0
18,225,4,-1.0
18,226,4,-1.0
18,227,4,-1.0
18,228,4,-1.0
18,229,4,-1.0
18,230,4,-1.0
18,231,4,-1.0
18,232,4,-1.0
18,233,4,-1.0
18,234,4,-1.0
18,235,4,-1.0
18,236,4,-1.0
18,237,4,-1.0
18,238,4,-1.0
18,239,4,-1.0
18,240,4,-1.0
18,241,4,-1.0
18,242,4,-1.0
18,243,4,-1.0
18,244,4,-1.0
18,245,4,-1.0
18,246,4,-1.0
18,247,4,-1.0
18,248,4,-1.0
18,249,4,-1.0
18,250,4,-1.0
19,0,1,-1.0
19,1,1,-1.0
19,2,1,-1.0
19,3,1,-1.0
19,4,1,-1.0
19,5,1,-1.0
19,6,1,-1.0
19,7,1,-1.0
19,8,1,-1.0
19,9,1,-1.0
19,10,1,-1.0
19,11,1,-1.0
19,12,1,-1.0
19,13,1,-1.0
19,14,1,-1.0
19,15,1,-1.0
19,16,1,-1.0
19,17,1,-1.0
19,18,1,-1.0
19,19,1,-1.0
19,20,1,-1.0
19,21,1,-1.0
19,22,1,-1.0
19,23,1,-1.0
19,24,1,-1.0
19,25,1,-1.0
19,26,1,-1.0
19,27,1,-1.0
19,28,1,-1.0
19,29,1,-1.0
19,30,1,-1.0
19,31,1,-1.0
19,32,1,-1.0
19,33,1,-1.0
19,34,1,-1.0
19,35,1,-1.0
19,36,1,-1.0
19,37,1,-1.0
19,38,1,-1.0
19,39,1,-1.0
19,40,1,-1.0
19,41,1,-1.0
19,42,1,-1.0
19,43,1,-1.0
19,44,1,-1.0
19,45,1,-1.0
19,46,1,-1.0
19,47,1,-1.0
19,48,1,-1.0
19,49,1,-1.0
19,50,1,-1.0
19,51,1,-1.0
19,52,1,-1.0
19,53,1,-1.0
19,54,1,-1.0
19,55,1,-1.0
19,56,1,-1.0
19,57,1,-1.0
19,58,1,-1.0
19,59,1,-1.0
19,60,1,-1.0
19,61,1,-1.0
19,62,1,-1.0
19,63,1,-1.0
19,64,1,-1.0
19,65,1,-1.0
19,66,1,-1.0
19,67,1,-1.0
19,68,1,-1.0
19,69,1,-1.0
19,70,1,-1.0
19,71,1,-1.0
19,72,1,-1.0
19,73,1,-1.0
19,74,1,-1.0
19,75,1,-1.0
19,76,1,-1.0
19,77,1,-1.0
19,78,1,-1.0
19,79,1,-1.0
19,80,1,-1.0
19,81,1,-1.0
19,82,1,-1.0
19,83,1,-1.0
19,84,1,-1.0
19,85,1,-1.0
19,86,1,-1.0
19,87,1,-1.0
19,88,1,-1.0
19,89,1,-1.0
19,90,1,-1.0
19,91,1,-1.0
19,92,1,-1.0
19,93,1,-1.0
19,94,1,-1.0
19,95,1,-1.0
19,96,1,-1.0
19,97,1,-1.0
19,98,1,-1.0
19,99,1,-1.0
19,100,1,-1.0
19,101,1,-1.0
19,102,1,-1.0
19,103,1,-1.0
19,104,1,-1.0
19,105,1,-1.0
19,106,1,-1.0
19,107,1,-1.0
19,108,1,-1.0
19,109,1,-1.0
19,110,1,-1.0
19,111,1,-1.0
19,112,1,-1.0
19,113,1,-1.0
19,114,1,-1.0
19,115,1,-1.0
19,116,1,-1.0
19,117,1,-1.0
19,118,1,-1.0
19,119,1,-1.0
19,120,1,-1.0
19,121,1,-1.0
19,122,1,-1.0
19,123,1,-1.0
19,124,1,-1.0
19,125,1,-1.0
19,126,1,-1.0
19,127,1,-1.0
19,128,1,-1.0
19,129,1,-1.0
19,130,1,-1.0
19,131,1,-1.0
19,132,1,-1.0
19,133,1,-1.0
19,134,1,-1.0
19,135,1,-1.0
19,136,1,-1.0
19,137,1,-1.0
19,138,1,-1.0
19,139,1,-1.0
19,140,1,-1.0
19,141,1,-1.0
19,142,1,-1.0
19,143,1,-1.0
19,144,1,-1.0
19,145,1,-1.0
19,146,1,-1.0
19,147,1,-1.0
19,148,1,-1.0
19,149,1,-1.0
19,150,1,-1.0
19,151,1,-1.0
19,152,1,-1.0
19,153,1,-1.0
19,154,1,-1.0
19,155,1,-1.0
19,156,1,-1.0
19,157,1,-1.0
19,158,1,-1.0
19,159,1,-1.0
19,160,1,-1.0
19,161,1,-1.0
19,162,1,-1.0
19,163,1,-1.0
19,164,1,-1.0
19,165,1,-1.0
19,166,4,-1.0
19,167,4,-1.0
19,168,4,-1.0
19,169,4,-1.0
19,170,4,-1.0
19,171,4,-1.0
19,172,4,-1.0
19,173,4,-1.0
19,174,4,-1.0
19,175,4,-1.0
19,176,4,-1.0
19,177,4,-1.0
19,178,4,-1.0
19,179,4,-1.0
19,180,4,-1.0
19,181,4,-1.0
19,182,4,-1.0
19,183,4,-1.0
19,184,4,-1.0
19,185,4,-1.0
19,186,4,-1.0
19,187,4,-1.0
19,188,4,-1.0
19,189,4,-1.0
19,190,4,-1.0
19,191,4,-1.0
19,192,4,-1.0
19,193,4,-1.0
19,194,4,-1.0
19,195,4,-1.0
19,196,4,-1.0
19,197,4,-1.0
19,198,4,-1.0
19,199,4,-1.0
19,200,4,-1.0
19,201,4,-1.0
19,202,4,-1.0
19,203,4,-1.0
19,204,4,-1.0
19,205,4,-1.0
19,206,4,-1.0
19,207,4,-1.0
19,208,4,-1.0
19,209,4,-1.0
19,210,4,-1.0
19,211,4,-1.0
19,212,4,-1.0
19,213,4,-1.0
19,214,4,-1.0
19,215,4,-1.0
19,216,4,-1.0
19,217,4,-1.0
19,218,4,-1.0
19,219,4,-1.0
19,220,4,-1.0
19,221,4,-1.0
19,222,4,-1.0
19,223,4,-1.0
19,224,4,-1.0
19,225,4,-1.0
19,226,4,-1.0
19,227,4,-1.0
19,228,4,-1.0
19,229,4,-1.0
19,230,4,-1.0
19,231,4,-1.0
19,232,4,-1.0
19,233,4,-1.0
19,234,4,-1.0
19,235,4,-1.0
19,236,4,-1.0
19,237,4,-1.0
19,238,4,-1.0
19,239,4,-1.0
19,240,4,-1.0
19,241,4,-1.0
19,242,4,-1.0
19,243,4,-1.0
19,244,4,-1.0
19,245,4,-1.0
19,246,4,-1.0
19,247,4,-1.0
19,248,4,-1.0
19,249,4,-1.0
19,250,4,-1.0
20,0,1,-1.0
20,1,1,-1.0
20,2,1,-1.0
20,3,1,-1.0
20,4,1,-1.0
20,5,1,-1.0
20,6,1,-1.0
20,7,1,-1.0
20,8,1,-1.0
20,9,1,-1.0
20,10,1,-1.0
20,11,1,-1.0
20,12,1,-1.0
20,13,1,-1.0
20,14,1,-1.0
20,15,1,-1.0
20,16,1,-1.0
20,17,1,-1.0
20,18,1,-1.0
20,19,1,-1.0
20,20,1,-1.0
20,21,1,-1.0
20,22,1,-1.0
20,23,1,-1.0
20,24,1,-1.0
20,25,1,-1.0
20,26,1,-1.0
20,27,1,-1.0
20,28,1,-1.0
20,29,1,-1.0
20,30,1,-1.0
20,31,1,-1.0
20,32,1,-1.0
20,33,1,-1.0
20,34,1,-1.0
20,35,1,-1.0
20,36,1,-1.0
20,37,1,-1.0
20,38,1,-1.0
20,39,1,-1.0
20,40,1,-1.0
20,41,1,-1.0
20,42,1,-1.0
20,43,1,-1.0
20,44,1,-1.0
20,45,1,-1.0
20,46,1,-1.0
20,47,1,-1.0
20,48,1,-1.0
20,49,1,-1.0
20,50,1,-1.0
20,51,1,-1.0
20,52,1,-1.0
20,53,1,-1.0
20,54,1,-1.0
20,55,1,-1.0
20,56,1,-1.0
20,57,1,-1.0
20,58,1,-1.0
20,59,1,-1.0
20,60,1,-1.0
20,61,1,-1.0
20,62,1,-1.0
20,63,1,-1.0
20,64,1,-1.0
20,65,1,-1.0
20,66,1,-1.0
20,67,1,-1.0
20,68,1,-1.0
20,69,1,-1.0
20,70,1,-1.0
20,71,1,-1.0
20,72,1,-1.0
20,73,1,-1.0
20,74,1,-1.0
20,75,1,-1.0
20,76,1,-1.0
20,77,1,-1.0
20,78,1,-1.0
20,79,1,-1.0
20,80,1,-1.0
20,81,1,-1.0
20,82,1,-1.0
20,83,1,-1.0
20,84,1,-1.0
20,85,1,-1.0
20,86,1,-1.0
20,87,1,-1.0
20,88,1,-1.0
20,89,1,-1.0
20,90,1,-1.0
20,91,1,-1.0
20,92,1,-1.0
20,93,1,-1.0
20,94,1,-1.0
20,95,1,-1.0
20,96,1,-1.0
20,97,1,-1.0
20,98,1,-1.0
20,99,1,-1.0
20,100,1,-1.0
20,101,1,-1.0
20,102,1,-1.0
20,103,1,-1.0
20,104,1,-1.0
20,105,1,-1.0
20,106,1,-1.0
20,107,1,-1.0
20,108,1,-1.0
20,109,1,-1.0
20,110,1,-1.0
20,111,1,-1.0
20,112,1,-1.0
20,113,1,-1.0
20,114,1,-1.0
20,115,1,-1.0
20,116,1,-1.0
20,117,1,-1.0
20,118,1,-1.0
20,119,1,-1.0
20,120,1,-1.0
20,121,1,-1.0
20,122,1,-1.0
20,123,1,-1.0
20,124,1,-1.0
20,125,1,-1.0
20,126,1,-1.0
20,127,1,-1.0
20,128,1,-1.0
20,129,1,-1.0
20,130,1,-1.0
20,131,1,-1.0
20,132,1,-1.0
20,133,1,-1.0
20,134,1,-1.0
20,135,1,-1.0
20,136,1,-1.0
20,137,1,-1.0
20,138,1,-1.0
20,139,1,-1.0
20,140,1,-1.0
20,141,1,-1.0
20,142,1,-1.0
20,143,1,-1.0
20,144,1,-1.0
20,145,1,-1.0
20,146,1,-1.0
20,147,1,-1.0
20,148,1,-1.0
20,149,1,-1.0
20,150,1,-1.0
20,151,1,-1.0
20,152,1,-1.0
20,153,1,-1.0
20,154,1,-1.0
20,155,1,-1.0
20,156,1,-1.0
20,157,1,-1.0
20,158,1,-1.0
20,159,1,-1.0
20,160,1,-1.0
20,161,1,-1.0
20,162,1,-1.0
20,163,1,-1.0
20,164,1,-1.0
20,165,1,-1.0
20,166,4,-1.0
20,167,4,-1.0
20,168,4,-1.0
20,169,4,-1.0
20,170,4,-1.0
20,171,4,-1.0
20,172,4,-1.0
20,173,4,-1.0
20,174,4,-1.0
20,175,4,-1.0
20,176,4,-1.0
20,177,4,-1.0
20,178,4,-1.0
20,179,4,-1.0
20,180,4,-1.0
20,181,4,-1.0
20,182,4,-1.0
20,183,4,-1.0
20,184,4,-1.0
20,185,4,-1.0
20,186,4,-1.0
20,187,4,-1.0
20,188,4,-1.0
20,189,4,-1.0
20,190,4,-1.0
20,191,4,-1.0
20,192,4,-1.0
20,193,4,-1.0
20,194,4,-1.0
20,195,4,-1.0
20,196,4,-1.0
20,197,4,-1.0
20,198,4,-1.0
20,199,4,-1.0
20,200,4,-1.0
20,201,4,-1.0
20,202,4,-1.0
20,203,4,-1.0
20,204,4,-1.0
20,205,4,-1.0
20,206,4,-1.0
20,207,4,-1.0
20,208,4,-1.0
20,209,4,-1.0
20,210,4,-1.0
20,211,4,-1.0
20,212,4,-1.0
20,213,4,-1.0
20,214,4,-1.0
20,215,4,-1.0
20,216,4,-1.0
20,217,4,-1.0
20,218,4,-1.0
20,219,4,-1.0
20,220,4,-1.0
20,221,4,-1.0
20,222,4,-1.0
20,223,4,-1.0
20,224,4,-1.0
20,225,4,-1.0
20,226,4,-1.0
20,227,4,-1.0
20,228,4,-1.0
20,229,4,-1.0
20,230,4,-1.0
41,211,4,-1.0
41,212,4,-1.0
41,213,4,-1.0
41,214,4,-1.0
41,215,4,-1.0
41,216,4,-1.0
41,217,4,-1.0
41,218,4,-1.0
41,219,4,-1.0
41,220,4,-1.0
41,221,4,-1.0
41,222,4,-1.0
41,223,4,-1.0
41,224,4,-1.0
41,225,4,-1.0
41,226,4,-1.0
41,227,4,-1.0
41,228,4,-1.0
41,229,4,-1.0
41,230,4,-1.0
41,231,4,-1.0
41,232,4,-1.0
41,233,4,-1.0
41,234,4,-1.0
41,235,4,-1.0
41,236,4,-1.0
41,237,4,-1.0
41,238,4,-1.0
41,239,4,-1.0
41,240,4,-1.0
41,241,4,-1.0
41,242,4,-1.0
41,243,4,-1.0
41,244,4,-1.0
41,245,4,-1.0
41,246,4,-1.0
41,247,4,-1.0
41,248,4,-1.0
41,249,4,-1.0
41,250,4,-1.0
42,0,1,-1.0
42,1,1,-1.0
42,2,1,-1.0
42,3,1,-1.0
42,4,1,-1.0
42,5,1,-1.0
42,6,1,-1.0
42,7,1,-1.0
42,8,1,-1.0
42,9,1,-1.0
42,10,1,-1.0
42,11,1,-1.0
42,12,1,-1.0
42,13,1,-1.0
42,14,1,-1.0
42,15,1,-1.0
42,16,1,-1.0
42,17,1,-1.0
42,18,1,-1.0
42,19,1,-1.0
42,20,1,-1.0
42,21,1,-1.0
42,22,1,-1.0
42,23,1,-1.0
42,24,1,-1.0
42,25,1,-1.0
42,26,1,-1.0
42,27,1,-1.0
42,28,1,-1.0
42,29,1,-1.0
42,30,1,-1.0
42,31,1,-1.0
42,32,1,-1.0
42,33,1,-1.0
42,34,1,-1.0
42,35,1,-1.0
42,36,1,-1.0
42,37,1,-1.0
42,38,1,-1.0
42,39,1,-1.0
42,40,1,-1.0
42,41,1,-1.0
42,42,1,-1.0
42,43,1,-1.0
42,44,1,-1.0
42,45,1,-1.0
42,46,1,-1.0
42,47,1,-1.0
42,48,1,-1.0
42,49,1,-1.0
42,50,1,-1.0
42,51,1,-1.0
42,52,1,-1.0
42,53,1,-1.0
42,54,1,-1.0
42,55,1,-1.0
42,56,1,-1.0
42,57,1,-1.0
42,58,1,-1.0
42,59,1,-1.0
42,60,1,-1.0
42,61,1,-1.0
42,62,1,-1.0
42,63,1,-1.0
42,64,1,-1.0
42,65,1,-1.0
42,66,1,-1.0
42,67,1,-1.0
42,68,1,-1.0
42,69,1,-1.0
42,70,1,-1.0
42,71,1,-1.0
42,72,1,-1.0
42,73,1,-1.0
42,74,1,-1.0
42,75,1,-1.0
42,76,1,-1.0
42,77,1,-1.0
42,78,1,-1.0
42,79,1,-1.0
42,80,1,-1.0
42,81,1,-1.0
42,82,1,-1.0
42,83,1,-1.0
42,84,1,-1.0
42,85,1,-1.0
42,86,1,-1.0
42,87,1,-1.0
42,88,1,-1.0
42,89,1,-1.0
42,90,1,-1.0
42,91,1,-1.0
42,92,1,-1.0
42,93,1,-1.0
42,94,1,-1.0
42,95,1,-1.0
42,96,1,-1.0
42,97,1,-1.0
42,98,1,-1.0
42,99,1,-1.0
42,100,1,-1.0
42,101,1,-1.0
42,102,1,-1.0
42,103,1,-1.0
42,104,1,-1.0
42,105,1,-1.0
42,106,1,-1.0
42,107,1,-1.0
42,108,1,-1.0
42,109,1,-1.0
42,110,1,-1.0
42,111,1,-1.0
42,112,1,-1.0
42,113,1,-1.0
42,114,1,-1.0
42,115,1,-1.0
42,116,1,-1.0
42,117,1,-1.0
42,118,1,-1.0
42,119,1,-1.0
42,120,1,-1.0
42,121,1,-1.0
42,122,1,-1.0
42,123,1,-1.0
42,124,1,-1.0
42,125,1,-1.0
42,126,1,-1.0
42,127,1,-1.0
42,128,1,-1.0
42,129,1,-1.0
42,130,1,-1.0
42,131,1,-1.0
42,132,1,-1.0
42,133,1,-1.0
42,134,1,-1.0
42,135,1,-1.0
42,136,1,-1.0
42,137,1,-1.0
42,138,1,-1.0
42,139,1,-1.0
42,140,1,-1.0
42,141,1,-1.0
42,142,1,-1.0
42,143,1,-1.0
42,144,1,-1.0
42,145,1,-1.0
42,146,1,-1.0
42,147,1,-1.0
42,148,1,-1.0
42,149,1,-1.0
42,150,1,-1.0
42,151,1,-1.0
42,152,1,-1.0
42,153,1,-1.0
42,154,1,-1.0
42,155,1,-1.0
42,156,1,-1.0
42,157,1,-1.0
42,158,1,-1.0
42,159,1,-1.0
42,160,1,-1.0
42,161,1,-1.0
42,162,1,-1.0
42,163,1,-1.0
42,164,1,-1.0
42,165,1,-1.0
42,166,1,-1.0
42,167,4,-1.0
42,168,4,-1.0
42,169,4,-1.0
42,170,4,-1.0
42,171,4,-1.0
42,172,4,-1.0
42,173,4,-1.0
42,174,4,-1.0
42,175,4,-1.0
42,176,4,-1.0
42,177,4,-1.0
42,178,4,-1.0
42,179,4,-1.0
42,180,4,-1.0
42,181,4,-1.0
42,182,4,-1.0
42,183,4,-1.0
42,184,4,-1.0
42,185,4,-1.0
42,186,4,-1.0
42,187,4,-1.0
42,188,4,-1.0
42,189,4,-1.0
42,190,4,-1.0
42,191,4,-1.0
42,192,4,-1.0
42,193,4,-1.0
42,194,4,-1.0
42,195,4,-1.0
42,196,4,-1.0
42,197,4,-1.0
42,198,4,-1.0
42,199,4,-1.0
42,200,4,-1.0
42,201,4,-1.0
42,202,4,-1.0
42,203,4,-1.0
42,204,4,-1.0
42,205,4,-1.0
42,206,4,-1.0
42,207,4,-1.0
42,208,4,-1.0
42,209,4,-1.0
42,210,4,-1.0
42,211,4,-1.0
42,212,4,-1.0
42,213,4,-1.0
42,214,4,-1.0
42,215,4,-1.0
42,216,4,-1.0
42,217,4,-1.0
42,218,4,-1.0
42,219,4,-1.0
42,220,4,-1.0
42,221,4,-1.0
42,222,4,-1.0
42,223,4,-1.0
42,224,4,-1.0
42,225,4,-1.0
42,226,4,-1.0
42,227,4,-1.0
42,228,4,-1.0
42,229,4,-1.0
42,230,4,-1.0
42,231,4,-1.0
42,232,4,-1.0
42,233,4,-1.0
42,234,4,-1.0
42,235,4,-1.0
42,236,4,-1.0
42,237,4,-1.0
42,238,4,-1.0
42,239,4,-1.0
42,240,4,-1.0
42,241,4,-1.0
42,242,4,-1.0
42,243,4,-1.0
42,244,4,-1.0
42,245,4,-1.0
42,246,4,-1.0
42,247,4,-1.0
42,248,4,-1.0
42,249,4,-1.0
42,250,4,-1.0
43,0,1,-1.0
43,1,1,-1.0
43,2,1,-1.0
43,3,1,-1.0
43,4,1,-1.0
43,5,1,-1.0
43,6,1,-1.0
43,7,1,-1.0
43,8,1,-1.0
43,9,1,-1.0
43,10,1,-1.0
43,11,1,-1.0
43,12,1,-1.0
43,13,1,-1.0
43,14,1,-1.0
43,15,1,-1.0
43,16,1,-1.0
43,17,1,-1.0
43,18,1,-1.0
43,19,1,-1.0
43,20,1,-1.0
43,21,1,-1.0
43,22,1,-1.0
43,23,1,-1.0
43,24,1,-1.0
43,25,1,-1.0
43,26,1,-1.0
43,27,1,-1.0
43,28,1,-1.0
43,29,1,-1.0
43,30,1,-1.0
43,31,1,-1.0
43,32,1,-1.0
43,33,1,-1.0
43,34,1,-1.0
43,35,1,-1.0
43,36,1,-1.0
43,37,1,-1.0
43,38,1,-1.0
43,39,1,-1.0
43,40,1,-1.0
43,41,1,-1.0
43,42,1,-1.0
43,43,1,-1.0
43,44,1,-1.0
43,45,1,-1.0
43,46,1,-1.0
43,47,1,-1.0
43,48,1,-1.0
43,49,1,-1.0
43,50,1,-1.0
43,51,1,-1.0
43,52,1,-1.0
43,53,1,-1.0
43,54,1,-1.0
43,55,1,-1.0
43,56,1,-1.0
43,57,1,-1.0
43,58,1,-1.0
43,59,1,-1.0
43,60,1,-1.0
43,61,1,-1.0
43,62,1,-1.0
43,63,1,-1.0
43,64,1,-1.0
43,65,1,-1.0
43,66,1,-1.0
43,67,1,-1.0
43,68,1,-1.0
43,69,1,-1.0
43,70,1,-1.0
43,71,1,-1.0
43,72,1,-1.0
43,73,1,-1.0
43,74,1,-1.0
43,75,1,-1.0
43,76,1,-1.0
43,77,1,-1.0
43,78,1,-1.0
43,79,1,-1.0
43,80,1,-1.0
43,81,1,-1.0
43,82,1,-1.0
43,83,1,-1.0
43,84,1,-1.0
43,85,1,-1.0
43,86,1,-1.0
43,87,1,-1.0
43,88,1,-1.0
43,89,1,-1.0
43,90,1,-1.0
43,91,1,-1.0
43,92,1,-1.0
43,93,1,-1.0
43,94,1,-1.0
43,95,1,-1.0
43,96,1,-1.0
43,97,1,-1.0
43,98,1,-1.0
43,99,1,-1.0
43,100,1,-1.0
43,101,1,-1.0
43,102,1,-1.0
43,103,1,-1.0
43,104,1,-1.0
43,105,1,-1.0
43,106,1,-1.0
43,107,1,-1.0
43,108,1,-1.0
43,109,1,-1.0
43,110,1,-1.0
43,111,1,-1.0
43,112,1,-1.0
43,113,1,-1.0
43,114,1,-1.0
43,115,1,-1.0
43,116,1,-1.0
43,117,1,-1.0
43,118,1,-1.0
43,119,1,-1.0
43,120,1,-1.0
43,121,1,-1.0
43,122,1,-1.0
43,123,1,-1.0
43,124,1,-1.0
43,125,1,-1.0
43,126,1,-1.0
43,127,1,-1.0
43,128,1,-1.0
43,129,1,-1.0
43,130,1,-1.0
43,131,1,-1.0
43,132,1,-1.0
43,133,1,-1.0
43,134,1,-1.0
43,135,1,-1.0
43,136,1,-1.0
43,137,1,-1.0
43,138,1,-1.0
43,139,1,-1.0
43,140,1,-1.0
43,141,1,-1.0
43,142,1,-1.0
43,143,1,-1.0
43,144,1,-1.0
43,145,1,-1.0
43,146,1,-1.0
43,147,1,-1.0
43,148,1,-1.0
43,149,1,-1.0
43,150,1,-1.0
43,151,1,-1.0
43,152,1,-1.0
43,153,1,-1.0
43,154,1,-1.0
43,155,1,-1.0
43,156,1,-1.0
43,157,1,-1.0
43,158,1,-1.0
43,159,1,-1.0
43,160,1,-1.0
43,161,1,-1.0
43,162,1,-1.0
43,163,1,-1.0
43,164,1,-1.0
43,165,1,-1.0
43,166,1,-1.0
43,167,4,-1.0
43,168,4,-1.0
43,169,4,-1.0
43,170,4,-1.0
43,171,4,-1.0
43,172,4,-1.0
43,173,4,-1.0
43,174,4,-1.0
43,175,4,-1.0
43,176,4,-1.0
43,177,4,-1.0
43,178,4,-1.0
43,179,4,-1.0
43,180,4,-1.0
43,181,4,-1.0
43,182,4,-1.0
43,183,4,-1.0
43,184,4,-1.0
43,185,4,-1.0
43,186,4,-1.0
43,187,4,-1.0
43,188,4,-1.0
43,189,4,-1.0
43,190,4,-1.0
43,191,4,-1.0
43,192,4,-1.0
43,193,4,-1.0
43,194,4,-1.0
43,195,4,-1.0
43,196,4,-1.0
43,197,4,-1.0
43,198,4,-1.0
43,199,4,-1.0
43,200,4,-1.0
43,201,4,-1.0
43,202,4,-1.0
43,203,4,-1.0
43,204,4,-1.0
43,205,4,-1.0
43,206,4,-1.0
43,207,4,-1.0
43,208,4,-1.0
43,209,4,-1.0
43,210,4,-1.0
43,211,4,-1.0
43,212,4,-1.0
43,213,4,-1.0
43,214,4,-1.0
43,215,4,-1.0
43,216,4,-1.0
43,217,4,-1.0
43,218,4,-1.0
43,219,4,-1.0
43,220,4,-1.0
43,221,4,-1.0
43,222,4,-1.0
43,223,4,-1.0
43,224,4,-1.0
43,225,4,-1.0
43,226,4,-1.0
43,227,4,-1.0
43,228,4,-1.0
43,229,4,-1.0
43,230,4,-1.0
43,231,4,-1.0
43,232,4,-1.0
43,233,4,-1.0
43,234,4,-1.0
43,235,4,-1.0
43,236,4,-1.0
43,237,4,-1.0
43,238,4,-1.0
43,239,4,-1.0
43,240,4,-1.0
43,241,4,-1.0
43,242,4,-1.0
43,243,4,-1.0
43,244,4,-1.0
43,245,4,-1.0
43,246,4,-1.0
43,247,4,-1.0
43,248,4,-1.0
43,249,4,-1.0
43,250,4,-1.0
44,0,1,-1.0
44,1,1,-1.0
44,2,1,-1.0
44,3,1,-1.0
44,4,1,-1.0
44,5,1,-1.0
44,6,1,-1.0
44,7,1,-1.0
44,8,1,-1.0
44,9,1,-1.0
44,10,1,-1.0
44,11,1,-1.0
44,12,1,-1.0
44,13,1,-1.0
44,14,1,-1.0
44,15,1,-1.0
44,16,1,-1.0
44,17,1,-1.0
44,18,1,-1.0
44,19,1,-1.0
44,20,1,-1.0
44,21,1,-1.0
44,22,1,-1.0
44,23,1,-1.0
44,24,1,-1.0
44,25,1,-1.0
44,26,1,-1.0
44,27,1,-1.0
44,28,1,-1.0
44,29,1,-1.0
44,30,1,-1.0
44,31,1,-1.0
44,32,1,-1.0
44,33,1,-1.0
44,34,1,-1.0
44,35,1,-1.0
44,36,1,-1.0
44,37,1,-1.0
44,38,1,-1.0
44,39,1,-1.0
44,40,1,-1.0
44,41,1,-1.0
44,42,1,-1.0
44,43,1,-1.0
44,44,1,-1.0
44,45,1,-1.0
44,46,1,-1.0
44,47,1,-1.0
44,48,1,-1.0
44,49,1,-1.0
44,50,1,-1.0
44,51,1,-1.0
44,52,1,-1.0
44,53,1,-1.0
44,54,1,-1.0
44,55,1,-1.0
44,56,1,-1.0
44,57,1,-1.0
44,58,1,-1.0
44,59,1,-1.0
44,60,1,-1.0
44,61,1,-1.0
44,62,1,-1.0
44,63,1,-1.0
44,64,1,-1.0
44,65,1,-1.0
44,66,1,-1.0
44,67,1,-1.0
44,68,1,-1.0
44,69,1,-1.0
44,70,1,-1.0
44,71,1,-1.0
44,72,1,-1.0
44,73,1,-1.0
44,74,1,-1.0
44,75,1,-1.0
44,76,1,-1.0
44,77,1,-1.0
44,78,1,-1.0
44,79,1,-1.0
44,80,1,-1.0
44,81,1,-1.0
44,82,1,-1.0
44,83,1,-1.0
44,84,1,-1.0
44,85,1,-1.0
44,86,1,-1.0
44,87,1,-1.0
44,88,1,-1.0
44,89,1,-1.0
44,90,1,-1.0
44,91,1,-1.0
44,92,1,-1.0
44,93,1,-1.0
44,94,1,-1.0
44,95,1,-1.0
44,96,1,-1.0
44,97,1,-1.0
44,98,1,-1.0
44,99,1,-1.0
44,100,1,-1.0
44,101,1,-1.0
44,102,1,-1.0
44,103,1,-1.0
44,104,1,-1.0
44,105,1,-1.0
44,106,1,-1.0
44,107,1,-1.0
44,108,1,-1.0
44,109,1,-1.0
44,110,1,-1.0
44,111,1,-1.0
44,112,1,-1.0
44,113,1,-1.0
44,114,1,-1.0
44,115,1,-1.0
44,116,1,-1.0
44,117,1,-1.0
44,118,1,-1.0
44,119,1,-1.0
44,120,1,-1.0
44,121,1,-1.0
44,122,1,-1.0
44,123,1,-1.0
44,124,1,-1.0
44,125,1,-1.0
44,126,1,-1.0
44,127,1,-1.0
44,128,1,-1.0
44,129,1,-1.0
44,130,1,-1.0
44,131,1,-1.0
44,132,1,-1.0
44,133,1,-1.0
44,134,1,-1.0
44,135,1,-1.0
44,136,1,-1.0
44,137,1,-1.0
44,138,1,-1.0
44,139,1,-1.0
44,140,1,-1.0
44,141,1,-1.0
44,142,1,-1.0
44,143,1,-1.0
44,144,1,-1.0
44,145,1,-1.0
44,146,1,-1.0
44,147,1,-1.0
44,148,1,-1.0
44,149,1,-1.0
44,150,1,-1.0
44,151,1,-1.0
44,152,1,-1.0
44,153,1,-1.0
44,154,1,-1.0
44,155,1,-1.0
44,156,1,-1.0
44,157,1,-1.0
44,158,1,-1.0
44,159,1,-1.0
44,160,1,-1.0
44,161,1,-1.0
44,162,1,-1.0
44,163,1,-1.0
44,164,1,-1.0
44,165,1,-1.0
44,166,1,-1.0
44,167,4,-1.0
44,168,4,-1.0
44,169,4,-1.0
44,170,4,-1.0
44,171,4,-1.0
44,172,4,-1.0
44,173,4,-1.0
44,174,4,-1.0
44,175,4,-1.0
44,176,4,-1.0
44,177,4,-1.0
44,178,4,-1.0
44,179,4,-1.0
44,180,4,-1.0
44,181,4,-1.0
44,182,4,-1.0
44,183,4,-1.0
44,184,4,-1.0
44,185,4,-1.0
44,186,4,-1.0
44,187,4,-1.0
44,188,4,-1.0
44,189,4,-1.0
44,190,4,-1.0
44,191,4,-1.0
44,192,4,-1.0
44,193,4,-1.0
44,194,4,-1.0
44,195,4,-1.0
44,196,4,-1.0
44,197,4,-1.0
44,198,4,-1.0
44,199,4,-1.0
44,200,4,-1.0
44,201,4,-1.0
44,202,4,-1.0
44,203,4,-1.0
44,204,4,-1.0
44,205,4,-1.0
44,206,4,-1.0
44,207,4,-1.0
44,208,4,-1.0
44,209,4,-1.0
44,210,4,-1.0
44,211,4,-1.0
44,212,4,-1.0
44,213,4,-1.0
44,214,4,-1.0
44,215,4,-1.0
44,216,4,-1.0
44,217,4,-1.0
44,218,4,-1.0
44,219,4,-1.0
44,220,4,-1.0
44,221,4,-1.0
44,222,4,-1.0
44,223,4,-1.0
44,224,4,-1.0
44,225,4,-1.0
44,226,4,-1.0
44,227,4,-1.0
44,228,4,-1.0
44,229,4,-1.0
44,230,4,-1.0
44,231,4,-1.0
44,232,4,-1.0
44,233,4,-1.0
44,234,4,-1.0
44,235,4,-1.0
44,236,4,-1.0
44,237,4,-1.0
44,238,4,-1.0
44,239,4,-1.0
44,240,4,-1.0
44,241,4,-1.0
44,242,4,-1.0
44,243,4,-1.0
44,244,4,-1.0
44,245,4,-1.0
44,246,4,-1.0
44,247,4,-1.0
44,248,4,-1.0
44,249,4,-1.0
44,250,4,-1.0
45,0,1,-1.0
45,1,1,-1.0
45,2,1,-1.0
45,3,1,-1.0
45,4,1,-1.0
45,5,1,-1.0
45,6,1,-1.0
45,7,1,-1.0
45,8,1,-1.0
45,9,1,-1.0
45,10,1,-1.0
45,11,1,-1.0
45,12,1,-1.0
45,13,1,-1.0
45,14,1,-1.0
45,15,1,-1.0
45,16,1,-1.0
45,17,1,-1.0
45,18,1,-1.0
45,19,1,-1.0
45,20,1,-1.0
45,21,1,-1.0
45,22,1,-1.0
45,23,1,-1.0
45,24,1,-1.0
45,25,1,-1.0
45,26,1,-1.0
45,27,1,-1.0
45,28,1,-1.0
45,29,1,-1.0
45,30,1,-1.0
45,31,1,-1.0
45,32,1,-1.0
45,33,1,-1.0
45,34,1,-1.0
45,35,1,-1.0
45,36,1,-1.0
45,37,1,-1.0
45,38,1,-1.0
45,39,1,-1.0
45,40,1,-1.0
45,41,1,-1.0
45,42,1,-1.0
45,43,1,-1.0
45,44,1,-1.0
45,45,1,-1.0
45,46,1,-1.0
45,47,1,-1.0
45,48,1,-1.0
45,49,1,-1.0
45,50,1,-1.0
45,51,1,-1.0
45,52,1,-1.0
45,53,1,-1.0
45,54,1,-1.0
45,55,1,-1.0
45,56,1,-1.0
45,57,1,-1.0
45,58,1,-1.0
45,59,1,-1.0
45,60,1,-1.0
45,61,1,-1.0
45,62,1,-1.0
45,63,1,-1.0
45,64,1,-1.0
45,65,1,-1.0
45,66,1,-1.0
45,67,1,-1.0
45,68,1,-1.0
45,69,1,-1.0
45,70,1,-1.0
45,71,1,-1.0
45,72,1,-1.0
45,73,1,-1.0
45,74,1,-1.0
45,75,1,-1.0
45,76,1,-1.0
45,77,1,-1.0
45,78,1,-1.0
45,79,1,-1.0
45,80,1,-1.0
45,81,1,-1.0
45,82,1,-1.0
45,83,1,-1.0
45,84,1,-1.0
45,85,1,-1.0
45,86,1,-1.0
45,87,1,-1.0
45,88,1,-1.0
45,89,1,-1.0
45,90,1,-1.0
45,91,1,-1.0
45,92,1,-1.0
45,93,1,-1.0
45,94,1,-1.0
45,95,1,-1.0
45,96,1,-1.0
45,97,1,-1.0
45,98,1,-1.0
45,99,1,-1.0
45,100,1,-1.0
45,101,1,-1.0
45,102,1,-1.0
45,103,1,-1.0
45,104,1,-1.0
45,105,1,-1.0
45,106,1,-1.0
45,107,1,-1.0
45,108,1,-1.0
45,109,1,-1.0
45,110,1,-1.0
45,111,1,-1.0
45,112,1,-1.0
45,113,1,-1.0
45,114,1,-1.0
45,115,1,-1.0
45,116,1,-1.0
45,117,1,-1.0
45,118,1,-1.0
45,119,1,-1.0
45,120,1,-1.0
45,121,1,-1.0
45,122,1,-1.0
45,123,1,-1.0
45,124,1,-1.0
45,125,1,-1.0
45,126,1,-1.0
45,127,1,-1.0
45,128,1,-1.0
45,129,1,-1.0
45,130,1,-1.0
45,131,1,-1.0
45,132,1,-1.0
45,133,1,-1.0
45,134,1,-1.0
45,135,1,-1.0
45,136,1,-1.0
45,137,1,-1.0
45,138,1,-1.0
45,139,1,-1.0
45,140,1,-1.0
45,141,1,-1.0
45,142,1,-1.0
45,143,1,-1.0
45,144,1,-1.0
45,145,1,-1.0
45,146,1,-1.0
45,147,1,-1.0
45,148,1,-1.0
45,149,1,-1.0
45,150,1,-1.0
45,151,1,-1.0
45,152,1,-1.0
45,153,1,-1.0
45,154,1,-1.0
45,155,1,-1.0
45,156,1,-1.0
45,157,1,-1.0
45,158,1,-1.0
45,159,1,-1.0
45,160,1,-1.0
45,161,1,-1.0
45,162,1,-1.0
45,163,1,-1.0
45,164,1,-1.0
45,165,1,-1.0
45,166,1,-1.0
45,167,4,-1.0
45,168,4,-1.0
45,169,4,-1.0
45,170,4,-1.0
45,171,4,-1.0
45,172,4,-1.0
45,173,4,-1.0
45,174,4,-1.0
45,175,4,-1.0
45,176,4,-1.0
45,177,4,-1.0
45,178,4,-1.0
45,179,4,-1.0
45,180,4,-1.0
45,181,4,-1.0
45,182,4,-1.0
45,183,4,-1.0
45,184,4,-1.0
45,185,4,-1.0
45,186,4,-1.0
45,187,4,-1.0
45,188,4,-1.0
45,189,4,-1.0
45,190,4,-1.0
45,191,4,-1.0
45,192,4,-1.0
45,193,4,-1.0
45,194,4,-1.0
45,195,4,-1.0
45,196,4,-1.0
45,197,4,-1.0
45,198,4,-1.0
45,199,4,-1.0
45,200,4,-1.0
45,201,4,-1.0
45,202,4,-1.0
45,203,4,-1.0
45,204,4,-1.0
45,205,4,-1.0
45,206,4,-1.0
45,207,4,-1.0
45,208,4,-1.0
45,209,4,-1.0
45,210,4,-1.0
45,211,4,-1.0
45,212,4,-1.0
45,213,4,-1.0
45,214,4,-1.0
45,215,4,-1.0
45,216,4,-1.0
45,217,4,-1.0
45,218,4,-1.0
45,219,4,-1.0
45,220,4,-1.0
45,221,4,-1.0
45,222,4,-1.0
45,223,4,-1.0
45,224,4,-1.0
45,225,4,-1.0
45,226,4,-1.0
45,227,4,-1.0
45,228,4,-1.0
45,229,4,-1.0
45,230,4,-1.0
45,231,4,-1.0
45,232,4,-1.0
45,233,4,-1.0
45,234,4,-1.0
45,235,4,-1.0
45,236,4,-1.0
45,237,4,-1.0
45,238,4,-1.0
45,239,4,-1.0
45,240,4,-1.0
45,241,4,-1.0
45,242,4,-1.0
45,243,4,-1.0
45,244,4,-1.0
45,245,4,-1.0
45,246,4,-1.0
45,247,4,-1.0
45,248,4,-1.0
45,249,4,-1.0
45,250,4,-1.0
46,0,1,-1.0
46,1,1,-1.0
46,2,1,-1.0
46,3,1,-1.0
46,4,1,-1.0
46,5,1,-1.0
46,6,1,-1.0
46,7,1,-1.0
46,8,1,-1.0
46,9,1,-1.0
46,10,1,-1.0
46,11,1,-1.0
46,12,1,-1.0
46,13,1,-1.0
46,14,1,-1.0
46,15,1,-1.0
46,16,1,-1.0
46,17,1,-1.0
46,18,1,-1.0
46,19,1,-1.0
46,20,1,-1.0
46,21,1,-1.0
46,22,1,-1.0
46,23,1,-1.0
46,24,1,-1.0
46,25,1,-1.0
46,26,1,-1.0
46,27,1,-1.0
46,28,1,-1.0
46,29,1,-1.0
46,30,1,-1.0
46,31,1,-1.0
46,32,1,-1.0
46,33,1,-1.0
46,34,1,-1.0
46,35,1,-1.0
46,36,1,-1.0
46,37,1,-1.0
46,38,1,-1.0
46,39,1,-1.0
46,40,1,-1.0
46,41,1,-1.0
46,42,1,-1.0
46,43,1,-1.0
46,44,1,-1.0
46,45,1,-1.0
46,46,1,-1.0
46,47,1,-1.0
46,48,1,-1.0
46,49,1,-1.0
46,50,1,-1.0
46,51,1,-1.0
46,52,1,-1.0
46,53,1,-1.0
46,54,1,-1.0
46,55,1,-1.0
46,56,1,-1.0
46,57,1,-1.0
46,58,1,-1.0
46,59,1,-1.0
46,60,1,-1.0
46,61,1,-1.0
46,62,1,-1.0
46,63,1,-1.0
46,64,1,-1.0
46,65,1,-1.0
46,66,1,-1.0
46,67,1,-1.0
46,68,1,-1.0
46,69,1,-1.0
46,70,1,-1.0
46,71,1,-1.0
46,72,1,-1.0
46,73,1,-1.0
46,74,1,-1.0
46,75,1,-1.0
46,76,1,-1.0
46,77,1,-1.0
46,78,1,-1.0
46,79,1,-1.0
46,80,1,-1.0
46,81,1,-1.0
46,82,1,-1.0
46,83,1,-1.0
46,84,1,-1.0
46,85,1,-1.0
46,86,1,-1.0
46,87,1,-1.0
46,88,1,-1.0
46,89,1,-1.0
46,90,1,-1.0
46,91,1,-1.0
46,92,1,-1.0
46,93,1,-1.0
46,94,1,-1.0
46,95,1,-1.0
46,96,1,-1.0
46,97,1,-1.0
46,98,1,-1.0
46,99,1,-1.0
46,100,1,-1.0
46,101,1,-1.0
46,102,1,-1.0
46,103,1,-1.0
46,104,1,-1.0
46,105,1,-1.0
46,106,1,-1.0
46,107,1,-1.0
46,108,1,-1.0
46,109,1,-1.0
46,110,1,-1.0
46,111,1,-1.0
46,112,1,-1.0
46,113,1,-1.0
46,114,1,-1.0
46,115,1,-1.0
46,116,1,-1.0
46,117,1,-1.0
46,118,1,-1.0
46,119,1,-1.0
46,120,1,-1.0
46,121,1,-1.0
46,122,1,-1.0
46,123,1,-1.0
46,124,1,-1.0
46,125,1,-1.0
46,126,1,-1.0
46,127,1,-1.0
46,128,1,-1.0
46,129,1,-1.0
46,130,1,-1.0
46,131,1,-1.0
46,132,1,-1.0
46,133,1,-1.0
46,134,1,-1.0
46,135,1,-1.0
46,136,1,-1.0
46,137,1,-1.0
46,138,1,-1.0
46,139,1,-1.0
46,140,1,-1.0
46,141,1,-1.0
46,142,1,-1.0
46,143,1,-1.0
46,144,1,-1.0
46,145,1,-1.0
46,146,1,-1.0
46,147,1,-1.0
46,148,1,-1.0
46,149,1,-1.0
46,150,1,-1.0
46,151,1,-1.0
46,152,1,-1.0
46,153,1,-1.0
46,154,1,-1.0
46,155,1,-1.0
46,156,1,-1.0
46,157,1,-1.0
46,158,1,-1.0
46,159,1,-1.0
46,160,1,-1.0
46,161,1,-1.0
46,162,1,-1.0
46,163,1,-1.0
46,164,1,-1.0
46,165,1,-1.0
46,166,1,-1.0
46,167,4,-1.0
46,168,4,-1.0
46,169,4,-1.0
46,170,4,-1.0
46,171,4,-1.0
46,172,4,-1.0
46,173,4,-1.0
46,174,4,-1.0
46,175,4,-1.0
46,176,4,-1.0
46,177,4,-1.0
46,178,4,-1.0
46,179,4,-1.0
46,180,4,-1.0
46,181,4,-1.0
46,182,4,-1.0
46,183,4,-1.0
46,184,4,-1.0
46,185,4,-1.0
46,186,4,-1.0
46,187,4,-1.0
46,188,4,-1.0
46,189,4,-1.0
46,190,4,-1.0
46,191,4,-1.0
46,192,4,-1.0
46,193,4,-1.0
46,194,4,-1.0
46,195,4,-1.0
46,196,4,-1.0
46,197,4,-1.0
46,198,4,-1.0
46,199,4,-1.0
46,200,4,-1.0
46,201,4,-1.0
46,202,4,-1.0
46,203,4,-1.0
46,204,4,-1.0
46,205,4,-1.0
46,206,4,-1.0
46,207,4,-1.0
46,208,4,-1.0
46,209,4,-1.0
46,210,4,-1.0
46,211,4,-1.0
46,212,4,-1.0
46,213,4,-1.0
46,214,4,-1.0
46,215,4,-1.0
46,216,4,-1.0
46,217,4,-1.0
46,218,4,-1.0
46,219,4,-1.0
46,220,4,-1.0
46,221,4,-1.0
46,222,4,-1.0
46,223,4,-1.0
46,224,4,-1.0
46,225,4,-1.0
46,226,4,-1.0
46,227,4,-1.0
46,228,4,-1.0
46,229,4,-1.0
46,230,4,-1.0
46,231,4,-1.0
46,232,4,-1.0
46,233,4,-1.0
46,234,4,-1.0
46,235,4,-1.0
46,236,4,-1.0
46,237,4,-1.0
46,238,4,-1.0
46,239,4,-1.0
46,240,4,-1.0
46,241,4,-1.0
46,242,4,-1.0
46,243,4,-1.0
46,244,4,-1.0
46,245,4,-1.0
46,246,4,-1.0
46,247,4,-1.0
46,248,4,-1.0
46,249,4,-1.0
46,250,4,-1.0
47,0,1,-1.0
47,1,1,-1.0
47,2,1,-1.0
47,3,1,-1.0
47,4,1,-1.0
47,5,1,-1.0
47,6,1,-1.0
47,7,1,-1.0
47,8,1,-1.0
47,9,1,-1.0
47,10,1,-1.0
47,11,1,-1.0
47,12,1,-1.0
47,13,1,-1.0
47,14,1,-1.0
47,15,1,-1.0
47,16,1,-1.0
47,17,1,-1.0
47,18,1,-1.0
47,19,1,-1.0
47,20,1,-1.0
47,21,1,-1.0
47,22,1,-1.0
47,23,1,-1.0
47,24,1,-1.0
47,25,1,-1.0
47,26,1,-1.0
47,27,1,-1.0
47,28,1,-1.0
47,29,1,-1.0
47,30,1,-1.0
47,31,1,-1.0
47,32,1,-1.0
47,33,1,-1.0
47,34,1,-1.0
47,35,1,-1.0
47,36,1,-1.0
47,37,1,-1.0
47,38,1,-1.0
47,39,1,-1.0
47,40,1,-1.0
47,41,1,-1.0
47,42,1,-1.0
47,43,1,-1.0
47,44,1,-1.0
47,45,1,-1.0
47,46,1,-1.0
47,47,1,-1.0
47,48,1,-1.0
47,49,1,-1.0
47,50,1,-1.0
47,51,1,-1.0
47,52,1,-1.0
47,53,1,-1.0
47,54,1,-1.0
47,55,1,-1.0
47,56,1,-1.0
47,57,1,-1.0
47,58,1,-1.0
47,59,1,-1.0
47,60,1,-1.0
47,61,1,-1.0
47,62,1,-1.0
47,63,1,-1.0
47,64,1,-1.0
47,65,1,-1.0
47,66,1,-1.0
47,67,1,-1.0
47,68,1,-1.0
47,69,1,-1.0
47,70,1,-1.0
47,71,1,-1.0
47,72,1,-1.0
47,73,1,-1.0
47,74,1,-1.0
47,75,1,-1.0
47,76,1,-1.0
47,77,1,-1.0
47,78,1,-1.0
47,79,1,-1.0
47,80,1,-1.0
47,81,1,-1.0
47,82,1,-1.0
47,83,1,-1.0
47,84,1,-1.0
47,85,1,-1.0
47,86,1,-1.0
47,87,1,-1.0
47,88,1,-1.0
47,89,1,-1.0
47,90,1,-1.0
47,91,1,-1.0
47,92,1,-1.0
47,93,1,-1.0
47,94,1,-1.0
47,95,1,-1.0
47,96,1,-1.0
47,97,1,-1.0
47,98,1,-1.0
47,99,1,-1.0
47,100,1,-1.0
47,101,1,-1.0
47,102,1,-1.0
47,103,1,-1.0
47,104,1,-1.0
47,105,1,-1.0
47,106,1,-1.0
47,107,1,-1.0
47,108,1,-1.0
47,109,1,-1.0
47,110,1,-1.0
47,111,1,-1.0
47,112,1,-1.0
47,113,1,-1.0
47,114,1,-1.0
47,115,1,-1.0
47,116,1,-1.0
47,117,1,-1.0
47,118,1,-1.0
47,119,1,-1.0
47,120,1,-1.0
47,121,1,-1.0
47,122,1,-1.0
47,123,1,-1.0
47,124,1,-1.0
47,125,1,-1.0
47,126,1,-1.0
47,127,1,-1.0
47,128,1,-1.0
47,129,1,-1.0
47,130,1,-1.0
47,131,1,-1.0
47,132,1,-1.0
47,133,1,-1.0
47,134,1,-1.0
47,135,1,-1.0
47,136,1,-1.0
47,137,1,-1.0
47,138,1,-1.0
47,139,1,-1.0
47,140,1,-1.0
47,141,1,-1.0
47,142,1,-1.0
47,143,1,-1.0
47,144,1,-1.0
47,145,1,-1.0
47,146,1,-1.0
47,147,1,-1.0
47,148,1,-1.0
47,149,1,-1.0
47,150,1,-1.0
47,151,1,-1.0
47,152,1,-1.0
47,153,1,-1.0
47,154,1,-1.0
47,155,1,-1.0
47,156,1,-1.0
47,157,1,-1.0
47,158,1,-1.0
47,159,1,-1.0
47,160,1,-1.0
47,161,1,-1.0
47,162,1,-1.0
47,163,1,-1.0
47,164,1,-1.0
47,165,1,-1.0
47,166,1,-1.0
47,167,4,-1.0
47,168,4,-1.0
47,169,4,-1.0
47,170,4,-1.0
47,171,4,-1.0
47,172,4,-1.0
47,173,4,-1.0
47,174,4,-1.0
47,175,4,-1.0
47,176,4,-1.0
47,177,4,-1.0
47,178,4,-1.0
47,179,4,-1.0
47,180,4,-1.0
47,181,4,-1.0
47,182,4,-1.0
47,183,4,-1.0
47,184,4,-1.0
47,185,4,-1.0
47,186,4,-1.0
47,187,4,-1.0
47,188,4,-1.0
47,189,4,-1.0
47,190,4,-1.0
47,191,4,-1.0
47,192,4,-1.0
47,193,4,-1.0
47,194,4,-1.0
47,195,4,-1.0
47,196,4,-1.0
47,197,4,-1.0
47,198,4,-1.0
47,199,4,-1.0
47,200,4,-1.0
47,201,4,-1.0
47,202,4,-1.0
47,203,4,-1.0
47,204,4,-1.0
47,205,4,-1.0
47,206,4,-1.0
47,207,4,-1.0
47,208,4,-1.0
47,209,4,-1.0
47,210,4,-1.0
47,211,4,-1.0
47,212,4,-1.0
47,213,4,-1.0
47,214,4,-1.0
47,215,4,-1.0
47,216,4,-1.0
47,217,4,-1.0
47,218,4,-1.0
47,219,4,-1.0
47,220,4,-1.0
47,221,4,-1.0
47,222,4,-1.0
47,223,4,-1.0
47,224,4,-1.0
47,225,4,-1.0
47,226,4,-1.0
47,227,4,-1.0
47,228,4,-1.0
47,229,4,-1.0
47,230,4,-1.0
47,231,4,-1.0
47,232,4,-1.0
47,233,4,-1.0
47,234,4,-1.0
47,235,4,-1.0
47,236,4,-1.0
47,237,4,-1.0
47,238,4,-1.0
47,239,4,-1.0
47,240,4,-1.0
47,241,4,-1.0
47,242,4,-1.0
47,243,4,-1.0
47,244,4,-1.0
47,245,4,-1.0
47,246,4,-1.0
47,247,4,-1.0
47,248,4,-1.0
47,249,4,-1.0
47,250,4,-1.0
48,0,1,-1.0
48,1,1,-1.0
48,2,1,-1.0
48,3,1,-1.0
48,4,1,-1.0
48,5,1,-1.0
48,6,1,-1.0
48,7,1,-1.0
48,8,1,-1.0
48,9,1,-1.0
48,10,1,-1.0
48,11,1,-1.0
48,12,1,-1.0
48,13,1,-1.0
48,14,1,-1.0
48,15,1,-1.0
48,16,1,-1.0
48,17,1,-1.0
48,18,1,-1.0
48,19,1,-1.0
48,20,1,-1.0
48,21,1,-1.0
48,22,1,-1.0
48,23,1,-1.0
48,24,1,-1.0
48,25,1,-1.0
48,26,1,-1.0
48,27,1,-1.0
48,28,1,-1.0
48,29,1,-1.0
48,30,1,-1.0
48,31,1,-1.0
48,32,1,-1.0
48,33,1,-1.0
48,34,1,-1.0
48,35,1,-1.0
48,36,1,-1.0
48,37,1,-1.0
48,38,1,-1.0
48,39,1,-1.0
48,40,1,-1.0
48,41,1,-1.0
48,42,1,-1.0
48,43,1,-1.0
48,44,1,-1.0
48,45,1,-1.0
48,46,1,-1.0
48,47,1,-1.0
48,48,1,-1.0
48,49,1,-1.0
48,50,1,-1.0
48,51,1,-1.0
48,52,1,-1.0
48,53,1,-1.0
48,54,1,-1.0
48,55,1,-1.0
48,56,1,-1.0
48,57,1,-1.0
48,58,1,-1.0
48,59,1,-1.0
48,60,1,-1.0
48,61,1,-1.0
48,62,1,-1.0
48,63,1,-1.0
48,64,1,-1.0
48,65,1,-1.0
48,66,1,-1.0
48,67,1,-1.0
48,68,1,-1.0
48,69,1,-1.0
48,70,1,-1.0
48,71,1,-1.0
48,72,1,-1.0
48,73,1,-1.0
48,74,1,-1.0
48,75,1,-1.0
48,76,1,-1.0
48,77,1,-1.0
48,78,1,-1.0
48,79,1,-1.0
48,80,1,-1.0
48,81,1,-1.0
48,82,1,-1.0
48,83,1,-1.0
48,84,1,-1.0
48,85,1,-1.0
48,86,1,-1.0
48,87,1,-1.0
48,88,1,-1.0
48,89,1,-1.0
48,90,1,-1.0
48,91,1,-1.0
48,92,1,-1.0
48,93,1,-1.0
48,94,1,-1.0
48,95,1,-1.0
48,96,1,-1.0
48,97,1,-1.0
48,98,1,-1.0
48,99,1,-1.0
48,100,1,-1.0
48,101,1,-1.0
48,102,1,-1.0
48,103,1,-1.0
48,104,1,-1.0
48,105,1,-1.0
48,106,1,-1.0
48,107,1,-1.0
48,108,1,-1.0
48,109,1,-1.0
48,110,1,-1.0
48,111,1,-1.0
48,112,1,-1.0
48,113,1,-1.0
48,114,1,-1.0
48,115,1,-1.0
48,116,1,-1.0
48,117,1,-1.0
48,118,1,-1.0
48,119,1,-1.0
48,120,1,-1.0
48,121,1,-1.0
48,122,1,-1.0
48,123,1,-1.0
48,124,1,-1.0
48,125,1,-1.0
48,126,1,-1.0
48,127,1,-1.0
48,128,1,-1.0
48,129,1,-1.0
48,130,1,-1.0
48,131,1,-1.0
48,132,1,-1.0
48,133,1,-1.0
48,134,1,-1.0
48,135,1,-1.0
48,136,1,-1.0
48,137,1,-1.0
48,138,1,-1.0
48,139,1,-1.0
48,140,1,-1.0
48,141,1,-1.0
48,142,1,-1.0
48,143,1,-1.0
48,144,1,-1.0
48,145,1,-1.0
48,146,1,-1.0
48,147,1,-1.0
48,148,1,-1.0
48,149,1,-1.0
48,150,1,-1.0
48,151,1,-1.0
48,152,1,-1.0
48,153,1,-1.0
48,154,1,-1.0
48,155,1,-1.0
48,156,1,-1.0
48,157,1,-1.0
48,158,1,-1.0
48,159,1,-1.0
48,160,1,-1.0
48,161,1,-1.0
48,162,1,-1.0
48,163,1,-1.0
48,164,1,-1.0
48,165,1,-1.0
48,166,1,-1.0
48,167,4,-1.0
48,168,4,-1.0
48,169,4,-1.0
48,170,4,-1.0
48,171,4,-1.0
48,172,4,-1.0
48,173,4,-1.0
48,174,4,-1.0
48,175,4,-1.0
48,176,4,-1.0
48,177,4,-1.0
48,178,4,-1.0
48,179,4,-1.0
48,180,4,-1.0
48,181,4,-1.0
48,182,4,-1.0
48,183,4,-1.0
48,184,4,-1.0
48,185,4,-1.0
48,186,4,-1.0
48,187,4,-1.0
48,188,4,-1.0
48,189,4,-1.0
48,190,4,-1.0
48,191,4,-1.0
48,192,4,-1.0
48,193,4,-1.0
48,194,4,-1.0
48,195,4,-1.0
48,196,4,-1.0
48,197,4,-1.0
48,198,4,-1.0
48,199,4,-1.0
48,200,4,-1.0
48,201,4,-1.0
48,202,4,-1.0
48,203,4,-1.0
48,204,4,-1.0
48,205,4,-1.0
48,206,4,-1.0
48,207,4,-1.0
48,208,4,-1.0
48,209,4,-1.0
48,210,4,-1.0
48,211,4,-1.0
48,212,4,-1.0
48,213,4,-1.0
48,214,4,-1.0
48,215,4,-1.0
48,216,4,-1.0
48,217,4,-1.0
48,218,4,-1.0
48,219,4,-1.0
48,220,4,-1.0
48,221,4,-1.0
48,222,4,-1.0
48,223,4,-1.0
48,224,4,-1.0
48,225,4,-1.0
48,226,4,-1.0
48,227,4,-1.0
48,228,4,-1.0
48,229,4,-1.0
48,230,4,-1.0
48,231,4,-1.0
48,232,4,-1.0
48,233,4,-1.0
48,234,4,-1.0
48,235,4,-1.0
48,236,4,-1.0
48,237,4,-1.0
48,238,4,-1.0
48,239,4,-1.0
48,240,4,-1.0
48,241,4,-1.0
48,242,4,-1.0
48,243,4,-1.0
48,244,4,-1.0
48,245,4,-1.0
48,246,4,-1.0
48,247,4,-1.0
48,248,4,-1.0
48,249,4,-1.0
48,250,4,-1.0
49,0,1,-1.0
49,1,1,-1.0
49,2,1,-1.0
49,3,1,-1.0
49,4,1,-1.0
49,5,1,-1.0
49,6,1,-1.0
49,7,1,-1.0
49,8,1,-1.0
49,9,1,-1.0
49,10,1,-1.0
49,11,1,-1.0
49,12,1,-1.0
49,13,1,-1.0
49,14,1,-1.0
49,15,1,-1.0
49,16,1,-1.0
49,17,1,-1.0
49,18,1,-1.0
49,19,1,-1.0
49,20,1,-1.0
49,21,1,-1.0
49,22,1,-1.0
49,23,1,-1.0
49,24,1,-1.0
49,25,1,-1.0
49,26,1,-1.0
49,27,1,-1.0
49,28,1,-1.0
49,29,1,-1.0
49,30,1,-1.0
49,31,1,-1.0
49,32,1,-1.0
49,33,1,-1.0
49,34,1,-1.0
49,35,1,-1.0
49,36,1,-1.0
49,37,1,-1.0
49,38,1,-1.0
49,39,1,-1.0
49,40,1,-1.0
49,41,1,-1.0
49,42,1,-1.0
49,43,1,-1.0
49,44,1,-1.0
49,45,1,-1.0
49,46,1,-1.0
49,47,1,-1.0
49,48,1,-1.0
49,49,1,-1.0
49,50,1,-1.0
49,51,1,-1.0
49,52,1,-1.0
49,53,1,-1.0
49,54,1,-1.0
49,55,1,-1.0
49,56,1,-1.0
49,57,1,-1.0
49,58,1,-1.0
49,59,1,-1.0
49,60,1,-1.0
49,61,1,-1.0
49,62,1,-1.0
49,63,1,-1.0
49,64,1,-1.0
49,65,1,-1.0
49,66,1,-1.0
49,67,1,-1.0
49,68,1,-1.0
49,69,1,-1.0
49,70,1,-1.0
49,71,1,-1.0
49,72,1,-1.0
49,73,1,-1.0
49,74,1,-1.0
49,75,1,-1.0
49,76,1,-1.0
49,77,1,-1.0
49,78,1,-1.0
49,79,1,-1.0
49,80,1,-1.0
49,81,1,-1.0
49,82,1,-1.0
49,83,1,-1.0
49,84,1,-1.0
49,85,1,-1.0
49,86,1,-1.0
49,87,1,-1.0
49,88,1,-1.0
49,89,1,-1.0
49,90,1,-1.0
49,91,1,-1.0
49,92,1,-1.0
49,93,1,-1.0
49,94,1,-1.0
49,95,1,-1.0
49,96,1,-1.0
49,97,1,-1.0
49,98,1,-1.0
49,99,1,-1.0
49,100,1,-1.0
49,101,1,-1.0
49,102,1,-1.0
49,103,1,-1.0
49,104,1,-1.0
49,105,1,-1.0
49,106,1,-1.0
49,107,1,-1.0
49,108,1,-1.0
49,109,1,-1.0
49,110,1,-1.0
49,111,1,-1.0
49,112,1,-1.0
49,113,1,-1.0
49,114,1,-1.0
49,115,1,-1.0
49,116,1,-1.0
49,117,1,-1.0
49,118,1,-1.0
49,119,1,-1.0
49,120,1,-1.0
49,121,1,-1.0
49,122,1,-1.0
49,123,1,-1.0
49,124,1,-1.0
49,125,1,-1.0
49,126,1,-1.0
49,127,1,-1.0
49,128,1,-1.0
49,129,1,-1.0
49,130,1,-1.0
49,131,1,-1.0
49,132,1,-1.0
49,133,1,-1.0
49,134,1,-1.0
49,135,1,-1.0
49,136,1,-1.0
49,137,1,-1.0
49,138,1,-1.0
49,139,1,-1.0
49,140,1,-1.0
49,141,1,-1.0
49,142,1,-1.0
49,143,1,-1.0
49,144,1,-1.0
49,145,1,-1.0
49,146,1,-1.0
49,147,1,-1.0
49,148,1,-1.0
49,149,1,-1.0
49,150,1,-1.0
49,151,1,-1.0
49,152,1,-1.0
49,153,1,-1.0
49,154,1,-1.0
49,155,1,-1.0
49,156,1,-1.0
49,157,1,-1.0
49,158,1,-1.0
49,159,1,-1.0
49,160,1,-1.0
49,161,1,-1.0
49,162,1,-1.0
49,163,1,-1.0
49,164,1,-1.0
49,165,1,-1.0
49,166,4,-1.0
49,167,4,-1.0
49,168,4,-1.0
49,169,4,-1.0
49,170,4,-1.0
49,171,4,-1.0
49,172,4,-1.0
49,173,4,-1.0
49,174,4,-1.0
49,175,4,-1.0
49,176,4,-1.0
49,177,4,-1.0
49,178,4,-1.0
49,179,4,-1.0
49,180,4,-1.0
49,181,4,-1.0
49,182,4,-1.0
49,183,4,-1.0
49,184,4,-1.0
49,185,4,-1.0
49,186,4,-1.0
49,187,4,-1.0
49,188,4,-1.0
49,189,4,-1.0
49,190,4,-1.0
49,191,4,-1.0
49,192,4,-1.0
49,193,4,-1.0
49,194,4,-1.0
49,195,4,-1.0
49,196,4,-1.0
49,197,4,-1.0
49,198,4,-1.0
49,199,4,-1.0
49,200,4,-1.0
49,201,4,-1.0
49,202,4,-1.0
49,203,4,-1.0
49,204,4,-1.0
49,205,4,-1.0
49,206,4,-1.0
49,207,4,-1.0
49,208,4,-1.0
49,209,4,-1.0
49,210,4,-1.0
49,211,4,-1.0
49,212,4,-1.0
49,213,4,-1.0
49,214,4,-1.0
49,215,4,-1.0
49,216,4,-1.0
49,217,4,-1.0
49,218,4,-1.0
49,219,4,-1.0
49,220,4,-1.0
49,221,4,-1.0
49,222,4,-1.0
49,223,4,-1.0
49,224,4,-1.0
49,225,4,-1.0
49,226,4,-1.0
49,227,4,-1.0
49,228,4,-1.0
49,229,4,-1.0
49,230,4,-1.0
49,231,4,-1.0
49,232,4,-1.0
49,233,4,-1.0
49,234,4,-1.0
49,235,4,-1.0
49,236,4,-1.0
49,237,4,-1.0
49,238,4,-1.0
49,239,4,-1.0
49,240,4,-1.0
49,241,4,-1.0
49,242,4,-1.0
49,243,4,-1.0
49,244,4,-1.0
49,245,4,-1.0
49,246,4,-1.0
49,247,4,-1.0
49,248,4,-1.0
49,249,4,-1.0
49,250,4,-1.0
50,0,1,-1.0
50,1,1,-1.0
50,2,1,-1.0
50,3,1,-1.0
50,4,1,-1.0
50,5,1,-1.0
50,6,1,-1.0
50,7,1,-1.0
50,8,1,-1.0
50,9,1,-1.0
50,10,1,-1.0
50,11,1,-1.0
50,12,1,-1.0
50,13,1,-1.0
50,14,1,-1.0
50,15,1,-1.0
50,16,1,-1.0
50,17,1,-1.0
50,18,1,-1.0
50,19,1,-1.0
50,20,1,-1.0
50,21,1,-1.0
50,22,1,-1.0
50,23,1,-1.0
50,24,1,-1.0
50,25,1,-1.0
50,26,1,-1.0
50,27,1,-1.0
50,28,1,-1.0
50,29,1,-1.0
50,30,1,-1.0
50,31,1,-1.0
50,32,1,-1.0
50,33,1,-1.0
50,34,1,-1.0
50,35,1,-1.0
50,36,1,-1.0
50,37,1,-1.0
50,38,1,-1.0
50,39,1,-1.0
50,40,1,-1.0
50,41,1,-1.0
50,42,1,-1.0
50,43,1,-1.0
50,44,1,-1.0
50,45,1,-1.0
50,46,1,-1.0
50,47,1,-1.0
50,48,1,-1.0
50,49,1,-1.0
50,50,1,-1.0
50,51,1,-1.0
50,52,1,-1.0
50,53,1,-1.0
50,54,1,-1.0
50,55,1,-1.0
50,56,1,-1.0
50,57,1,-1.0
50,58,1,-1.0
50,59,1,-1.0
50,60,1,-1.0
50,61,1,-1.0
50,62,1,-1.0
50,63,1,-1.0
50,64,1,-1.0
50,65,1,-1.0
50,66,1,-1.0
50,67,1,-1.0
50,68,1,-1.0
50,69,1,-1.0
50,70,1,-1.0
50,71,1,-1.0
50,72,1,-1.0
50,73,1,-1.0
50,74,1,-1.0
50,75,1,-1.0
50,76,1,-1.0
50,77,1,-1.0
50,78,1,-1.0
50,79,1,-1.0
50,80,1,-1.0
50,81,1,-1.0
50,82,1,-1.0
50,83,1,-1.0
50,84,1,-1.0
50,85,1,-1.0
50,86,1,-1.0
50,87,1,-1.0
50,88,1,-1.0
50,89,1,-1.0
50,90,1,-1.0
50,91,1,-1.0
50,92,1,-1.0
50,93,1,-1.0
50,94,1,-1.0
50,95,1,-1.0
50,96,1,-1.0
50,97,1,-1.0
50,98,1,-1.0
50,99,1,-1.0
50,100,1,-1.0
50,101,1,-1.0
50,102,1,-1.0
50,103,1,-1.0
50,104,1,-1.0
50,105,1,-1.0
50,106,1,-1.0
50,107,1,-1.0
50,108,1,-1.0
50,109,1,-1.0
50,110,1,-1.0
50,111,1,-1.0
50,112,1,-1.0
50,113,1,-1.0
50,114,1,-1.0
50,115,1,-1.0
50,116,1,-1.0
50,117,1,-1.0
50,118,1,-1.0
50,119,1,-1.0
50,120,1,-1.0
50,121,1,-1.0
50,122,1,-1.0
50,123,1,-1.0
50,124,1,-1.0
50,125,1,-1.0
50,126,1,-1.0
50,127,1,-1.0
50,128,1,-1.0
50,129,1,-1.0
50,130,1,-1.0
50,131,1,-1.0
50,132,1,-1.0
50,133,1,-1.0
50,134,1,-1.0
50,135,1,-1.0
50,136,1,-1.0
50,137,1,-1.0
50,138,1,-1.0
50,139,1,-1.0
50,140,1,-1.0
50,141,1,-1.0
50,142,1,-1.0
50,143,1,-1.0
50,144,1,-1.0
50,145,1,-1.0
50,146,1,-1.0
50,147,1,-1.0
50,148,1,-1.0
50,149,1,-1.0
50,150,1,-1.0
50,151,1,-1.0
50,152,1,-1.0
50,153,1,-1.0
50,154,1,-1.0
50,155,1,-1.0
50,156,1,-1.0
50,157,1,-1.0
50,158,1,-1.0
50,159,1,-1.0
50,160,1,-1.0
50,161,1,-1.0
50,162,1,-1.0
50,163,1,-1.0
50,164,1,-1.0
50,165,1,-1.0
50,166,4,-1.0
50,167,4,-1.0
50,168,4,-1.0
50,169,4,-1.0
50,170,4,-1.0
50,171,4,-1.0
50,172,4,-1.0
50,173,4,-1.0
50,174,4,-1.0
50,175,4,-1.0
50,176,4,-1.0
50,177,4,-1.0
50,178,4,-1.0
50,179,4,-1.0
50,180,4,-1.0
50,181,4,-1.0
50,182,4,-1.0
50,183,4,-1.0
50,184,4,-1.0
50,185,4,-1.0
50,186,4,-1.0
50,187,4,-1.0
50,188,4,-1.0
50,189,4,-1.0
50,190,4,-1.0
50,191,4,-1.0
50,192,4,-1.0
50,193,4,-1.0
50,194,4,-1.0
50,195,4,-1.0
50,196,4,-1.0
50,197,4,-1.0
50,198,4,-1.0
50,199,4,-1.0
50,200,4,-1.0
50,201,4,-1.0
50,202,4,-1.0
50,203,4,-1.0
50,204,4,-1.0
50,205,4,-1.0
50,206,4,-1.0
50,207,4,-1.0
50,208,4,-1.0
50,209,4,-1.0
50,210,4,-1.0
50,211,4,-1.0
50,212,4,-1.0
50,213,4,-1.0
50,214,4,-1.0
50,215,4,-1.0
50,216,4,-1.0
50,217,4,-1.0
50,218,4,-1.0
50,219,4,-1.0
50,220,4,-1.0
50,221,4,-1.0
50,222,4,-1.0
50,223,4,-1.0
50,224,4,-1.0
50,225,4,-1.0
50,226,4,-1.0
50,227,4,-1.0
50,228,4,-1.0
50,229,4,-1.0
50,230,4,-1.0
50,231,4,-1.0
50,232,4,-1.0
50,233,4,-1.0
50,234,4,-1.0
50,235,4,-1.0
50,236,4,-1.0
50,237,4,-1.0
50,238,4,-1.0
50,239,4,-1.0
50,240,4,-1.0
50,241,4,-1.0
50,242,4,-1.0
50,243,4,-1.0
50,244,4,-1.0
50,245,4,-1.0
50,246,4,-1.0
50,247,4,-1.0
50,248,4,-1.0
50,249,4,-1.0
50,250,4,-1.0
51,0,1,-1.0
51,1,1,-1.0
51,2,1,-1.0
51,3,1,-1.0
51,4,1,-1.0
51,5,1,-1.0
51,6,1,-1.0
51,7,1,-1.0
51,8,1,-1.0
51,9,1,-1.0
51,10,1,-1.0
51,11,1,-1.0
51,12,1,-1.0
51,13,1,-1.0
51,14,1,-1.0
51,15,1,-1.0
51,16,1,-1.0
51,17,1,-1.0
51,18,1,-1.0
51,19,1,-1.0
51,20,1,-1.0
51,21,1,-1.0
51,22,1,-1.0
51,23,1,-1.0
51,24,1,-1.0
51,25,1,-1.0
51,26,1,-1.0
51,27,1,-1.0
51,28,1,-1.0
51,29,1,-1.0
51,30,1,-1.0
51,31,1,-1.0
51,32,1,-1.0
51,33,1,-1.0
51,34,1,-1.0
51,35,1,-1.0
51,36,1,-1.0
51,37,1,-1.0
51,38,1,-1.0
51,39,1,-1.0
51,40,1,-1.0
51,41,1,-1.0
51,42,1,-1.0
51,43,1,-1.0
51,44,1,-1.0
51,45,1,-1.0
51,46,1,-1.0
51,47,1,-1.0
51,48,1,-1.0
51,49,1,-1.0
51,50,1,-1.0
51,51,1,-1.0
51,52,1,-1.0
51,53,1,-1.0
51,54,1,-1.0
51,55,1,-1.0
51,56,1,-1.0
51,57,1,-1.0
51,58,1,-1.0
51,59,1,-1.0
51,60,1,-1.0
51,61,1,-1.0
51,62,1,-1.0
51,63,1,-1.0
51,64,1,-1.0
51,65,1,-1.0
51,66,1,-1.0
51,67,1,-1.0
51,68,1,-1.0
51,69,1,-1.0
51,70,1,-1.0
51,71,1,-1.0
51,72,1,-1.0
51,73,1,-1.0
51,74,1,-1.0
51,75,1,-1.0
51,76,1,-1.0
51,77,1,-1.0
51,78,1,-1.0
51,79,1,-1.0
51,80,1,-1.0
51,81,1,-1.0
51,82,1,-1.0
51,83,1,-1.0
51,84,1,-1.0
51,85,1,-1.0
51,86,1,-1.0
51,87,1,-1.0
51,88,1,-1.0
51,89,1,-1.0
51,90,1,-1.0
51,91,1,-1.0
51,92,1,-1.0
51,93,1,-1.0
51,94,1,-1.0
51,95,1,-1.0
51,96,1,-1.0
51,97,1,-1.0
51,98,1,-1.0
51,99,1,-1.0
51,100,1,-1.0
51,101,1,-1.0
51,102,1,-1.0
51,103,1,-1.0
51,104,1,-1.0
51,105,1,-1.0
51,106,1,-1.0
51,107,1,-1.0
51,108,1,-1.0
51,109,1,-1.0
51,110,1,-1.0
51,111,1,-1.0
51,112,1,-1.0
51,113,1,-1.0
51,114,1,-1.0
51,115,1,-1.0
51,116,1,-1.0
51,117,1,-1.0
51,118,1,-1.0
51,119,1,-1.0
51,120,1,-1.0
51,121,1,-1.0
51,122,1,-1.0
51,123,1,-1.0
51,124,1,-1.0
51,125,1,-1.0
51,126,1,-1.0
51,127,1,-1.0
51,128,1,-1.0
51,129,1,-1.0
51,130,1,-1.0
51,131,1,-1.0
51,132,1,-1.0
51,133,1,-1.0
51,134,1,-1.0
51,135,1,-1.0
51,136,1,-1.0
51,137,1,-1.0
51,138,1,-1.0
51,139,1,-1.0
51,140,1,-1.0
51,141,1,-1.0
51,142,1,-1.0
51,143,1,-1.0
51,144,1,-1.0
51,145,1,-1.0
51,146,1,-1.0
51,147,1,-1.0
51,148,1,-1.0
51,149,1,-1.0
51,150,1,-1.0
51,151,1,-1.0
51,152,1,-1.0
51,153,1,-1.0
51,154,1,-1.0
51,155,1,-1.0
51,156,1,-1.0
51,157,1,-1.0
51,158,1,-1.0
51,159,1,-1.0
51,160,1,-1.0
51,161,1,-1.0
51,162,1,-1.0
51,163,1,-1.0
51,164,1,-1.0
51,165,1,-1.0
51,166,4,-1.0
51,167,4,-1.0
51,168,4,-1.0
51,169,4,-1.0
51,170,4,-1.0
51,171,4,-1.0
51,172,4,-1.0
51,173,4,-1.0
51,174,4,-1.0
51,175,4,-1.0
51,176,4,-1.0
51,177,4,-1.0
51,178,4,-1.0
51,179,4,-1.0
51,180,4,-1.0
51,181,4,-1.0
51,182,4,-1.0
51,183,4,-1.0
51,184,4,-1.0
51,185,4,-1.0
51,186,4,-1.0
51,187,4,-1.0
51,188,4,-1.0
51,189,4,-1.0
51,190,4,-1.0
51,191,4,-1.0
51,192,4,-1.0
51,193,4,-1.0
51,194,4,-1.0
51,195,4,-1.0
51,196,4,-1.0
51,197,4,-1.0
51,198,4,-1.0
51,199,4,-1.0
51,200,4,-1.0
51,201,4,-1.0
51,202,4,-1.0
51,203,4,-1.0
51,204,4,-1.0
51,205,4,-1.0
51,206,4,-1.0
51,207,4,-1.0
51,208,4,-1.0
51,209,4,-1.0
51,210,4,-1.0
51,211,4,-1.0
51,212,4,-1.0
51,213,4,-1.0
51,214,4,-1.0
51,215,4,-1.0
51,216,4,-1.0
51,217,4,-1.0
51,218,4,-1.0
51,219,4,-1.0
51,220,4,-1.0
51,221,4,-1.0
51,222,4,-1.0
51,223,4,-1.0
51,224,4,-1.0
51,225,4,-1.0
51,226,4,-1.0
51,227,4,-1.0
51,228,4,-1.0
51,229,4,-1.0
51,230,4,-1.0
51,231,4,-1.0
51,232,4,-1.0
51,233,4,-1.0
51,234,4,-1.0
51,235,4,-1.0
51,236,4,-1.0
51,237,4,-1.0
51,238,4,-1.0
51,239,4,-1.0
51,240,4,-1.0
51,241,4,-1.0
51,242,4,-1.0
51,243,4,-1.0
51,244,4,-1.0
51,245,4,-1.0
51,246,4,-1.0
51,247,4,-1.0
51,248,4,-1.0
51,249,4,-1.0
51,250,4,-1.0
52,0,1,-1.0
52,1,1,-1.0
52,2,1,-1.0
52,3,1,-1.0
52,4,1,-1.0
52,5,1,-1.0
52,6,1,-1.0
52,7,1,-1.0
52,8,1,-1.0
52,9,1,-1.0
52,10,1,-1.0
52,11,1,-1.0
52,12,1,-1.0
52,13,1,-1.0
52,14,1,-1.0
52,15,1,-1.0
52,16,1,-1.0
52,17,1,-1.0
52,18,1,-1.0
52,19,1,-1.0
52,20,1,-1.0
52,21,1,-1.0
52,22,1,-1.0
52,23,1,-1.0
52,24,1,-1.0
52,25,1,-1.0
52,26,1,-1.0
52,27,1,-1.0
52,28,1,-1.0
52,29,1,-1.0
52,30,1,-1.0
52,31,1,-1.0
52,32,1,-1.0
52,33,1,-1.0
52,34,1,-1.0
52,35,1,-1.0
52,36,1,-1.0
52,37,1,-1.0
52,38,1,-1.0
52,39,1,-1.0
52,40,1,-1.0
52,41,1,-1.0
52,42,1,-1.0
52,43,1,-1.0
52,44,1,-1.0
52,45,1,-1.0
52,46,1,-1.0
52,47,1,-1.0
52,48,1,-1.0
52,49,1,-1.0
52,50,1,-1.0
52,51,1,-1.0
52,52,1,-1.0
52,53,1,-1.0
52,54,1,-1.0
52,55,1,-1.0
52,56,1,-1.0
52,57,1,-1.0
52,58,1,-1.0
52,59,1,-1.0
52,60,1,-1.0
52,61,1,-1.0
52,62,1,-1.0
52,63,1,-1.0
52,64,1,-1.0
52,65,1,-1.0
52,66,1,-1.0
52,67,1,-1.0
52,68,1,-1.0
52,69,1,-1.0
52,70,1,-1.0
52,71,1,-1.0
52,72,1,-1.0
52,73,1,-1.0
52,74,1,-1.0
52,75,1,-1.0
52,76,1,-1.0
52,77,1,-1.0
52,78,1,-1.0
52,79,1,-1.0
52,80,1,-1.0
52,81,1,-1.0
52,82,1,-1.0
52,83,1,-1.0
52,84,1,-1.0
52,85,1,-1.0
52,86,1,-1.0
52,87,1,-1.0
52,88,1,-1.0
52,89,1,-1.0
52,90,1,-1.0
52,91,1,-1.0
52,92,1,-1.0
52,93,1,-1.0
52,94,1,-1.0
52,95,1,-1.0
52,96,1,-1.0
52,97,1,-1.0
52,98,1,-1.0
52,99,1,-1.0
52,100,1,-1.0
52,101,1,-1.0
52,102,1,-1.0
52,103,1,-1.0
52,104,1,-1.0
52,105,1,-1.0
52,106,1,-1.0
52,107,1,-1.0
52,108,1,-1.0
52,109,1,-1.0
52,110,1,-1.0
52,111,1,-1.0
52,112,1,-1.0
52,113,1,-1.0
52,114,1,-1.0
52,115,1,-1.0
52,116,1,-1.0
52,117,1,-1.0
52,118,1,-1.0
52,119,1,-1.0
52,120,1,-1.0
52,121,1,-1.0
52,122,1,-1.0
52,123,1,-1.0
52,124,1,-1.0
52,125,1,-1.0
52,126,1,-1.0
52,127,1,-1.0
52,128,1,-1.0
52,129,1,-1.0
52,130,1,-1.0
52,131,1,-1.0
52,132,1,-1.0
52,133,1,-1.0
52,134,1,-1.0
52,135,1,-1.0
52,136,1,-1.0
52,137,1,-1.0
52,138,1,-1.0
52,139,1,-1.0
52,140,1,-1.0
52,141,1,-1.0
52,142,1,-1.0
52,143,1,-1.0
52,144,1,-1.0
52,145,1,-1.0
52,146,1,-1.0
52,147,1,-1.0
52,148,1,-1.0
52,149,1,-1.0
52,150,1,-1.0
52,151,1,-1.0
52,152,1,-1.0
52,153,1,-1.0
52,154,1,-1.0
52,155,1,-1.0
52,156,1,-1.0
52,157,1,-1.0
52,158,1,-1.0
52,159,1,-1.0
52,160,1,-1.0
52,161,1,-1.0
52,162,1,-1.0
52,163,1,-1.0
52,164,1,-1.0
52,165,1,-1.0
52,166,4,-1.0
52,167,4,-1.0
52,168,4,-1.0
52,169,4,-1.0
52,170,4,-1.0
52,171,4,-1.0
52,172,4,-1.0
52,173,4,-1.0
52,174,4,-1.0
52,175,4,-1.0
52,176,4,-1.0
52,177,4,-1.0
52,178,4,-1.0
52,179,4,-1.0
52,180,4,-1.0
52,181,4,-1.0
52,182,4,-1.0
52,183,4,-1.0
52,184,4,-1.0
52,185,4,-1.0
52,186,4,-1.0
52,187,4,-1.0
52,188,4,-1.0
52,189,4,-1.0
52,190,4,-1.0
52,191,4,-1.0
52,192,4,-1.0
52,193,4,-1.0
52,194,4,-1.0
52,195,4,-1.0
52,196,4,-1.0
52,197,4,-1.0
52,198,4,-1.0
52,199,4,-1.0
52,200,4,-1.0
52,201,4,-1.0
52,202,4,-1.0
52,203,4,-1.0
52,204,4,-1.0
52,205,4,-1.0
52,206,4,-1.0
52,207,4,-1.0
52,208,4,-1.0
52,209,4,-1.0
52,210,4,-1.0
52,211,4,-1.0
52,212,4,-1.0
52,213,4,-1.0
52,214,4,-1.0
52,215,4,-1.0
52,216,4,-1.0
52,217,4,-1.0
52,218,4,-1.0
52,219,4,-1.0
52,220,4,-1.0
52,221,4,-1.0
52,222,4,-1.0
52,223,4,-1.0
52,224,4,-1.0
52,225,4,-1.0
52,226,4,-1.0
52,227,4,-1.0
52,228,4,-1.0
52,229,4,-1.0
52,230,4,-1.0
52,231,4,-1.0
52,232,4,-1.0
52,233,4,-1.0
52,234,4,-1.0
52,235,4,-1.0
52,236,4,-1.0
52,237,4,-1.0
52,238,4,-1.0
52,239,4,-1.0
52,240,4,-1.0
52,241,4,-1.0
52,242,4,-1.0
52,243,4,-1.0
52,244,4,-1.0
52,245,4,-1.0
52,246,4,-1.0
52,247,4,-1.0
52,248,4,-1.0
52,249,4,-1.0
52,250,4,-1.0
53,0,1,-1.0
53,1,1,-1.0
53,2,1,-1.0
53,3,1,-1.0
53,4,1,-1.0
53,5,1,-1.0
53,6,1,-1.0
53,7,1,-1.0
53,8,1,-1.0
53,9,1,-1.0
53,10,1,-1.0
53,11,1,-1.0
53,12,1,-1.0
53,13,1,-1.0
53,14,1,-1.0
53,15,1,-1.0
53,16,1,-1.0
53,17,1,-1.0
53,18,1,-1.0
53,19,1,-1.0
53,20,1,-1.0
53,21,1,-1.0
53,22,1,-1.0
53,23,1,-1.0
53,24,1,-1.0
53,25,1,-1.0
53,26,1,-1.0
53,27,1,-1.0
53,28,1,-1.0
53,29,1,-1.0
53,30,1,-1.0
53,31,1,-1.0
53,32,1,-1.0
53,33,1,-1.0
53,34,1,-1.0
53,35,1,-1.0
53,36,1,-1.0
53,37,1,-1.0
53,38,1,-1.0
53,39,1,-1.0
53,40,1,-1.0
53,41,1,-1.0
53,42,1,-1.0
53,43,1,-1.0
53,44,1,-1.0
53,45,1,-1.0
53,46,1,-1.0
53,47,1,-1.0
53,48,1,-1.0
53,49,1,-1.0
53,50,1,-1.0
53,51,1,-1.0
53,52,1,-1.0
53,53,1,-1.0
53,54,1,-1.0
53,55,1,-1.0
53,56,1,-1.0
53,57,1,-1.0
53,58,1,-1.0
53,59,1,-1.0
53,60,1,-1.0
53,61,1,-1.0
53,62,1,-1.0
53,63,1,-1.0
53,64,1,-1.0
53,65,1,-1.0
53,66,1,-1.0
53,67,1,-1.0
53,68,1,-1.0
53,69,1,-1.0
53,70,1,-1.0
53,71,1,-1.0
53,72,1,-1.0
53,73,1,-1.0
53,74,1,-1.0
53,75,1,-1.0
53,76,1,-1.0
53,77,1,-1.0
53,78,1,-1.0
53,79,1,-1.0
53,80,1,-1.0
53,81,1,-1.0
53,82,1,-1.0
53,83,1,-1.0
53,84,1,-1.0
53,85,1,-1.0
53,86,1,-1.0
53,87,1,-1.0
53,88,1,-1.0
53,89,1,-1.0
53,90,1,-1.0
53,91,1,-1.0
53,92,1,-1.0
53,93,1,-1.0
53,94,1,-1.0
53,95,1,-1.0
53,96,1,-1.0
53,97,1,-1.0
53,98,1,-1.0
53,99,1,-1.0
53,100,1,-1.0
53,101,1,-1.0
53,102,1,-1.0
53,103,1,-1.0
53,104,1,-1.0
53,105,1,-1.0
53,106,1,-1.0
53,107,1,-1.0
53,108,1,-1.0
53,109,1,-1.0
53,110,1,-1.0
53,111,1,-1.0
53,112,1,-1.0
53,113,1,-1.0
53,114,1,-1.0
53,115,1,-1.0
53,116,1,-1.0
53,117,1,-1.0
53,118,1,-1.0
53,119,1,-1.0
53,120,1,-1.0
53,121,1,-1.0
53,122,1,-1.0
53,123,1,-1.0
53,124,1,-1.0
53,125,1,-1.0
53,126,1,-1.0
53,127,1,-1.0
53,128,1,-1.0
53,129,1,-1.0
53,130,1,-1.0
53,131,1,-1.0
53,132,1,-1.0
53,133,1,-1.0
53,134,1,-1.0
53,135,1,-1.0
53,136,1,-1.0
53,137,1,-1.0
53,138,1,-1.0
53,139,1,-1.0
53,140,1,-1.0
53,141,1,-1.0
53,142,1,-1.0
53,143,1,-1.0
53,144,1,-1.0
53,145,1,-1.0
53,146,1,-1.0
53,147,1,-1.0
53,148,1,-1.0
53,149,1,-1.0
53,150,1,-1.0
53,151,1,-1.0
53,152,1,-1.0
53,153,1,-1.0
53,154,1,-1.0
53,155,1,-1.0
53,156,1,-1.0
53,157,1,-1.0
53,158,1,-1.0
53,159,1,-1.0
53,160,1,-1.0
53,161,1,-1.0
53,162,1,-1.0
53,163,1,-1.0
53,164,1,-1.0
53,165,1,-1.0
53,166,4,-1.0
53,167,4,-1.0
53,168,4,-1.0
53,169,4,-1.0
53,170,4,-1.0
53,171,4,-1.0
53,172,4,-1.0
53,173,4,-1.0
53,174,4,-1.0
53,175,4,-1.0
53,176,4,-1.0
53,177,4,-1.0
53,178,4,-1.0
53,179,4,-1.0
53,180,4,-1.0
53,181,4,-1.0
53,182,4,-1.0
53,183,4,-1.0
53,184,4,-1.0
53,185,4,-1.0
53,186,4,-1.0
53,187,4,-1.0
53,188,4,-1.0
53,189,4,-1.0
53,190,4,-1.0
53,191,4,-1.0
53,192,4,-1.0
53,193,4,-1.0
53,194,4,-1.0
53,195,4,-1.0
53,196,4,-1.0
53,197,4,-1.0
53,198,4,-1.0
53,199,4,-1.0
53,200,4,-1.0
53,201,4,-1.0
53,202,4,-1.0
53,203,4,-1.0
53,204,4,-1.0
53,205,4,-1.0
53,206,4,-1.0
53,207,4,-1.0
53,208,4,-1.0
53,209,4,-1.0
53,210,4,-1.0
53,211,4,-1.0
53,212,4,-1.0
53,213,4,-1.0
53,214,4,-1.0
53,215,4,-1.0
53,216,4,-1.0
53,217,4,-1.0
53,218,4,-1.0
53,219,4,-1.0
53,220,4,-1.0
53,221,4,-1.0
53,222,4,-1.0
53,223,4,-1.0
53,224,4,-1.0
53,225,4,-1.0
53,226,4,-1.0
53,227,4,-1.0
53,228,4,-1.0
53,229,4,-1.0
53,230,4,-1.0
53,231,4,-1.0
53,232,4,-1.0
53,233,4,-1.0
53,234,4,-1.0
53,235,4,-1.0
53,236,4,-1.0
53,237,4,-1.0
53,238,4,-1.0
53,239,4,-1.0
53,240,4,-1.0
53,241,4,-1.0
53,242,4,-1.0
53,243,4,-1.0
53,244,4,-1.0
53,245,4,-1.0
53,246,4,-1.0
53,247,4,-1.0
53,248,4,-1.0
53,249,4,-1.0
53,250,4,-1.0
54,0,1,-1.0
54,1,1,-1.0
54,2,1,-1.0
54,3,1,-1.0
54,4,1,-1.0
54,5,1,-1.0
54,6,1,-1.0
54,7,1,-1.0
54,8,1,-1.0
54,9,1,-1.0
54,10,1,-1.0
54,11,1,-1.0
54,12,1,-1.0
54,13,1,-1.0
54,14,1,-1.0
54,15,1,-1.0
54,16,1,-1.0
54,17,1,-1.0
54,18,1,-1.0
54,19,1,-1.0
54,20,1,-1.0
54,21,1,-1.0
54,22,1,-1.0
54,23,1,-1.0
54,24,1,-1.0
54,25,1,-1.0
54,26,1,-1.0
54,27,1,-1.0
54,28,1,-1.0
54,29,1,-1.0
54,30,1,-1.0
54,31,1,-1.0
54,32,1,-1.0
54,33,1,-1.0
54,34,1,-1.0
54,35,1,-1.0
54,36,1,-1.0
54,37,1,-1.0
54,38,1,-1.0
54,39,1,-1.0
54,40,1,-1.0
54,41,1,-1.0
54,42,1,-1.0
54,43,1,-1.0
54,44,1,-1.0
54,45,1,-1.0
54,46,1,-1.0
54,47,1,-1.0
54,48,1,-1.0
54,49,1,-1.0
54,50,1,-1.0
54,51,1,-1.0
54,52,1,-1.0
54,53,1,-1.0
54,54,1,-1.0
54,55,1,-1.0
54,56,1,-1.0
54,57,1,-1.0
54,58,1,-1.0
54,59,1,-1.0
54,60,1,-1.0
54,61,1,-1.0
54,62,1,-1.0
54,63,1,-1.0
54,64,1,-1.0
54,65,1,-1.0
54,66,1,-1.0
54,67,1,-1.0
54,68,1,-1.0
54,69,1,-1.0
54,70,1,-1.0
54,71,1,-1.0
54,72,1,-1.0
54,73,1,-1.0
54,74,1,-1.0
54,75,1,-1.0
54,76,1,-1.0
54,77,1,-1.0
54,78,1,-1.0
54,79,1,-1.0
54,80,1,-1.0
54,81,1,-1.0
54,82,1,-1.0
54,83,1,-1.0
54,84,1,-1.0
54,85,1,-1.0
54,86,1,-1.0
54,87,1,-1.0
54,88,1,-1.0
54,89,1,-1.0
54,90,1,-1.0
54,91,1,-1.0
54,92,1,-1.0
54,93,1,-1.0
54,94,1,-1.0
54,95,1,-1.0
54,96,1,-1.0
54,97,1,-1.0
54,98,1,-1.0
54,99,1,-1.0
54,100,1,-1.0
54,101,1,-1.0
54,102,1,-1.0
54,103,1,-1.0
54,104,1,-1.0
54,105,1,-1.0
54,106,1,-1.0
54,107,1,-1.0
54,108,1,-1.0
54,109,1,-1.0
54,110,1,-1.0
54,111,1,-1.0
54,112,1,-1.0
54,113,1,-1.0
54,114,1,-1.0
54,115,1,-1.0
54,116,1,-1.0
54,117,1,-1.0
54,118,1,-1.0
54,119,1,-1.0
54,120,1,-1.0
54,121,1,-1.0
54,122,1,-1.0
54,123,1,-1.0
54,124,1,-1.0
54,125,1,-1.0
54,126,1,-1.0
54,127,1,-1.0
54,128,1,-1.0
54,129,1,-1.0
54,130,1,-1.0
54,131,1,-1.0
54,132,1,-1.0
54,133,1,-1.0
54,134,1,-1.0
54,135,1,-1.0
54,136,1,-1.0
54,137,1,-1.0
54,138,1,-1.0
54,139,1,-1.0
54,140,1,-1.0
54,141,1,-1.0
54,142,1,-1.0
54,143,1,-1.0
54,144,1,-1.0
54,145,1,-1.0
54,146,1,-1.0
54,147,1,-1.0
54,148,1,-1.0
54,149,1,-1.0
54,150,1,-1.0
54,151,1,-1.0
54,152,1,-1.0
54,153,1,-1.0
54,154,1,-1.0
54,155,1,-1.0
54,156,1,-1.0
54,157,1,-1.0
54,158,1,-1.0
54,159,1,-1.0
54,160,1,-1.0
54,161,1,-1.0
54,162,1,-1.0
54,163,1,-1.0
54,164,1,-1.0
54,165,1,-1.0
54,166,4,-1.0
54,167,4,-1.0
54,168,4,-1.0
54,169,4,-1.0
54,170,4,-1.0
54,171,4,-1.0
54,172,4,-1.0
54,173,4,-1.0
54,174,4,-1.0
54,175,4,-1.0
54,176,4,-1.0
54,177,4,-1.0
54,178,4,-1.0
54,179,4,-1.0
54,180,4,-1.0
54,181,4,-1.0
54,182,4,-1.0
54,183,4,-1.0
54,184,4,-1.0
54,185,4,-1.0
54,186,4,-1.0
54,187,4,-1.0
54,188,4,-1.0
54,189,4,-1.0
54,190,4,-1.0
54,191,4,-1.0
54,192,4,-1.0
54,193,4,-1.0
54,194,4,-1.0
54,195,4,-1.0
54,196,4,-1.0
54,197,4,-1.0
54,198,4,-1.0
54,199,4,-1.0
54,200,4,-1.0
54,201,4,-1.0
54,202,4,-1.0
54,203,4,-1.0
54,204,4,-1.0
54,205,4,-1.0
54,206,4,-1.0
54,207,4,-1.0
54,208,4,-1.0
54,209,4,-1.0
54,210,4,-1.0
54,211,4,-1.0
54,212,4,-1.0
54,213,4,-1.0
54,214,4,-1.0
54,215,4,-1.0
54,216,4,-1.0
54,217,4,-1.0
54,218,4,-1.0
54,219,4,-1.0
54,220,4,-1.0
54,221,4,-1.0
54,222,4,-1.0
54,223,4,-1.0
54,224,4,-1.0
54,225,4,-1.0
54,226,4,-1.0
54,227,4,-1.0
54,228,4,-1.0
54,229,4,-1.0
54,230,4,-1.0
54,231,4,-1.0
54,232,4,-1.0
54,233,4,-1.0
54,234,4,-1.0
54,235,4,-1.0
54,236,4,-1.0
54,237,4,-1.0
54,238,4,-1.0
54,239,4,-1.0
54,240,4,-1.0
54,241,4,-1.0
54,242,4,-1.0
54,243,4,-1.0
54,244,4,-1.0
54,245,4,-1.0
54,246,4,-1.0
54,247,4,-1.0
54,248,4,-1.0
54,249,4,-1.0
54,250,4,-1.0
55,0,1,-1.0
55,1,1,-1.0
55,2,1,-1.0
55,3,1,-1.0
55,4,1,-1.0
55,5,1,-1.0
55,6,1,-1.0
55,7,1,-1.0
55,8,1,-1.0
55,9,1,-1.0
55,10,1,-1.0
55,11,1,-1.0
55,12,1,-1.0
55,13,1,-1.0
55,14,1,-1.0
55,15,1,-1.0
55,16,1,-1.0
55,17,1,-1.0
55,18,1,-1.0
55,19,1,-1.0
55,20,1,-1.0
55,21,1,-1.0
55,22,1,-1.0
55,23,1,-1.0
55,24,1,-1.0
55,25,1,-1.0
55,26,1,-1.0
55,27,1,-1.0
55,28,1,-1.0
55,29,1,-1.0
55,30,1,-1.0
55,31,1,-1.0
55,32,1,-1.0
55,33,1,-1.0
55,34,1,-1.0
55,35,1,-1.0
55,36,1,-1.0
55,37,1,-1.0
55,38,1,-1.0
55,39,1,-1.0
55,40,1,-1.0
55,41,1,-1.0
55,42,1,-1.0
55,43,1,-1.0
55,44,1,-1.0
55,45,1,-1.0
55,46,1,-1.0
55,47,1,-1.0
55,48,1,-1.0
55,49,1,-1.0
55,50,1,-1.0
55,51,1,-1.0
55,52,1,-1.0
55,53,1,-1.0
55,54,1,-1.0
55,55,1,-1.0
55,56,1,-1.0
55,57,1,-1.0
55,58,1,-1.0
55,59,1,-1.0
55,60,1,-1.0
55,61,1,-1.0
55,62,1,-1.0
55,63,1,-1.0
55,64,1,-1.0
55,65,1,-1.0
55,66,1,-1.0
55,67,1,-1.0
55,68,1,-1.0
55,69,1,-1.0
55,70,1,-1.0
55,71,1,-1.0
55,72,1,-1.0
55,73,1,-1.0
55,74,1,-1.0
55,75,1,-1.0
55,76,1,-1.0
55,77,1,-1.0
55,78,1,-1.0
55,79,1,-1.0
55,80,1,-1.0
55,81,1,-1.0
55,82,1,-1.0
55,83,1,-1.0
55,84,1,-1.0
55,85,1,-1.0
55,86,1,-1.0
55,87,1,-1.0
55,88,1,-1.0
55,89,1,-1.0
55,90,1,-1.0
55,91,1,-1.0
55,92,1,-1.0
55,93,1,-1.0
55,94,1,-1.0
55,95,1,-1.0
55,96,1,-1.0
55,97,1,-1.0
55,98,1,-1.0
55,99,1,-1.0
55,100,1,-1.0
55,101,1,-1.0
55,102,1,-1.0
55,103,1,-1.0
55,104,1,-1.0
55,105,1,-1.0
55,106,1,-1.0
55,107,1,-1.0
55,108,1,-1.0
55,109,1,-1.0
55,110,1,-1.0
55,111,1,-1.0
55,112,1,-1.0
55,113,1,-1.0
55,114,1,-1.0
55,115,1,-1.0
55,116,1,-1.0
55,117,1,-1.0
55,118,1,-1.0
55,119,1,-1.0
55,120,1,-1.0
55,121,1,-1.0
55,122,1,-1.0
55,123,1,-1.0
55,124,1,-1.0
55,125,1,-1.0
55,126,1,-1.0
55,127,1,-1.0
55,128,1,-1.0
55,129,1,-1.0
55,130,1,-1.0
55,131,1,-1.0
55,132,1,-1.0
55,133,1,-1.0
55,134,1,-1.0
55,135,1,-1.0
55,136,1,-1.0
55,137,1,-1.0
55,138,1,-1.0
55,139,1,-1.0
55,140,1,-1.0
55,141,1,-1.0
55,142,1,-1.0
55,143,1,-1.0
55,144,1,-1.0
55,145,1,-1.0
55,146,1,-1.0
55,147,1,-1.0
55,148,1,-1.0
55,149,1,-1.0
55,150,1,-1.0
55,151,1,-1.0
55,152,1,-1.0
55,153,1,-1.0
55,154,1,-1.0
55,155,1,-1.0
55,156,1,-1.0
55,157,1,-1.0
55,158,1,-1.0
55,159,1,-1.0
55,160,1,-1.0
55,161,1,-1.0
55,162,1,-1.0
55,163,1,-1.0
55,164,1,-1.0
55,165,1,-1.0
55,166,4,-1.0
55,167,4,-1.0
55,168,4,-1.0
55,169,4,-1.0
55,170,4,-1.0
55,171,4,-1.0
55,172,4,-1.0
55,173,4,-1.0
55,174,4,-1.0
55,175,4,-1.0
55,176,4,-1.0
55,177,4,-1.0
55,178,4,-1.0
55,179,4,-1.0
55,180,4,-1.0
55,181,4,-1.0
55,182,4,-1.0
55,183,4,-1.0
55,184,4,-1.0
55,185,4,-1.0
55,186,4,-1.0
55,187,4,-1.0
55,188,4,-1.0
55,189,4,-1.0
55,190,4,-1.0
55,191,4,-1.0
55,192,4,-1.0
55,193,4,-1.0
55,194,4,-1.0
55,195,4,-1.0
55,196,4,-1.0
55,197,4,-1.0
55,198,4,-1.0
55,199,4,-1.0
55,200,4,-1.0
55,201,4,-1.0
55,202,4,-1.0
55,203,4,-1.0
55,204,4,-1.0
55,205,4,-1.0
55,206,4,-1.0
55,207,4,-1.0
55,208,4,-1.0
55,209,4,-1.0
55,210,4,-1.0
55,211,4,-1.0
55,212,4,-1.0
55,213,4,-1.0
55,214,4,-1.0
55,215,4,-1.0
55,216,4,-1.0
55,217,4,-1.0
55,218,4,-1.0
55,219,4,-1.0
55,220,4,-1.0
55,221,4,-1.0
55,222,4,-1.0
55,223,4,-1.0
55,224,4,-1.0
55,225,4,-1.0
55,226,4,-1.0
55,227,4,-1.0
55,228,4,-1.0
55,229,4,-1.0
55,230,4,-1.0
55,231,4,-1.0
55,232,4,-1.0
55,233,4,-1.0
55,234,4,-1.0
55,235,4,-1.0
55,236,4,-1.0
55,237,4,-1.0
55,238,4,-1.0
55,239,4,-1.0
55,240,4,-1.0
55,241,4,-1.0
55,242,4,-1.0
55,243,4,-1.0
55,244,4,-1.0
55,245,4,-1.0
55,246,4,-1.0
55,247,4,-1.0
55,248,4,-1.0
55,249,4,-1.0
55,250,4,-1.0
56,0,1,-1.0
56,1,1,-1.0
56,2,1,-1.0
56,3,1,-1.0
56,4,1,-1.0
56,5,1,-1.0
56,6,1,-1.0
56,7,1,-1.0
56,8,1,-1.0
56,9,1,-1.0
56,10,1,-1.0
56,11,1,-1.0
56,12,1,-1.0
56,13,1,-1.0
56,14,1,-1.0
56,15,1,-1.0
56,16,1,-1.0
56,17,1,-1.0
56,18,1,-1.0
56,19,1,-1.0
56,20,1,-1.0
56,21,1,-1.0
56,22,1,-1.0
56,23,1,-1.0
56,24,1,-1.0
56,25,1,-1.0
56,26,1,-1.0
56,27,1,-1.0
56,28,1,-1.0
56,29,1,-1.0
56,30,1,-1.0
56,31,1,-1.0
56,32,1,-1.0
56,33,1,-1.0
56,34,1,-1.0
56,35,1,-1.0
56,36,1,-1.0
56,37,1,-1.0
56,38,1,-1.0
56,39,1,-1.0
56,40,1,-1.0
56,41,1,-1.0
56,42,1,-1.0
56,43,1,-1.0
56,44,1,-1.0
56,45,1,-1.0
56,46,1,-1.0
56,47,1,-1.0
56,48,1,-1.0
56,49,1,-1.0
56,50,1,-1.0
56,51,1,-1.0
56,52,1,-1.0
56,53,1,-1.0
56,54,1,-1.0
56,55,1,-1.0
56,56,1,-1.0
56,57,1,-1.0
56,58,1,-1.0
56,59,1,-1.0
56,60,1,-1.0
56,61,1,-1.0
56,62,1,-1.0
56,63,1,-1.0
56,64,1,-1.0
56,65,1,-1.0
56,66,1,-1.0
56,67,1,-1.0
56,68,1,-1.0
56,69,1,-1.0
56,70,1,-1.0
56,71,1,-1.0
56,72,1,-1.0
56,73,1,-1.0
56,74,1,-1.0
56,75,1,-1.0
56,76,1,-1.0
56,77,1,-1.0
56,78,1,-1.0
56,79,1,-1.0
56,80,1,-1.0
56,81,1,-1.0
56,82,1,-1.0
56,83,1,-1.0
56,84,1,-1.0
56,85,1,-1.0
56,86,1,-1.0
56,87,1,-1.0
56,88,1,-1.0
56,89,1,-1.0
56,90,1,-1.0
56,91,1,-1.0
56,92,1,-1.0
56,93,1,-1.0
56,94,1,-1.0
56,95,1,-1.0
56,96,1,-1.0
56,97,1,-1.0
56,98,1,-1.0
56,99,1,-1.0
56,100,1,-1.0
56,101,1,-1.0
56,102,1,-1.0
56,103,1,-1.0
56,104,1,-1.0
56,105,1,-1.0
56,106,1,-1.0
56,107,1,-1.0
56,108,1,-1.0
56,109,1,-1.0
56,110,1,-1.0
56,111,1,-1.0
56,112,1,-1.0
56,113,1,-1.0
56,114,1,-1.0
56,115,1,-1.0
56,116,1,-1.0
56,117,1,-1.0
56,118,1,-1.0
56,119,1,-1.0
56,120,1,-1.0
56,121,1,-1.0
56,122,1,-1.0
56,123,1,-1.0
56,124,1,-1.0
56,125,1,-1.0
56,126,1,-1.0
56,127,1,-1.0
56,128,1,-1.0
56,129,1,-1.0
56,130,1,-1.0
56,131,1,-1.0
56,132,1,-1.0
56,133,1,-1.0
56,134,1,-1.0
56,135,1,-1.0
56,136,1,-1.0
56,137,1,-1.0
56,138,1,-1.0
56,139,1,-1.0
56,140,1,-1.0
56,141,1,-1.0
56,142,1,-1.0
56,143,1,-1.0
56,144,1,-1.0
56,145,1,-1.0
56,146,1,-1.0
56,147,1,-1.0
56,148,1,-1.0
56,149,1,-1.0
56,150,1,-1.0
56,151,1,-1.0
56,152,1,-1.0
56,153,1,-1.0
56,154,1,-1.0
56,155,1,-1.0
56,156,1,-1.0
56,157,1,-1.0
56,158,1,-1.0
56,159,1,-1.0
56,160,1,-1.0
56,161,1,-1.0
56,162,1,-1.0
56,163,1,-1.0
56,164,1,-1.0
56,165,1,-1.0
56,166,4,-1.0
56,167,4,-1.0
56,168,4,-1.0
56,169,4,-1.0
56,170,4,-1.0
56,171,4,-1.0
56,172,4,-1.0
56,173,4,-1.0
56,174,4,-1.0
56,175,4,-1.0
56,176,4,-1.0
56,177,4,-1.0
56,178,4,-1.0
56,179,4,-1.0
56,180,4,-1.0
56,181,4,-1.0
56,182,4,-1.0
56,183,4,-1.0
56,184,4,-1.0
56,185,4,-1.0
56,186,4,-1.0
56,187,4,-1.0
56,188,4,-1.0
56,189,4,-1.0
56,190,4,-1.0
56,191,4,-1.0
56,192,4,-1.0
56,193,4,-1.0
56,194,4,-1.0
56,195,4,-1.0
56,196,4,-1.0
56,197,4,-1.0
56,198,4,-1.0
56,199,4,-1.0
56,200,4,-1.0
56,201,4,-1.0
56,202,4,-1.0
56,203,4,-1.0
56,204,4,-1.0
56,205,4,-1.0
56,206,4,-1.0
56,207,4,-1.0
56,208,4,-1.0
56,209,4,-1.0
56,210,4,-1.0
56,211,4,-1.0
56,212,4,-1.0
56,213,4,-1.0
56,214,4,-1.0
56,215,4,-1.0
56,216,4,-1.0
56,217,4,-1.0
56,218,4,-1.0
56,219,4,-1.0
56,220,4,-1.0
56,221,4,-1.0
56,222,4,-1.0
56,223,4,-1.0
56,224,4,-1.0
56,225,4,-1.0
56,226,4,-1.0
56,227,4,-1.0
56,228,4,-1.0
56,229,4,-1.0
56,230,4,-1.0
56,231,4,-1.0
56,232,4,-1.0
56,233,4,-1.0
56,234,4,-1.0
56,235,4,-1.0
56,236,4,-1.0
56,237,4,-1.0
56,238,4,-1.0
56,239,4,-1.0
56,240,4,-1.0
56,241,4,-1.0
56,242,4,-1.0
56,243,4,-1.0
56,244,4,-1.0
56,245,4,-1.0
56,246,4,-1.0
56,247,4,-1.0
56,248,4,-1.0
56,249,4,-1.0
56,250,4,-1.0
57,0,1,-1.0
57,1,1,-1.0
57,2,1,-1.0
57,3,1,-1.0
57,4,1,-1.0
57,5,1,-1.0
57,6,1,-1.0
57,7,1,-1.0
57,8,1,-1.0
57,9,1,-1.0
57,10,1,-1.0
57,11,1,-1.0
57,12,1,-1.0
57,13,1,-1.0
57,14,1,-1.0
57,15,1,-1.0
57,16,1,-1.0
57,17,1,-1.0
57,18,1,-1.0
57,19,1,-1.0
57,20,1,-1.0
57,21,1,-1.0
57,22,1,-1.0
57,23,1,-1.0
57,24,1,-1.0
57,25,1,-1.0
57,26,1,-1.0
57,27,1,-1.0
57,28,1,-1.0
57,29,1,-1.0
57,30,1,-1.0
57,31,1,-1.0
57,32,1,-1.0
57,33,1,-1.0
57,34,1,-1.0
57,35,1,-1.0
57,36,1,-1.0
57,37,1,-1.0
57,38,1,-1.0
57,39,1,-1.0
57,40,1,-1.0
57,41,1,-1.0
57,42,1,-1.0
57,43,1,-1.0
57,44,1,-1.0
57,45,1,-1.0
57,46,1,-1.0
57,47,1,-1.0
57,48,1,-1.0
57,49,1,-1.0
57,50,1,-1.0
57,51,1,-1.0
57,52,1,-1.0
57,53,1,-1.0
57,54,1,-1.0
57,55,1,-1.0
57,56,1,-1.0
57,57,1,-1.0
57,58,1,-1.0
57,59,1,-1.0
57,60,1,-1.0
57,61,1,-1.0
57,62,1,-1.0
57,63,1,-1.0
57,64,1,-1.0
57,65,1,-1.0
57,66,1,-1.0
57,67,1,-1.0
57,68,1,-1.0
57,69,1,-1.0
57,70,1,-1.0
57,71,1,-1.0
57,72,1,-1.0
57,73,1,-1.0
57,74,1,-1.0
57,75,1,-1.0
57,76,1,-1.0
57,77,1,-1.0
57,78,1,-1.0
57,79,1,-1.0
57,80,1,-1.0
57,81,1,-1.0
57,82,1,-1.0
57,83,1,-1.0
57,84,1,-1.0
57,85,1,-1.0
57,86,1,-1.0
57,87,1,-1.0
57,88,1,-1.0
57,89,1,-1.0
57,90,1,-1.0
57,91,1,-1.0
57,92,1,-1.0
57,93,1,-1.0
57,94,1,-1.0
57,95,1,-1.0
57,96,1,-1.0
57,97,1,-1.0
57,98,1,-1.0
57,99,1,-1.0
57,100,1,-1.0
57,101,1,-1.0
57,102,1,-1.0
57,103,1,-1.0
57,104,1,-1.0
57,105,1,-1.0
57,106,1,-1.0
57,107,1,-1.0
57,108,1,-1.0
57,109,1,-1.0
57,110,1,-1.0
57,111,1,-1.0
57,112,1,-1.0
57,113,1,-1.0
57,114,1,-1.0
57,115,1,-1.0
57,116,1,-1.0
57,117,1,-1.0
57,118,1,-1.0
57,119,1,-1.0
57,120,1,-1.0
57,121,1,-1.0
57,122,1,-1.0
57,123,1,-1.0
57,124,1,-1.0
57,125,1,-1.0
57,126,1,-1.0
57,127,1,-1.0
57,128,1,-1.0
57,129,1,-1.0
57,130,1,-1.0
57,131,1,-1.0
57,132,1,-1.0
57,133,1,-1.0
57,134,1,-1.0
57,135,1,-1.0
57,136,1,-1.0
57,137,1,-1.0
57,138,1,-1.0
57,139,1,-1.0
57,140,1,-1.0
57,141,1,-1.0
57,142,1,-1.0
57,143,1,-1.0
57,144,1,-1.0
57,145,1,-1.0
57,146,1,-1.0
57,147,1,-1.0
57,148,1,-1.0
57,149,1,-1.0
57,150,1,-1.0
57,151,1,-1.0
57,152,1,-1.0
57,153,1,-1.0
57,154,1,-1.0
57,155,1,-1.0
57,156,1,-1.0
57,157,1,-1.0
57,158,1,-1.0
57,159,1,-1.0
57,160,1,-1.0
57,161,1,-1.0
57,162,1,-1.0
57,163,1,-1.0
57,164,1,-1.0
57,165,1,-1.0
57,166,4,-1.0
57,167,4,-1.0
57,168,4,-1.0
57,169,4,-1.0
57,170,4,-1.0
57,171,4,-1.0
57,172,4,-1.0
57,173,4,-1.0
57,174,4,-1.0
57,175,4,-1.0
57,176,4,-1.0
57,177,4,-1.0
57,178,4,-1.0
57,179,4,-1.0
57,180,4,-1.0
57,181,4,-1.0
57,182,4,-1.0
57,183,4,-1.0
57,184,4,-1.0
57,185,4,-1.0
57,186,4,-1.0
57,187,4,-1.0
57,188,4,-1.0
57,189,4,-1.0
57,190,4,-1.0
57,191,4,-1.0
57,192,4,-1.0
57,193,4,-1.0
57,194,4,-1.0
57,195,4,-1.0
57,196,4,-1.0
57,197,4,-1.0
57,198,4,-1.0
57,199,4,-1.0
57,200,4,-1.0
57,201,4,-1.0
57,202,4,-1.0
57,203,4,-1.0
57,204,4,-1.0
57,205,4,-1.0
57,206,4,-1.0
57,207,4,-1.0
57,208,4,-1.0
57,209,4,-1.0
57,210,4,-1.0
57,211,4,-1.0
57,212,4,-1.0
57,213,4,-1.0
57,214,4,-1.0
57,215,4,-1.0
57,216,4,-1.0
57,217,4,-1.0
57,218,4,-1.0
57,219,4,-1.0
57,220,4,-1.0
57,221,4,-1.0
57,222,4,-1.0
57,223,4,-1.0
57,224,4,-1.0
57,225,4,-1.0
57,226,4,-1.0
57,227,4,-1.0
57,228,4,-1.0
57,229,4,-1.0
57,230,4,-1.0
57,231,4,-1.0
57,232,4,-1.0
57,233,4,-1.0
57,234,4,-1.0
57,235,4,-1.0
57,236,4,-1.0
57,237,4,-1.0
57,238,4,-1.0
57,239,4,-1.0
57,240,4,-1.0
57,241,4,-1.0
57,242,4,-1.0
57,243,4,-1.0
57,244,4,-1.0
57,245,4,-1.0
57,246,4,-1.0
57,247,4,-1.0
57,248,4,-1.0
57,249,4,-1.0
57,250,4,-1.0
58,0,1,-1.0
58,1,1,-1.0
58,2,1,-1.0
58,3,1,-1.0
58,4,1,-1.0
58,5,1,-1.0
58,6,1,-1.0
58,7,1,-1.0
58,8,1,-1.0
58,9,1,-1.0
58,10,1,-1.0
58,11,1,-1.0
58,12,1,-1.0
58,13,1,-1.0
58,14,1,-1.0
58,15,1,-1.0
58,16,1,-1.0
58,17,1,-1.0
58,18,1,-1.0
58,19,1,-1.0
58,20,1,-1.0
58,21,1,-1.0
58,22,1,-1.0
58,23,1,-1.0
58,24,1,-1.0
58,25,1,-1.0
58,26,1,-1.0
58,27,1,-1.0
58,28,1,-1.0
58,29,1,-1.0
58,30,1,-1.0
58,31,1,-1.0
58,32,1,-1.0
58,33,1,-1.0
58,34,1,-1.0
58,35,1,-1.0
58,36,1,-1.0
58,37,1,-1.0
58,38,1,-1.0
58,39,1,-1.0
58,40,1,-1.0
58,41,1,-1.0
58,42,1,-1.0
58,43,1,-1.0
58,44,1,-1.0
58,45,1,-1.0
58,46,1,-1.0
58,47,1,-1.0
58,48,1,-1.0
58,49,1,-1.0
58,50,1,-1.0
58,51,1,-1.0
58,52,1,-1.0
58,53,1,-1.0
58,54,1,-1.0
58,55,1,-1.0
58,56,1,-1.0
58,57,1,-1.0
58,58,1,-1.0
58,59,1,-1.0
58,60,1,-1.0
58,61,1,-1.0
58,62,1,-1.0
58,63,1,-1.0
58,64,1,-1.0
58,65,1,-1.0
58,66,1,-1.0
58,67,1,-1.0
58,68,1,-1.0
58,69,1,-1.0
58,70,1,-1.0
58,71,1,-1.0
58,72,1,-1.0
58,73,1,-1.0
58,74,1,-1.0
58,75,1,-1.0
58,76,1,-1.0
58,77,1,-1.0
58,78,1,-1.0
58,79,1,-1.0
58,80,1,-1.0
58,81,1,-1.0
58,82,1,-1.0
58,83,1,-1.0
58,84,1,-1.0
58,85,1,-1.0
58,86,1,-1.0
58,87,1,-1.0
58,88,1,-1.0
58,89,1,-1.0
58,90,1,-1.0
58,91,1,-1.0
58,92,1,-1.0
58,93,1,-1.0
58,94,1,-1.0
58,95,1,-1.0
58,96,1,-1.0
58,97,1,-1.0
58,98,1,-1.0
58,99,1,-1.0
58,100,1,-1.0
58,101,1,-1.0
58,102,1,-1.0
58,103,1,-1.0
58,104,1,-1.0
58,105,1,-1.0
58,106,1,-1.0
58,107,1,-1.0
58,108,1,-1.0
58,109,1,-1.0
58,110,1,-1.0
58,111,1,-1.0
58,112,1,-1.0
58,113,1,-1.0
58,114,1,-1.0
58,115,1,-1.0
58,116,1,-1.0
58,117,1,-1.0
58,118,1,-1.0
58,119,1,-1.0
58,120,1,-1.0
58,121,1,-1.0
58,122,1,-1.0
58,123,1,-1.0
58,124,1,-1.0
58,125,1,-1.0
58,126,1,-1.0
58,127,1,-1.0
58,128,1,-1.0
58,129,1,-1.0
58,130,1,-1.0
58,131,1,-1.0
58,132,1,-1.0
58,133,1,-1.0
58,134,1,-1.0
58,135,1,-1.0
58,136,1,-1.0
58,137,1,-1.0
58,138,1,-1.0
58,139,1,-1.0
58,140,1,-1.0
58,141,1,-1.0
58,142,1,-1.0
58,143,1,-1.0
58,144,1,-1.0
58,145,1,-1.0
58,146,1,-1.0
58,147,1,-1.0
58,148,1,-1.0
58,149,1,-1.0
58,150,1,-1.0
58,151,1,-1.0
58,152,1,-1.0
58,153,1,-1.0
58,154,1,-1.0
58,155,1,-1.0
58,156,1,-1.0
58,157,1,-1.0
58,158,1,-1.0
58,159,1,-1.0
58,160,1,-1.0
58,161,1,-1.0
58,162,1,-1.0
58,163,1,-1.0
58,164,1,-1.0
58,165,1,-1.0
58,166,4,-1.0
58,167,4,-1.0
58,168,4,-1.0
58,169,4,-1.0
58,170,4,-1.0
58,171,4,-1.0
58,172,4,-1.0
58,173,4,-1.0
58,174,4,-1.0
58,175,4,-1.0
58,176,4,-1.0
58,177,4,-1.0
58,178,4,-1.0
58,179,4,-1.0
58,180,4,-1.0
58,181,4,-1.0
58,182,4,-1.0
58,183,4,-1.0
58,184,4,-1.0
58,185,4,-1.0
58,186,4,-1.0
58,187,4,-1.0
58,188,4,-1.0
58,189,4,-1.0
58,190,4,-1.0
58,191,4,-1.0
58,192,4,-1.0
58,193,4,-1.0
58,194,4,-1.0
58,195,4,-1.0
58,196,4,-1.0
58,197,4,-1.0
58,198,4,-1.0
58,199,4,-1.0
58,200,4,-1.0
58,201,4,-1.0
58,202,4,-1.0
58,203,4,-1.0
58,204,4,-1.0
58,205,4,-1.0
58,206,4,-1.0
58,207,4,-1.0
58,208,4,-1.0
58,209,4,-1.0
58,210,4,-1.0
58,211,4,-1.0
58,212,4,-1.0
58,213,4,-1.0
58,214,4,-1.0
58,215,4,-1.0
58,216,4,-1.0
58,217,4,-1.0
58,218,4,-1.0
58,219,4,-1.0
58,220,4,-1.0
58,221,4,-1.0
58,222,4,-1.0
58,223,4,-1.0
58,224,4,-1.0
58,225,4,-1.0
58,226,4,-1.0
58,227,4,-1.0
58,228,4,-1.0
58,229,4,-1.0
58,230,4,-1.0
58,231,4,-1.0
58,232,4,-1.0
58,233,4,-1.0
58,234,4,-1.0
58,235,4,-1.0
58,236,4,-1.0
58,237,4,-1.0
58,238,4,-1.0
58,239,4,-1.0
58,240,4,-1.0
58,241,4,-1.0
58,242,4,-1.0
58,243,4,-1.0
58,244,4,-1.0
58,245,4,-1.0
58,246,4,-1.0
58,247,4,-1.0
58,248,4,-1.0
58,249,4,-1.0
58,250,4,-1.0
59,0,1,-1.0
59,1,1,-1.0
59,2,1,-1.0
59,3,1,-1.0
59,4,1,-1.0
59,5,1,-1.0
59,6,1,-1.0
59,7,1,-1.0
59,8,1,-1.0
59,9,1,-1.0
59,10,1,-1.0
59,11,1,-1.0
59,12,1,-1.0
59,13,1,-1.0
59,14,1,-1.0
59,15,1,-1.0
59,16,1,-1.0
59,17,1,-1.0
59,18,1,-1.0
59,19,1,-1.0
59,20,1,-1.0
59,21,1,-1.0
59,22,1,-1.0
59,23,1,-1.0
59,24,1,-1.0
59,25,1,-1.0
59,26,1,-1.0
59,27,1,-1.0
59,28,1,-1.0
59,29,1,-1.0
59,30,1,-1.0
59,31,1,-1.0
59,32,1,-1.0
59,33,1,-1.0
59,34,1,-1.0
59,35,1,-1.0
59,36,1,-1.0
59,37,1,-1.0
59,38,1,-1.0
59,39,1,-1.0
59,40,1,-1.0
59,41,1,-1.0
59,42,1,-1.0
59,43,1,-1.0
59,44,1,-1.0
59,45,1,-1.0
59,46,1,-1.0
59,47,1,-1.0
59,48,1,-1.0
59,49,1,-1.0
59,50,1,-1.0
59,51,1,-1.0
59,52,1,-1.0
59,53,1,-1.0
59,54,1,-1.0
59,55,1,-1.0
59,56,1,-1.0
59,57,1,-1.0
59,58,1,-1.0
59,59,1,-1.0
59,60,1,-1.0
59,61,1,-1.0
59,62,1,-1.0
59,63,1,-1.0
59,64,1,-1.0
59,65,1,-1.0
59,66,1,-1.0
59,67,1,-1.0
59,68,1,-1.0
59,69,1,-1.0
59,70,1,-1.0
59,71,1,-1.0
59,72,1,-1.0
59,73,1,-1.0
59,74,1,-1.0
59,75,1,-1.0
59,76,1,-1.0
59,77,1,-1.0
59,78,1,-1.0
59,79,1,-1.0
59,80,1,-1.0
59,81,1,-1.0
59,82,1,-1.0
59,83,1,-1.0
59,84,1,-1.0
59,85,1,-1.0
59,86,1,-1.0
59,87,1,-1.0
59,88,1,-1.0
59,89,1,-1.0
59,90,1,-1.0
59,91,1,-1.0
59,92,1,-1.0
59,93,1,-1.0
59,94,1,-1.0
59,95,1,-1.0
59,96,1,-1.0
59,97,1,-1.0
59,98,1,-1.0
59,99,1,-1.0
59,100,1,-1.0
59,101,1,-1.0
59,102,1,-1.0
59,103,1,-1.0
59,104,1,-1.0
59,105,1,-1.0
59,106,1,-1.0
59,107,1,-1.0
59,108,1,-1.0
59,109,1,-1.0
59,110,1,-1.0
59,111,1,-1.0
59,112,1,-1.0
59,113,1,-1.0
59,114,1,-1.0
59,115,1,-1.0
59,116,1,-1.0
59,117,1,-1.0
59,118,1,-1.0
59,119,1,-1.0
59,120,1,-1.0
59,121,1,-1.0
59,122,1,-1.0
59,123,1,-1.0
59,124,1,-1.0
59,125,1,-1.0
59,126,1,-1.0
59,127,1,-1.0
59,128,1,-1.0
59,129,1,-1.0
59,130,1,-1.0
59,131,1,-1.0
59,132,1,-1.0
59,133,1,-1.0
59,134,1,-1.0
59,135,1,-1.0
59,136,1,-1.0
59,137,1,-1.0
59,138,1,-1.0
59,139,1,-1.0
59,140,1,-1.0
59,141,1,-1.0
59,142,1,-1.0
59,143,1,-1.0
59,144,1,-1.0
59,145,1,-1.0
59,146,1,-1.0
59,147,1,-1.0
59,148,1,-1.0
59,149,1,-1.0
59,150,1,-1.0
59,151,1,-1.0
59,152,1,-1.0
59,153,1,-1.0
59,154,1,-1.0
59,155,1,-1.0
59,156,1,-1.0
59,157,1,-1.0
59,158,1,-1.0
59,159,1,-1.0
59,160,1,-1.0
59,161,1,-1.0
59,162,1,-1.0
59,163,1,-1.0
59,164,1,-1.0
59,165,1,-1.0
59,166,4,-1.0
59,167,4,-1.0
59,168,4,-1.0
59,169,4,-1.0
59,170,4,-1.0
59,171,4,-1.0
59,172,4,-1.0
59,173,4,-1.0
59,174,4,-1.0
59,175,4,-1.0
59,176,4,-1.0
59,177,4,-1.0
59,178,4,-1.0
59,179,4,-1.0
59,180,4,-1.0
59,181,4,-1.0
59,182,4,-1.0
59,183,4,-1.0
59,184,4,-1.0
59,185,4,-1.0
59,186,4,-1.0
59,187,4,-1.0
59,188,4,-1.0
59,189,4,-1.0
59,190,4,-1.0
59,191,4,-1.0
59,192,4,-1.0
59,193,4,-1.0
59,194,4,-1.0
59,195,4,-1.0
59,196,4,-1.0
59,197,4,-1.0
59,198,4,-1.0
59,199,4,-1.0
59,200,4,-1.0
59,201,4,-1.0
59,202,4,-1.0
59,203,4,-1.0
59,204,4,-1.0
59,205,4,-1.0
59,206,4,-1.0
59,207,4,-1.0
59,208,4,-1.0
59,209,4,-1.0
59,210,4,-1.0
59,211,4,-1.0
59,212,4,-1.0
59,213,4,-1.0
59,214,4,-1.0
59,215,4,-1.0
59,216,4,-1.0
59,217,4,-1.0
59,218,4,-1.0
59,219,4,-1.0
59,220,4,-1.0
59,221,4,-1.0
59,222,4,-1.0
59,223,4,-1.0
59,224,4,-1.0
59,225,4,-1.0
59,226,4,-1.0
59,227,4,-1.0
59,228,4,-1.0
59,229,4,-1.0
59,230,4,-1.0
59,231,4,-1.0
59,232,4,-1.0
59,233,4,-1.0
59,234,4,-1.0
59,235,4,-1.0
59,236,4,-1.0
59,237,4,-1.0
59,238,4,-1.0
59,239,4,-1.0
59,240,4,-1.0
59,241,4,-1.0
59,242,4,-1.0
59,243,4,-1.0
59,244,4,-1.0
59,245,4,-1.0
59,246,4,-1.0
59,247,4,-1.0
59,248,4,-1.0
59,249,4,-1.0
59,250,4,-1.0
60,0,1,-1.0
60,1,1,-1.0
60,2,1,-1.0
60,3,1,-1.0
60,4,1,-1.0
60,5,1,-1.0
60,6,1,-1.0
60,7,1,-1.0
60,8,1,-1.0
60,9,1,-1.0
60,10,1,-1.0
60,11,1,-1.0
60,12,1,-1.0
60,13,1,-1.0
60,14,1,-1.0
60,15,1,-1.0
60,16,1,-1.0
60,17,1,-1.0
60,18,1,-1.0
60,19,1,-1.0
60,20,1,-1.0
60,21,1,-1.0
60,22,1,-1.0
60,23,1,-1.0
60,24,1,-1.0
60,25,1,-1.0
60,26,1,-1.0
60,27,1,-1.0
60,28,1,-1.0
60,29,1,-1.0
60,30,1,-1.0
60,31,1,-1.0
60,32,1,-1.0
60,33,1,-1.0
60,34,1,-1.0
60,35,1,-1.0
60,36,1,-1.0
60,37,1,-1.0
60,38,1,-1.0
60,39,1,-1.0
60,40,1,-1.0
60,41,1,-1.0
60,42,1,-1.0
60,43,1,-1.0
60,44,1,-1.0
60,45,1,-1.0
60,46,1,-1.0
60,47,1,-1.0
60,48,1,-1.0
60,49,1,-1.0
60,50,1,-1.0
60,51,1,-1.0
60,52,1,-1.0
60,53,1,-1.0
60,54,1,-1.0
60,55,1,-1.0
60,56,1,-1.0
60,57,1,-1.0
60,58,1,-1.0
60,59,1,-1.0
60,60,1,-1.0
60,61,1,-1.0
60,62,1,-1.0
60,63,1,-1.0
60,64,1,-1.0
60,65,1,-1.0
60,66,1,-1.0
60,67,1,-1.0
60,68,1,-1.0
60,69,1,-1.0
60,70,1,-1.0
60,71,1,-1.0
60,72,1,-1.0
60,73,1,-1.0
60,74,1,-1.0
60,75,1,-1.0
60,76,1,-1.0
60,77,1,-1.0
60,78,1,-1.0
60,79,1,-1.0
60,80,1,-1.0
60,81,1,-1.0
60,82,1,-1.0
60,83,1,-1.0
60,84,1,-1.0
60,85,1,-1.0
60,86,1,-1.0
60,87,1,-1.0
60,88,1,-1.0
60,89,1,-1.0
60,90,1,-1.0
60,91,1,-1.0
60,92,1,-1.0
60,93,1,-1.0
60,94,1,-1.0
60,95,1,-1.0
60,96,1,-1.0
60,97,1,-1.0
60,98,1,-1.0
60,99,1,-1.0
60,100,1,-1.0
60,101,1,-1.0
60,102,1,-1.0
60,103,1,-1.0
60,104,1,-1.0
60,105,1,-1.0
60,106,1,-1.0
60,107,1,-1.0
60,108,1,-1.0
60,109,1,-1.0
60,110,1,-1.0
60,111,1,-1.0
60,112,1,-1.0
60,113,1,-1.0
60,114,1,-1.0
60,115,1,-1.0
60,116,1,-1.0
60,117,1,-1.0
60,118,1,-1.0
60,119,1,-1.0
60,120,1,-1.0
60,121,1,-1.0
60,122,1,-1.0
60,123,1,-1.0
60,124,1,-1.0
60,125,1,-1.0
60,126,1,-1.0
60,127,1,-1.0
60,128,1,-1.0
60,129,1,-1.0
60,130,1,-1.0
60,131,1,-1.0
60,132,1,-1.0
60,133,1,-1.0
60,134,1,-1.0
60,135,1,-1.0
60,136,1,-1.0
60,137,1,-1.0
60,138,1,-1.0
60,139,1,-1.0
60,140,1,-1.0
60,141,1,-1.0
60,142,1,-1.0
60,143,1,-1.0
60,144,1,-1.0
60,145,1,-1.0
60,146,1,-1.0
60,147,1,-1.0
60,148,1,-1.0
60,149,1,-1.0
60,150,1,-1.0
60,151,1,-1.0
60,152,1,-1.0
60,153,1,-1.0
60,154,1,-1.0
60,155,1,-1.0
60,156,1,-1.0
60,157,1,-1.0
60,158,1,-1.0
60,159,1,-1.0
60,160,1,-1.0
60,161,1,-1.0
60,162,1,-1.0
60,163,1,-1.0
60,164,1,-1.0
60,165,1,-1.0
60,166,4,-1.0
60,167,4,-1.0
60,168,4,-1.0
60,169,4,-1.0
60,170,4,-1.0
60,171,4,-1.0
60,172,4,-1.0
60,173,4,-1.0
60,174,4,-1.0
60,175,4,-1.0
60,176,4,-1.0
60,177,4,-1.0
60,178,4,-1.0
60,179,4,-1.0
60,180,4,-1.0
60,181,4,-1.0
60,182,4,-1.0
60,183,4,-1.0
60,184,4,-1.0
60,185,4,-1.0
60,186,4,-1.0
60,187,4,-1.0
60,188,4,-1.0
60,189,4,-1.0
60,190,4,-1.0
60,191,4,-1.0
60,192,4,-1.0
60,193,4,-1.0
60,194,4,-1.0
60,195,4,-1.0
60,196,4,-1.0
60,197,4,-1.0
60,198,4,-1.0
60,199,4,-1.0
60,200,4,-1.0
60,201,4,-1.0
60,202,4,-1.0
60,203,4,-1.0
60,204,4,-1.0
60,205,4,-1.0
60,206,4,-1.0
60,207,4,-1.0
60,208,4,-1.0
60,209,4,-1.0
60,210,4,-1.0
60,211,4,-1.0
60,212,4,-1.0
60,213,4,-1.0
60,214,4,-1.0
60,215,4,-1.0
60,216,4,-1.0
60,217,4,-1.0
60,218,4,-1.0
60,219,4,-1.0
60,220,4,-1.0
60,221,4,-1.0
60,222,4,-1.0
60,223,4,-1.0
60,224,4,-1.0
60,225,4,-1.0
60,226,4,-1.0
60,227,4,-1.0
60,228,4,-1.0
60,229,4,-1.0
60,230,4,-1.0
60,231,4,-1.0
60,232,4,-1.0
60,233,4,-1.0
60,234,4,-1.0
60,235,4,-1.0
60,236,4,-1.0
60,237,4,-1.0
60,238,4,-1.0
60,239,4,-1.0
60,240,4,-1.0
60,241,4,-1.0
60,242,4,-1.0
60,243,4,-1.0
60,244,4,-1.0
60,245,4,-1.0
60,246,4,-1.0
60,247,4,-1.0
60,248,4,-1.0
60,249,4,-1.0
60,250,4,-1.0
61,0,1,-1.0
61,1,1,-1.0
61,2,1,-1.0
61,3,1,-1.0
61,4,1,-1.0
61,5,1,-1.0
61,6,1,-1.0
61,7,1,-1.0
61,8,1,-1.0
61,9,1,-1.0
61,10,1,-1.0
61,11,1,-1.0
61,12,1,-1.0
61,13,1,-1.0
61,14,1,-1.0
61,15,1,-1.0
61,16,1,-1.0
61,17,1,-1.0
61,18,1,-1.0
61,19,1,-1.0
61,20,1,-1.0
61,21,1,-1.0
61,22,1,-1.0
61,23,1,-1.0
61,24,1,-1.0
61,25,1,-1.0
61,26,1,-1.0
61,27,1,-1.0
61,28,1,-1.0
61,29,1,-1.0
61,30,1,-1.0
61,31,1,-1.0
61,32,1,-1.0
61,33,1,-1.0
61,34,1,-1.0
61,35,1,-1.0
61,36,1,-1.0
61,37,1,-1.0
61,38,1,-1.0
61,39,1,-1.0
61,40,1,-1.0
61,41,1,-1.0
61,42,1,-1.0
61,43,1,-1.0
61,44,1,-1.0
61,45,1,-1.0
61,46,1,-1.0
61,47,1,-1.0
61,48,1,-1.0
61,49,1,-1.0
61,50,1,-1.0
61,51,1,-1.0
61,52,1,-1.0
61,53,1,-1.0
61,54,1,-1.0
61,55,1,-1.0
61,56,1,-1.0
61,57,1,-1.0
61,58,1,-1.0
61,59,1,-1.0
61,60,1,-1.0
61,61,1,-1.0
61,62,1,-1.0
61,63,1,-1.0
61,64,1,-1.0
61,65,1,-1.0
61,66,1,-1.0
61,67,1,-1.0
61,68,1,-1.0
61,69,1,-1.0
61,70,1,-1.0
61,71,1,-1.0
61,72,1,-1.0
61,73,1,-1.0
61,74,1,-1.0
61,75,1,-1.0
61,76,1,-1.0
61,77,1,-1.0
61,78,1,-1.0
61,79,1,-1.0
61,80,1,-1.0
61,81,1,-1.0
61,82,1,-1.0
61,83,1,-1.0
61,84,1,-1.0
61,85,1,-1.0
61,86,1,-1.0
61,87,1,-1.0
61,88,1,-1.0
61,89,1,-1.0
61,90,1,-1.0
61,91,1,-1.0
61,92,1,-1.0
61,93,1,-1.0
61,94,1,-1.0
61,95,1,-1.0
61,96,1,-1.0
61,97,1,-1.0
61,98,1,-1.0
61,99,1,-1.0
61,100,1,-1.0
61,101,1,-1.0
61,102,1,-1.0
61,103,1,-1.0
61,104,1,-1.0
61,105,1,-1.0
61,106,1,-1.0
61,107,1,-1.0
61,108,1,-1.0
61,109,1,-1.0
61,110,1,-1.0
61,111,1,-1.0
61,112,1,-1.0
61,113,1,-1.0
61,114,1,-1.0
61,115,1,-1.0
61,116,1,-1.0
61,117,1,-1.0
61,118,1,-1.0
61,119,1,-1.0
61,120,1,-1.0
61,121,1,-1.0
61,122,1,-1.0
61,123,1,-1.0
61,124,1,-1.0
61,125,1,-1.0
61,126,1,-1.0
61,127,1,-1.0
61,128,1,-1.0
61,129,1,-1.0
61,130,1,-1.0
61,131,1,-1.0
61,132,1,-1.0
61,133,1,-1.0
61,134,1,-1.0
61,135,1,-1.0
61,136,1,-1.0
61,137,1,-1.0
61,138,1,-1.0
61,139,1,-1.0
61,140,1,-1.0
61,141,1,-1.0
61,142,1,-1.0
61,143,1,-1.0
61,144,1,-1.0
61,145,1,-1.0
61,146,1,-1.0
61,147,1,-1.0
61,148,1,-1.0
61,149,1,-1.0
61,150,1,-1.0
61,151,1,-1.0
61,152,1,-1.0
61,153,1,-1.0
61,154,1,-1.0
61,155,1,-1.0
61,156,1,-1.0
61,157,1,-1.0
61,158,1,-1.0
61,159,1,-1.0
61,160,1,-1.0
61,161,1,-1.0
61,162,1,-1.0
61,163,1,-1.0
61,164,1,-1.0
61,165,1,-1.0
61,166,4,-1.0
61,167,4,-1.0
61,168,4,-1.0
61,169,4,-1.0
61,170,4,-1.0
61,171,4,-1.0
61,172,4,-1.0
61,173,4,-1.0
61,174,4,-1.0
61,175,4,-1.0
61,176,4,-1.0
61,177,4,-1.0
61,178,4,-1.0
61,179,4,-1.0
61,180,4,-1.0
61,181,4,-1.0
61,182,4,-1.0
61,183,4,-1.0
61,184,4,-1.0
61,185,4,-1.0
61,186,4,-1.0
61,187,4,-1.0
61,188,4,-1.0
61,189,4,-1.0
61,190,4,-1.0
61,191,4,-1.0
61,192,4,-1.0
61,193,4,-1.0
61,194,4,-1.0
61,195,4,-1.0
61,196,4,-1.0
61,197,4,-1.0
61,198,4,-1.0
61,199,4,-1.0
61,200,4,-1.0
61,201,4,-1.0
61,202,4,-1.0
61,203,4,-1.0
61,204,4,-1.0
61,205,4,-1.0
61,206,4,-1.0
61,207,4,-1.0
61,208,4,-1.0
61,209,4,-1.0
61,210,4,-1.0
61,211,4,-1.0
61,212,4,-1.0
61,213,4,-1.0
61,214,4,-1.0
61,215,4,-1.0
61,216,4,-1.0
61,217,4,-1.0
61,218,4,-1.0
61,219,4,-1.0
61,220,4,-1.0
61,221,4,-1.0
61,222,4,-1.0
61,223,4,-1.0
61,224,4,-1.0
61,225,4,-1.0
61,226,4,-1.0
61,227,4,-1.0
61,228,4,-1.0
61,229,4,-1.0
61,230,4,-1.0
61,231,4,-1.0
61,232,4,-1.0
61,233,4,-1.0
61,234,4,-1.0
61,235,4,-1.0
61,236,4,-1.0
61,237,4,-1.0
61,238,4,-1.0
61,239,4,-1.0
61,240,4,-1.0
61,241,4,-1.0
61,242,4,-1.0
61,243,4,-1.0
61,244,4,-1.0
61,245,4,-1.0
61,246,4,-1.0
61,247,4,-1.0
61,248,4,-1.0
61,249,4,-1.0
61,250,4,-1.0
62,0,1,-1.0
62,1,1,-1.0
62,2,1,-1.0
62,3,1,-1.0
62,4,1,-1.0
62,5,1,-1.0
62,6,1,-1.0
62,7,1,-1.0
62,8,1,-1.0
62,9,1,-1.0
62,10,1,-1.0
62,11,1,-1.0
62,12,1,-1.0
62,13,1,-1.0
62,14,1,-1.0
62,15,1,-1.0
62,16,1,-1.0
62,17,1,-1.0
62,18,1,-1.0
62,19,1,-1.0
62,20,1,-1.0
62,21,1,-1.0
62,22,1,-1.0
62,23,1,-1.0
62,24,1,-1.0
62,25,1,-1.0
62,26,1,-1.0
62,27,1,-1.0
62,28,1,-1.0
62,29,1,-1.0
62,30,1,-1.0
62,31,1,-1.0
62,32,1,-1.0
62,33,1,-1.0
62,34,1,-1.0
62,35,1,-1.0
62,36,1,-1.0
62,37,1,-1.0
62,38,1,-1.0
62,39,1,-1.0
62,40,1,-1.0
62,41,1,-1.0
62,42,1,-1.0
62,43,1,-1.0
62,44,1,-1.0
62,45,1,-1.0
62,46,1,-1.0
62,47,1,-1.0
62,48,1,-1.0
62,49,1,-1.0
62,50,1,-1.0
62,51,1,-1.0
62,52,1,-1.0
62,53,1,-1.0
62,54,1,-1.0
62,55,1,-1.0
62,56,1,-1.0
62,57,1,-1.0
62,58,1,-1.0
62,59,1,-1.0
62,60,1,-1.0
62,61,1,-1.0
62,62,1,-1.0
62,63,1,-1.0
62,64,1,-1.0
62,65,1,-1.0
62,66,1,-1.0
62,67,1,-1.0
62,68,1,-1.0
62,69,1,-1.0
62,70,1,-1.0
62,71,1,-1.0
62,72,1,-1.0
62,73,1,-1.0
62,74,1,-1.0
62,75,1,-1.0
62,76,1,-1.0
62,77,1,-1.0
62,78,1,-1.0
62,79,1,-1.0
62,80,1,-1.0
62,81,1,-1.0
62,82,1,-1.0
62,83,1,-1.0
62,84,1,-1.0
62,85,1,-1.0
62,86,1,-1.0
62,87,1,-1.0
62,88,1,-1.0
62,89,1,-1.0
62,90,1,-1.0
62,91,1,-1.0
62,92,1,-1.0
62,93,1,-1.0
62,94,1,-1.0
62,95,1,-1.0
62,96,1,-1.0
62,97,1,-1.0
62,98,1,-1.0
62,99,1,-1.0
62,100,1,-1.0
62,101,1,-1.0
62,102,1,-1.0
62,103,1,-1.0
62,104,1,-1.0
62,105,1,-1.0
62,106,1,-1.0
62,107,1,-1.0
62,108,1,-1.0
62,109,1,-1.0
62,110,1,-1.0
62,111,1,-1.0
62,112,1,-1.0
62,113,1,-1.0
62,114,1,-1.0
62,115,1,-1.0
62,116,1,-1.0
62,117,1,-1.0
62,118,1,-1.0
62,119,1,-1.0
62,120,1,-1.0
62,121,1,-1.0
62,122,1,-1.0
62,123,1,-1.0
62,124,1,-1.0
62,125,1,-1.0
62,126,1,-1.0
62,127,1,-1.0
62,128,1,-1.0
62,129,1,-1.0
62,130,1,-1.0
62,131,1,-1.0
62,132,1,-1.0
62,133,1,-1.0
62,134,1,-1.0
62,135,1,-1.0
62,136,1,-1.0
62,137,1,-1.0
62,138,1,-1.0
62,139,1,-1.0
62,140,1,-1.0
62,141,1,-1.0
62,142,1,-1.0
62,143,1,-1.0
62,144,1,-1.0
62,145,1,-1.0
62,146,1,-1.0
62,147,1,-1.0
62,148,1,-1.0
62,149,1,-1.0
62,150,1,-1.0
62,151,1,-1.0
62,152,1,-1.0
62,153,1,-1.0
62,154,1,-1.0
62,155,1,-1.0
62,156,1,-1.0
62,157,1,-1.0
62,158,1,-1.0
62,159,1,-1.0
62,160,1,-1.0
62,161,1,-1.0
62,162,1,-1.0
62,163,1,-1.0
62,164,1,-1.0
62,165,1,-1.0
62,166,4,-1.0
62,167,4,-1.0
62,168,4,-1.0
62,169,4,-1.0
62,170,4,-1.0
62,171,4,-1.0
62,172,4,-1.0
62,173,4,-1.0
62,174,4,-1.0
62,175,4,-1.0
62,176,4,-1.0
62,177,4,-1.0
62,178,4,-1.0
62,179,4,-1.0
62,180,4,-1.0
62,181,4,-1.0
62,182,4,-1.0
62,183,4,-1.0
62,184,4,-1.0
62,185,4,-1.0
62,186,4,-1.0
62,187,4,-1.0
62,188,4,-1.0
62,189,4,-1.0
62,190,4,-1.0
62,191,4,-1.0
62,192,4,-1.0
62,193,4,-1.0
62,194,4,-1.0
62,195,4,-1.0
62,196,4,-1.0
62,197,4,-1.0
62,198,4,-1.0
62,199,4,-1.0
62,200,4,-1.0
62,201,4,-1.0
62,202,4,-1.0
62,203,4,-1.0
62,204,4,-1.0
62,205,4,-1.0
62,206,4,-1.0
62,207,4,-1.0
62,208,4,-1.0
62,209,4,-1.0
62,210,4,-1.0
62,211,4,-1.0
62,212,4,-1.0
62,213,4,-1.0
62,214,4,-1.0
62,215,4,-1.0
62,216,4,-1.0
62,217,4,-1.0
62,218,4,-1.0
62,219,4,-1.0
62,220,4,-1.0
62,221,4,-1.0
62,222,4,-1.0
62,223,4,-1.0
62,224,4,-1.0
62,225,4,-1.0
62,226,4,-1.0
62,227,4,-1.0
62,228,4,-1.0
62,229,4,-1.0
62,230,4,-1.0
62,231,4,-1.0
62,232,4,-1.0
62,233,4,-1.0
62,234,4,-1.0
62,235,4,-1.0
62,236,4,-1.0
62,237,4,-1.0
62,238,4,-1.0
62,239,4,-1.0
62,240,4,-1.0
62,241,4,-1.0
62,242,4,-1.0
62,243,4,-1.0
62,244,4,-1.0
62,245,4,-1.0
62,246,4,-1.0
62,247,4,-1.0
62,248,4,-1.0
62,249,4,-1.0
62,250,4,-1.0
63,0,1,-1.0
63,1,1,-1.0
63,2,1,-1.0
63,3,1,-1.0
63,4,1,-1.0
63,5,1,-1.0
63,6,1,-1.0
63,7,1,-1.0
63,8,1,-1.0
63,9,1,-1.0
63,10,1,-1.0
63,11,1,-1.0
63,12,1,-1.0
63,13,1,-1.0
63,14,1,-1.0
63,15,1,-1.0
63,16,1,-1.0
63,17,1,-1.0
63,18,1,-1.0
63,19,1,-1.0
63,20,1,-1.0
63,21,1,-1.0
63,22,1,-1.0
63,23,1,-1.0
63,24,1,-1.0
63,25,1,-1.0
63,26,1,-1.0
63,27,1,-1.0
63,28,1,-1.0
63,29,1,-1.0
63,30,1,-1.0
63,31,1,-1.0
63,32,1,-1.0
63,33,1,-1.0
63,34,1,-1.0
63,35,1,-1.0
63,36,1,-1.0
63,37,1,-1.0
63,38,1,-1.0
63,39,1,-1.0
63,40,1,-1.0
63,41,1,-1.0
63,42,1,-1.0
63,43,1,-1.0
63,44,1,-1.0
63,45,1,-1.0
63,46,1,-1.0
63,47,1,-1.0
63,48,1,-1.0
63,49,1,-1.0
63,50,1,-1.0
63,51,1,-1.0
63,52,1,-1.0
63,53,1,-1.0
63,54,1,-1.0
63,55,1,-1.0
63,56,1,-1.0
63,57,1,-1.0
63,58,1,-1.0
63,59,1,-1.0
63,60,1,-1.0
63,61,1,-1.0
63,62,1,-1.0
63,63,1,-1.0
63,64,1,-1.0
63,65,1,-1.0
63,66,1,-1.0
63,67,1,-1.0
63,68,1,-1.0
63,69,1,-1.0
63,70,1,-1.0
63,71,1,-1.0
63,72,1,-1.0
63,73,1,-1.0
63,74,1,-1.0
63,75,1,-1.0
63,76,1,-1.0
63,77,1,-1.0
63,78,1,-1.0
63,79,1,-1.0
63,80,1,-1.0
63,81,1,-1.0
63,82,1,-1.0
63,83,1,-1.0
63,84,1,-1.0
63,85,1,-1.0
63,86,1,-1.0
63,87,1,-1.0
63,88,1,-1.0
63,89,1,-1.0
63,90,1,-1.0
63,91,1,-1.0
63,92,1,-1.0
63,93,1,-1.0
63,94,1,-1.0
63,95,1,-1.0
63,96,1,-1.0
63,97,1,-1.0
63,98,1,-1.0
63,99,1,-1.0
63,100,1,-1.0
63,101,1,-1.0
63,102,1,-1.0
63,103,1,-1.0
63,104,1,-1.0
63,105,1,-1.0
63,106,1,-1.0
63,107,1,-1.0
63,108,1,-1.0
63,109,1,-1.0
63,110,1,-1.0
63,111,1,-1.0
63,112,1,-1.0
63,113,1,-1.0
63,114,1,-1.0
63,115,1,-1.0
63,116,1,-1.0
63,117,1,-1.0
63,118,1,-1.0
63,119,1,-1.0
63,120,1,-1.0
63,121,1,-1.0
63,122,1,-1.0
63,123,1,-1.0
63,124,1,-1.0
63,125,1,-1.0
63,126,1,-1.0
63,127,1,-1.0
63,128,1,-1.0
63,129,1,-1.0
63,130,1,-1.0
63,131,1,-1.0
63,132,1,-1.0
63,133,1,-1.0
63,134,1,-1.0
63,135,1,-1.0
63,136,1,-1.0
63,137,1,-1.0
63,138,1,-1.0
63,139,1,-1.0
63,140,1,-1.0
63,141,1,-1.0
63,142,1,-1.0
63,143,1,-1.0
63,144,1,-1.0
63,145,1,-1.0
63,146,1,-1.0
63,147,1,-1.0
63,148,1,-1.0
63,149,1,-1.0
63,150,1,-1.0
63,151,1,-1.0
63,152,1,-1.0
63,153,1,-1.0
63,154,1,-1.0
63,155,1,-1.0
63,156,1,-1.0
63,157,1,-1.0
63,158,1,-1.0
63,159,1,-1.0
63,160,1,-1.0
63,161,1,-1.0
63,162,1,-1.0
63,163,1,-1.0
63,164,1,-1.0
63,165,1,-1.0
63,166,4,-1.0
63,167,4,-1.0
63,168,4,-1.0
63,169,4,-1.0
63,170,4,-1.0
63,171,4,-1.0
63,172,4,-1.0
63,173,4,-1.0
63,174,4,-1.0
63,175,4,-1.0
63,176,4,-1.0
63,177,4,-1.0
63,178,4,-1.0
63,179,4,-1.0
63,180,4,-1.0
63,181,4,-1.0
63,182,4,-1.0
63,183,4,-1.0
63,184,4,-1.0
63,185,4,-1.0
63,186,4,-1.0
63,187,4,-1.0
63,188,4,-1.0
63,189,4,-1.0
63,190,4,-1.0
63,191,4,-1.0
63,192,4,-1.0
63,193,4,-1.0
63,194,4,-1.0
63,195,4,-1.0
63,196,4,-1.0
63,197,4,-1.0
63,198,4,-1.0
63,199,4,-1.0
63,200,4,-1.0
63,201,4,-1.0
63,202,4,-1.0
63,203,4,-1.0
63,204,4,-1.0
63,205,4,-1.0
63,206,4,-1.0
63,207,4,-1.0
63,208,4,-1.0
63,209,4,-1.0
63,210,4,-1.0
63,211,4,-1.0
63,212,4,-1.0
63,213,4,-1.0
63,214,4,-1.0
63,215,4,-1.0
63,216,4,-1.0
63,217,4,-1.0
63,218,4,-1.0
63,219,4,-1.0
63,220,4,-1.0
63,221,4,-1.0
63,222,4,-1.0
63,223,4,-1.0
63,224,4,-1.0
63,225,4,-1.0
63,226,4,-1.0
63,227,4,-1.0
63,228,4,-1.0
63,229,4,-1.0
63,230,4,-1.0
63,231,4,-1.0
63,232,4,-1.0
63,233,4,-1.0
63,234,4,-1.0
63,235,4,-1.0
63,236,4,-1.0
63,237,4,-1.0
63,238,4,-1.0
63,239,4,-1.0
63,240,4,-1.0
63,241,4,-1.0
63,242,4,-1.0
63,243,4,-1.0
63,244,4,-1.0
63,245,4,-1.0
63,246,4,-1.0
63,247,4,-1.0
63,248,4,-1.0
63,249,4,-1.0
63,250,4,-1.0
64,0,1,-1.0
64,1,1,-1.0
64,2,1,-1.0
64,3,1,-1.0
64,4,1,-1.0
64,5,1,-1.0
64,6,1,-1.0
64,7,1,-1.0
64,8,1,-1.0
64,9,1,-1.0
64,10,1,-1.0
64,11,1,-1.0
64,12,1,-1.0
64,13,1,-1.0
64,14,1,-1.0
64,15,1,-1.0
64,16,1,-1.0
64,17,1,-1.0
64,18,1,-1.0
64,19,1,-1.0
64,20,1,-1.0
64,21,1,-1.0
64,22,1,-1.0
64,23,1,-1.0
64,24,1,-1.0
64,25,1,-1.0
64,26,1,-1.0
64,27,1,-1.0
64,28,1,-1.0
64,29,1,-1.0
64,30,1,-1.0
64,31,1,-1.0
64,32,1,-1.0
64,33,1,-1.0
64,34,1,-1.0
64,35,1,-1.0
64,36,1,-1.0
64,37,1,-1.0
64,38,1,-1.0
64,39,1,-1.0
64,40,1,-1.0
64,41,1,-1.0
64,42,1,-1.0
64,43,1,-1.0
64,44,1,-1.0
64,45,1,-1.0
64,46,1,-1.0
64,47,1,-1.0
64,48,1,-1.0
64,49,1,-1.0
64,50,1,-1.0
64,51,1,-1.0
64,52,1,-1.0
64,53,1,-1.0
64,54,1,-1.0
64,55,1,-1.0
64,56,1,-1.0
64,57,1,-1.0
64,58,1,-1.0
64,59,1,-1.0
64,60,1,-1.0
64,61,1,-1.0
64,62,1,-1.0
64,63,1,-1.0
64,64,1,-1.0
64,65,1,-1.0
64,66,1,-1.0
64,67,1,-1.0
64,68,1,-1.0
64,69,1,-1.0
64,70,1,-1.0
64,71,1,-1.0
64,72,1,-1.0
64,73,1,-1.0
64,74,1,-1.0
64,75,1,-1.0
64,76,1,-1.0
64,77,1,-1.0
64,78,1,-1.0
64,79,1,-1.0
64,80,1,-1.0
64,81,1,-1.0
64,82,1,-1.0
64,83,1,-1.0
64,84,1,-1.0
64,85,1,-1.0
64,86,1,-1.0
64,87,1,-1.0
64,88,1,-1.0
64,89,1,-1.0
64,90,1,-1.0
64,91,1,-1.0
64,92,1,-1.0
64,93,1,-1.0
64,94,1,-1.0
64,95,1,-1.0
64,96,1,-1.0
64,97,1,-1.0
64,98,1,-1.0
64,99,1,-1.0
64,100,1,-1.0
64,101,1,-1.0
64,102,1,-1.0
64,103,1,-1.0
64,104,1,-1.0
64,105,1,-1.0
64,106,1,-1.0
64,107,1,-1.0
64,108,1,-1.0
64,109,1,-1.0
64,110,1,-1.0
64,111,1,-1.0
64,112,1,-1.0
64,113,1,-1.0
64,114,1,-1.0
64,115,1,-1.0
64,116,1,-1.0
64,117,1,-1.0
64,118,1,-1.0
64,119,1,-1.0
64,120,1,-1.0
64,121,1,-1.0
64,122,1,-1.0
64,123,1,-1.0
64,124,1,-1.0
64,125,1,-1.0
64,126,1,-1.0
64,127,1,-1.0
64,128,1,-1.0
64,129,1,-1.0
64,130,1,-1.0
64,131,1,-1.0
64,132,1,-1.0
64,133,1,-1.0
64,134,1,-1.0
64,135,1,-1.0
64,136,1,-1.0
64,137,1,-1.0
64,138,1,-1.0
64,139,1,-1.0
64,140,1,-1.0
64,141,1,-1.0
64,142,1,-1.0
64,143,1,-1.0
64,144,1,-1.0
64,145,1,-1.0
64,146,1,-1.0
64,147,1,-1.0
64,148,1,-1.0
64,149,1,-1.0
64,150,1,-1.0
64,151,1,-1.0
64,152,1,-1.0
64,153,1,-1.0
64,154,1,-1.0
64,155,1,-1.0
64,156,1,-1.0
64,157,1,-1.0
64,158,1,-1.0
64,159,1,-1.0
64,160,1,-1.0
64,161,1,-1.0
64,162,1,-1.0
64,163,1,-1.0
64,164,1,-1.0
64,165,4,-1.0
64,166,4,-1.0
64,167,4,-1.0
64,168,4,-1.0
64,169,4,-1.0
64,170,4,-1.0
64,171,4,-1.0
64,172,4,-1.0
64,173,4,-1.0
64,174,4,-1.0
64,175,4,-1.0
64,176,4,-1.0
64,177,4,-1.0
64,178,4,-1.0
64,179,4,-1.0
64,180,4,-1.0
64,181,4,-1.0
64,182,4,-1.0
64,183,4,-1.0
64,184,4,-1.0
64,185,4,-1.0
64,186,4,-1.0
64,187,4,-1.0
64,188,4,-1.0
64,189,4,-1.0
64,190,4,-1.0
64,191,4,-1.0
64,192,4,-1.0
64,193,4,-1.0
64,194,4,-1.0
64,195,4,-1.0
64,196,4,-1.0
64,197,4,-1.0
64,198,4,-1.0
64,199,4,-1.0
64,200,4,-1.0
64,201,4,-1.0
64,202,4,-1.0
64,203,4,-1.0
64,204,4,-1.0
64,205,4,-1.0
64,206,4,-1.0
64,207,4,-1.0
64,208,4,-1.0
64,209,4,-1.0
64,210,4,-1.0
64,211,4,-1.0
64,212,4,-1.0
64,213,4,-1.0
64,214,4,-1.0
64,215,4,-1.0
64,216,4,-1.0
64,217,4,-1.0
64,218,4,-1.0
64,219,4,-1.0
64,220,4,-1.0
64,221,4,-1.0
64,222,4,-1.0
64,223,4,-1.0
64,224,4,-1.0
64,225,4,-1.0
64,226,4,-1.0
64,227,4,-1.0
64,228,4,-1.0
64,229,4,-1.0
64,230,4,-1.0
64,231,4,-1.0
64,232,4,-1.0
64,233,4,-1.0
64,234,4,-1.0
64,235,4,-1.0
64,236,4,-1.0
64,237,4,-1.0
64,238,4,-1.0
64,239,4,-1.0
64,240,4,-1.0
64,241,4,-1.0
64,242,4,-1.0
64,243,4,-1.0
64,244,4,-1.0
64,245,4,-1.0
64,246,4,-1.0
64,247,4,-1.0
64,248,4,-1.0
64,249,4,-1.0
64,250,4,-1.0
65,0,1,-1.0
65,1,1,-1.0
65,2,1,-1.0
65,3,1,-1.0
65,4,1,-1.0
65,5,1,-1.0
65,6,1,-1.0
65,7,1,-1.0
65,8,1,-1.0
65,9,1,-1.0
65,10,1,-1.0
65,11,1,-1.0
65,12,1,-1.0
65,13,1,-1.0
65,14,1,-1.0
65,15,1,-1.0
65,16,1,-1.0
65,17,1,-1.0
65,18,1,-1.0
65,19,1,-1.0
65,20,1,-1.0
65,21,1,-1.0
65,22,1,-1.0
65,23,1,-1.0
65,24,1,-1.0
65,25,1,-1.0
65,26,1,-1.0
65,27,1,-1.0
65,28,1,-1.0
65,29,1,-1.0
65,30,1,-1.0
65,31,1,-1.0
65,32,1,-1.0
65,33,1,-1.0
65,34,1,-1.0
65,35,1,-1.0
65,36,1,-1.0
65,37,1,-1.0
65,38,1,-1.0
65,39,1,-1.0
65,40,1,-1.0
65,41,1,-1.0
65,42,1,-1.0
65,43,1,-1.0
65,44,1,-1.0
65,45,1,-1.0
65,46,1,-1.0
65,47,1,-1.0
65,48,1,-1.0
65,49,1,-1.0
65,50,1,-1.0
65,51,1,-1.0
65,52,1,-1.0
65,53,1,-1.0
65,54,1,-1.0
65,55,1,-1.0
65,56,1,-1.0
65,57,1,-1.0
65,58,1,-1.0
65,59,1,-1.0
65,60,1,-1.0
65,61,1,-1.0
65,62,1,-1.0
65,63,1,-1.0
65,64,1,-1.0
65,65,1,-1.0
65,66,1,-1.0
65,67,1,-1.0
65,68,1,-1.0
65,69,1,-1.0
65,70,1,-1.0
65,71,1,-1.0
65,72,1,-1.0
65,73,1,-1.0
65,74,1,-1.0
65,75,1,-1.0
65,76,1,-1.0
65,77,1,-1.0
65,78,1,-1.0
65,79,1,-1.0
65,80,1,-1.0
65,81,1,-1.0
65,82,1,-1.0
65,83,1,-1.0
65,84,1,-1.0
65,85,1,-1.0
65,86,1,-1.0
65,87,1,-1.0
65,88,1,-1.0
65,89,1,-1.0
65,90,1,-1.0
65,91,1,-1.0
65,92,1,-1.0
65,93,1,-1.0
65,94,1,-1.0
65,95,1,-1.0
65,96,1,-1.0
65,97,1,-1.0
65,98,1,-1.0
65,99,1,-1.0
65,100,1,-1.0
65,101,1,-1.0
65,102,1,-1.0
65,103,1,-1.0
65,104,1,-1.0
65,105,1,-1.0
65,106,1,-1.0
65,107,1,-1.0
65,108,1,-1.0
65,109,1,-1.0
65,110,1,-1.0
65,111,1,-1.0
65,112,1,-1.0
65,113,1,-1.0
65,114,1,-1.0
65,115,1,-1.0
65,116,1,-1.0
65,117,1,-1.0
65,118,1,-1.0
65,119,1,-1.0
65,120,1,-1.0
65,121,1,-1.0
65,122,1,-1.0
65,123,1,-1.0
65,124,1,-1.0
65,125,1,-1.0
65,126,1,-1.0
65,127,1,-1.0
65,128,1,-1.0
65,129,1,-1.0
65,130,1,-1.0
65,131,1,-1.0
65,132,1,-1.0
65,133,1,-1.0
65,134,1,-1.0
65,135,1,-1.0
65,136,1,-1.0
65,137,1,-1.0
65,138,1,-1.0
65,139,1,-1.0
65,140,1,-1.0
65,141,1,-1.0
65,142,1,-1.0
65,143,1,-1.0
65,144,1,-1.0
65,145,1,-1.0
65,146,1,-1.0
65,147,1,-1.0
65,148,1,-1.0
65,149,1,-1.0
65,150,1,-1.0
65,151,1,-1.0
65,152,1,-1.0
65,153,1,-1.0
65,154,1,-1.0
65,155,1,-1.0
65,156,1,-1.0
65,157,1,-1.0
65,158,1,-1.0
65,159,1,-1.0
65,160,1,-1.0
65,161,1,-1.0
65,162,1,-1.0
65,163,1,-1.0
65,164,1,-1.0
65,165,4,-1.0
65,166,4,-1.0
65,167,4,-1.0
65,168,4,-1.0
65,169,4,-1.0
65,170,4,-1.0
65,171,4,-1.0
65,172,4,-1.0
65,173,4,-1.0
65,174,4,-1.0
65,175,4,-1.0
65,176,4,-1.0
65,177,4,-1.0
65,178,4,-1.0
65,179,4,-1.0
65,180,4,-1.0
65,181,4,-1.0
65,182,4,-1.0
65,183,4,-1.0
65,184,4,-1.0
65,185,4,-1.0
65,186,4,-1.0
65,187,4,-1.0
65,188,4,-1.0
65,189,4,-1.0
65,190,4,-1.0
65,191,4,-1.0
65,192,4,-1.0
65,193,4,-1.0
65,194,4,-1.0
65,195,4,-1.0
65,196,4,-1.0
65,197,4,-1.0
65,198,4,-1.0
65,199,4,-1.0
65,200,4,-1.0
65,201,4,-1.0
65,202,4,-1.0
65,203,4,-1.0
65,204,4,-1.0
65,205,4,-1.0
65,206,4,-1.0
65,207,4,-1.0
65,208,4,-1.0
65,209,4,-1.0
65,210,4,-1.0
65,211,4,-1.0
65,212,4,-1.0
65,213,4,-1.0
65,214,4,-1.0
65,215,4,-1.0
65,216,4,-1.0
65,217,4,-1.0
65,218,4,-1.0
65,219,4,-1.0
65,220,4,-1.0
65,221,4,-1.0
65,222,4,-1.0
65,223,4,-1.0
65,224,4,-1.0
65,225,4,-1.0
65,226,4,-1.0
65,227,4,-1.0
65,228,4,-1.0
65,229,4,-1.0
65,230,4,-1.0
65,231,4,-1.0
65,232,4,-1.0
65,233,4,-1.0
65,234,4,-1.0
65,235,4,-1.0
65,236,4,-1.0
65,237,4,-1.0
65,238,4,-1.0
65,239,4,-1.0
65,240,4,-1.0
65,241,4,-1.0
65,242,4,-1.0
65,243,4,-1.0
65,244,4,-1.0
65,245,4,-1.0
65,246,4,-1.0
65,247,4,-1.0
65,248,4,-1.0
65,249,4,-1.0
65,250,4,-1.0
66,0,1,-1.0
66,1,1,-1.0
66,2,1,-1.0
66,3,1,-1.0
66,4,1,-1.0
66,5,1,-1.0
66,6,1,-1.0
66,7,1,-1.0
66,8,1,-1.0
66,9,1,-1.0
66,10,1,-1.0
66,11,1,-1.0
66,12,1,-1.0
66,13,1,-1.0
66,14,1,-1.0
66,15,1,-1.0
66,16,1,-1.0
66,17,1,-1.0
66,18,1,-1.0
66,19,1,-1.0
66,20,1,-1.0
66,21,1,-1.0
66,22,1,-1.0
66,23,1,-1.0
66,24,1,-1.0
66,25,1,-1.0
66,26,1,-1.0
66,27,1,-1.0
66,28,1,-1.0
66,29,1,-1.0
66,30,1,-1.0
66,31,1,-1.0
66,32,1,-1.0
66,33,1,-1.0
66,34,1,-1.0
66,35,1,-1.0
66,36,1,-1.0
66,37,1,-1.0
66,38,1,-1.0
66,39,1,-1.0
66,40,1,-1.0
66,41,1,-1.0
66,42,1,-1.0
66,43,1,-1.0
66,44,1,-1.0
66,45,1,-1.0
66,46,1,-1.0
66,47,1,-1.0
66,48,1,-1.0
66,49,1,-1.0
66,50,1,-1.0
66,51,1,-1.0
66,52,1,-1.0
66,53,1,-1.0
66,54,1,-1.0
66,55,1,-1.0
66,56,1,-1.0
66,57,1,-1.0
66,58,1,-1.0
66,59,1,-1.0
66,60,1,-1.0
66,61,1,-1.0
66,62,1,-1.0
66,63,1,-1.0
66,64,1,-1.0
66,65,1,-1.0
66,66,1,-1.0
66,67,1,-1.0
66,68,1,-1.0
66,69,1,-1.0
66,70,1,-1.0
66,71,1,-1.0
66,72,1,-1.0
66,73,1,-1.0
66,74,1,-1.0
66,75,1,-1.0
66,76,1,-1.0
66,77,1,-1.0
66,78,1,-1.0
66,79,1,-1.0
66,80,1,-1.0
66,81,1,-1.0
66,82,1,-1.0
66,83,1,-1.0
66,84,1,-1.0
66,85,1,-1.0
66,86,1,-1.0
66,87,1,-1.0
66,88,1,-1.0
66,89,1,-1.0
66,90,1,-1.0
66,91,1,-1.0
66,92,1,-1.0
66,93,1,-1.0
66,94,1,-1.0
66,95,1,-1.0
66,96,1,-1.0
66,97,1,-1.0
66,98,1,-1.0
66,99,1,-1.0
66,100,1,-1.0
66,101,1,-1.0
66,102,1,-1.0
66,103,1,-1.0
66,104,1,-1.0
66,105,1,-1.0
66,106,1,-1.0
66,107,1,-1.0
66,108,1,-1.0
66,109,1,-1.0
66,110,1,-1.0
66,111,1,-1.0
66,112,1,-1.0
66,113,1,-1.0
66,114,1,-1.0
66,115,1,-1.0
66,116,1,-1.0
66,117,1,-1.0
66,118,1,-1.0
66,119,1,-1.0
66,120,1,-1.0
66,121,1,-1.0
66,122,1,-1.0
66,123,1,-1.0
66,124,1,-1.0
66,125,1,-1.0
66,126,1,-1.0
66,127,1,-1.0
66,128,1,-1.0
66,129,1,-1.0
66,130,1,-1.0
66,131,1,-1.0
66,132,1,-1.0
66,133,1,-1.0
66,134,1,-1.0
66,135,1,-1.0
66,136,1,-1.0
66,137,1,-1.0
66,138,1,-1.0
66,139,1,-1.0
66,140,1,-1.0
66,141,1,-1.0
66,142,1,-1.0
66,143,1,-1.0
66,144,1,-1.0
66,145,1,-1.0
66,146,1,-1.0
66,147,1,-1.0
66,148,1,-1.0
66,149,1,-1.0
66,150,1,-1.0
66,151,1,-1.0
66,152,1,-1.0
66,153,1,-1.0
66,154,1,-1.0
66,155,1,-1.0
66,156,1,-1.0
66,157,1,-1.0
66,158,1,-1.0
66,159,1,-1.0
66,160,1,-1.0
66,161,1,-1.0
66,162,1,-1.0
66,163,1,-1.0
66,164,1,-1.0
66,165,4,-1.0
66,166,4,-1.0
66,167,4,-1.0
66,168,4,-1.0
66,169,4,-1.0
66,170,4,-1.0
66,171,4,-1.0
66,172,4,-1.0
66,173,4,-1.0
66,174,4,-1.0
66,175,4,-1.0
66,176,4,-1.0
66,177,4,-1.0
66,178,4,-1.0
66,179,4,-1.0
66,180,4,-1.0
66,181,4,-1.0
66,182,4,-1.0
66,183,4,-1.0
66,184,4,-1.0
66,185,4,-1.0
66,186,4,-1.0
66,187,4,-1.0
66,188,4,-1.0
66,189,4,-1.0
66,190,4,-1.0
66,191,4,-1.0
66,192,4,-1.0
66,193,4,-1.0
66,194,4,-1.0
66,195,4,-1.0
66,196,4,-1.0
66,197,4,-1.0
66,198,4,-1.0
66,199,4,-1.0
66,200,4,-1.0
66,201,4,-1.0
66,202,4,-1.0
66,203,4,-1.0
66,204,4,-1.0
66,205,4,-1.0
66,206,4,-1.0
66,207,4,-1.0
66,208,4,-1.0
66,209,4,-1.0
66,210,4,-1.0
66,211,4,-1.0
66,212,4,-1.0
66,213,4,-1.0
66,214,4,-1.0
66,215,4,-1.0
66,216,4,-1.0
66,217,4,-1.0
66,218,4,-1.0
66,219,4,-1.0
66,220,4,-1.0
66,221,4,-1.0
66,222,4,-1.0
66,223,4,-1.0
66,224,4,-1.0
66,225,4,-1.0
66,226,4,-1.0
66,227,4,-1.0
66,228,4,-1.0
66,229,4,-1.0
66,230,4,-1.0
66,231,4,-1.0
66,232,4,-1.0
66,233,4,-1.0
66,234,4,-1.0
66,235,4,-1.0
66,236,4,-1.0
66,237,4,-1.0
66,238,4,-1.0
66,239,4,-1.0
66,240,4,-1.0
66,241,4,-1.0
66,242,4,-1.0
66,243,4,-1.0
66,244,4,-1.0
66,245,4,-1.0
66,246,4,-1.0
66,247,4,-1.0
66,248,4,-1.0
66,249,4,-1.0
66,250,4,-1.0
67,0,1,-1.0
67,1,1,-1.0
67,2,1,-1.0
67,3,1,-1.0
67,4,1,-1.0
67,5,1,-1.0
67,6,1,-1.0
67,7,1,-1.0
67,8,1,-1.0
67,9,1,-1.0
67,10,1,-1.0
67,11,1,-1.0
67,12,1,-1.0
67,13,1,-1.0
67,14,1,-1.0
67,15,1,-1.0
67,16,1,-1.0
67,17,1,-1.0
67,18,1,-1.0
67,19,1,-1.0
67,20,1,-1.0
67,21,1,-1.0
67,22,1,-1.0
67,23,1,-1.0
67,24,1,-1.0
67,25,1,-1.0
67,26,1,-1.0
67,27,1,-1.0
67,28,1,-1.0
67,29,1,-1.0
67,30,1,-1.0
67,31,1,-1.0
67,32,1,-1.0
67,33,1,-1.0
67,34,1,-1.0
67,35,1,-1.0
67,36,1,-1.0
67,37,1,-1.0
67,38,1,-1.0
67,39,1,-1.0
67,40,1,-1.0
67,41,1,-1.0
67,42,1,-1.0
67,43,1,-1.0
67,44,1,-1.0
67,45,1,-1.0
67,46,1,-1.0
67,47,1,-1.0
67,48,1,-1.0
67,49,1,-1.0
67,50,1,-1.0
67,51,1,-1.0
67,52,1,-1.0
67,53,1,-1.0
67,54,1,-1.0
67,55,1,-1.0
67,56,1,-1.0
67,57,1,-1.0
67,58,1,-1.0
67,59,1,-1.0
67,60,1,-1.0
67,61,1,-1.0
67,62,1,-1.0
67,63,1,-1.0
67,64,1,-1.0
67,65,1,-1.0
67,66,1,-1.0
67,67,1,-1.0
67,68,1,-1.0
67,69,1,-1.0
67,70,1,-1.0
67,71,1,-1.0
67,72,1,-1.0
67,73,1,-1.0
67,74,1,-1.0
67,75,1,-1.0
67,76,1,-1.0
67,77,1,-1.0
67,78,1,-1.0
67,79,1,-1.0
67,80,1,-1.0
67,81,1,-1.0
67,82,1,-1.0
67,83,1,-1.0
67,84,1,-1.0
67,85,1,-1.0
67,86,1,-1.0
67,87,1,-1.0
67,88,1,-1.0
67,89,1,-1.0
67,90,1,-1.0
67,91,1,-1.0
67,92,1,-1.0
67,93,1,-1.0
67,94,1,-1.0
67,95,1,-1.0
67,96,1,-1.0
67,97,1,-1.0
67,98,1,-1.0
67,99,1,-1.0
67,100,1,-1.0
67,101,1,-1.0
67,102,1,-1.0
67,103,1,-1.0
67,104,1,-1.0
67,105,1,-1.0
67,106,1,-1.0
67,107,1,-1.0
67,108,1,-1.0
67,109,1,-1.0
67,110,1,-1.0
67,111,1,-1.0
67,112,1,-1.0
67,113,1,-1.0
67,114,1,-1.0
67,115,1,-1.0
67,116,1,-1.0
67,117,1,-1.0
67,118,1,-1.0
67,119,1,-1.0
67,120,1,-1.0
67,121,1,-1.0
67,122,1,-1.0
67,123,1,-1.0
67,124,1,-1.0
67,125,1,-1.0
67,126,1,-1.0
67,127,1,-1.0
67,128,1,-1.0
67,129,1,-1.0
67,130,1,-1.0
67,131,1,-1.0
67,132,1,-1.0
67,133,1,-1.0
67,134,1,-1.0
67,135,1,-1.0
67,136,1,-1.0
67,137,1,-1.0
67,138,1,-1.0
67,139,1,-1.0
67,140,1,-1.0
67,141,1,-1.0
67,142,1,-1.0
67,143,1,-1.0
67,144,1,-1.0
67,145,1,-1.0
67,146,1,-1.0
67,147,1,-1.0
67,148,1,-1.0
67,149,1,-1.0
67,150,1,-1.0
67,151,1,-1.0
67,152,1,-1.0
67,153,1,-1.0
67,154,1,-1.0
67,155,1,-1.0
67,156,1,-1.0
67,157,1,-1.0
67,158,1,-1.0
67,159,1,-1.0
67,160,1,-1.0
67,161,1,-1.0
67,162,1,-1.0
67,163,1,-1.0
67,164,1,-1.0
67,165,4,-1.0
67,166,4,-1.0
67,167,4,-1.0
67,168,4,-1.0
67,169,4,-1.0
67,170,4,-1.0
67,171,4,-1.0
67,172,4,-1.0
67,173,4,-1.0
67,174,4,-1.0
67,175,4,-1.0
67,176,4,-1.0
67,177,4,-1.0
67,178,4,-1.0
67,179,4,-1.0
67,180,4,-1.0
67,181,4,-1.0
67,182,4,-1.0
67,183,4,-1.0
67,184,4,-1.0
67,185,4,-1.0
67,186,4,-1.0
67,187,4,-1.0
67,188,4,-1.0
67,189,4,-1.0
67,190,4,-1.0
67,191,4,-1.0
67,192,4,-1.0
67,193,4,-1.0
67,194,4,-1.0
67,195,4,-1.0
67,196,4,-1.0
67,197,4,-1.0
67,198,4,-1.0
67,199,4,-1.0
67,200,4,-1.0
67,201,4,-1.0
67,202,4,-1.0
67,203,4,-1.0
67,204,4,-1.0
67,205,4,-1.0
67,206,4,-1.0
67,207,4,-1.0
67,208,4,-1.0
67,209,4,-1.0
67,210,4,-1.0
67,211,4,-1.0
67,212,4,-1.0
67,213,4,-1.0
67,214,4,-1.0
67,215,4,-1.0
67,216,4,-1.0
67,217,4,-1.0
67,218,4,-1.0
67,219,4,-1.0
67,220,4,-1.0
67,221,4,-1.0
67,222,4,-1.0
67,223,4,-1.0
67,224,4,-1.0
67,225,4,-1.0
67,226,4,-1.0
67,227,4,-1.0
67,228,4,-1.0
67,229,4,-1.0
67,230,4,-1.0
67,231,4,-1.0
67,232,4,-1.0
67,233,4,-1.0
67,234,4,-1.0
67,235,4,-1.0
67,236,4,-1.0
67,237,4,-1.0
67,238,4,-1.0
67,239,4,-1.0
67,240,4,-1.0
67,241,4,-1.0
67,242,4,-1.0
67,243,4,-1.0
67,244,4,-1.0
67,245,4,-1.0
67,246,4,-1.0
67,247,4,-1.0
67,248,4,-1.0
67,249,4,-1.0
67,250,4,-1.0
68,0,1,-1.0
68,1,1,-1.0
68,2,1,-1.0
68,3,1,-1.0
68,4,1,-1.0
68,5,1,-1.0
68,6,1,-1.0
68,7,1,-1.0
68,8,1,-1.0
68,9,1,-1.0
68,10,1,-1.0
68,11,1,-1.0
68,12,1,-1.0
68,13,1,-1.0
68,14,1,-1.0
68,15,1,-1.0
68,16,1,-1.0
68,17,1,-1.0
68,18,1,-1.0
68,19,1,-1.0
68,20,1,-1.0
68,21,1,-1.0
68,22,1,-1.0
68,23,1,-1.0
68,24,1,-1.0
68,25,1,-1.0
68,26,1,-1.0
68,27,1,-1.0
68,28,1,-1.0
68,29,1,-1.0
68,30,1,-1.0
68,31,1,-1.0
68,32,1,-1.0
68,33,1,-1.0
68,34,1,-1.0
68,35,1,-1.0
68,36,1,-1.0
68,37,1,-1.0
68,38,1,-1.0
68,39,1,-1.0
68,40,1,-1.0
68,41,1,-1.0
68,42,1,-1.0
68,43,1,-1.0
68,44,1,-1.0
68,45,1,-1.0
68,46,1,-1.0
68,47,1,-1.0
68,48,1,-1.0
68,49,1,-1.0
68,50,1,-1.0
68,51,1,-1.0
68,52,1,-1.0
68,53,1,-1.0
68,54,1,-1.0
68,55,1,-1.0
68,56,1,-1.0
68,57,1,-1.0
68,58,1,-1.0
68,59,1,-1.0
68,60,1,-1.0
68,61,1,-1.0
68,62,1,-1.0
68,63,1,-1.0
68,64,1,-1.0
68,65,1,-1.0
68,66,1,-1.0
68,67,1,-1.0
68,68,1,-1.0
68,69,1,-1.0
68,70,1,-1.0
68,71,1,-1.0
68,72,1,-1.0
68,73,1,-1.0
68,74,1,-1.0
68,75,1,-1.0
68,76,1,-1.0
68,77,1,-1.0
68,78,1,-1.0
68,79,1,-1.0
68,80,1,-1.0
68,81,1,-1.0
68,82,1,-1.0
68,83,1,-1.0
68,84,1,-1.0
68,85,1,-1.0
68,86,1,-1.0
68,87,1,-1.0
68,88,1,-1.0
68,89,1,-1.0
68,90,1,-1.0
68,91,1,-1.0
68,92,1,-1.0
68,93,1,-1.0
68,94,1,-1.0
68,95,1,-1.0
68,96,1,-1.0
68,97,1,-1.0
68,98,1,-1.0
68,99,1,-1.0
68,100,1,-1.0
68,101,1,-1.0
68,102,1,-1.0
68,103,1,-1.0
68,104,1,-1.0
68,105,1,-1.0
68,106,1,-1.0
68,107,1,-1.0
68,108,1,-1.0
68,109,1,-1.0
68,110,1,-1.0
68,111,1,-1.0
68,112,1,-1.0
68,113,1,-1.0
68,114,1,-1.0
68,115,1,-1.0
68,116,1,-1.0
68,117,1,-1.0
68,118,1,-1.0
68,119,1,-1.0
68,120,1,-1.0
68,121,1,-1.0
68,122,1,-1.0
68,123,1,-1.0
68,124,1,-1.0
68,125,1,-1.0
68,126,1,-1.0
68,127,1,-1.0
68,128,1,-1.0
68,129,1,-1.0
68,130,1,-1.0
68,131,1,-1.0
68,132,1,-1.0
68,133,1,-1.0
68,134,1,-1.0
68,135,1,-1.0
68,136,1,-1.0
68,137,1,-1.0
68,138,1,-1.0
68,139,1,-1.0
68,140,1,-1.0
68,141,1,-1.0
68,142,1,-1.0
68,143,1,-1.0
68,144,1,-1.0
68,145,1,-1.0
68,146,1,-1.0
68,147,1,-1.0
68,148,1,-1.0
68,149,1,-1.0
68,150,1,-1.0
68,151,1,-1.0
68,152,1,-1.0
68,153,1,-1.0
68,154,1,-1.0
68,155,1,-1.0
68,156,1,-1.0
68,157,1,-1.0
68,158,1,-1.0
68,159,1,-1.0
68,160,1,-1.0
68,161,1,-1.0
68,162,1,-1.0
68,163,1,-1.0
68,164,1,-1.0
68,165,4,-1.0
68,166,4,-1.0
68,167,4,-1.0
68,168,4,-1.0
68,169,4,-1.0
68,170,4,-1.0
68,171,4,-1.0
68,172,4,-1.0
68,173,4,-1.0
68,174,4,-1.0
68,175,4,-1.0
68,176,4,-1.0
68,177,4,-1.0
68,178,4,-1.0
68,179,4,-1.0
68,180,4,-1.0
68,181,4,-1.0
68,182,4,-1.0
68,183,4,-1.0
68,184,4,-1.0
68,185,4,-1.0
68,186,4,-1.0
68,187,4,-1.0
68,188,4,-1.0
68,189,4,-1.0
68,190,4,-1.0
68,191,4,-1.0
68,192,4,-1.0
68,193,4,-1.0
68,194,4,-1.0
68,195,4,-1.0
68,196,4,-1.0
68,197,4,-1.0
68,198,4,-1.0
68,199,4,-1.0
68,200,4,-1.0
68,201,4,-1.0
68,202,4,-1.0
68,203,4,-1.0
68,204,4,-1.0
68,205,4,-1.0
68,206,4,-1.0
68,207,4,-1.0
68,208,4,-1.0
68,209,4,-1.0
68,210,4,-1.0
68,211,4,-1.0
68,212,4,-1.0
68,213,4,-1.0
68,214,4,-1.0
68,215,4,-1.0
68,216,4,-1.0
68,217,4,-1.0
68,218,4,-1.0
68,219,4,-1.0
68,220,4,-1.0
68,221,4,-1.0
68,222,4,-1.0
68,223,4,-1.0
68,224,4,-1.0
68,225,4,-1.0
68,226,4,-1.0
68,227,4,-1.0
68,228,4,-1.0
68,229,4,-1.0
68,230,4,-1.0
68,231,4,-1.0
68,232,4,-1.0
68,233,4,-1.0
68,234,4,-1.0
68,235,4,-1.0
68,236,4,-1.0
68,237,4,-1.0
68,238,4,-1.0
68,239,4,-1.0
68,240,4,-1.0
68,241,4,-1.0
68,242,4,-1.0
68,243,4,-1.0
68,244,4,-1.0
68,245,4,-1.0
68,246,4,-1.0
68,247,4,-1.0
68,248,4,-1.0
68,249,4,-1.0
68,250,4,-1.0
69,0,1,-1.0
69,1,1,-1.0
69,2,1,-1.0
69,3,1,-1.0
69,4,1,-1.0
69,5,1,-1.0
69,6,1,-1.0
69,7,1,-1.0
69,8,1,-1.0
69,9,1,-1.0
69,10,1,-1.0
69,11,1,-1.0
69,12,1,-1.0
69,13,1,-1.0
69,14,1,-1.0
69,15,1,-1.0
69,16,1,-1.0
69,17,1,-1.0
69,18,1,-1.0
69,19,1,-1.0
69,20,1,-1.0
69,21,1,-1.0
69,22,1,-1.0
69,23,1,-1.0
69,24,1,-1.0
69,25,1,-1.0
69,26,1,-1.0
69,27,1,-1.0
69,28,1,-1.0
69,29,1,-1.0
69,30,1,-1.0
69,31,1,-1.0
69,32,1,-1.0
69,33,1,-1.0
69,34,1,-1.0
69,35,1,-1.0
69,36,1,-1.0
69,37,1,-1.0
69,38,1,-1.0
69,39,1,-1.0
69,40,1,-1.0
69,41,1,-1.0
69,42,1,-1.0
69,43,1,-1.0
69,44,1,-1.0
69,45,1,-1.0
69,46,1,-1.0
69,47,1,-1.0
69,48,1,-1.0
69,49,1,-1.0
69,50,1,-1.0
69,51,1,-1.0
69,52,1,-1.0
69,53,1,-1.0
69,54,1,-1.0
69,55,1,-1.0
69,56,1,-1.0
69,57,1,-1.0
69,58,1,-1.0
69,59,1,-1.0
69,60,1,-1.0
69,61,1,-1.0
69,62,1,-1.0
69,63,1,-1.0
69,64,1,-1.0
69,65,1,-1.0
69,66,1,-1.0
69,67,1,-1.0
69,68,1,-1.0
69,69,1,-1.0
69,70,1,-1.0
69,71,1,-1.0
69,72,1,-1.0
69,73,1,-1.0
69,74,1,-1.0
69,75,1,-1.0
69,76,1,-1.0
69,77,1,-1.0
69,78,1,-1.0
69,79,1,-1.0
69,80,1,-1.0
69,81,1,-1.0
69,82,1,-1.0
69,83,1,-1.0
69,84,1,-1.0
69,85,1,-1.0
69,86,1,-1.0
69,87,1,-1.0
69,88,1,-1.0
69,89,1,-1.0
69,90,1,-1.0
69,91,1,-1.0
69,92,1,-1.0
69,93,1,-1.0
69,94,1,-1.0
69,95,1,-1.0
69,96,1,-1.0
69,97,1,-1.0
69,98,1,-1.0
69,99,1,-1.0
69,100,1,-1.0
69,101,1,-1.0
69,102,1,-1.0
69,103,1,-1.0
69,104,1,-1.0
69,105,1,-1.0
69,106,1,-1.0
69,107,1,-1.0
69,108,1,-1.0
69,109,1,-1.0
69,110,1,-1.0
69,111,1,-1.0
69,112,1,-1.0
69,113,1,-1.0
69,114,1,-1.0
69,115,1,-1.0
69,116,1,-1.0
69,117,1,-1.0
69,118,1,-1.0
69,119,1,-1.0
69,120,1,-1.0
69,121,1,-1.0
69,122,1,-1.0
69,123,1,-1.0
69,124,1,-1.0
69,125,1,-1.0
69,126,1,-1.0
69,127,1,-1.0
69,128,1,-1.0
69,129,1,-1.0
69,130,1,-1.0
69,131,1,-1.0
69,132,1,-1.0
69,133,1,-1.0
69,134,1,-1.0
69,135,1,-1.0
69,136,1,-1.0
69,137,1,-1.0
69,138,1,-1.0
69,139,1,-1.0
69,140,1,-1.0
69,141,1,-1.0
69,142,1,-1.0
69,143,1,-1.0
69,144,1,-1.0
69,145,1,-1.0
69,146,1,-1.0
69,147,1,-1.0
69,148,1,-1.0
69,149,1,-1.0
69,150,1,-1.0
69,151,1,-1.0
69,152,1,-1.0
69,153,1,-1.0
69,154,1,-1.0
69,155,1,-1.0
69,156,1,-1.0
69,157,1,-1.0
69,158,1,-1.0
69,159,1,-1.0
69,160,1,-1.0
69,161,1,-1.0
69,162,1,-1.0
69,163,1,-1.0
69,164,1,-1.0
69,165,4,-1.0
69,166,4,-1.0
69,167,4,-1.0
69,168,4,-1.0
69,169,4,-1.0
69,170,4,-1.0
69,171,4,-1.0
69,172,4,-1.0
69,173,4,-1.0
69,174,4,-1.0
69,175,4,-1.0
69,176,4,-1.0
69,177,4,-1.0
69,178,4,-1.0
69,179,4,-1.0
69,180,4,-1.0
69,181,4,-1.0
69,182,4,-1.0
69,183,4,-1.0
69,184,4,-1.0
69,185,4,-1.0
69,186,4,-1.0
69,187,4,-1.0
69,188,4,-1.0
69,189,4,-1.0
69,190,4,-1.0
69,191,4,-1.0
69,192,4,-1.0
69,193,4,-1.0
69,194,4,-1.0
69,195,4,-1.0
69,196,4,-1.0
69,197,4,-1.0
69,198,4,-1.0
69,199,4,-1.0
69,200,4,-1.0
69,201,4,-1.0
69,202,4,-1.0
69,203,4,-1.0
69,204,4,-1.0
69,205,4,-1.0
69,206,4,-1.0
69,207,4,-1.0
69,208,4,-1.0
69,209,4,-1.0
69,210,4,-1.0
69,211,4,-1.0
69,212,4,-1.0
69,213,4,-1.0
69,214,4,-1.0
69,215,4,-1.0
69,216,4,-1.0
69,217,4,-1.0
69,218,4,-1.0
69,219,4,-1.0
69,220,4,-1.0
69,221,4,-1.0
69,222,4,-1.0
69,223,4,-1.0
69,224,4,-1.0
69,225,4,-1.0
69,226,4,-1.0
69,227,4,-1.0
69,228,4,-1.0
69,229,4,-1.0
69,230,4,-1.0
69,231,4,-1.0
69,232,4,-1.0
69,233,4,-1.0
69,234,4,-1.0
69,235,4,-1.0
69,236,4,-1.0
69,237,4,-1.0
69,238,4,-1.0
69,239,4,-1.0
69,240,4,-1.0
69,241,4,-1.0
69,242,4,-1.0
69,243,4,-1.0
69,244,4,-1.0
69,245,4,-1.0
69,246,4,-1.0
69,247,4,-1.0
69,248,4,-1.0
69,249,4,-1.0
69,250,4,-1.0
70,0,1,-1.0
70,1,1,-1.0
70,2,1,-1.0
70,3,1,-1.0
70,4,1,-1.0
70,5,1,-1.0
70,6,1,-1.0
70,7,1,-1.0
70,8,1,-1.0
70,9,1,-1.0
70,10,1,-1.0
70,11,1,-1.0
70,12,1,-1.0
70,13,1,-1.0
70,14,1,-1.0
70,15,1,-1.0
70,16,1,-1.0
70,17,1,-1.0
70,18,1,-1.0
70,19,1,-1.0
70,20,1,-1.0
70,21,1,-1.0
70,22,1,-1.0
70,23,1,-1.0
70,24,1,-1.0
70,25,1,-1.0
70,26,1,-1.0
70,27,1,-1.0
70,28,1,-1.0
70,29,1,-1.0
70,30,1,-1.0
70,31,1,-1.0
70,32,1,-1.0
70,33,1,-1.0
70,34,1,-1.0
70,35,1,-1.0
70,36,1,-1.0
70,37,1,-1.0
70,38,1,-1.0
70,39,1,-1.0
70,40,1,-1.0
70,41,1,-1.0
70,42,1,-1.0
70,43,1,-1.0
70,44,1,-1.0
70,45,1,-1.0
70,46,1,-1.0
70,47,1,-1.0
70,48,1,-1.0
70,49,1,-1.0
70,50,1,-1.0
70,51,1,-1.0
70,52,1,-1.0
70,53,1,-1.0
70,54,1,-1.0
70,55,1,-1.0
70,56,1,-1.0
70,57,1,-1.0
70,58,1,-1.0
70,59,1,-1.0
70,60,1,-1.0
70,61,1,-1.0
70,62,1,-1.0
70,63,1,-1.0
70,64,1,-1.0
70,65,1,-1.0
70,66,1,-1.0
70,67,1,-1.0
70,68,1,-1.0
70,69,1,-1.0
70,70,1,-1.0
70,71,1,-1.0
70,72,1,-1.0
70,73,1,-1.0
70,74,1,-1.0
70,75,1,-1.0
70,76,1,-1.0
70,77,1,-1.0
70,78,1,-1.0
70,79,1,-1.0
70,80,1,-1.0
70,81,1,-1.0
70,82,1,-1.0
70,83,1,-1.0
70,84,1,-1.0
70,85,1,-1.0
70,86,1,-1.0
70,87,1,-1.0
70,88,1,-1.0
70,89,1,-1.0
70,90,1,-1.0
70,91,1,-1.0
70,92,1,-1.0
70,93,1,-1.0
70,94,1,-1.0
70,95,1,-1.0
70,96,1,-1.0
70,97,1,-1.0
70,98,1,-1.0
70,99,1,-1.0
70,100,1,-1.0
70,101,1,-1.0
70,102,1,-1.0
70,103,1,-1.0
70,104,1,-1.0
70,105,1,-1.0
70,106,1,-1.0
70,107,1,-1.0
70,108,1,-1.0
70,109,1,-1.0
70,110,1,-1.0
70,111,1,-1.0
70,112,1,-1.0
70,113,1,-1.0
70,114,1,-1.0
70,115,1,-1.0
70,116,1,-1.0
70,117,1,-1.0
70,118,1,-1.0
70,119,1,-1.0
70,120,1,-1.0
70,121,1,-1.0
70,122,1,-1.0
70,123,1,-1.0
70,124,1,-1.0
70,125,1,-1.0
70,126,1,-1.0
70,127,1,-1.0
70,128,1,-1.0
70,129,1,-1.0
70,130,1,-1.0
70,131,1,-1.0
70,132,1,-1.0
70,133,1,-1.0
70,134,1,-1.0
70,135,1,-1.0
70,136,1,-1.0
70,137,1,-1.0
70,138,1,-1.0
70,139,1,-1.0
70,140,1,-1.0
70,141,1,-1.0
70,142,1,-1.0
70,143,1,-1.0
70,144,1,-1.0
70,145,1,-1.0
70,146,1,-1.0
70,147,1,-1.0
70,148,1,-1.0
70,149,1,-1.0
70,150,1,-1.0
70,151,1,-1.0
70,152,1,-1.0
70,153,1,-1.0
70,154,1,-1.0
70,155,1,-1.0
70,156,1,-1.0
70,157,1,-1.0
70,158,1,-1.0
70,159,1,-1.0
70,160,1,-1.0
70,161,1,-1.0
70,162,1,-1.0
70,163,1,-1.0
70,164,1,-1.0
70,165,4,-1.0
70,166,4,-1.0
70,167,4,-1.0
70,168,4,-1.0
70,169,4,-1.0
70,170,4,-1.0
70,171,4,-1.0
70,172,4,-1.0
70,173,4,-1.0
70,174,4,-1.0
70,175,4,-1.0
70,176,4,-1.0
70,177,4,-1.0
70,178,4,-1.0
70,179,4,-1.0
70,180,4,-1.0
70,181,4,-1.0
70,182,4,-1.0
70,183,4,-1.0
70,184,4,-1.0
70,185,4,-1.0
70,186,4,-1.0
70,187,4,-1.0
70,188,4,-1.0
70,189,4,-1.0
70,190,4,-1.0
70,191,4,-1.0
70,192,4,-1.0
70,193,4,-1.0
70,194,4,-1.0
70,195,4,-1.0
70,196,4,-1.0
70,197,4,-1.0
70,198,4,-1.0
70,199,4,-1.0
70,200,4,-1.0
70,201,4,-1.0
70,202,4,-1.0
70,203,4,-1.0
70,204,4,-1.0
70,205,4,-1.0
70,206,4,-1.0
70,207,4,-1.0
70,208,4,-1.0
70,209,4,-1.0
70,210,4,-1.0
70,211,4,-1.0
70,212,4,-1.0
70,213,4,-1.0
70,214,4,-1.0
70,215,4,-1.0
70,216,4,-1.0
70,217,4,-1.0
70,218,4,-1.0
70,219,4,-1.0
70,220,4,-1.0
70,221,4,-1.0
70,222,4,-1.0
70,223,4,-1.0
70,224,4,-1.0
70,225,4,-1.0
70,226,4,-1.0
70,227,4,-1.0
70,228,4,-1.0
70,229,4,-1.0
70,230,4,-1.0
70,231,4,-1.0
70,232,4,-1.0
70,233,4,-1.0
70,234,4,-1.0
70,235,4,-1.0
70,236,4,-1.0
70,237,4,-1.0
70,238,4,-1.0
70,239,4,-1.0
70,240,4,-1.0
70,241,4,-1.0
70,242,4,-1.0
70,243,4,-1.0
70,244,4,-1.0
70,245,4,-1.0
70,246,4,-1.0
70,247,4,-1.0
70,248,4,-1.0
70,249,4,-1.0
70,250,4,-1.0
71,0,1,-1.0
71,1,1,-1.0
71,2,1,-1.0
71,3,1,-1.0
71,4,1,-1.0
71,5,1,-1.0
71,6,1,-1.0
71,7,1,-1.0
71,8,1,-1.0
71,9,1,-1.0
71,10,1,-1.0
71,11,1,-1.0
71,12,1,-1.0
71,13,1,-1.0
71,14,1,-1.0
71,15,1,-1.0
71,16,1,-1.0
71,17,1,-1.0
71,18,1,-1.0
71,19,1,-1.0
71,20,1,-1.0
71,21,1,-1.0
71,22,1,-1.0
71,23,1,-1.0
71,24,1,-1.0
71,25,1,-1.0
71,26,1,-1.0
71,27,1,-1.0
71,28,1,-1.0
71,29,1,-1.0
71,30,1,-1.0
71,31,1,-1.0
71,32,1,-1.0
71,33,1,-1.0
71,34,1,-1.0
71,35,1,-1.0
71,36,1,-1.0
71,37,1,-1.0
71,38,1,-1.0
71,39,1,-1.0
71,40,1,-1.0
71,41,1,-1.0
71,42,1,-1.0
71,43,1,-1.0
71,44,1,-1.0
71,45,1,-1.0
71,46,1,-1.0
71,47,1,-1.0
71,48,1,-1.0
71,49,1,-1.0
71,50,1,-1.0
71,51,1,-1.0
71,52,1,-1.0
71,53,1,-1.0
71,54,1,-1.0
71,55,1,-1.0
71,56,1,-1.0
71,57,1,-1.0
71,58,1,-1.0
71,59,1,-1.0
71,60,1,-1.0
71,61,1,-1.0
71,62,1,-1.0
71,63,1,-1.0
71,64,1,-1.0
71,65,1,-1.0
71,66,1,-1.0
71,67,1,-1.0
71,68,1,-1.0
71,69,1,-1.0
71,70,1,-1.0
71,71,1,-1.0
71,72,1,-1.0
71,73,1,-1.0
71,74,1,-1.0
71,75,1,-1.0
71,76,1,-1.0
71,77,1,-1.0
71,78,1,-1.0
71,79,1,-1.0
71,80,1,-1.0
71,81,1,-1.0
71,82,1,-1.0
71,83,1,-1.0
71,84,1,-1.0
71,85,1,-1.0
71,86,1,-1.0
71,87,1,-1.0
71,88,1,-1.0
71,89,1,-1.0
71,90,1,-1.0
71,91,1,-1.0
71,92,1,-1.0
71,93,1,-1.0
71,94,1,-1.0
71,95,1,-1.0
71,96,1,-1.0
71,97,1,-1.0
71,98,1,-1.0
71,99,1,-1.0
71,100,1,-1.0
71,101,1,-1.0
71,102,1,-1.0
71,103,1,-1.0
71,104,1,-1.0
71,105,1,-1.0
71,106,1,-1.0
71,107,1,-1.0
71,108,1,-1.0
71,109,1,-1.0
71,110,1,-1.0
71,111,1,-1.0
71,112,1,-1.0
71,113,1,-1.0
71,114,1,-1.0
71,115,1,-1.0
71,116,1,-1.0
71,117,1,-1.0
71,118,1,-1.0
71,119,1,-1.0
71,120,1,-1.0
71,121,1,-1.0
71,122,1,-1.0
71,123,1,-1.0
71,124,1,-1.0
71,125,1,-1.0
71,126,1,-1.0
71,127,1,-1.0
71,128,1,-1.0
71,129,1,-1.0
71,130,1,-1.0
71,131,1,-1.0
71,132,1,-1.0
71,133,1,-1.0
71,134,1,-1.0
71,135,1,-1.0
71,136,1,-1.0
71,137,1,-1.0
71,138,1,-1.0
71,139,1,-1.0
71,140,1,-1.0
71,141,1,-1.0
71,142,1,-1.0
71,143,1,-1.0
71,144,1,-1.0
71,145,1,-1.0
71,146,1,-1.0
71,147,1,-1.0
71,148,1,-1.0
71,149,1,-1.0
71,150,1,-1.0
71,151,1,-1.0
71,152,1,-1.0
71,153,1,-1.0
71,154,1,-1.0
71,155,1,-1.0
71,156,1,-1.0
71,157,1,-1.0
71,158,1,-1.0
71,159,1,-1.0
71,160,1,-1.0
71,161,1,-1.0
71,162,1,-1.0
71,163,1,-1.0
71,164,1,-1.0
71,165,4,-1.0
71,166,4,-1.0
71,167,4,-1.0
71,168,4,-1.0
71,169,4,-1.0
71,170,4,-1.0
71,171,4,-1.0
71,172,4,-1.0
71,173,4,-1.0
71,174,4,-1.0
71,175,4,-1.0
71,176,4,-1.0
71,177,4,-1.0
71,178,4,-1.0
71,179,4,-1.0
71,180,4,-1.0
71,181,4,-1.0
71,182,4,-1.0
71,183,4,-1.0
71,184,4,-1.0
71,185,4,-1.0
71,186,4,-1.0
71,187,4,-1.0
71,188,4,-1.0
71,189,4,-1.0
71,190,4,-1.0
71,191,4,-1.0
71,192,4,-1.0
71,193,4,-1.0
71,194,4,-1.0
71,195,4,-1.0
71,196,4,-1.0
71,197,4,-1.0
71,198,4,-1.0
71,199,4,-1.0
71,200,4,-1.0
71,201,4,-1.0
71,202,4,-1.0
71,203,4,-1.0
71,204,4,-1.0
71,205,4,-1.0
71,206,4,-1.0
71,207,4,-1.0
71,208,4,-1.0
71,209,4,-1.0
71,210,4,-1.0
71,211,4,-1.0
71,212,4,-1.0
71,213,4,-1.0
71,214,4,-1.0
71,215,4,-1.0
71,216,4,-1.0
71,217,4,-1.0
71,218,4,-1.0
71,219,4,-1.0
71,220,4,-1.0
71,221,4,-1.0
71,222,4,-1.0
71,223,4,-1.0
71,224,4,-1.0
71,225,4,-1.0
71,226,4,-1.0
71,227,4,-1.0
71,228,4,-1.0
71,229,4,-1.0
71,230,4,-1.0
71,231,4,-1.0
71,232,4,-1.0
71,233,4,-1.0
71,234,4,-1.0
71,235,4,-1.0
71,236,4,-1.0
71,237,4,-1.0
71,238,4,-1.0
71,239,4,-1.0
71,240,4,-1.0
71,241,4,-1.0
71,242,4,-1.0
71,243,4,-1.0
71,244,4,-1.0
71,245,4,-1.0
71,246,4,-1.0
71,247,4,-1.0
71,248,4,-1.0
71,249,4,-1.0
71,250,4,-1.0
72,0,1,-1.0
72,1,1,-1.0
72,2,1,-1.0
72,3,1,-1.0
72,4,1,-1.0
72,5,1,-1.0
72,6,1,-1.0
72,7,1,-1.0
72,8,1,-1.0
72,9,1,-1.0
72,10,1,-1.0
72,11,1,-1.0
72,12,1,-1.0
72,13,1,-1.0
72,14,1,-1.0
72,15,1,-1.0
72,16,1,-1.0
72,17,1,-1.0
72,18,1,-1.0
72,19,1,-1.0
72,20,1,-1.0
72,21,1,-1.0
72,22,1,-1.0
72,23,1,-1.0
72,24,1,-1.0
72,25,1,-1.0
72,26,1,-1.0
72,27,1,-1.0
72,28,1,-1.0
72,29,1,-1.0
72,30,1,-1.0
72,31,1,-1.0
72,32,1,-1.0
72,33,1,-1.0
72,34,1,-1.0
72,35,1,-1.0
72,36,1,-1.0
72,37,1,-1.0
72,38,1,-1.0
72,39,1,-1.0
72,40,1,-1.0
72,41,1,-1.0
72,42,1,-1.0
72,43,1,-1.0
72,44,1,-1.0
72,45,1,-1.0
72,46,1,-1.0
72,47,1,-1.0
72,48,1,-1.0
72,49,1,-1.0
72,50,1,-1.0
72,51,1,-1.0
72,52,1,-1.0
72,53,1,-1.0
72,54,1,-1.0
72,55,1,-1.0
72,56,1,-1.0
72,57,1,-1.0
72,58,1,-1.0
72,59,1,-1.0
72,60,1,-1.0
72,61,1,-1.0
72,62,1,-1.0
72,63,1,-1.0
72,64,1,-1.0
72,65,1,-1.0
72,66,1,-1.0
72,67,1,-1.0
72,68,1,-1.0
72,69,1,-1.0
72,70,1,-1.0
72,71,1,-1.0
72,72,1,-1.0
72,73,1,-1.0
72,74,1,-1.0
72,75,1,-1.0
72,76,1,-1.0
72,77,1,-1.0
72,78,1,-1.0
72,79,1,-1.0
72,80,1,-1.0
72,81,1,-1.0
72,82,1,-1.0
72,83,1,-1.0
72,84,1,-1.0
72,85,1,-1.0
72,86,1,-1.0
72,87,1,-1.0
72,88,1,-1.0
72,89,1,-1.0
72,90,1,-1.0
72,91,1,-1.0
72,92,1,-1.0
72,93,1,-1.0
72,94,1,-1.0
72,95,1,-1.0
72,96,1,-1.0
72,97,1,-1.0
72,98,1,-1.0
72,99,1,-1.0
72,100,1,-1.0
72,101,1,-1.0
72,102,1,-1.0
72,103,1,-1.0
72,104,1,-1.0
72,105,1,-1.0
72,106,1,-1.0
72,107,1,-1.0
72,108,1,-1.0
72,109,1,-1.0
72,110,1,-1.0
72,111,1,-1.0
72,112,1,-1.0
72,113,1,-1.0
72,114,1,-1.0
72,115,1,-1.0
72,116,1,-1.0
72,117,1,-1.0
72,118,1,-1.0
72,119,1,-1.0
72,120,1,-1.0
72,121,1,-1.0
72,122,1,-1.0
72,123,1,-1.0
72,124,1,-1.0
72,125,1,-1.0
72,126,1,-1.0
72,127,1,-1.0
72,128,1,-1.0
72,129,1,-1.0
72,130,1,-1.0
72,131,1,-1.0
72,132,1,-1.0
72,133,1,-1.0
72,134,1,-1.0
72,135,1,-1.0
72,136,1,-1.0
72,137,1,-1.0
72,138,1,-1.0
72,139,1,-1.0
72,140,1,-1.0
72,141,1,-1.0
72,142,1,-1.0
72,143,1,-1.0
72,144,1,-1.0
72,145,1,-1.0
72,146,1,-1.0
72,147,1,-1.0
72,148,1,-1.0
72,149,1,-1.0
72,150,1,-1.0
72,151,1,-1.0
72,152,1,-1.0
72,153,1,-1.0
72,154,1,-1.0
72,155,1,-1.0
72,156,1,-1.0
72,157,1,-1.0
72,158,1,-1.0
72,159,1,-1.0
72,160,1,-1.0
72,161,1,-1.0
72,162,1,-1.0
72,163,1,-1.0
72,164,1,-1.0
72,165,4,-1.0
72,166,4,-1.0
72,167,4,-1.0
72,168,4,-1.0
72,169,4,-1.0
72,170,4,-1.0
72,171,4,-1.0
72,172,4,-1.0
72,173,4,-1.0
72,174,4,-1.0
72,175,4,-1.0
72,176,4,-1.0
72,177,4,-1.0
72,178,4,-1.0
72,179,4,-1.0
72,180,4,-1.0
72,181,4,-1.0
72,182,4,-1.0
72,183,4,-1.0
72,184,4,-1.0
72,185,4,-1.0
72,186,4,-1.0
72,187,4,-1.0
72,188,4,-1.0
72,189,4,-1.0
72,190,4,-1.0
72,191,4,-1.0
72,192,4,-1.0
72,193,4,-1.0
72,194,4,-1.0
72,195,4,-1.0
72,196,4,-1.0
72,197,4,-1.0
72,198,4,-1.0
72,199,4,-1.0
72,200,4,-1.0
72,201,4,-1.0
72,202,4,-1.0
72,203,4,-1.0
72,204,4,-1.0
72,205,4,-1.0
72,206,4,-1.0
72,207,4,-1.0
72,208,4,-1.0
72,209,4,-1.0
72,210,4,-1.0
72,211,4,-1.0
72,212,4,-1.0
72,213,4,-1.0
72,214,4,-1.0
72,215,4,-1.0
72,216,4,-1.0
72,217,4,-1.0
72,218,4,-1.0
72,219,4,-1.0
72,220,4,-1.0
72,221,4,-1.0
72,222,4,-1.0
72,223,4,-1.0
72,224,4,-1.0
72,225,4,-1.0
72,226,4,-1.0
72,227,4,-1.0
72,228,4,-1.0
72,229,4,-1.0
72,230,4,-1.0
72,231,4,-1.0
72,232,4,-1.0
72,233,4,-1.0
72,234,4,-1.0
72,235,4,-1.0
72,236,4,-1.0
72,237,4,-1.0
72,238,4,-1.0
72,239,4,-1.0
72,240,4,-1.0
72,241,4,-1.0
72,242,4,-1.0
72,243,4,-1.0
72,244,4,-1.0
72,245,4,-1.0
72,246,4,-1.0
72,247,4,-1.0
72,248,4,-1.0
72,249,4,-1.0
72,250,4,-1.0
73,0,1,-1.0
73,1,1,-1.0
73,2,1,-1.0
73,3,1,-1.0
73,4,1,-1.0
73,5,1,-1.0
73,6,1,-1.0
73,7,1,-1.0
73,8,1,-1.0
73,9,1,-1.0
73,10,1,-1.0
73,11,1,-1.0
73,12,1,-1.0
73,13,1,-1.0
73,14,1,-1.0
73,15,1,-1.0
73,16,1,-1.0
73,17,1,-1.0
73,18,1,-1.0
73,19,1,-1.0
73,20,1,-1.0
73,21,1,-1.0
73,22,1,-1.0
73,23,1,-1.0
73,24,1,-1.0
73,25,1,-1.0
73,26,1,-1.0
73,27,1,-1.0
73,28,1,-1.0
73,29,1,-1.0
73,30,1,-1.0
73,31,1,-1.0
73,32,1,-1.0
73,33,1,-1.0
73,34,1,-1.0
73,35,1,-1.0
73,36,1,-1.0
73,37,1,-1.0
73,38,1,-1.0
73,39,1,-1.0
73,40,1,-1.0
73,41,1,-1.0
73,42,1,-1.0
73,43,1,-1.0
73,44,1,-1.0
73,45,1,-1.0
73,46,1,-1.0
73,47,1,-1.0
73,48,1,-1.0
73,49,1,-1.0
73,50,1,-1.0
73,51,1,-1.0
73,52,1,-1.0
73,53,1,-1.0
73,54,1,-1.0
73,55,1,-1.0
73,56,1,-1.0
73,57,1,-1.0
73,58,1,-1.0
73,59,1,-1.0
73,60,1,-1.0
73,61,1,-1.0
73,62,1,-1.0
73,63,1,-1.0
73,64,1,-1.0
73,65,1,-1.0
73,66,1,-1.0
73,67,1,-1.0
73,68,1,-1.0
73,69,1,-1.0
73,70,1,-1.0
73,71,1,-1.0
73,72,1,-1.0
73,73,1,-1.0
73,74,1,-1.0
73,75,1,-1.0
73,76,1,-1.0
73,77,1,-1.0
73,78,1,-1.0
73,79,1,-1.0
73,80,1,-1.0
73,81,1,-1.0
73,82,1,-1.0
73,83,1,-1.0
73,84,1,-1.0
73,85,1,-1.0
73,86,1,-1.0
73,87,1,-1.0
73,88,1,-1.0
73,89,1,-1.0
73,90,1,-1.0
73,91,1,-1.0
73,92,1,-1.0
73,93,1,-1.0
73,94,1,-1.0
73,95,1,-1.0
73,96,1,-1.0
73,97,1,-1.0
73,98,1,-1.0
73,99,1,-1.0
73,100,1,-1.0
73,101,1,-1.0
73,102,1,-1.0
73,103,1,-1.0
73,104,1,-1.0
73,105,1,-1.0
73,106,1,-1.0
73,107,1,-1.0
73,108,1,-1.0
73,109,1,-1.0
73,110,1,-1.0
73,111,1,-1.0
73,112,1,-1.0
73,113,1,-1.0
73,114,1,-1.0
73,115,1,-1.0
73,116,1,-1.0
73,117,1,-1.0
73,118,1,-1.0
73,119,1,-1.0
73,120,1,-1.0
73,121,1,-1.0
73,122,1,-1.0
73,123,1,-1.0
73,124,1,-1.0
73,125,1,-1.0
73,126,1,-1.0
73,127,1,-1.0
73,128,1,-1.0
73,129,1,-1.0
73,130,1,-1.0
73,131,1,-1.0
73,132,1,-1.0
73,133,1,-1.0
73,134,1,-1.0
73,135,1,-1.0
73,136,1,-1.0
73,137,1,-1.0
73,138,1,-1.0
73,139,1,-1.0
73,140,1,-1.0
73,141,1,-1.0
73,142,1,-1.0
73,143,1,-1.0
73,144,1,-1.0
73,145,1,-1.0
73,146,1,-1.0
73,147,1,-1.0
73,148,1,-1.0
73,149,1,-1.0
73,150,1,-1.0
73,151,1,-1.0
73,152,1,-1.0
73,153,1,-1.0
73,154,1,-1.0
73,155,1,-1.0
73,156,1,-1.0
73,157,1,-1.0
73,158,1,-1.0
73,159,1,-1.0
73,160,1,-1.0
73,161,1,-1.0
73,162,1,-1.0
73,163,1,-1.0
73,164,1,-1.0
73,165,4,-1.0
73,166,4,-1.0
73,167,4,-1.0
73,168,4,-1.0
73,169,4,-1.0
73,170,4,-1.0
73,171,4,-1.0
73,172,4,-1.0
73,173,4,-1.0
73,174,4,-1.0
73,175,4,-1.0
73,176,4,-1.0
73,177,4,-1.0
73,178,4,-1.0
73,179,4,-1.0
73,180,4,-1.0
73,181,4,-1.0
73,182,4,-1.0
73,183,4,-1.0
73,184,4,-1.0
73,185,4,-1.0
73,186,4,-1.0
73,187,4,-1.0
73,188,4,-1.0
73,189,4,-1.0
73,190,4,-1.0
73,191,4,-1.0
73,192,4,-1.0
73,193,4,-1.0
73,194,4,-1.0
73,195,4,-1.0
73,196,4,-1.0
73,197,4,-1.0
73,198,4,-1.0
73,199,4,-1.0
73,200,4,-1.0
73,201,4,-1.0
73,202,4,-1.0
73,203,4,-1.0
73,204,4,-1.0
73,205,4,-1.0
73,206,4,-1.0
73,207,4,-1.0
73,208,4,-1.0
73,209,4,-1.0
73,210,4,-1.0
73,211,4,-1.0
73,212,4,-1.0
73,213,4,-1.0
73,214,4,-1.0
73,215,4,-1.0
73,216,4,-1.0
73,217,4,-1.0
73,218,4,-1.0
73,219,4,-1.0
73,220,4,-1.0
73,221,4,-1.0
73,222,4,-1.0
73,223,4,-1.0
73,224,4,-1.0
73,225,4,-1.0
73,226,4,-1.0
73,227,4,-1.0
73,228,4,-1.0
73,229,4,-1.0
73,230,4,-1.0
73,231,4,-1.0
73,232,4,-1.0
73,233,4,-1.0
73,234,4,-1.0
73,235,4,-1.0
73,236,4,-1.0
73,237,4,-1.0
73,238,4,-1.0
73,239,4,-1.0
73,240,4,-1.0
73,241,4,-1.0
73,242,4,-1.0
73,243,4,-1.0
73,244,4,-1.0
73,245,4,-1.0
73,246,4,-1.0
73,247,4,-1.0
73,248,4,-1.0
73,249,4,-1.0
73,250,4,-1.0
74,0,1,-1.0
74,1,1,-1.0
74,2,1,-1.0
74,3,1,-1.0
74,4,1,-1.0
74,5,1,-1.0
74,6,1,-1.0
74,7,1,-1.0
74,8,1,-1.0
74,9,1,-1.0
74,10,1,-1.0
74,11,1,-1.0
74,12,1,-1.0
74,13,1,-1.0
74,14,1,-1.0
74,15,1,-1.0
74,16,1,-1.0
74,17,1,-1.0
74,18,1,-1.0
74,19,1,-1.0
74,20,1,-1.0
74,21,1,-1.0
74,22,1,-1.0
74,23,1,-1.0
74,24,1,-1.0
74,25,1,-1.0
74,26,1,-1.0
74,27,1,-1.0
74,28,1,-1.0
74,29,1,-1.0
74,30,1,-1.0
74,31,1,-1.0
74,32,1,-1.0
74,33,1,-1.0
74,34,1,-1.0
74,35,1,-1.0
74,36,1,-1.0
74,37,1,-1.0
74,38,1,-1.0
74,39,1,-1.0
74,40,1,-1.0
74,41,1,-1.0
74,42,1,-1.0
74,43,1,-1.0
74,44,1,-1.0
74,45,1,-1.0
74,46,1,-1.0
74,47,1,-1.0
74,48,1,-1.0
74,49,1,-1.0
74,50,1,-1.0
74,51,1,-1.0
74,52,1,-1.0
74,53,1,-1.0
74,54,1,-1.0
74,55,1,-1.0
74,56,1,-1.0
74,57,1,-1.0
74,58,1,-1.0
74,59,1,-1.0
74,60,1,-1.0
74,61,1,-1.0
74,62,1,-1.0
74,63,1,-1.0
74,64,1,-1.0
74,65,1,-1.0
74,66,1,-1.0
74,67,1,-1.0
74,68,1,-1.0
74,69,1,-1.0
74,70,1,-1.0
74,71,1,-1.0
74,72,1,-1.0
74,73,1,-1.0
74,74,1,-1.0
74,75,1,-1.0
74,76,1,-1.0
74,77,1,-1.0
74,78,1,-1.0
74,79,1,-1.0
74,80,1,-1.0
74,81,1,-1.0
74,82,1,-1.0
74,83,1,-1.0
74,84,1,-1.0
74,85,1,-1.0
74,86,1,-1.0
74,87,1,-1.0
74,88,1,-1.0
74,89,1,-1.0
74,90,1,-1.0
74,91,1,-1.0
74,92,1,-1.0
74,93,1,-1.0
74,94,1,-1.0
74,95,1,-1.0
74,96,1,-1.0
74,97,1,-1.0
74,98,1,-1.0
74,99,1,-1.0
74,100,1,-1.0
74,101,1,-1.0
74,102,1,-1.0
74,103,1,-1.0
74,104,1,-1.0
74,105,1,-1.0
74,106,1,-1.0
74,107,1,-1.0
74,108,1,-1.0
74,109,1,-1.0
74,110,1,-1.0
74,111,1,-1.0
74,112,1,-1.0
74,113,1,-1.0
74,114,1,-1.0
74,115,1,-1.0
74,116,1,-1.0
74,117,1,-1.0
74,118,1,-1.0
74,119,1,-1.0
74,120,1,-1.0
74,121,1,-1.0
74,122,1,-1.0
74,123,1,-1.0
74,124,1,-1.0
74,125,1,-1.0
74,126,1,-1.0
74,127,1,-1.0
74,128,1,-1.0
74,129,1,-1.0
74,130,1,-1.0
74,131,1,-1.0
74,132,1,-1.0
74,133,1,-1.0
74,134,1,-1.0
74,135,1,-1.0
74,136,1,-1.0
74,137,1,-1.0
74,138,1,-1.0
74,139,1,-1.0
74,140,1,-1.0
74,141,1,-1.0
74,142,1,-1.0
74,143,1,-1.0
74,144,1,-1.0
74,145,1,-1.0
74,146,1,-1.0
74,147,1,-1.0
74,148,1,-1.0
74,149,1,-1.0
74,150,1,-1.0
74,151,1,-1.0
74,152,1,-1.0
74,153,1,-1.0
74,154,1,-1.0
74,155,1,-1.0
74,156,1,-1.0
74,157,1,-1.0
74,158,1,-1.0
74,159,1,-1.0
74,160,1,-1.0
74,161,1,-1.0
74,162,1,-1.0
74,163,1,-1.0
74,164,1,-1.0
74,165,4,-1.0
74,166,4,-1.0
74,167,4,-1.0
74,168,4,-1.0
74,169,4,-1.0
74,170,4,-1.0
74,171,4,-1.0
74,172,4,-1.0
74,173,4,-1.0
74,174,4,-1.0
74,175,4,-1.0
74,176,4,-1.0
74,177,4,-1.0
74,178,4,-1.0
74,179,4,-1.0
74,180,4,-1.0
74,181,4,-1.0
74,182,4,-1.0
74,183,4,-1.0
74,184,4,-1.0
74,185,4,-1.0
74,186,4,-1.0
74,187,4,-1.0
74,188,4,-1.0
74,189,4,-1.0
74,190,4,-1.0
74,191,4,-1.0
74,192,4,-1.0
74,193,4,-1.0
74,194,4,-1.0
74,195,4,-1.0
74,196,4,-1.0
74,197,4,-1.0
74,198,4,-1.0
74,199,4,-1.0
74,200,4,-1.0
74,201,4,-1.0
74,202,4,-1.0
74,203,4,-1.0
74,204,4,-1.0
74,205,4,-1.0
74,206,4,-1.0
74,207,4,-1.0
74,208,4,-1.0
74,209,4,-1.0
74,210,4,-1.0
74,211,4,-1.0
74,212,4,-1.0
74,213,4,-1.0
74,214,4,-1.0
74,215,4,-1.0
74,216,4,-1.0
74,217,4,-1.0
74,218,4,-1.0
74,219,4,-1.0
74,220,4,-1.0
74,221,4,-1.0
74,222,4,-1.0
74,223,4,-1.0
74,224,4,-1.0
74,225,4,-1.0
74,226,4,-1.0
74,227,4,-1.0
74,228,4,-1.0
74,229,4,-1.0
74,230,4,-1.0
74,231,4,-1.0
74,232,4,-1.0
74,233,4,-1.0
74,234,4,-1.0
74,235,4,-1.0
74,236,4,-1.0
74,237,4,-1.0
74,238,4,-1.0
74,239,4,-1.0
74,240,4,-1.0
74,241,4,-1.0
74,242,4,-1.0
74,243,4,-1.0
74,244,4,-1.0
74,245,4,-1.0
74,246,4,-1.0
74,247,4,-1.0
74,248,4,-1.0
74,249,4,-1.0
74,250,4,-1.0
75,0,1,-1.0
75,1,1,-1.0
75,2,1,-1.0
75,3,1,-1.0
75,4,1,-1.0
75,5,1,-1.0
75,6,1,-1.0
75,7,1,-1.0
75,8,1,-1.0
75,9,1,-1.0
75,10,1,-1.0
75,11,1,-1.0
75,12,1,-1.0
75,13,1,-1.0
75,14,1,-1.0
75,15,1,-1.0
75,16,1,-1.0
75,17,1,-1.0
75,18,1,-1.0
75,19,1,-1.0
75,20,1,-1.0
75,21,1,-1.0
75,22,1,-1.0
75,23,1,-1.0
75,24,1,-1.0
75,25,1,-1.0
75,26,1,-1.0
75,27,1,-1.0
75,28,1,-1.0
75,29,1,-1.0
75,30,1,-1.0
75,31,1,-1.0
75,32,1,-1.0
75,33,1,-1.0
75,34,1,-1.0
75,35,1,-1.0
75,36,1,-1.0
75,37,1,-1.0
75,38,1,-1.0
75,39,1,-1.0
75,40,1,-1.0
75,41,1,-1.0
75,42,1,-1.0
75,43,1,-1.0
75,44,1,-1.0
75,45,1,-1.0
75,46,1,-1.0
75,47,1,-1.0
75,48,1,-1.0
75,49,1,-1.0
75,50,1,-1.0
75,51,1,-1.0
75,52,1,-1.0
75,53,1,-1.0
75,54,1,-1.0
75,55,1,-1.0
75,56,1,-1.0
75,57,1,-1.0
75,58,1,-1.0
75,59,1,-1.0
75,60,1,-1.0
75,61,1,-1.0
75,62,1,-1.0
75,63,1,-1.0
75,64,1,-1.0
75,65,1,-1.0
75,66,1,-1.0
75,67,1,-1.0
75,68,1,-1.0
75,69,1,-1.0
75,70,1,-1.0
75,71,1,-1.0
75,72,1,-1.0
75,73,1,-1.0
75,74,1,-1.0
75,75,1,-1.0
75,76,1,-1.0
75,77,1,-1.0
75,78,1,-1.0
75,79,1,-1.0
75,80,1,-1.0
75,81,1,-1.0
75,82,1,-1.0
75,83,1,-1.0
75,84,1,-1.0
75,85,1,-1.0
75,86,1,-1.0
75,87,1,-1.0
75,88,1,-1.0
75,89,1,-1.0
75,90,1,-1.0
75,91,1,-1.0
75,92,1,-1.0
75,93,1,-1.0
75,94,1,-1.0
75,95,1,-1.0
75,96,1,-1.0
75,97,1,-1.0
75,98,1,-1.0
75,99,1,-1.0
75,100,1,-1.0
75,101,1,-1.0
75,102,1,-1.0
75,103,1,-1.0
75,104,1,-1.0
75,105,1,-1.0
75,106,1,-1.0
75,107,1,-1.0
75,108,1,-1.0
75,109,1,-1.0
75,110,1,-1.0
75,111,1,-1.0
75,112,1,-1.0
75,113,1,-1.0
75,114,1,-1.0
75,115,1,-1.0
75,116,1,-1.0
75,117,1,-1.0
75,118,1,-1.0
75,119,1,-1.0
75,120,1,-1.0
75,121,1,-1.0
75,122,1,-1.0
75,123,1,-1.0
75,124,1,-1.0
75,125,1,-1.0
75,126,1,-1.0
75,127,1,-1.0
75,128,1,-1.0
75,129,1,-1.0
75,130,1,-1.0
75,131,1,-1.0
75,132,1,-1.0
75,133,1,-1.0
75,134,1,-1.0
75,135,1,-1.0
75,136,1,-1.0
75,137,1,-1.0
75,138,1,-1.0
75,139,1,-1.0
75,140,1,-1.0
75,141,1,-1.0
75,142,1,-1.0
75,143,1,-1.0
75,144,1,-1.0
75,145,1,-1.0
75,146,1,-1.0
75,147,1,-1.0
75,148,1,-1.0
75,149,1,-1.0
75,150,1,-1.0
75,151,1,-1.0
75,152,1,-1.0
75,153,1,-1.0
75,154,1,-1.0
75,155,1,-1.0
75,156,1,-1.0
75,157,1,-1.0
75,158,1,-1.0
75,159,1,-1.0
75,160,1,-1.0
75,161,1,-1.0
75,162,1,-1.0
75,163,1,-1.0
75,164,4,-1.0
75,165,4,-1.0
75,166,4,-1.0
75,167,4,-1.0
75,168,4,-1.0
75,169,4,-1.0
75,170,4,-1.0
75,171,4,-1.0
75,172,4,-1.0
75,173,4,-1.0
75,174,4,-1.0
75,175,4,-1.0
75,176,4,-1.0
75,177,4,-1.0
75,178,4,-1.0
75,179,4,-1.0
75,180,4,-1.0
75,181,4,-1.0
75,182,4,-1.0
75,183,4,-1.0
75,184,4,-1.0
75,185,4,-1.0
75,186,4,-1.0
75,187,4,-1.0
75,188,4,-1.0
75,189,4,-1.0
75,190,4,-1.0
75,191,4,-1.0
75,192,4,-1.0
75,193,4,-1.0
75,194,4,-1.0
75,195,4,-1.0
75,196,4,-1.0
75,197,4,-1.0
75,198,4,-1.0
75,199,4,-1.0
75,200,4,-1.0
75,201,4,-1.0
75,202,4,-1.0
75,203,4,-1.0
75,204,4,-1.0
75,205,4,-1.0
75,206,4,-1.0
75,207,4,-1.0
75,208,4,-1.0
75,209,4,-1.0
75,210,4,-1.0
75,211,4,-1.0
75,212,4,-1.0
75,213,4,-1.0
75,214,4,-1.0
75,215,4,-1.0
75,216,4,-1.0
75,217,4,-1.0
75,218,4,-1.0
75,219,4,-1.0
75,220,4,-1.0
75,221,4,-1.0
75,222,4,-1.0
75,223,4,-1.0
75,224,4,-1.0
75,225,4,-1.0
75,226,4,-1.0
75,227,4,-1.0
75,228,4,-1.0
75,229,4,-1.0
75,230,4,-1.0
75,231,4,-1.0
75,232,4,-1.0
75,233,4,-1.0
75,234,4,-1.0
75,235,4,-1.0
75,236,4,-1.0
75,237,4,-1.0
75,238,4,-1.0
75,239,4,-1.0
75,240,4,-1.0
75,241,4,-1.0
75,242,4,-1.0
75,243,4,-1.0
75,244,4,-1.0
75,245,4,-1.0
75,246,4,-1.0
75,247,4,-1.0
75,248,4,-1.0
75,249,4,-1.0
75,250,4,-1.0
76,0,1,-1.0
76,1,1,-1.0
76,2,1,-1.0
76,3,1,-1.0
76,4,1,-1.0
76,5,1,-1.0
76,6,1,-1.0
76,7,1,-1.0
76,8,1,-1.0
76,9,1,-1.0
76,10,1,-1.0
76,11,1,-1.0
76,12,1,-1.0
76,13,1,-1.0
76,14,1,-1.0
76,15,1,-1.0
76,16,1,-1.0
76,17,1,-1.0
76,18,1,-1.0
76,19,1,-1.0
76,20,1,-1.0
76,21,1,-1.0
76,22,1,-1.0
76,23,1,-1.0
76,24,1,-1.0
76,25,1,-1.0
76,26,1,-1.0
76,27,1,-1.0
76,28,1,-1.0
76,29,1,-1.0
76,30,1,-1.0
76,31,1,-1.0
76,32,1,-1.0
76,33,1,-1.0
76,34,1,-1.0
76,35,1,-1.0
76,36,1,-1.0
76,37,1,-1.0
76,38,1,-1.0
76,39,1,-1.0
76,40,1,-1.0
76,41,1,-1.0
76,42,1,-1.0
76,43,1,-1.0
76,44,1,-1.0
76,45,1,-1.0
76,46,1,-1.0
76,47,1,-1.0
76,48,1,-1.0
76,49,1,-1.0
76,50,1,-1.0
76,51,1,-1.0
76,52,1,-1.0
76,53,1,-1.0
76,54,1,-1.0
76,55,1,-1.0
76,56,1,-1.0
76,57,1,-1.0
76,58,1,-1.0
76,59,1,-1.0
76,60,1,-1.0
76,61,1,-1.0
76,62,1,-1.0
76,63,1,-1.0
76,64,1,-1.0
76,65,1,-1.0
76,66,1,-1.0
76,67,1,-1.0
76,68,1,-1.0
76,69,1,-1.0
76,70,1,-1.0
76,71,1,-1.0
76,72,1,-1.0
76,73,1,-1.0
76,74,1,-1.0
76,75,1,-1.0
76,76,1,-1.0
76,77,1,-1.0
76,78,1,-1.0
76,79,1,-1.0
76,80,1,-1.0
76,81,1,-1.0
76,82,1,-1.0
76,83,1,-1.0
76,84,1,-1.0
76,85,1,-1.0
76,86,1,-1.0
76,87,1,-1.0
76,88,1,-1.0
76,89,1,-1.0
76,90,1,-1.0
76,91,1,-1.0
76,92,1,-1.0
76,93,1,-1.0
76,94,1,-1.0
76,95,1,-1.0
76,96,1,-1.0
76,97,1,-1.0
76,98,1,-1.0
76,99,1,-1.0
76,100,1,-1.0
76,101,1,-1.0
76,102,1,-1.0
76,103,1,-1.0
76,104,1,-1.0
76,105,1,-1.0
76,106,1,-1.0
76,107,1,-1.0
76,108,1,-1.0
76,109,1,-1.0
76,110,1,-1.0
76,111,1,-1.0
76,112,1,-1.0
76,113,1,-1.0
76,114,1,-1.0
76,115,1,-1.0
76,116,1,-1.0
76,117,1,-1.0
76,118,1,-1.0
76,119,1,-1.0
76,120,1,-1.0
76,121,1,-1.0
76,122,1,-1.0
76,123,1,-1.0
76,124,1,-1.0
76,125,1,-1.0
76,126,1,-1.0
76,127,1,-1.0
76,128,1,-1.0
76,129,1,-1.0
76,130,1,-1.0
76,131,1,-1.0
76,132,1,-1.0
76,133,1,-1.0
76,134,1,-1.0
76,135,1,-1.0
76,136,1,-1.0
76,137,1,-1.0
76,138,1,-1.0
76,139,1,-1.0
76,140,1,-1.0
76,141,1,-1.0
76,142,1,-1.0
76,143,1,-1.0
76,144,1,-1.0
76,145,1,-1.0
76,146,1,-1.0
76,147,1,-1.0
76,148,1,-1.0
76,149,1,-1.0
76,150,1,-1.0
76,151,1,-1.0
76,152,1,-1.0
76,153,1,-1.0
76,154,1,-1.0
76,155,1,-1.0
76,156,1,-1.0
76,157,1,-1.0
76,158,1,-1.0
76,159,1,-1.0
76,160,1,-1.0
76,161,1,-1.0
76,162,1,-1.0
76,163,1,-1.0
76,164,4,-1.0
76,165,4,-1.0
76,166,4,-1.0
76,167,4,-1.0
76,168,4,-1.0
76,169,4,-1.0
76,170,4,-1.0
76,171,4,-1.0
76,172,4,-1.0
76,173,4,-1.0
76,174,4,-1.0
76,175,4,-1.0
76,176,4,-1.0
76,177,4,-1.0
76,178,4,-1.0
76,179,4,-1.0
76,180,4,-1.0
76,181,4,-1.0
76,182,4,-1.0
76,183,4,-1.0
76,184,4,-1.0
76,185,4,-1.0
76,186,4,-1.0
76,187,4,-1.0
76,188,4,-1.0
76,189,4,-1.0
76,190,4,-1.0
76,191,4,-1.0
76,192,4,-1.0
76,193,4,-1.0
76,194,4,-1.0
76,195,4,-1.0
76,196,4,-1.0
76,197,4,-1.0
76,198,4,-1.0
76,199,4,-1.0
76,200,4,-1.0
76,201,4,-1.0
76,202,4,-1.0
76,203,4,-1.0
76,204,4,-1.0
76,205,4,-1.0
76,206,4,-1.0
76,207,4,-1.0
76,208,4,-1.0
76,209,4,-1.0
76,210,4,-1.0
76,211,4,-1.0
76,212,4,-1.0
76,213,4,-1.0
76,214,4,-1.0
76,215,4,-1.0
76,216,4,-1.0
76,217,4,-1.0
76,218,4,-1.0
76,219,4,-1.0
76,220,4,-1.0
76,221,4,-1.0
76,222,4,-1.0
76,223,4,-1.0
76,224,4,-1.0
76,225,4,-1.0
76,226,4,-1.0
76,227,4,-1.0
76,228,4,-1.0
76,229,4,-1.0
76,230,4,-1.0
76,231,4,-1.0
76,232,4,-1.0
76,233,4,-1.0
76,234,4,-1.0
76,235,4,-1.0
76,236,4,-1.0
76,237,4,-1.0
76,238,4,-1.0
76,239,4,-1.0
76,240,4,-1.0
76,241,4,-1.0
76,242,4,-1.0
76,243,4,-1.0
76,244,4,-1.0
76,245,4,-1.0
76,246,4,-1.0
76,247,4,-1.0
76,248,4,-1.0
76,249,4,-1.0
76,250,4,-1.0
77,0,1,-1.0
77,1,1,-1.0
77,2,1,-1.0
77,3,1,-1.0
77,4,1,-1.0
77,5,1,-1.0
77,6,1,-1.0
77,7,1,-1.0
77,8,1,-1.0
77,9,1,-1.0
77,10,1,-1.0
77,11,1,-1.0
77,12,1,-1.0
77,13,1,-1.0
77,14,1,-1.0
77,15,1,-1.0
77,16,1,-1.0
77,17,1,-1.0
77,18,1,-1.0
77,19,1,-1.0
77,20,1,-1.0
77,21,1,-1.0
77,22,1,-1.0
77,23,1,-1.0
77,24,1,-1.0
77,25,1,-1.0
77,26,1,-1.0
77,27,1,-1.0
77,28,1,-1.0
77,29,1,-1.0
77,30,1,-1.0
77,31,1,-1.0
77,32,1,-1.0
77,33,1,-1.0
77,34,1,-1.0
77,35,1,-1.0
77,36,1,-1.0
77,37,1,-1.0
77,38,1,-1.0
77,39,1,-1.0
77,40,1,-1.0
77,41,1,-1.0
77,42,1,-1.0
77,43,1,-1.0
77,44,1,-1.0
77,45,1,-1.0
77,46,1,-1.0
77,47,1,-1.0
77,48,1,-1.0
77,49,1,-1.0
77,50,1,-1.0
77,51,1,-1.0
77,52,1,-1.0
77,53,1,-1.0
77,54,1,-1.0
77,55,1,-1.0
77,56,1,-1.0
77,57,1,-1.0
77,58,1,-1.0
77,59,1,-1.0
77,60,1,-1.0
77,61,1,-1.0
77,62,1,-1.0
77,63,1,-1.0
77,64,1,-1.0
77,65,1,-1.0
77,66,1,-1.0
77,67,1,-1.0
77,68,1,-1.0
77,69,1,-1.0
77,70,1,-1.0
77,71,1,-1.0
77,72,1,-1.0
77,73,1,-1.0
77,74,1,-1.0
77,75,1,-1.0
77,76,1,-1.0
77,77,1,-1.0
77,78,1,-1.0
77,79,1,-1.0
77,80,1,-1.0
77,81,1,-1.0
77,82,1,-1.0
77,83,1,-1.0
77,84,1,-1.0
77,85,1,-1.0
77,86,1,-1.0
77,87,1,-1.0
77,88,1,-1.0
77,89,1,-1.0
77,90,1,-1.0
77,91,1,-1.0
77,92,1,-1.0
77,93,1,-1.0
77,94,1,-1.0
77,95,1,-1.0
77,96,1,-1.0
77,97,1,-1.0
77,98,1,-1.0
77,99,1,-1.0
77,100,1,-1.0
77,101,1,-1.0
77,102,1,-1.0
77,103,1,-1.0
77,104,1,-1.0
77,105,1,-1.0
77,106,1,-1.0
77,107,1,-1.0
77,108,1,-1.0
77,109,1,-1.0
77,110,1,-1.0
77,111,1,-1.0
77,112,1,-1.0
77,113,1,-1.0
77,114,1,-1.0
77,115,1,-1.0
77,116,1,-1.0
77,117,1,-1.0
77,118,1,-1.0
77,119,1,-1.0
77,120,1,-1.0
77,121,1,-1.0
77,122,1,-1.0
77,123,1,-1.0
77,124,1,-1.0
77,125,1,-1.0
77,126,1,-1.0
77,127,1,-1.0
77,128,1,-1.0
77,129,1,-1.0
77,130,1,-1.0
77,131,1,-1.0
77,132,1,-1.0
77,133,1,-1.0
77,134,1,-1.0
77,135,1,-1.0
77,136,1,-1.0
77,137,1,-1.0
77,138,1,-1.0
77,139,1,-1.0
77,140,1,-1.0
77,141,1,-1.0
77,142,1,-1.0
77,143,1,-1.0
77,144,1,-1.0
77,145,1,-1.0
77,146,1,-1.0
77,147,1,-1.0
77,148,1,-1.0
77,149,1,-1.0
77,150,1,-1.0
77,151,1,-1.0
77,152,1,-1.0
77,153,1,-1.0
77,154,1,-1.0
77,155,1,-1.0
77,156,1,-1.0
77,157,1,-1.0
77,158,1,-1.0
77,159,1,-1.0
77,160,1,-1.0
77,161,1,-1.0
77,162,1,-1.0
77,163,1,-1.0
77,164,4,-1.0
77,165,4,-1.0
77,166,4,-1.0
77,167,4,-1.0
77,168,4,-1.0
77,169,4,-1.0
77,170,4,-1.0
77,171,4,-1.0
77,172,4,-1.0
77,173,4,-1.0
77,174,4,-1.0
77,175,4,-1.0
77,176,4,-1.0
77,177,4,-1.0
77,178,4,-1.0
77,179,4,-1.0
77,180,4,-1.0
77,181,4,-1.0
77,182,4,-1.0
77,183,4,-1.0
77,184,4,-1.0
77,185,4,-1.0
77,186,4,-1.0
77,187,4,-1.0
77,188,4,-1.0
77,189,4,-1.0
77,190,4,-1.0
77,191,4,-1.0
77,192,4,-1.0
77,193,4,-1.0
77,194,4,-1.0
77,195,4,-1.0
77,196,4,-1.0
77,197,4,-1.0
77,198,4,-1.0
77,199,4,-1.0
77,200,4,-1.0
77,201,4,-1.0
77,202,4,-1.0
77,203,4,-1.0
77,204,4,-1.0
77,205,4,-1.0
77,206,4,-1.0
77,207,4,-1.0
77,208,4,-1.0
77,209,4,-1.0
77,210,4,-1.0
77,211,4,-1.0
77,212,4,-1.0
77,213,4,-1.0
77,214,4,-1.0
77,215,4,-1.0
77,216,4,-1.0
77,217,4,-1.0
77,218,4,-1.0
77,219,4,-1.0
77,220,4,-1.0
77,221,4,-1.0
77,222,4,-1.0
77,223,4,-1.0
77,224,4,-1.0
77,225,4,-1.0
77,226,4,-1.0
77,227,4,-1.0
77,228,4,-1.0
77,229,4,-1.0
77,230,4,-1.0
77,231,4,-1.0
77,232,4,-1.0
77,233,4,-1.0
77,234,4,-1.0
77,235,4,-1.0
77,236,4,-1.0
77,237,4,-1.0
77,238,4,-1.0
77,239,4,-1.0
77,240,4,-1.0
77,241,4,-1.0
77,242,4,-1.0
77,243,4,-1.0
77,244,4,-1.0
77,245,4,-1.0
77,246,4,-1.0
77,247,4,-1.0
77,248,4,-1.0
77,249,4,-1.0
77,250,4,-1.0
78,0,1,-1.0
78,1,1,-1.0
78,2,1,-1.0
78,3,1,-1.0
78,4,1,-1.0
78,5,1,-1.0
78,6,1,-1.0
78,7,1,-1.0
78,8,1,-1.0
78,9,1,-1.0
78,10,1,-1.0
78,11,1,-1.0
78,12,1,-1.0
78,13,1,-1.0
78,14,1,-1.0
78,15,1,-1.0
78,16,1,-1.0
78,17,1,-1.0
78,18,1,-1.0
78,19,1,-1.0
78,20,1,-1.0
78,21,1,-1.0
78,22,1,-1.0
78,23,1,-1.0
78,24,1,-1.0
78,25,1,-1.0
78,26,1,-1.0
78,27,1,-1.0
78,28,1,-1.0
78,29,1,-1.0
78,30,1,-1.0
78,31,1,-1.0
78,32,1,-1.0
78,33,1,-1.0
78,34,1,-1.0
78,35,1,-1.0
78,36,1,-1.0
78,37,1,-1.0
78,38,1,-1.0
78,39,1,-1.0
78,40,1,-1.0
78,41,1,-1.0
78,42,1,-1.0
78,43,1,-1.0
78,44,1,-1.0
78,45,1,-1.0
78,46,1,-1.0
78,47,1,-1.0
78,48,1,-1.0
78,49,1,-1.0
78,50,1,-1.0
78,51,1,-1.0
78,52,1,-1.0
78,53,1,-1.0
78,54,1,-1.0
78,55,1,-1.0
78,56,1,-1.0
78,57,1,-1.0
78,58,1,-1.0
78,59,1,-1.0
78,60,1,-1.0
78,61,1,-1.0
78,62,1,-1.0
78,63,1,-1.0
78,64,1,-1.0
78,65,1,-1.0
78,66,1,-1.0
78,67,1,-1.0
78,68,1,-1.0
78,69,1,-1.0
78,70,1,-1.0
78,71,1,-1.0
78,72,1,-1.0
78,73,1,-1.0
78,74,1,-1.0
78,75,1,-1.0
78,76,1,-1.0
78,77,1,-1.0
78,78,1,-1.0
78,79,1,-1.0
78,80,1,-1.0
78,81,1,-1.0
78,82,1,-1.0
78,83,1,-1.0
78,84,1,-1.0
78,85,1,-1.0
78,86,1,-1.0
78,87,1,-1.0
78,88,1,-1.0
78,89,1,-1.0
78,90,1,-1.0
78,91,1,-1.0
78,92,1,-1.0
78,93,1,-1.0
78,94,1,-1.0
78,95,1,-1.0
78,96,1,-1.0
78,97,1,-1.0
78,98,1,-1.0
78,99,1,-1.0
78,100,1,-1.0
78,101,1,-1.0
78,102,1,-1.0
78,103,1,-1.0
78,104,1,-1.0
78,105,1,-1.0
78,106,1,-1.0
78,107,1,-1.0
78,108,1,-1.0
78,109,1,-1.0
78,110,1,-1.0
78,111,1,-1.0
78,112,1,-1.0
78,113,1,-1.0
78,114,1,-1.0
78,115,1,-1.0
78,116,1,-1.0
78,117,1,-1.0
78,118,1,-1.0
78,119,1,-1.0
78,120,1,-1.0
78,121,1,-1.0
78,122,1,-1.0
78,123,1,-1.0
78,124,1,-1.0
78,125,1,-1.0
78,126,1,-1.0
78,127,1,-1.0
78,128,1,-1.0
78,129,1,-1.0
78,130,1,-1.0
78,131,1,-1.0
78,132,1,-1.0
78,133,1,-1.0
78,134,1,-1.0
78,135,1,-1.0
78,136,1,-1.0
78,137,1,-1.0
78,138,1,-1.0
78,139,1,-1.0
78,140,1,-1.0
78,141,1,-1.0
78,142,1,-1.0
78,143,1,-1.0
78,144,1,-1.0
78,145,1,-1.0
78,146,1,-1.0
78,147,1,-1.0
78,148,1,-1.0
78,149,1,-1.0
78,150,1,-1.0
78,151,1,-1.0
78,152,1,-1.0
78,153,1,-1.0
78,154,1,-1.0
78,155,1,-1.0
78,156,1,-1.0
78,157,1,-1.0
78,158,1,-1.0
78,159,1,-1.0
78,160,1,-1.0
78,161,1,-1.0
78,162,1,-1.0
78,163,1,-1.0
78,164,4,-1.0
78,165,4,-1.0
78,166,4,-1.0
78,167,4,-1.0
78,168,4,-1.0
78,169,4,-1.0
78,170,4,-1.0
78,171,4,-1.0
78,172,4,-1.0
78,173,4,-1.0
78,174,4,-1.0
78,175,4,-1.0
78,176,4,-1.0
78,177,4,-1.0
78,178,4,-1.0
78,179,4,-1.0
78,180,4,-1.0
78,181,4,-1.0
78,182,4,-1.0
78,183,4,-1.0
78,184,4,-1.0
78,185,4,-1.0
78,186,4,-1.0
78,187,4,-1.0
78,188,4,-1.0
78,189,4,-1.0
78,190,4,-1.0
78,191,4,-1.0
78,192,4,-1.0
78,193,4,-1.0
78,194,4,-1.0
78,195,4,-1.0
78,196,4,-1.0
78,197,4,-1.0
78,198,4,-1.0
78,199,4,-1.0
78,200,4,-1.0
78,201,4,-1.0
78,202,4,-1.0
78,203,4,-1.0
78,204,4,-1.0
78,205,4,-1.0
78,206,4,-1.0
78,207,4,-1.0
78,208,4,-1.0
78,209,4,-1.0
78,210,4,-1.0
78,211,4,-1.0
78,212,4,-1.0
78,213,4,-1.0
78,214,4,-1.0
78,215,4,-1.0
78,216,4,-1.0
78,217,4,-1.0
78,218,4,-1.0
78,219,4,-1.0
78,220,4,-1.0
78,221,4,-1.0
78,222,4,-1.0
78,223,4,-1.0
78,224,4,-1.0
78,225,4,-1.0
78,226,4,-1.0
78,227,4,-1.0
78,228,4,-1.0
78,229,4,-1.0
78,230,4,-1.0
78,231,4,-1.0
78,232,4,-1.0
78,233,4,-1.0
78,234,4,-1.0
78,235,4,-1.0
78,236,4,-1.0
78,237,4,-1.0
78,238,4,-1.0
78,239,4,-1.0
78,240,4,-1.0
78,241,4,-1.0
78,242,4,-1.0
78,243,4,-1.0
78,244,4,-1.0
78,245,4,-1.0
78,246,4,-1.0
78,247,4,-1.0
78,248,4,-1.0
78,249,4,-1.0
78,250,4,-1.0
79,0,1,-1.0
79,1,1,-1.0
79,2,1,-1.0
79,3,1,-1.0
79,4,1,-1.0
79,5,1,-1.0
79,6,1,-1.0
79,7,1,-1.0
79,8,1,-1.0
79,9,1,-1.0
79,10,1,-1.0
79,11,1,-1.0
79,12,1,-1.0
79,13,1,-1.0
79,14,1,-1.0
79,15,1,-1.0
79,16,1,-1.0
79,17,1,-1.0
79,18,1,-1.0
79,19,1,-1.0
79,20,1,-1.0
79,21,1,-1.0
79,22,1,-1.0
79,23,1,-1.0
79,24,1,-1.0
79,25,1,-1.0
79,26,1,-1.0
79,27,1,-1.0
79,28,1,-1.0
79,29,1,-1.0
79,30,1,-1.0
79,31,1,-1.0
79,32,1,-1.0
79,33,1,-1.0
79,34,1,-1.0
79,35,1,-1.0
79,36,1,-1.0
79,37,1,-1.0
79,38,1,-1.0
79,39,1,-1.0
79,40,1,-1.0
79,41,1,-1.0
79,42,1,-1.0
79,43,1,-1.0
79,44,1,-1.0
79,45,1,-1.0
79,46,1,-1.0
79,47,1,-1.0
79,48,1,-1.0
79,49,1,-1.0
79,50,1,-1.0
79,51,1,-1.0
79,52,1,-1.0
79,53,1,-1.0
79,54,1,-1.0
79,55,1,-1.0
79,56,1,-1.0
79,57,1,-1.0
79,58,1,-1.0
79,59,1,-1.0
79,60,1,-1.0
79,61,1,-1.0
79,62,1,-1.0
79,63,1,-1.0
79,64,1,-1.0
79,65,1,-1.0
79,66,1,-1.0
79,67,1,-1.0
79,68,1,-1.0
79,69,1,-1.0
79,70,1,-1.0
79,71,1,-1.0
79,72,1,-1.0
79,73,1,-1.0
79,74,1,-1.0
79,75,1,-1.0
79,76,1,-1.0
79,77,1,-1.0
79,78,1,-1.0
79,79,1,-1.0
79,80,1,-1.0
79,81,1,-1.0
79,82,1,-1.0
79,83,1,-1.0
79,84,1,-1.0
79,85,1,-1.0
79,86,1,-1.0
79,87,1,-1.0
79,88,1,-1.0
79,89,1,-1.0
79,90,1,-1.0
79,91,1,-1.0
79,92,1,-1.0
79,93,1,-1.0
79,94,1,-1.0
79,95,1,-1.0
79,96,1,-1.0
79,97,1,-1.0
79,98,1,-1.0
79,99,1,-1.0
79,100,1,-1.0
79,101,1,-1.0
79,102,1,-1.0
79,103,1,-1.0
79,104,1,-1.0
79,105,1,-1.0
79,106,1,-1.0
79,107,1,-1.0
79,108,1,-1.0
79,109,1,-1.0
79,110,1,-1.0
79,111,1,-1.0
79,112,1,-1.0
79,113,1,-1.0
79,114,1,-1.0
79,115,1,-1.0
79,116,1,-1.0
79,117,1,-1.0
79,118,1,-1.0
79,119,1,-1.0
79,120,1,-1.0
79,121,1,-1.0
79,122,1,-1.0
79,123,1,-1.0
79,124,1,-1.0
79,125,1,-1.0
79,126,1,-1.0
79,127,1,-1.0
79,128,1,-1.0
79,129,1,-1.0
79,130,1,-1.0
79,131,1,-1.0
79,132,1,-1.0
79,133,1,-1.0
79,134,1,-1.0
79,135,1,-1.0
79,136,1,-1.0
79,137,1,-1.0
79,138,1,-1.0
79,139,1,-1.0
79,140,1,-1.0
79,141,1,-1.0
79,142,1,-1.0
79,143,1,-1.0
79,144,1,-1.0
79,145,1,-1.0
79,146,1,-1.0
79,147,1,-1.0
79,148,1,-1.0
79,149,1,-1.0
79,150,1,-1.0
79,151,1,-1.0
79,152,1,-1.0
79,153,1,-1.0
79,154,1,-1.0
79,155,1,-1.0
79,156,1,-1.0
79,157,1,-1.0
79,158,1,-1.0
79,159,1,-1.0
79,160,1,-1.0
79,161,1,-1.0
79,162,1,-1.0
79,163,1,-1.0
79,164,4,-1.0
79,165,4,-1.0
79,166,4,-1.0
79,167,4,-1.0
79,168,4,-1.0
79,169,4,-1.0
79,170,4,-1.0
79,171,4,-1.0
79,172,4,-1.0
79,173,4,-1.0
79,174,4,-1.0
79,175,4,-1.0
79,176,4,-1.0
79,177,4,-1.0
79,178,4,-1.0
79,179,4,-1.0
79,180,4,-1.0
79,181,4,-1.0
79,182,4,-1.0
79,183,4,-1.0
79,184,4,-1.0
79,185,4,-1.0
79,186,4,-1.0
79,187,4,-1.0
79,188,4,-1.0
79,189,4,-1.0
79,190,4,-1.0
79,191,4,-1.0
79,192,4,-1.0
79,193,4,-1.0
79,194,4,-1.0
79,195,4,-1.0
79,196,4,-1.0
79,197,4,-1.0
79,198,4,-1.0
79,199,4,-1.0
79,200,4,-1.0
79,201,4,-1.0
79,202,4,-1.0
79,203,4,-1.0
79,204,4,-1.0
79,205,4,-1.0
79,206,4,-1.0
79,207,4,-1.0
79,208,4,-1.0
79,209,4,-1.0
79,210,4,-1.0
79,211,4,-1.0
79,212,4,-1.0
79,213,4,-1.0
79,214,4,-1.0
79,215,4,-1.0
79,216,4,-1.0
79,217,4,-1.0
79,218,4,-1.0
79,219,4,-1.0
79,220,4,-1.0
79,221,4,-1.0
79,222,4,-1.0
79,223,4,-1.0
79,224,4,-1.0
79,225,4,-1.0
79,226,4,-1.0
79,227,4,-1.0
79,228,4,-1.0
79,229,4,-1.0
79,230,4,-1.0
79,231,4,-1.0
79,232,4,-1.0
79,233,4,-1.0
79,234,4,-1.0
79,235,4,-1.0
79,236,4,-1.0
79,237,4,-1.0
79,238,4,-1.0
79,239,4,-1.0
79,240,4,-1.0
79,241,4,-1.0
79,242,4,-1.0
79,243,4,-1.0
79,244,4,-1.0
79,245,4,-1.0
79,246,4,-1.0
79,247,4,-1.0
79,248,4,-1.0
79,249,4,-1.0
79,250,4,-1.0
80,0,1,-1.0
80,1,1,-1.0
80,2,1,-1.0
80,3,1,-1.0
80,4,1,-1.0
80,5,1,-1.0
80,6,1,-1.0
80,7,1,-1.0
80,8,1,-1.0
80,9,1,-1.0
80,10,1,-1.0
80,11,1,-1.0
80,12,1,-1.0
80,13,1,-1.0
80,14,1,-1.0
80,15,1,-1.0
80,16,1,-1.0
80,17,1,-1.0
80,18,1,-1.0
80,19,1,-1.0
80,20,1,-1.0
80,21,1,-1.0
80,22,1,-1.0
80,23,1,-1.0
80,24,1,-1.0
80,25,1,-1.0
80,26,1,-1.0
80,27,1,-1.0
80,28,1,-1.0
80,29,1,-1.0
80,30,1,-1.0
80,31,1,-1.0
80,32,1,-1.0
80,33,1,-1.0
80,34,1,-1.0
80,35,1,-1.0
80,36,1,-1.0
80,37,1,-1.0
80,38,1,-1.0
80,39,1,-1.0
80,40,1,-1.0
80,41,1,-1.0
80,42,1,-1.0
80,43,1,-1.0
80,44,1,-1.0
80,45,1,-1.0
80,46,1,-1.0
80,47,1,-1.0
80,48,1,-1.0
80,49,1,-1.0
80,50,1,-1.0
80,51,1,-1.0
80,52,1,-1.0
80,53,1,-1.0
80,54,1,-1.0
80,55,1,-1.0
80,56,1,-1.0
80,57,1,-1.0
80,58,1,-1.0
80,59,1,-1.0
80,60,1,-1.0
80,61,1,-1.0
80,62,1,-1.0
80,63,1,-1.0
80,64,1,-1.0
80,65,1,-1.0
80,66,1,-1.0
80,67,1,-1.0
80,68,1,-1.0
80,69,1,-1.0
80,70,1,-1.0
80,71,1,-1.0
80,72,1,-1.0
80,73,1,-1.0
80,74,1,-1.0
80,75,1,-1.0
80,76,1,-1.0
80,77,1,-1.0
80,78,1,-1.0
80,79,1,-1.0
80,80,1,-1.0
80,81,1,-1.0
80,82,1,-1.0
80,83,1,-1.0
80,84,1,-1.0
80,85,1,-1.0
80,86,1,-1.0
80,87,1,-1.0
80,88,1,-1.0
80,89,1,-1.0
80,90,1,-1.0
80,91,1,-1.0
80,92,1,-1.0
80,93,1,-1.0
80,94,1,-1.0
80,95,1,-1.0
80,96,1,-1.0
80,97,1,-1.0
80,98,1,-1.0
80,99,1,-1.0
80,100,1,-1.0
80,101,1,-1.0
80,102,1,-1.0
80,103,1,-1.0
80,104,1,-1.0
80,105,1,-1.0
80,106,1,-1.0
80,107,1,-1.0
80,108,1,-1.0
80,109,1,-1.0
80,110,1,-1.0
80,111,1,-1.0
80,112,1,-1.0
80,113,1,-1.0
80,114,1,-1.0
80,115,1,-1.0
80,116,1,-1.0
80,117,1,-1.0
80,118,1,-1.0
80,119,1,-1.0
80,120,1,-1.0
80,121,1,-1.0
80,122,1,-1.0
80,123,1,-1.0
80,124,1,-1.0
80,125,1,-1.0
80,126,1,-1.0
80,127,1,-1.0
80,128,1,-1.0
80,129,1,-1.0
80,130,1,-1.0
80,131,1,-1.0
80,132,1,-1.0
80,133,1,-1.0
80,134,1,-1.0
80,135,1,-1.0
80,136,1,-1.0
80,137,1,-1.0
80,138,1,-1.0
80,139,1,-1.0
80,140,1,-1.0
80,141,1,-1.0
80,142,1,-1.0
80,143,1,-1.0
80,144,1,-1.0
80,145,1,-1.0
80,146,1,-1.0
80,147,1,-1.0
80,148,1,-1.0
80,149,1,-1.0
80,150,1,-1.0
80,151,1,-1.0
80,152,1,-1.0
80,153,1,-1.0
80,154,1,-1.0
80,155,1,-1.0
80,156,1,-1.0
80,157,1,-1.0
80,158,1,-1.0
80,159,1,-1.0
80,160,1,-1.0
80,161,1,-1.0
80,162,1,-1.0
80,163,1,-1.0
80,164,4,-1.0
80,165,4,-1.0
80,166,4,-1.0
80,167,4,-1.0
80,168,4,-1.0
80,169,4,-1.0
80,170,4,-1.0
80,171,4,-1.0
80,172,4,-1.0
80,173,4,-1.0
80,174,4,-1.0
80,175,4,-1.0
80,176,4,-1.0
80,177,4,-1.0
80,178,4,-1.0
80,179,4,-1.0
80,180,4,-1.0
80,181,4,-1.0
80,182,4,-1.0
80,183,4,-1.0
80,184,4,-1.0
80,185,4,-1.0
80,186,4,-1.0
80,187,4,-1.0
80,188,4,-1.0
80,189,4,-1.0
80,190,4,-1.0
80,191,4,-1.0
80,192,4,-1.0
80,193,4,-1.0
80,194,4,-1.0
80,195,4,-1.0
80,196,4,-1.0
80,197,4,-1.0
80,198,4,-1.0
80,199,4,-1.0
80,200,4,-1.0
80,201,4,-1.0
80,202,4,-1.0
80,203,4,-1.0
80,204,4,-1.0
80,205,4,-1.0
80,206,4,-1.0
80,207,4,-1.0
80,208,4,-1.0
80,209,4,-1.0
80,210,4,-1.0
80,211,4,-1.0
80,212,4,-1.0
80,213,4,-1.0
80,214,4,-1.0
80,215,4,-1.0
80,216,4,-1.0
80,217,4,-1.0
80,218,4,-1.0
80,219,4,-1.0
80,220,4,-1.0
80,221,4,-1.0
80,222,4,-1.0
80,223,4,-1.0
80,224,4,-1.0
80,225,4,-1.0
80,226,4,-1.0
80,227,4,-1.0
80,228,4,-1.0
80,229,4,-1.0
80,230,4,-1.0
80,231,4,-1.0
80,232,4,-1.0
80,233,4,-1.0
80,234,4,-1.0
80,235,4,-1.0
80,236,4,-1.0
80,237,4,-1.0
80,238,4,-1.0
80,239,4,-1.0
80,240,4,-1.0
80,241,4,-1.0
80,242,4,-1.0
80,243,4,-1.0
80,244,4,-1.0
80,245,4,-1.0
80,246,4,-1.0
80,247,4,-1.0
80,248,4,-1.0
80,249,4,-1.0
80,250,4,-1.0
81,0,1,-1.0
81,1,1,-1.0
81,2,1,-1.0
81,3,1,-1.0
81,4,1,-1.0
81,5,1,-1.0
81,6,1,-1.0
81,7,1,-1.0
81,8,1,-1.0
81,9,1,-1.0
81,10,1,-1.0
81,11,1,-1.0
81,12,1,-1.0
81,13,1,-1.0
81,14,1,-1.0
81,15,1,-1.0
81,16,1,-1.0
81,17,1,-1.0
81,18,1,-1.0
81,19,1,-1.0
81,20,1,-1.0
81,21,1,-1.0
81,22,1,-1.0
81,23,1,-1.0
81,24,1,-1.0
81,25,1,-1.0
81,26,1,-1.0
81,27,1,-1.0
81,28,1,-1.0
81,29,1,-1.0
81,30,1,-1.0
81,31,1,-1.0
81,32,1,-1.0
81,33,1,-1.0
81,34,1,-1.0
81,35,1,-1.0
81,36,1,-1.0
81,37,1,-1.0
81,38,1,-1.0
81,39,1,-1.0
81,40,1,-1.0
81,41,1,-1.0
81,42,1,-1.0
81,43,1,-1.0
81,44,1,-1.0
81,45,1,-1.0
81,46,1,-1.0
81,47,1,-1.0
81,48,1,-1.0
81,49,1,-1.0
81,50,1,-1.0
81,51,1,-1.0
81,52,1,-1.0
81,53,1,-1.0
81,54,1,-1.0
81,55,1,-1.0
81,56,1,-1.0
81,57,1,-1.0
81,58,1,-1.0
81,59,1,-1.0
81,60,1,-1.0
81,61,1,-1.0
81,62,1,-1.0
81,63,1,-1.0
81,64,1,-1.0
81,65,1,-1.0
81,66,1,-1.0
81,67,1,-1.0
81,68,1,-1.0
81,69,1,-1.0
81,70,1,-1.0
81,71,1,-1.0
81,72,1,-1.0
81,73,1,-1.0
81,74,1,-1.0
81,75,1,-1.0
81,76,1,-1.0
81,77,1,-1.0
81,78,1,-1.0
81,79,1,-1.0
81,80,1,-1.0
81,81,1,-1.0
81,82,1,-1.0
81,83,1,-1.0
81,84,1,-1.0
81,85,1,-1.0
81,86,1,-1.0
81,87,1,-1.0
81,88,1,-1.0
81,89,1,-1.0
81,90,1,-1.0
81,91,1,-1.0
81,92,1,-1.0
81,93,1,-1.0
81,94,1,-1.0
81,95,1,-1.0
81,96,1,-1.0
81,97,1,-1.0
81,98,1,-1.0
81,99,1,-1.0
81,100,1,-1.0
81,101,1,-1.0
81,102,1,-1.0
81,103,1,-1.0
81,104,1,-1.0
81,105,1,-1.0
81,106,1,-1.0
81,107,1,-1.0
81,108,1,-1.0
81,109,1,-1.0
81,110,1,-1.0
81,111,1,-1.0
81,112,1,-1.0
81,113,1,-1.0
81,114,1,-1.0
81,115,1,-1.0
81,116,1,-1.0
81,117,1,-1.0
81,118,1,-1.0
81,119,1,-1.0
81,120,1,-1.0
81,121,1,-1.0
81,122,1,-1.0
81,123,1,-1.0
81,124,1,-1.0
81,125,1,-1.0
81,126,1,-1.0
81,127,1,-1.0
81,128,1,-1.0
81,129,1,-1.0
81,130,1,-1.0
81,131,1,-1.0
81,132,1,-1.0
81,133,1,-1.0
81,134,1,-1.0
81,135,1,-1.0
81,136,1,-1.0
81,137,1,-1.0
81,138,1,-1.0
81,139,1,-1.0
81,140,1,-1.0
81,141,1,-1.0
81,142,1,-1.0
81,143,1,-1.0
81,144,1,-1.0
81,145,1,-1.0
81,146,1,-1.0
81,147,1,-1.0
81,148,1,-1.0
81,149,1,-1.0
81,150,1,-1.0
81,151,1,-1.0
81,152,1,-1.0
81,153,1,-1.0
81,154,1,-1.0
81,155,1,-1.0
81,156,1,-1.0
81,157,1,-1.0
81,158,1,-1.0
81,159,1,-1.0
81,160,1,-1.0
81,161,1,-1.0
81,162,1,-1.0
81,163,1,-1.0
81,164,4,-1.0
81,165,4,-1.0
81,166,4,-1.0
81,167,4,-1.0
81,168,4,-1.0
81,169,4,-1.0
81,170,4,-1.0
81,171,4,-1.0
81,172,4,-1.0
81,173,4,-1.0
81,174,4,-1.0
81,175,4,-1.0
81,176,4,-1.0
81,177,4,-1.0
81,178,4,-1.0
81,179,4,-1.0
81,180,4,-1.0
81,181,4,-1.0
81,182,4,-1.0
81,183,4,-1.0
81,184,4,-1.0
81,185,4,-1.0
81,186,4,-1.0
81,187,4,-1.0
81,188,4,-1.0
81,189,4,-1.0
81,190,4,-1.0
81,191,4,-1.0
81,192,4,-1.0
81,193,4,-1.0
81,194,4,-1.0
81,195,4,-1.0
81,196,4,-1.0
81,197,4,-1.0
81,198,4,-1.0
81,199,4,-1.0
81,200,4,-1.0
81,201,4,-1.0
81,202,4,-1.0
81,203,4,-1.0
81,204,4,-1.0
81,205,4,-1.0
81,206,4,-1.0
81,207,4,-1.0
81,208,4,-1.0
81,209,4,-1.0
81,210,4,-1.0
81,211,4,-1.0
81,212,4,-1.0
81,213,4,-1.0
81,214,4,-1.0
81,215,4,-1.0
81,216,4,-1.0
81,217,4,-1.0
81,218,4,-1.0
81,219,4,-1.0
81,220,4,-1.0
81,221,4,-1.0
81,222,4,-1.0
81,223,4,-1.0
81,224,4,-1.0
81,225,4,-1.0
81,226,4,-1.0
81,227,4,-1.0
81,228,4,-1.0
81,229,4,-1.0
81,230,4,-1.0
81,231,4,-1.0
81,232,4,-1.0
81,233,4,-1.0
81,234,4,-1.0
81,235,4,-1.0
81,236,4,-1.0
81,237,4,-1.0
81,238,4,-1.0
81,239,4,-1.0
81,240,4,-1.0
81,241,4,-1.0
81,242,4,-1.0
81,243,4,-1.0
81,244,4,-1.0
81,245,4,-1.0
81,246,4,-1.0
81,247,4,-1.0
81,248,4,-1.0
81,249,4,-1.0
81,250,4,-1.0
82,0,1,-1.0
82,1,1,-1.0
82,2,1,-1.0
82,3,1,-1.0
82,4,1,-1.0
82,5,1,-1.0
82,6,1,-1.0
82,7,1,-1.0
82,8,1,-1.0
82,9,1,-1.0
82,10,1,-1.0
82,11,1,-1.0
82,12,1,-1.0
82,13,1,-1.0
82,14,1,-1.0
82,15,1,-1.0
82,16,1,-1.0
82,17,1,-1.0
82,18,1,-1.0
82,19,1,-1.0
82,20,1,-1.0
82,21,1,-1.0
82,22,1,-1.0
82,23,1,-1.0
82,24,1,-1.0
82,25,1,-1.0
82,26,1,-1.0
82,27,1,-1.0
82,28,1,-1.0
82,29,1,-1.0
82,30,1,-1.0
82,31,1,-1.0
82,32,1,-1.0
82,33,1,-1.0
82,34,1,-1.0
82,35,1,-1.0
82,36,1,-1.0
82,37,1,-1.0
82,38,1,-1.0
82,39,1,-1.0
82,40,1,-1.0
82,41,1,-1.0
82,42,1,-1.0
82,43,1,-1.0
82,44,1,-1.0
82,45,1,-1.0
82,46,1,-1.0
82,47,1,-1.0
82,48,1,-1.0
82,49,1,-1.0
82,50,1,-1.0
82,51,1,-1.0
82,52,1,-1.0
82,53,1,-1.0
82,54,1,-1.0
82,55,1,-1.0
82,56,1,-1.0
82,57,1,-1.0
82,58,1,-1.0
82,59,1,-1.0
82,60,1,-1.0
82,61,1,-1.0
82,62,1,-1.0
82,63,1,-1.0
82,64,1,-1.0
82,65,1,-1.0
82,66,1,-1.0
82,67,1,-1.0
82,68,1,-1.0
82,69,1,-1.0
82,70,1,-1.0
82,71,1,-1.0
82,72,1,-1.0
82,73,1,-1.0
82,74,1,-1.0
82,75,1,-1.0
82,76,1,-1.0
82,77,1,-1.0
82,78,1,-1.0
82,79,1,-1.0
82,80,1,-1.0
82,81,1,-1.0
82,82,1,-1.0
82,83,1,-1.0
82,84,1,-1.0
82,85,1,-1.0
82,86,1,-1.0
82,87,1,-1.0
82,88,1,-1.0
82,89,1,-1.0
82,90,1,-1.0
82,91,1,-1.0
82,92,1,-1.0
82,93,1,-1.0
82,94,1,-1.0
82,95,1,-1.0
82,96,1,-1.0
82,97,1,-1.0
82,98,1,-1.0
82,99,1,-1.0
82,100,1,-1.0
82,101,1,-1.0
82,102,1,-1.0
82,103,1,-1.0
82,104,1,-1.0
82,105,1,-1.0
82,106,1,-1.0
82,107,1,-1.0
82,108,1,-1.0
82,109,1,-1.0
82,110,1,-1.0
82,111,1,-1.0
82,112,1,-1.0
82,113,1,-1.0
82,114,1,-1.0
82,115,1,-1.0
82,116,1,-1.0
82,117,1,-1.0
82,118,1,-1.0
82,119,1,-1.0
82,120,1,-1.0
82,121,1,-1.0
82,122,1,-1.0
82,123,1,-1.0
82,124,1,-1.0
82,125,1,-1.0
82,126,1,-1.0
82,127,1,-1.0
82,128,1,-1.0
82,129,1,-1.0
82,130,1,-1.0
82,131,1,-1.0
82,132,1,-1.0
82,133,1,-1.0
82,134,1,-1.0
82,135,1,-1.0
82,136,1,-1.0
82,137,1,-1.0
82,138,1,-1.0
82,139,1,-1.0
82,140,1,-1.0
82,141,1,-1.0
82,142,1,-1.0
82,143,1,-1.0
82,144,1,-1.0
82,145,1,-1.0
82,146,1,-1.0
82,147,1,-1.0
82,148,1,-1.0
82,149,1,-1.0
82,150,1,-1.0
82,151,1,-1.0
82,152,1,-1.0
82,153,1,-1.0
82,154,1,-1.0
82,155,1,-1.0
82,156,1,-1.0
82,157,1,-1.0
82,158,1,-1.0
82,159,1,-1.0
82,160,1,-1.0
82,161,1,-1.0
82,162,1,-1.0
82,163,1,-1.0
82,164,4,-1.0
82,165,4,-1.0
82,166,4,-1.0
82,167,4,-1.0
82,168,4,-1.0
82,169,4,-1.0
82,170,4,-1.0
82,171,4,-1.0
82,172,4,-1.0
82,173,4,-1.0
82,174,4,-1.0
82,175,4,-1.0
82,176,4,-1.0
82,177,4,-1.0
82,178,4,-1.0
82,179,4,-1.0
82,180,4,-1.0
82,181,4,-1.0
82,182,4,-1.0
82,183,4,-1.0
82,184,4,-1.0
82,185,4,-1.0
82,186,4,-1.0
82,187,4,-1.0
82,188,4,-1.0
82,189,4,-1.0
82,190,4,-1.0
82,191,4,-1.0
82,192,4,-1.0
82,193,4,-1.0
82,194,4,-1.0
82,195,4,-1.0
82,196,4,-1.0
82,197,4,-1.0
82,198,4,-1.0
82,199,4,-1.0
82,200,4,-1.0
82,201,4,-1.0
82,202,4,-1.0
82,203,4,-1.0
82,204,4,-1.0
82,205,4,-1.0
82,206,4,-1.0
82,207,4,-1.0
82,208,4,-1.0
82,209,4,-1.0
82,210,4,-1.0
82,211,4,-1.0
82,212,4,-1.0
82,213,4,-1.0
82,214,4,-1.0
82,215,4,-1.0
82,216,4,-1.0
82,217,4,-1.0
82,218,4,-1.0
82,219,4,-1.0
82,220,4,-1.0
82,221,4,-1.0
82,222,4,-1.0
82,223,4,-1.0
82,224,4,-1.0
82,225,4,-1.0
82,226,4,-1.0
82,227,4,-1.0
82,228,4,-1.0
82,229,4,-1.0
82,230,4,-1.0
82,231,4,-1.0
82,232,4,-1.0
82,233,4,-1.0
82,234,4,-1.0
82,235,4,-1.0
82,236,4,-1.0
82,237,4,-1.0
82,238,4,-1.0
82,239,4,-1.0
82,240,4,-1.0
82,241,4,-1.0
82,242,4,-1.0
82,243,4,-1.0
82,244,4,-1.0
82,245,4,-1.0
82,246,4,-1.0
82,247,4,-1.0
82,248,4,-1.0
82,249,4,-1.0
82,250,4,-1.0
83,0,1,-1.0
83,1,1,-1.0
83,2,1,-1.0
83,3,1,-1.0
83,4,1,-1.0
83,5,1,-1.0
83,6,1,-1.0
83,7,1,-1.0
83,8,1,-1.0
83,9,1,-1.0
83,10,1,-1.0
83,11,1,-1.0
83,12,1,-1.0
83,13,1,-1.0
83,14,1,-1.0
83,15,1,-1.0
83,16,1,-1.0
83,17,1,-1.0
83,18,1,-1.0
83,19,1,-1.0
83,20,1,-1.0
83,21,1,-1.0
83,22,1,-1.0
83,23,1,-1.0
83,24,1,-1.0
83,25,1,-1.0
83,26,1,-1.0
83,27,1,-1.0
83,28,1,-1.0
83,29,1,-1.0
83,30,1,-1.0
83,31,1,-1.0
83,32,1,-1.0
83,33,1,-1.0
83,34,1,-1.0
83,35,1,-1.0
83,36,1,-1.0
83,37,1,-1.0
83,38,1,-1.0
83,39,1,-1.0
83,40,1,-1.0
83,41,1,-1.0
83,42,1,-1.0
83,43,1,-1.0
83,44,1,-1.0
83,45,1,-1.0
83,46,1,-1.0
83,47,1,-1.0
83,48,1,-1.0
83,49,1,-1.0
83,50,1,-1.0
83,51,1,-1.0
83,52,1,-1.0
83,53,1,-1.0
83,54,1,-1.0
83,55,1,-1.0
83,56,1,-1.0
83,57,1,-1.0
83,58,1,-1.0
83,59,1,-1.0
83,60,1,-1.0
83,61,1,-1.0
83,62,1,-1.0
83,63,1,-1.0
83,64,1,-1.0
83,65,1,-1.0
83,66,1,-1.0
83,67,1,-1.0
83,68,1,-1.0
83,69,1,-1.0
83,70,1,-1.0
83,71,1,-1.0
83,72,1,-1.0
83,73,1,-1.0
83,74,1,-1.0
83,75,1,-1.0
83,76,1,-1.0
83,77,1,-1.0
83,78,1,-1.0
83,79,1,-1.0
83,80,1,-1.0
83,81,1,-1.0
83,82,1,-1.0
83,83,1,-1.0
83,84,1,-1.0
83,85,1,-1.0
83,86,1,-1.0
83,87,1,-1.0
83,88,1,-1.0
83,89,1,-1.0
83,90,1,-1.0
83,91,1,-1.0
83,92,1,-1.0
83,93,1,-1.0
83,94,1,-1.0
83,95,1,-1.0
83,96,1,-1.0
83,97,1,-1.0
83,98,1,-1.0
83,99,1,-1.0
83,100,1,-1.0
83,101,1,-1.0
83,102,1,-1.0
83,103,1,-1.0
83,104,1,-1.0
83,105,1,-1.0
83,106,1,-1.0
83,107,1,-1.0
83,108,1,-1.0
83,109,1,-1.0
83,110,1,-1.0
83,111,1,-1.0
83,112,1,-1.0
83,113,1,-1.0
83,114,1,-1.0
83,115,1,-1.0
83,116,1,-1.0
83,117,1,-1.0
83,118,1,-1.0
83,119,1,-1.0
83,120,1,-1.0
83,121,1,-1.0
83,122,1,-1.0
83,123,1,-1.0
83,124,1,-1.0
83,125,1,-1.0
83,126,1,-1.0
83,127,1,-1.0
83,128,1,-1.0
83,129,1,-1.0
83,130,1,-1.0
83,131,1,-1.0
83,132,1,-1.0
83,133,1,-1.0
83,134,1,-1.0
83,135,1,-1.0
83,136,1,-1.0
83,137,1,-1.0
83,138,1,-1.0
83,139,1,-1.0
83,140,1,-1.0
83,141,1,-1.0
83,142,1,-1.0
83,143,1,-1.0
83,144,1,-1.0
83,145,1,-1.0
83,146,1,-1.0
83,147,1,-1.0
83,148,1,-1.0
83,149,1,-1.0
83,150,1,-1.0
83,151,1,-1.0
83,152,1,-1.0
83,153,1,-1.0
83,154,1,-1.0
83,155,1,-1.0
83,156,1,-1.0
83,157,1,-1.0
83,158,1,-1.0
83,159,1,-1.0
83,160,1,-1.0
83,161,1,-1.0
83,162,1,-1.0
83,163,1,-1.0
83,164,4,-1.0
83,165,4,-1.0
83,166,4,-1.0
83,167,4,-1.0
83,168,4,-1.0
83,169,4,-1.0
83,170,4,-1.0
83,171,4,-1.0
83,172,4,-1.0
83,173,4,-1.0
83,174,4,-1.0
83,175,4,-1.0
83,176,4,-1.0
83,177,4,-1.0
83,178,4,-1.0
83,179,4,-1.0
83,180,4,-1.0
83,181,4,-1.0
83,182,4,-1.0
83,183,4,-1.0
83,184,4,-1.0
83,185,4,-1.0
83,186,4,-1.0
83,187,4,-1.0
83,188,4,-1.0
83,189,4,-1.0
83,190,4,-1.0
83,191,4,-1.0
83,192,4,-1.0
83,193,4,-1.0
83,194,4,-1.0
83,195,4,-1.0
83,196,4,-1.0
83,197,4,-1.0
83,198,4,-1.0
83,199,4,-1.0
83,200,4,-1.0
83,201,4,-1.0
83,202,4,-1.0
83,203,4,-1.0
83,204,4,-1.0
83,205,4,-1.0
83,206,4,-1.0
83,207,4,-1.0
83,208,4,-1.0
83,209,4,-1.0
83,210,4,-1.0
83,211,4,-1.0
83,212,4,-1.0
83,213,4,-1.0
83,214,4,-1.0
83,215,4,-1.0
83,216,4,-1.0
83,217,4,-1.0
83,218,4,-1.0
83,219,4,-1.0
83,220,4,-1.0
83,221,4,-1.0
83,222,4,-1.0
83,223,4,-1.0
83,224,4,-1.0
83,225,4,-1.0
83,226,4,-1.0
83,227,4,-1.0
83,228,4,-1.0
83,229,4,-1.0
83,230,4,-1.0
83,231,4,-1.0
83,232,4,-1.0
83,233,4,-1.0
83,234,4,-1.0
83,235,4,-1.0
83,236,4,-1.0
83,237,4,-1.0
83,238,4,-1.0
83,239,4,-1.0
83,240,4,-1.0
83,241,4,-1.0
83,242,4,-1.0
83,243,4,-1.0
83,244,4,-1.0
83,245,4,-1.0
83,246,4,-1.0
83,247,4,-1.0
83,248,4,-1.0
83,249,4,-1.0
83,250,4,-1.0
84,0,1,-1.0
84,1,1,-1.0
84,2,1,-1.0
84,3,1,-1.0
84,4,1,-1.0
84,5,1,-1.0
84,6,1,-1.0
84,7,1,-1.0
84,8,1,-1.0
84,9,1,-1.0
84,10,1,-1.0
84,11,1,-1.0
84,12,1,-1.0
84,13,1,-1.0
84,14,1,-1.0
84,15,1,-1.0
84,16,1,-1.0
84,17,1,-1.0
84,18,1,-1.0
84,19,1,-1.0
84,20,1,-1.0
84,21,1,-1.0
84,22,1,-1.0
84,23,1,-1.0
84,24,1,-1.0
84,25,1,-1.0
84,26,1,-1.0
84,27,1,-1.0
84,28,1,-1.0
84,29,1,-1.0
84,30,1,-1.0
84,31,1,-1.0
84,32,1,-1.0
84,33,1,-1.0
84,34,1,-1.0
84,35,1,-1.0
84,36,1,-1.0
84,37,1,-1.0
84,38,1,-1.0
84,39,1,-1.0
84,40,1,-1.0
84,41,1,-1.0
84,42,1,-1.0
84,43,1,-1.0
84,44,1,-1.0
84,45,1,-1.0
84,46,1,-1.0
84,47,1,-1.0
84,48,1,-1.0
84,49,1,-1.0
84,50,1,-1.0
84,51,1,-1.0
84,52,1,-1.0
84,53,1,-1.0
84,54,1,-1.0
84,55,1,-1.0
84,56,1,-1.0
84,57,1,-1.0
84,58,1,-1.0
84,59,1,-1.0
84,60,1,-1.0
84,61,1,-1.0
84,62,1,-1.0
84,63,1,-1.0
84,64,1,-1.0
84,65,1,-1.0
84,66,1,-1.0
84,67,1,-1.0
84,68,1,-1.0
84,69,1,-1.0
84,70,1,-1.0
84,71,1,-1.0
84,72,1,-1.0
84,73,1,-1.0
84,74,1,-1.0
84,75,1,-1.0
84,76,1,-1.0
84,77,1,-1.0
84,78,1,-1.0
84,79,1,-1.0
84,80,1,-1.0
84,81,1,-1.0
84,82,1,-1.0
84,83,1,-1.0
84,84,1,-1.0
84,85,1,-1.0
84,86,1,-1.0
84,87,1,-1.0
84,88,1,-1.0
84,89,1,-1.0
84,90,1,-1.0
84,91,1,-1.0
84,92,1,-1.0
84,93,1,-1.0
84,94,1,-1.0
84,95,1,-1.0
84,96,1,-1.0
84,97,1,-1.0
84,98,1,-1.0
84,99,1,-1.0
84,100,1,-1.0
84,101,1,-1.0
84,102,1,-1.0
84,103,1,-1.0
84,104,1,-1.0
84,105,1,-1.0
84,106,1,-1.0
84,107,1,-1.0
84,108,1,-1.0
84,109,1,-1.0
84,110,1,-1.0
84,111,1,-1.0
84,112,1,-1.0
84,113,1,-1.0
84,114,1,-1.0
84,115,1,-1.0
84,116,1,-1.0
84,117,1,-1.0
84,118,1,-1.0
84,119,1,-1.0
84,120,1,-1.0
84,121,1,-1.0
84,122,1,-1.0
84,123,1,-1.0
84,124,1,-1.0
84,125,1,-1.0
84,126,1,-1.0
84,127,1,-1.0
84,128,1,-1.0
84,129,1,-1.0
84,130,1,-1.0
84,131,1,-1.0
84,132,1,-1.0
84,133,1,-1.0
84,134,1,-1.0
84,135,1,-1.0
84,136,1,-1.0
84,137,1,-1.0
84,138,1,-1.0
84,139,1,-1.0
84,140,1,-1.0
84,141,1,-1.0
84,142,1,-1.0
84,143,1,-1.0
84,144,1,-1.0
84,145,1,-1.0
84,146,1,-1.0
84,147,1,-1.0
84,148,1,-1.0
84,149,1,-1.0
84,150,1,-1.0
84,151,1,-1.0
84,152,1,-1.0
84,153,1,-1.0
84,154,1,-1.0
84,155,1,-1.0
84,156,1,-1.0
84,157,1,-1.0
84,158,1,-1.0
84,159,1,-1.0
84,160,1,-1.0
84,161,1,-1.0
84,162,1,-1.0
84,163,4,-1.0
84,164,4,-1.0
84,165,4,-1.0
84,166,4,-1.0
84,167,4,-1.0
84,168,4,-1.0
84,169,4,-1.0
84,170,4,-1.0
84,171,4,-1.0
84,172,4,-1.0
84,173,4,-1.0
84,174,4,-1.0
84,175,4,-1.0
84,176,4,-1.0
84,177,4,-1.0
84,178,4,-1.0
84,179,4,-1.0
84,180,4,-1.0
84,181,4,-1.0
84,182,4,-1.0
84,183,4,-1.0
84,184,4,-1.0
84,185,4,-1.0
84,186,4,-1.0
84,187,4,-1.0
84,188,4,-1.0
84,189,4,-1.0
84,190,4,-1.0
84,191,4,-1.0
84,192,4,-1.0
84,193,4,-1.0
84,194,4,-1.0
84,195,4,-1.0
84,196,4,-1.0
84,197,4,-1.0
84,198,4,-1.0
84,199,4,-1.0
84,200,4,-1.0
84,201,4,-1.0
84,202,4,-1.0
84,203,4,-1.0
84,204,4,-1.0
84,205,4,-1.0
84,206,4,-1.0
84,207,4,-1.0
84,208,4,-1.0
84,209,4,-1.0
84,210,4,-1.0
84,211,4,-1.0
84,212,4,-1.0
84,213,4,-1.0
84,214,4,-1.0
84,215,4,-1.0
84,216,4,-1.0
84,217,4,-1.0
84,218,4,-1.0
84,219,4,-1.0
84,220,4,-1.0
84,221,4,-1.0
84,222,4,-1.0
84,223,4,-1.0
84,224,4,-1.0
84,225,4,-1.0
84,226,4,-1.0
84,227,4,-1.0
84,228,4,-1.0
84,229,4,-1.0
84,230,4,-1.0
84,231,4,-1.0
84,232,4,-1.0
84,233,4,-1.0
84,234,4,-1.0
84,235,4,-1.0
84,236,4,-1.0
84,237,4,-1.0
84,238,4,-1.0
84,239,4,-1.0
84,240,4,-1.0
84,241,4,-1.0
84,242,4,-1.0
84,243,4,-1.0
84,244,4,-1.0
84,245,4,-1.0
84,246,4,-1.0
84,247,4,-1.0
84,248,4,-1.0
84,249,4,-1.0
84,250,4,-1.0
85,0,1,-1.0
85,1,1,-1.0
85,2,1,-1.0
85,3,1,-1.0
85,4,1,-1.0
85,5,1,-1.0
85,6,1,-1.0
85,7,1,-1.0
85,8,1,-1.0
85,9,1,-1.0
85,10,1,-1.0
85,11,1,-1.0
85,12,1,-1.0
85,13,1,-1.0
85,14,1,-1.0
85,15,1,-1.0
85,16,1,-1.0
85,17,1,-1.0
85,18,1,-1.0
85,19,1,-1.0
85,20,1,-1.0
85,21,1,-1.0
85,22,1,-1.0
85,23,1,-1.0
85,24,1,-1.0
85,25,1,-1.0
85,26,1,-1.0
85,27,1,-1.0
85,28,1,-1.0
85,29,1,-1.0
85,30,1,-1.0
85,31,1,-1.0
85,32,1,-1.0
85,33,1,-1.0
85,34,1,-1.0
85,35,1,-1.0
85,36,1,-1.0
85,37,1,-1.0
85,38,1,-1.0
85,39,1,-1.0
85,40,1,-1.0
85,41,1,-1.0
85,42,1,-1.0
85,43,1,-1.0
85,44,1,-1.0
85,45,1,-1.0
85,46,1,-1.0
85,47,1,-1.0
85,48,1,-1.0
85,49,1,-1.0
85,50,1,-1.0
85,51,1,-1.0
85,52,1,-1.0
85,53,1,-1.0
85,54,1,-1.0
85,55,1,-1.0
85,56,1,-1.0
85,57,1,-1.0
85,58,1,-1.0
85,59,1,-1.0
85,60,1,-1.0
85,61,1,-1.0
85,62,1,-1.0
85,63,1,-1.0
85,64,1,-1.0
85,65,1,-1.0
85,66,1,-1.0
85,67,1,-1.0
85,68,1,-1.0
85,69,1,-1.0
85,70,1,-1.0
85,71,1,-1.0
85,72,1,-1.0
85,73,1,-1.0
85,74,1,-1.0
85,75,1,-1.0
85,76,1,-1.0
85,77,1,-1.0
85,78,1,-1.0
85,79,1,-1.0
85,80,1,-1.0
85,81,1,-1.0
85,82,1,-1.0
85,83,1,-1.0
85,84,1,-1.0
85,85,1,-1.0
85,86,1,-1.0
85,87,1,-1.0
85,88,1,-1.0
85,89,1,-1.0
85,90,1,-1.0
85,91,1,-1.0
85,92,1,-1.0
85,93,1,-1.0
85,94,1,-1.0
85,95,1,-1.0
85,96,1,-1.0
85,97,1,-1.0
85,98,1,-1.0
85,99,1,-1.0
85,100,1,-1.0
85,101,1,-1.0
85,102,1,-1.0
85,103,1,-1.0
85,104,1,-1.0
85,105,1,-1.0
85,106,1,-1.0
85,107,1,-1.0
85,108,1,-1.0
85,109,1,-1.0
85,110,1,-1.0
85,111,1,-1.0
85,112,1,-1.0
85,113,1,-1.0
85,114,1,-1.0
85,115,1,-1.0
85,116,1,-1.0
85,117,1,-1.0
85,118,1,-1.0
85,119,1,-1.0
85,120,1,-1.0
85,121,1,-1.0
85,122,1,-1.0
85,123,1,-1.0
85,124,1,-1.0
85,125,1,-1.0
85,126,1,-1.0
85,127,1,-1.0
85,128,1,-1.0
85,129,1,-1.0
85,130,1,-1.0
85,131,1,-1.0
85,132,1,-1.0
85,133,1,-1.0
85,134,1,-1.0
85,135,1,-1.0
85,136,1,-1.0
85,137,1,-1.0
85,138,1,-1.0
85,139,1,-1.0
85,140,1,-1.0
85,141,1,-1.0
85,142,1,-1.0
85,143,1,-1.0
85,144,1,-1.0
85,145,1,-1.0
85,146,1,-1.0
85,147,1,-1.0
85,148,1,-1.0
85,149,1,-1.0
85,150,1,-1.0
85,151,1,-1.0
85,152,1,-1.0
85,153,1,-1.0
85,154,1,-1.0
85,155,1,-1.0
85,156,1,-1.0
85,157,1,-1.0
85,158,1,-1.0
85,159,1,-1.0
85,160,1,-1.0
85,161,1,-1.0
85,162,1,-1.0
85,163,4,-1.0
85,164,4,-1.0
85,165,4,-1.0
85,166,4,-1.0
85,167,4,-1.0
85,168,4,-1.0
85,169,4,-1.0
85,170,4,-1.0
85,171,4,-1.0
85,172,4,-1.0
85,173,4,-1.0
85,174,4,-1.0
85,175,4,-1.0
85,176,4,-1.0
85,177,4,-1.0
85,178,4,-1.0
85,179,4,-1.0
85,180,4,-1.0
85,181,4,-1.0
85,182,4,-1.0
85,183,4,-1.0
85,184,4,-1.0
85,185,4,-1.0
85,186,4,-1.0
85,187,4,-1.0
85,188,4,-1.0
85,189,4,-1.0
85,190,4,-1.0
85,191,4,-1.0
85,192,4,-1.0
85,193,4,-1.0
85,194,4,-1.0
85,195,4,-1.0
85,196,4,-1.0
85,197,4,-1.0
85,198,4,-1.0
85,199,4,-1.0
85,200,4,-1.0
85,201,4,-1.0
85,202,4,-1.0
85,203,4,-1.0
85,204,4,-1.0
85,205,4,-1.0
85,206,4,-1.0
85,207,4,-1.0
85,208,4,-1.0
85,209,4,-1.0
85,210,4,-1.0
85,211,4,-1.0
85,212,4,-1.0
85,213,4,-1.0
85,214,4,-1.0
85,215,4,-1.0
85,216,4,-1.0
85,217,4,-1.0
85,218,4,-1.0
85,219,4,-1.0
85,220,4,-1.0
85,221,4,-1.0
85,222,4,-1.0
85,223,4,-1.0
85,224,4,-1.0
85,225,4,-1.0
85,226,4,-1.0
85,227,4,-1.0
85,228,4,-1.0
85,229,4,-1.0
85,230,4,-1.0
85,231,4,-1.0
85,232,4,-1.0
85,233,4,-1.0
85,234,4,-1.0
85,235,4,-1.0
85,236,4,-1.0
85,237,4,-1.0
85,238,4,-1.0
85,239,4,-1.0
85,240,4,-1.0
85,241,4,-1.0
85,242,4,-1.0
85,243,4,-1.0
85,244,4,-1.0
85,245,4,-1.0
85,246,4,-1.0
85,247,4,-1.0
85,248,4,-1.0
85,249,4,-1.0
85,250,4,-1.0
86,0,1,-1.0
86,1,1,-1.0
86,2,1,-1.0
86,3,1,-1.0
86,4,1,-1.0
86,5,1,-1.0
86,6,1,-1.0
86,7,1,-1.0
86,8,1,-1.0
86,9,1,-1.0
86,10,1,-1.0
86,11,1,-1.0
86,12,1,-1.0
86,13,1,-1.0
86,14,1,-1.0
86,15,1,-1.0
86,16,1,-1.0
86,17,1,-1.0
86,18,1,-1.0
86,19,1,-1.0
86,20,1,-1.0
86,21,1,-1.0
86,22,1,-1.0
86,23,1,-1.0
86,24,1,-1.0
86,25,1,-1.0
86,26,1,-1.0
86,27,1,-1.0
86,28,1,-1.0
86,29,1,-1.0
86,30,1,-1.0
86,31,1,-1.0
86,32,1,-1.0
86,33,1,-1.0
86,34,1,-1.0
86,35,1,-1.0
86,36,1,-1.0
86,37,1,-1.0
86,38,1,-1.0
86,39,1,-1.0
86,40,1,-1.0
86,41,1,-1.0
86,42,1,-1.0
86,43,1,-1.0
86,44,1,-1.0
86,45,1,-1.0
86,46,1,-1.0
86,47,1,-1.0
86,48,1,-1.0
86,49,1,-1.0
86,50,1,-1.0
86,51,1,-1.0
86,52,1,-1.0
86,53,1,-1.0
86,54,1,-1.0
86,55,1,-1.0
86,56,1,-1.0
86,57,1,-1.0
86,58,1,-1.0
86,59,1,-1.0
86,60,1,-1.0
86,61,1,-1.0
86,62,1,-1.0
86,63,1,-1.0
86,64,1,-1.0
86,65,1,-1.0
86,66,1,-1.0
86,67,1,-1.0
86,68,1,-1.0
86,69,1,-1.0
86,70,1,-1.0
86,71,1,-1.0
86,72,1,-1.0
86,73,1,-1.0
86,74,1,-1.0
86,75,1,-1.0
86,76,1,-1.0
86,77,1,-1.0
86,78,1,-1.0
86,79,1,-1.0
86,80,1,-1.0
86,81,1,-1.0
86,82,1,-1.0
86,83,1,-1.0
86,84,1,-1.0
86,85,1,-1.0
86,86,1,-1.0
86,87,1,-1.0
86,88,1,-1.0
86,89,1,-1.0
86,90,1,-1.0
86,91,1,-1.0
86,92,1,-1.0
86,93,1,-1.0
86,94,1,-1.0
86,95,1,-1.0
86,96,1,-1.0
86,97,1,-1.0
86,98,1,-1.0
86,99,1,-1.0
86,100,1,-1.0
86,101,1,-1.0
86,102,1,-1.0
86,103,1,-1.0
86,104,1,-1.0
86,105,1,-1.0
86,106,1,-1.0
86,107,1,-1.0
86,108,1,-1.0
86,109,1,-1.0
86,110,1,-1.0
86,111,1,-1.0
86,112,1,-1.0
86,113,1,-1.0
86,114,1,-1.0
86,115,1,-1.0
86,116,1,-1.0
86,117,1,-1.0
86,118,1,-1.0
86,119,1,-1.0
86,120,1,-1.0
86,121,1,-1.0
86,122,1,-1.0
86,123,1,-1.0
86,124,1,-1.0
86,125,1,-1.0
86,126,1,-1.0
86,127,1,-1.0
86,128,1,-1.0
86,129,1,-1.0
86,130,1,-1.0
86,131,1,-1.0
86,132,1,-1.0
86,133,1,-1.0
86,134,1,-1.0
86,135,1,-1.0
86,136,1,-1.0
86,137,1,-1.0
86,138,1,-1.0
86,139,1,-1.0
86,140,1,-1.0
86,141,1,-1.0
86,142,1,-1.0
86,143,1,-1.0
86,144,1,-1.0
86,145,1,-1.0
86,146,1,-1.0
86,147,1,-1.0
86,148,1,-1.0
86,149,1,-1.0
86,150,1,-1.0
86,151,1,-1.0
86,152,1,-1.0
86,153,1,-1.0
86,154,1,-1.0
86,155,1,-1.0
86,156,1,-1.0
86,157,1,-1.0
86,158,1,-1.0
86,159,1,-1.0
86,160,1,-1.0
86,161,1,-1.0
86,162,1,-1.0
86,163,4,-1.0
86,164,4,-1.0
86,165,4,-1.0
86,166,4,-1.0
86,167,4,-1.0
86,168,4,-1.0
86,169,4,-1.0
86,170,4,-1.0
86,171,4,-1.0
86,172,4,-1.0
86,173,4,-1.0
86,174,4,-1.0
86,175,4,-1.0
86,176,4,-1.0
86,177,4,-1.0
86,178,4,-1.0
86,179,4,-1.0
86,180,4,-1.0
86,181,4,-1.0
86,182,4,-1.0
86,183,4,-1.0
86,184,4,-1.0
86,185,4,-1.0
86,186,4,-1.0
86,187,4,-1.0
86,188,4,-1.0
86,189,4,-1.0
86,190,4,-1.0
86,191,4,-1.0
86,192,4,-1.0
86,193,4,-1.0
86,194,4,-1.0
86,195,4,-1.0
86,196,4,-1.0
86,197,4,-1.0
86,198,4,-1.0
86,199,4,-1.0
86,200,4,-1.0
86,201,4,-1.0
86,202,4,-1.0
86,203,4,-1.0
86,204,4,-1.0
86,205,4,-1.0
86,206,4,-1.0
86,207,4,-1.0
86,208,4,-1.0
86,209,4,-1.0
86,210,4,-1.0
86,211,4,-1.0
86,212,4,-1.0
86,213,4,-1.0
86,214,4,-1.0
86,215,4,-1.0
86,216,4,-1.0
86,217,4,-1.0
86,218,4,-1.0
86,219,4,-1.0
86,220,4,-1.0
86,221,4,-1.0
86,222,4,-1.0
86,223,4,-1.0
86,224,4,-1.0
86,225,4,-1.0
86,226,4,-1.0
86,227,4,-1.0
86,228,4,-1.0
86,229,4,-1.0
86,230,4,-1.0
86,231,4,-1.0
86,232,4,-1.0
86,233,4,-1.0
86,234,4,-1.0
86,235,4,-1.0
86,236,4,-1.0
86,237,4,-1.0
86,238,4,-1.0
86,239,4,-1.0
86,240,4,-1.0
86,241,4,-1.0
86,242,4,-1.0
86,243,4,-1.0
86,244,4,-1.0
86,245,4,-1.0
86,246,4,-1.0
86,247,4,-1.0
86,248,4,-1.0
86,249,4,-1.0
86,250,4,-1.0
87,0,1,-1.0
87,1,1,-1.0
87,2,1,-1.0
87,3,1,-1.0
87,4,1,-1.0
87,5,1,-1.0
87,6,1,-1.0
87,7,1,-1.0
87,8,1,-1.0
87,9,1,-1.0
87,10,1,-1.0
87,11,1,-1.0
87,12,1,-1.0
87,13,1,-1.0
87,14,1,-1.0
87,15,1,-1.0
87,16,1,-1.0
87,17,1,-1.0
87,18,1,-1.0
87,19,1,-1.0
87,20,1,-1.0
87,21,1,-1.0
87,22,1,-1.0
87,23,1,-1.0
87,24,1,-1.0
87,25,1,-1.0
87,26,1,-1.0
87,27,1,-1.0
87,28,1,-1.0
87,29,1,-1.0
87,30,1,-1.0
87,31,1,-1.0
87,32,1,-1.0
87,33,1,-1.0
87,34,1,-1.0
87,35,1,-1.0
87,36,1,-1.0
87,37,1,-1.0
87,38,1,-1.0
87,39,1,-1.0
87,40,1,-1.0
87,41,1,-1.0
87,42,1,-1.0
87,43,1,-1.0
87,44,1,-1.0
87,45,1,-1.0
87,46,1,-1.0
87,47,1,-1.0
87,48,1,-1.0
87,49,1,-1.0
87,50,1,-1.0
87,51,1,-1.0
87,52,1,-1.0
87,53,1,-1.0
87,54,1,-1.0
87,55,1,-1.0
87,56,1,-1.0
87,57,1,-1.0
87,58,1,-1.0
87,59,1,-1.0
87,60,1,-1.0
87,61,1,-1.0
87,62,1,-1.0
87,63,1,-1.0
87,64,1,-1.0
87,65,1,-1.0
87,66,1,-1.0
87,67,1,-1.0
87,68,1,-1.0
87,69,1,-1.0
87,70,1,-1.0
87,71,1,-1.0
87,72,1,-1.0
87,73,1,-1.0
87,74,1,-1.0
87,75,1,-1.0
87,76,1,-1.0
87,77,1,-1.0
87,78,1,-1.0
87,79,1,-1.0
87,80,1,-1.0
87,81,1,-1.0
87,82,1,-1.0
87,83,1,-1.0
87,84,1,-1.0
87,85,1,-1.0
87,86,1,-1.0
87,87,1,-1.0
87,88,1,-1.0
87,89,1,-1.0
87,90,1,-1.0
87,91,1,-1.0
87,92,1,-1.0
87,93,1,-1.0
87,94,1,-1.0
87,95,1,-1.0
87,96,1,-1.0
87,97,1,-1.0
87,98,1,-1.0
87,99,1,-1.0
87,100,1,-1.0
87,101,1,-1.0
87,102,1,-1.0
87,103,1,-1.0
87,104,1,-1.0
87,105,1,-1.0
87,106,1,-1.0
87,107,1,-1.0
87,108,1,-1.0
87,109,1,-1.0
87,110,1,-1.0
87,111,1,-1.0
87,112,1,-1.0
87,113,1,-1.0
87,114,1,-1.0
87,115,1,-1.0
87,116,1,-1.0
87,117,1,-1.0
87,118,1,-1.0
87,119,1,-1.0
87,120,1,-1.0
87,121,1,-1.0
87,122,1,-1.0
87,123,1,-1.0
87,124,1,-1.0
87,125,1,-1.0
87,126,1,-1.0
87,127,1,-1.0
87,128,1,-1.0
87,129,1,-1.0
87,130,1,-1.0
87,131,1,-1.0
87,132,1,-1.0
87,133,1,-1.0
87,134,1,-1.0
87,135,1,-1.0
87,136,1,-1.0
87,137,1,-1.0
87,138,1,-1.0
87,139,1,-1.0
87,140,1,-1.0
87,141,1,-1.0
87,142,1,-1.0
87,143,1,-1.0
87,144,1,-1.0
87,145,1,-1.0
87,146,1,-1.0
87,147,1,-1.0
87,148,1,-1.0
87,149,1,-1.0
87,150,1,-1.0
87,151,1,-1.0
87,152,1,-1.0
87,153,1,-1.0
87,154,1,-1.0
87,155,1,-1.0
87,156,1,-1.0
87,157,1,-1.0
87,158,1,-1.0
87,159,1,-1.0
87,160,1,-1.0
87,161,1,-1.0
87,162,1,-1.0
87,163,4,-1.0
87,164,4,-1.0
87,165,4,-1.0
87,166,4,-1.0
87,167,4,-1.0
87,168,4,-1.0
87,169,4,-1.0
87,170,4,-1.0
87,171,4,-1.0
87,172,4,-1.0
87,173,4,-1.0
87,174,4,-1.0
87,175,4,-1.0
87,176,4,-1.0
87,177,4,-1.0
87,178,4,-1.0
87,179,4,-1.0
87,180,4,-1.0
87,181,4,-1.0
87,182,4,-1.0
87,183,4,-1.0
87,184,4,-1.0
87,185,4,-1.0
87,186,4,-1.0
87,187,4,-1.0
87,188,4,-1.0
87,189,4,-1.0
87,190,4,-1.0
87,191,4,-1.0
87,192,4,-1.0
87,193,4,-1.0
87,194,4,-1.0
87,195,4,-1.0
87,196,4,-1.0
87,197,4,-1.0
87,198,4,-1.0
87,199,4,-1.0
87,200,4,-1.0
87,201,4,-1.0
87,202,4,-1.0
87,203,4,-1.0
87,204,4,-1.0
87,205,4,-1.0
87,206,4,-1.0
87,207,4,-1.0
87,208,4,-1.0
87,209,4,-1.0
87,210,4,-1.0
87,211,4,-1.0
87,212,4,-1.0
87,213,4,-1.0
87,214,4,-1.0
87,215,4,-1.0
87,216,4,-1.0
87,217,4,-1.0
87,218,4,-1.0
87,219,4,-1.0
87,220,4,-1.0
87,221,4,-1.0
87,222,4,-1.0
87,223,4,-1.0
87,224,4,-1.0
87,225,4,-1.0
87,226,4,-1.0
87,227,4,-1.0
87,228,4,-1.0
87,229,4,-1.0
87,230,4,-1.0
87,231,4,-1.0
87,232,4,-1.0
87,233,4,-1.0
87,234,4,-1.0
87,235,4,-1.0
87,236,4,-1.0
87,237,4,-1.0
87,238,4,-1.0
87,239,4,-1.0
87,240,4,-1.0
87,241,4,-1.0
87,242,4,-1.0
87,243,4,-1.0
87,244,4,-1.0
87,245,4,-1.0
87,246,4,-1.0
87,247,4,-1.0
87,248,4,-1.0
87,249,4,-1.0
87,250,4,-1.0
88,0,1,-1.0
88,1,1,-1.0
88,2,1,-1.0
88,3,1,-1.0
88,4,1,-1.0
88,5,1,-1.0
88,6,1,-1.0
88,7,1,-1.0
88,8,1,-1.0
88,9,1,-1.0
88,10,1,-1.0
88,11,1,-1.0
88,12,1,-1.0
88,13,1,-1.0
88,14,1,-1.0
88,15,1,-1.0
88,16,1,-1.0
88,17,1,-1.0
88,18,1,-1.0
88,19,1,-1.0
88,20,1,-1.0
88,21,1,-1.0
88,22,1,-1.0
88,23,1,-1.0
88,24,1,-1.0
88,25,1,-1.0
88,26,1,-1.0
88,27,1,-1.0
88,28,1,-1.0
88,29,1,-1.0
88,30,1,-1.0
88,31,1,-1.0
88,32,1,-1.0
88,33,1,-1.0
88,34,1,-1.0
88,35,1,-1.0
88,36,1,-1.0
88,37,1,-1.0
88,38,1,-1.0
88,39,1,-1.0
88,40,1,-1.0
88,41,1,-1.0
88,42,1,-1.0
88,43,1,-1.0
88,44,1,-1.0
88,45,1,-1.0
88,46,1,-1.0
88,47,1,-1.0
88,48,1,-1.0
88,49,1,-1.0
88,50,1,-1.0
88,51,1,-1.0
88,52,1,-1.0
88,53,1,-1.0
88,54,1,-1.0
88,55,1,-1.0
88,56,1,-1.0
88,57,1,-1.0
88,58,1,-1.0
88,59,1,-1.0
88,60,1,-1.0
88,61,1,-1.0
88,62,1,-1.0
88,63,1,-1.0
88,64,1,-1.0
88,65,1,-1.0
88,66,1,-1.0
88,67,1,-1.0
88,68,1,-1.0
88,69,1,-1.0
88,70,1,-1.0
88,71,1,-1.0
88,72,1,-1.0
88,73,1,-1.0
88,74,1,-1.0
88,75,1,-1.0
88,76,1,-1.0
88,77,1,-1.0
88,78,1,-1.0
88,79,1,-1.0
88,80,1,-1.0
88,81,1,-1.0
88,82,1,-1.0
88,83,1,-1.0
88,84,1,-1.0
88,85,1,-1.0
88,86,1,-1.0
88,87,1,-1.0
88,88,1,-1.0
88,89,1,-1.0
88,90,1,-1.0
88,91,1,-1.0
88,92,1,-1.0
88,93,1,-1.0
88,94,1,-1.0
88,95,1,-1.0
88,96,1,-1.0
88,97,1,-1.0
88,98,1,-1.0
88,99,1,-1.0
88,100,1,-1.0
88,101,1,-1.0
88,102,1,-1.0
88,103,1,-1.0
88,104,1,-1.0
88,105,1,-1.0
88,106,1,-1.0
88,107,1,-1.0
88,108,1,-1.0
88,109,1,-1.0
88,110,1,-1.0
88,111,1,-1.0
88,112,1,-1.0
88,113,1,-1.0
88,114,1,-1.0
88,115,1,-1.0
88,116,1,-1.0
88,117,1,-1.0
88,118,1,-1.0
88,119,1,-1.0
88,120,1,-1.0
88,121,1,-1.0
88,122,1,-1.0
88,123,1,-1.0
88,124,1,-1.0
88,125,1,-1.0
88,126,1,-1.0
88,127,1,-1.0
88,128,1,-1.0
88,129,1,-1.0
88,130,1,-1.0
88,131,1,-1.0
88,132,1,-1.0
88,133,1,-1.0
88,134,1,-1.0
88,135,1,-1.0
88,136,1,-1.0
88,137,1,-1.0
88,138,1,-1.0
88,139,1,-1.0
88,140,1,-1.0
88,141,1,-1.0
88,142,1,-1.0
88,143,1,-1.0
88,144,1,-1.0
88,145,1,-1.0
88,146,1,-1.0
88,147,1,-1.0
88,148,1,-1.0
88,149,1,-1.0
88,150,1,-1.0
88,151,1,-1.0
88,152,1,-1.0
88,153,1,-1.0
88,154,1,-1.0
88,155,1,-1.0
88,156,1,-1.0
88,157,1,-1.0
88,158,1,-1.0
88,159,1,-1.0
88,160,1,-1.0
88,161,1,-1.0
88,162,1,-1.0
88,163,4,-1.0
88,164,4,-1.0
88,165,4,-1.0
88,166,4,-1.0
88,167,4,-1.0
88,168,4,-1.0
88,169,4,-1.0
88,170,4,-1.0
88,171,4,-1.0
88,172,4,-1.0
88,173,4,-1.0
88,174,4,-1.0
88,175,4,-1.0
88,176,4,-1.0
88,177,4,-1.0
88,178,4,-1.0
88,179,4,-1.0
88,180,4,-1.0
88,181,4,-1.0
88,182,4,-1.0
88,183,4,-1.0
88,184,4,-1.0
88,185,4,-1.0
88,186,4,-1.0
88,187,4,-1.0
88,188,4,-1.0
88,189,4,-1.0
88,190,4,-1.0
88,191,4,-1.0
88,192,4,-1.0
88,193,4,-1.0
88,194,4,-1.0
88,195,4,-1.0
88,196,4,-1.0
88,197,4,-1.0
88,198,4,-1.0
88,199,4,-1.0
88,200,4,-1.0
88,201,4,-1.0
88,202,4,-1.0
88,203,4,-1.0
88,204,4,-1.0
88,205,4,-1.0
88,206,4,-1.0
88,207,4,-1.0
88,208,4,-1.0
88,209,4,-1.0
88,210,4,-1.0
88,211,4,-1.0
88,212,4,-1.0
88,213,4,-1.0
88,214,4,-1.0
88,215,4,-1.0
88,216,4,-1.0
88,217,4,-1.0
88,218,4,-1.0
88,219,4,-1.0
88,220,4,-1.0
88,221,4,-1.0
88,222,4,-1.0
88,223,4,-1.0
88,224,4,-1.0
88,225,4,-1.0
88,226,4,-1.0
88,227,4,-1.0
88,228,4,-1.0
88,229,4,-1.0
88,230,4,-1.0
88,231,4,-1.0
88,232,4,-1.0
88,233,4,-1.0
88,234,4,-1.0
88,235,4,-1.0
88,236,4,-1.0
88,237,4,-1.0
88,238,4,-1.0
88,239,4,-1.0
88,240,4,-1.0
88,241,4,-1.0
88,242,4,-1.0
88,243,4,-1.0
88,244,4,-1.0
88,245,4,-1.0
88,246,4,-1.0
88,247,4,-1.0
88,248,4,-1.0
88,249,4,-1.0
88,250,4,-1.0
89,0,1,-1.0
89,1,1,-1.0
89,2,1,-1.0
89,3,1,-1.0
89,4,1,-1.0
89,5,1,-1.0
89,6,1,-1.0
89,7,1,-1.0
89,8,1,-1.0
89,9,1,-1.0
89,10,1,-1.0
89,11,1,-1.0
89,12,1,-1.0
89,13,1,-1.0
89,14,1,-1.0
89,15,1,-1.0
89,16,1,-1.0
89,17,1,-1.0
89,18,1,-1.0
89,19,1,-1.0
89,20,1,-1.0
89,21,1,-1.0
89,22,1,-1.0
89,23,1,-1.0
89,24,1,-1.0
89,25,1,-1.0
89,26,1,-1.0
89,27,1,-1.0
89,28,1,-1.0
89,29,1,-1.0
89,30,1,-1.0
89,31,1,-1.0
89,32,1,-1.0
89,33,1,-1.0
89,34,1,-1.0
89,35,1,-1.0
89,36,1,-1.0
89,37,1,-1.0
89,38,1,-1.0
89,39,1,-1.0
89,40,1,-1.0
89,41,1,-1.0
89,42,1,-1.0
89,43,1,-1.0
89,44,1,-1.0
89,45,1,-1.0
89,46,1,-1.0
89,47,1,-1.0
89,48,1,-1.0
89,49,1,-1.0
89,50,1,-1.0
89,51,1,-1.0
89,52,1,-1.0
89,53,1,-1.0
89,54,1,-1.0
89,55,1,-1.0
89,56,1,-1.0
89,57,1,-1.0
89,58,1,-1.0
89,59,1,-1.0
89,60,1,-1.0
89,61,1,-1.0
89,62,1,-1.0
89,63,1,-1.0
89,64,1,-1.0
89,65,1,-1.0
89,66,1,-1.0
89,67,1,-1.0
89,68,1,-1.0
89,69,1,-1.0
89,70,1,-1.0
89,71,1,-1.0
89,72,1,-1.0
89,73,1,-1.0
89,74,1,-1.0
89,75,1,-1.0
89,76,1,-1.0
89,77,1,-1.0
89,78,1,-1.0
89,79,1,-1.0
89,80,1,-1.0
89,81,1,-1.0
89,82,1,-1.0
89,83,1,-1.0
89,84,1,-1.0
89,85,1,-1.0
89,86,1,-1.0
89,87,1,-1.0
89,88,1,-1.0
89,89,1,-1.0
89,90,1,-1.0
89,91,1,-1.0
89,92,1,-1.0
89,93,1,-1.0
89,94,1,-1.0
89,95,1,-1.0
89,96,1,-1.0
89,97,1,-1.0
89,98,1,-1.0
89,99,1,-1.0
89,100,1,-1.0
89,101,1,-1.0
89,102,1,-1.0
89,103,1,-1.0
89,104,1,-1.0
89,105,1,-1.0
89,106,1,-1.0
89,107,1,-1.0
89,108,1,-1.0
89,109,1,-1.0
89,110,1,-1.0
89,111,1,-1.0
89,112,1,-1.0
89,113,1,-1.0
89,114,1,-1.0
89,115,1,-1.0
89,116,1,-1.0
89,117,1,-1.0
89,118,1,-1.0
89,119,1,-1.0
89,120,1,-1.0
89,121,1,-1.0
89,122,1,-1.0
89,123,1,-1.0
89,124,1,-1.0
89,125,1,-1.0
89,126,1,-1.0
89,127,1,-1.0
89,128,1,-1.0
89,129,1,-1.0
89,130,1,-1.0
89,131,1,-1.0
89,132,1,-1.0
89,133,1,-1.0
89,134,1,-1.0
89,135,1,-1.0
89,136,1,-1.0
89,137,1,-1.0
89,138,1,-1.0
89,139,1,-1.0
89,140,1,-1.0
89,141,1,-1.0
89,142,1,-1.0
89,143,1,-1.0
89,144,1,-1.0
89,145,1,-1.0
89,146,1,-1.0
89,147,1,-1.0
89,148,1,-1.0
89,149,1,-1.0
89,150,1,-1.0
89,151,1,-1.0
89,152,1,-1.0
89,153,1,-1.0
89,154,1,-1.0
89,155,1,-1.0
89,156,1,-1.0
89,157,1,-1.0
89,158,1,-1.0
89,159,1,-1.0
89,160,1,-1.0
89,161,1,-1.0
89,162,1,-1.0
89,163,4,-1.0
89,164,4,-1.0
89,165,4,-1.0
89,166,4,-1.0
89,167,4,-1.0
89,168,4,-1.0
89,169,4,-1.0
89,170,4,-1.0
89,171,4,-1.0
89,172,4,-1.0
89,173,4,-1.0
89,174,4,-1.0
89,175,4,-1.0
89,176,4,-1.0
89,177,4,-1.0
89,178,4,-1.0
89,179,4,-1.0
89,180,4,-1.0
89,181,4,-1.0
89,182,4,-1.0
89,183,4,-1.0
89,184,4,-1.0
89,185,4,-1.0
89,186,4,-1.0
89,187,4,-1.0
89,188,4,-1.0
89,189,4,-1.0
89,190,4,-1.0
89,191,4,-1.0
89,192,4,-1.0
89,193,4,-1.0
89,194,4,-1.0
89,195,4,-1.0
89,196,4,-1.0
89,197,4,-1.0
89,198,4,-1.0
89,199,4,-1.0
89,200,4,-1.0
89,201,4,-1.0
89,202,4,-1.0
89,203,4,-1.0
89,204,4,-1.0
89,205,4,-1.0
89,206,4,-1.0
89,207,4,-1.0
89,208,4,-1.0
89,209,4,-1.0
89,210,4,-1.0
89,211,4,-1.0
89,212,4,-1.0
89,213,4,-1.0
89,214,4,-1.0
89,215,4,-1.0
89,216,4,-1.0
89,217,4,-1.0
89,218,4,-1.0
89,219,4,-1.0
89,220,4,-1.0
89,221,4,-1.0
89,222,4,-1.0
89,223,4,-1.0
89,224,4,-1.0
89,225,4,-1.0
89,226,4,-1.0
89,227,4,-1.0
89,228,4,-1.0
89,229,4,-1.0
89,230,4,-1.0
89,231,4,-1.0
89,232,4,-1.0
89,233,4,-1.0
89,234,4,-1.0
89,235,4,-1.0
89,236,4,-1.0
89,237,4,-1.0
89,238,4,-1.0
89,239,4,-1.0
89,240,4,-1.0
89,241,4,-1.0
89,242,4,-1.0
89,243,4,-1.0
89,244,4,-1.0
89,245,4,-1.0
89,246,4,-1.0
89,247,4,-1.0
89,248,4,-1.0
89,249,4,-1.0
89,250,4,-1.0
90,0,1,-1.0
90,1,1,-1.0
90,2,1,-1.0
90,3,1,-1.0
90,4,1,-1.0
90,5,1,-1.0
90,6,1,-1.0
90,7,1,-1.0
90,8,1,-1.0
90,9,1,-1.0
90,10,1,-1.0
90,11,1,-1.0
90,12,1,-1.0
90,13,1,-1.0
90,14,1,-1.0
90,15,1,-1.0
90,16,1,-1.0
90,17,1,-1.0
90,18,1,-1.0
90,19,1,-1.0
90,20,1,-1.0
90,21,1,-1.0
90,22,1,-1.0
90,23,1,-1.0
90,24,1,-1.0
90,25,1,-1.0
90,26,1,-1.0
90,27,1,-1.0
90,28,1,-1.0
90,29,1,-1.0
90,30,1,-1.0
90,31,1,-1.0
90,32,1,-1.0
90,33,1,-1.0
90,34,1,-1.0
90,35,1,-1.0
90,36,1,-1.0
90,37,1,-1.0
90,38,1,-1.0
90,39,1,-1.0
90,40,1,-1.0
90,41,1,-1.0
90,42,1,-1.0
90,43,1,-1.0
90,44,1,-1.0
90,45,1,-1.0
90,46,1,-1.0
90,47,1,-1.0
90,48,1,-1.0
90,49,1,-1.0
90,50,1,-1.0
90,51,1,-1.0
90,52,1,-1.0
90,53,1,-1.0
90,54,1,-1.0
90,55,1,-1.0
90,56,1,-1.0
90,57,1,-1.0
90,58,1,-1.0
90,59,1,-1.0
90,60,1,-1.0
90,61,1,-1.0
90,62,1,-1.0
90,63,1,-1.0
90,64,1,-1.0
90,65,1,-1.0
90,66,1,-1.0
90,67,1,-1.0
90,68,1,-1.0
90,69,1,-1.0
90,70,1,-1.0
90,71,1,-1.0
90,72,1,-1.0
90,73,1,-1.0
90,74,1,-1.0
90,75,1,-1.0
90,76,1,-1.0
90,77,1,-1.0
90,78,1,-1.0
90,79,1,-1.0
90,80,1,-1.0
90,81,1,-1.0
90,82,1,-1.0
90,83,1,-1.0
90,84,1,-1.0
90,85,1,-1.0
90,86,1,-1.0
90,87,1,-1.0
90,88,1,-1.0
90,89,1,-1.0
90,90,1,-1.0
90,91,1,-1.0
90,92,1,-1.0
90,93,1,-1.0
90,94,1,-1.0
90,95,1,-1.0
90,96,1,-1.0
90,97,1,-1.0
90,98,1,-1.0
90,99,1,-1.0
90,100,1,-1.0
90,101,1,-1.0
90,102,1,-1.0
90,103,1,-1.0
90,104,1,-1.0
90,105,1,-1.0
90,106,1,-1.0
90,107,1,-1.0
90,108,1,-1.0
90,109,1,-1.0
90,110,1,-1.0
90,111,1,-1.0
90,112,1,-1.0
90,113,1,-1.0
90,114,1,-1.0
90,115,1,-1.0
90,116,1,-1.0
90,117,1,-1.0
90,118,1,-1.0
90,119,1,-1.0
90,120,1,-1.0
90,121,1,-1.0
90,122,1,-1.0
90,123,1,-1.0
90,124,1,-1.0
90,125,1,-1.0
90,126,1,-1.0
90,127,1,-1.0
90,128,1,-1.0
90,129,1,-1.0
90,130,1,-1.0
90,131,1,-1.0
90,132,1,-1.0
90,133,1,-1.0
90,134,1,-1.0
90,135,1,-1.0
90,136,1,-1.0
90,137,1,-1.0
90,138,1,-1.0
90,139,1,-1.0
90,140,1,-1.0
90,141,1,-1.0
90,142,1,-1.0
90,143,1,-1.0
90,144,1,-1.0
90,145,1,-1.0
90,146,1,-1.0
90,147,1,-1.0
90,148,1,-1.0
90,149,1,-1.0
90,150,1,-1.0
90,151,1,-1.0
90,152,1,-1.0
90,153,1,-1.0
90,154,1,-1.0
90,155,1,-1.0
90,156,1,-1.0
90,157,1,-1.0
90,158,1,-1.0
90,159,1,-1.0
90,160,1,-1.0
90,161,1,-1.0
90,162,1,-1.0
90,163,4,-1.0
90,164,4,-1.0
90,165,4,-1.0
90,166,4,-1.0
90,167,4,-1.0
90,168,4,-1.0
90,169,4,-1.0
90,170,4,-1.0
90,171,4,-1.0
90,172,4,-1.0
90,173,4,-1.0
90,174,4,-1.0
90,175,4,-1.0
90,176,4,-1.0
90,177,4,-1.0
90,178,4,-1.0
90,179,4,-1.0
90,180,4,-1.0
90,181,4,-1.0
90,182,4,-1.0
90,183,4,-1.0
90,184,4,-1.0
90,185,4,-1.0
90,186,4,-1.0
90,187,4,-1.0
90,188,4,-1.0
90,189,4,-1.0
90,190,4,-1.0
90,191,4,-1.0
90,192,4,-1.0
90,193,4,-1.0
90,194,4,-1.0
90,195,4,-1.0
90,196,4,-1.0
90,197,4,-1.0
90,198,4,-1.0
90,199,4,-1.0
90,200,4,-1.0
90,201,4,-1.0
90,202,4,-1.0
90,203,4,-1.0
90,204,4,-1.0
90,205,4,-1.0
90,206,4,-1.0
90,207,4,-1.0
90,208,4,-1.0
90,209,4,-1.0
90,210,4,-1.0
90,211,4,-1.0
90,212,4,-1.0
90,213,4,-1.0
90,214,4,-1.0
90,215,4,-1.0
90,216,4,-1.0
90,217,4,-1.0
90,218,4,-1.0
90,219,4,-1.0
90,220,4,-1.0
90,221,4,-1.0
90,222,4,-1.0
90,223,4,-1.0
90,224,4,-1.0
90,225,4,-1.0
90,226,4,-1.0
90,227,4,-1.0
90,228,4,-1.0
90,229,4,-1.0
90,230,4,-1.0
90,231,4,-1.0
90,232,4,-1.0
90,233,4,-1.0
90,234,4,-1.0
90,235,4,-1.0
90,236,4,-1.0
90,237,4,-1.0
90,238,4,-1.0
90,239,4,-1.0
90,240,4,-1.0
90,241,4,-1.0
90,242,4,-1.0
90,243,4,-1.0
90,244,4,-1.0
90,245,4,-1.0
90,246,4,-1.0
90,247,4,-1.0
90,248,4,-1.0
90,249,4,-1.0
90,250,4,-1.0
91,0,1,-1.0
91,1,1,-1.0
91,2,1,-1.0
91,3,1,-1.0
91,4,1,-1.0
91,5,1,-1.0
91,6,1,-1.0
91,7,1,-1.0
91,8,1,-1.0
91,9,1,-1.0
91,10,1,-1.0
91,11,1,-1.0
91,12,1,-1.0
91,13,1,-1.0
91,14,1,-1.0
91,15,1,-1.0
91,16,1,-1.0
91,17,1,-1.0
91,18,1,-1.0
91,19,1,-1.0
91,20,1,-1.0
91,21,1,-1.0
91,22,1,-1.0
91,23,1,-1.0
91,24,1,-1.0
91,25,1,-1.0
91,26,1,-1.0
91,27,1,-1.0
91,28,1,-1.0
91,29,1,-1.0
91,30,1,-1.0
91,31,1,-1.0
91,32,1,-1.0
91,33,1,-1.0
91,34,1,-1.0
91,35,1,-1.0
91,36,1,-1.0
91,37,1,-1.0
91,38,1,-1.0
91,39,1,-1.0
91,40,1,-1.0
91,41,1,-1.0
91,42,1,-1.0
91,43,1,-1.0
91,44,1,-1.0
91,45,1,-1.0
91,46,1,-1.0
91,47,1,-1.0
91,48,1,-1.0
91,49,1,-1.0
91,50,1,-1.0
91,51,1,-1.0
91,52,1,-1.0
91,53,1,-1.0
91,54,1,-1.0
91,55,1,-1.0
91,56,1,-1.0
91,57,1,-1.0
91,58,1,-1.0
91,59,1,-1.0
91,60,1,-1.0
91,61,1,-1.0
91,62,1,-1.0
91,63,1,-1.0
91,64,1,-1.0
91,65,1,-1.0
91,66,1,-1.0
91,67,1,-1.0
91,68,1,-1.0
91,69,1,-1.0
91,70,1,-1.0
91,71,1,-1.0
91,72,1,-1.0
91,73,1,-1.0
91,74,1,-1.0
91,75,1,-1.0
91,76,1,-1.0
91,77,1,-1.0
91,78,1,-1.0
91,79,1,-1.0
91,80,1,-1.0
91,81,1,-1.0
91,82,1,-1.0
91,83,1,-1.0
91,84,1,-1.0
91,85,1,-1.0
91,86,1,-1.0
91,87,1,-1.0
91,88,1,-1.0
91,89,1,-1.0
91,90,1,-1.0
91,91,1,-1.0
91,92,1,-1.0
91,93,1,-1.0
91,94,1,-1.0
91,95,1,-1.0
91,96,1,-1.0
91,97,1,-1.0
91,98,1,-1.0
91,99,1,-1.0
91,100,1,-1.0
91,101,1,-1.0
91,102,1,-1.0
91,103,1,-1.0
91,104,1,-1.0
91,105,1,-1.0
91,106,1,-1.0
91,107,1,-1.0
91,108,1,-1.0
91,109,1,-1.0
91,110,1,-1.0
91,111,1,-1.0
91,112,1,-1.0
91,113,1,-1.0
91,114,1,-1.0
91,115,1,-1.0
91,116,1,-1.0
91,117,1,-1.0
91,118,1,-1.0
91,119,1,-1.0
91,120,1,-1.0
91,121,1,-1.0
91,122,1,-1.0
91,123,1,-1.0
91,124,1,-1.0
91,125,1,-1.0
91,126,1,-1.0
91,127,1,-1.0
91,128,1,-1.0
91,129,1,-1.0
91,130,1,-1.0
91,131,1,-1.0
91,132,1,-1.0
91,133,1,-1.0
91,134,1,-1.0
91,135,1,-1.0
91,136,1,-1.0
91,137,1,-1.0
91,138,1,-1.0
91,139,1,-1.0
91,140,1,-1.0
91,141,1,-1.0
91,142,1,-1.0
91,143,1,-1.0
91,144,1,-1.0
91,145,1,-1.0
91,146,1,-1.0
91,147,1,-1.0
91,148,1,-1.0
91,149,1,-1.0
91,150,1,-1.0
91,151,1,-1.0
91,152,1,-1.0
91,153,1,-1.0
91,154,1,-1.0
91,155,1,-1.0
91,156,1,-1.0
91,157,1,-1.0
91,158,1,-1.0
91,159,1,-1.0
91,160,1,-1.0
91,161,1,-1.0
91,162,1,-1.0
91,163,4,-1.0
91,164,4,-1.0
91,165,4,-1.0
91,166,4,-1.0
91,167,4,-1.0
91,168,4,-1.0
91,169,4,-1.0
91,170,4,-1.0
91,171,4,-1.0
91,172,4,-1.0
91,173,4,-1.0
91,174,4,-1.0
91,175,4,-1.0
91,176,4,-1.0
91,177,4,-1.0
91,178,4,-1.0
91,179,4,-1.0
91,180,4,-1.0
91,181,4,-1.0
91,182,4,-1.0
91,183,4,-1.0
91,184,4,-1.0
91,185,4,-1.0
91,186,4,-1.0
91,187,4,-1.0
91,188,4,-1.0
91,189,4,-1.0
91,190,4,-1.0
91,191,4,-1.0
91,192,4,-1.0
91,193,4,-1.0
91,194,4,-1.0
91,195,4,-1.0
91,196,4,-1.0
91,197,4,-1.0
91,198,4,-1.0
91,199,4,-1.0
91,200,4,-1.0
91,201,4,-1.0
91,202,4,-1.0
91,203,4,-1.0
91,204,4,-1.0
91,205,4,-1.0
91,206,4,-1.0
91,207,4,-1.0
91,208,4,-1.0
91,209,4,-1.0
91,210,4,-1.0
91,211,4,-1.0
91,212,4,-1.0
91,213,4,-1.0
91,214,4,-1.0
91,215,4,-1.0
91,216,4,-1.0
91,217,4,-1.0
91,218,4,-1.0
91,219,4,-1.0
91,220,4,-1.0
91,221,4,-1.0
91,222,4,-1.0
91,223,4,-1.0
91,224,4,-1.0
91,225,4,-1.0
91,226,4,-1.0
91,227,4,-1.0
91,228,4,-1.0
91,229,4,-1.0
91,230,4,-1.0
91,231,4,-1.0
91,232,4,-1.0
91,233,4,-1.0
91,234,4,-1.0
91,235,4,-1.0
91,236,4,-1.0
91,237,4,-1.0
91,238,4,-1.0
91,239,4,-1.0
91,240,4,-1.0
91,241,4,-1.0
91,242,4,-1.0
91,243,4,-1.0
91,244,4,-1.0
91,245,4,-1.0
91,246,4,-1.0
91,247,4,-1.0
91,248,4,-1.0
91,249,4,-1.0
91,250,4,-1.0
92,0,2,386591.59
92,1,2,438619.82
92,2,2,735630.46
92,3,1,-1.0
92,4,1,-1.0
92,5,1,-1.0
92,6,1,-1.0
92,7,1,-1.0
92,8,1,-1.0
92,9,1,-1.0
92,10,1,-1.0
92,11,1,-1.0
92,12,1,-1.0
92,13,1,-1.0
92,14,1,-1.0
92,15,1,-1.0
92,16,1,-1.0
92,17,1,-1.0
92,18,1,-1.0
92,19,1,-1.0
92,20,1,-1.0
92,21,1,-1.0
92,22,1,-1.0
92,23,1,-1.0
92,24,1,-1.0
92,25,1,-1.0
92,26,1,-1.0
92,27,1,-1.0
92,28,1,-1.0
92,29,1,-1.0
92,30,1,-1.0
92,31,1,-1.0
92,32,1,-1.0
92,33,1,-1.0
92,34,1,-1.0
92,35,1,-1.0
92,36,1,-1.0
92,37,1,-1.0
92,38,1,-1.0
92,39,1,-1.0
92,40,1,-1.0
92,41,1,-1.0
92,42,1,-1.0
92,43,1,-1.0
92,44,1,-1.0
92,45,1,-1.0
92,46,1,-1.0
92,47,1,-1.0
92,48,1,-1.0
92,49,1,-1.0
92,50,1,-1.0
92,51,1,-1.0
92,52,1,-1.0
92,53,1,-1.0
92,54,1,-1.0
92,55,1,-1.0
92,56,1,-1.0
92,57,1,-1.0
92,58,1,-1.0
92,59,1,-1.0
92,60,1,-1.0
92,61,1,-1.0
92,62,1,-1.0
92,63,1,-1.0
92,64,1,-1.0
92,65,1,-1.0
92,66,1,-1.0
92,67,1,-1.0
92,68,1,-1.0
92,69,1,-1.0
92,70,1,-1.0
92,71,1,-1.0
92,72,1,-1.0
92,73,1,-1.0
92,74,1,-1.0
92,75,1,-1.0
92,76,1,-1.0
92,77,1,-1.0
92,78,1,-1.0
92,79,1,-1.0
92,80,1,-1.0
92,81,1,-1.0
92,82,1,-1.0
92,83,1,-1.0
92,84,1,-1.0
92,85,1,-1.0
92,86,1,-1.0
92,87,1,-1.0
92,88,1,-1.0
92,89,1,-1.0
92,90,1,-1.0
92,91,1,-1.0
92,92,1,-1.0
92,93,1,-1.0
92,94,1,-1.0
92,95,1,-1.0
92,96,1,-1.0
92,97,1,-1.0
92,98,1,-1.0
92,99,1,-1.0
92,100,1,-1.0
92,101,1,-1.0
92,102,1,-1.0
92,103,1,-1.0
92,104,1,-1.0
92,105,1,-1.0
92,106,1,-1.0
92,107,1,-1.0
92,108,1,-1.0
92,109,1,-1.0
92,110,1,-1.0
92,111,1,-1.0
92,112,1,-1.0
92,113,1,-1.0
92,114,1,-1.0
92,115,1,-1.0
92,116,1,-1.0
92,117,1,-1.0
92,118,1,-1.0
92,119,1,-1.0
92,120,1,-1.0
92,121,1,-1.0
92,122,1,-1.0
92,123,1,-1.0
92,124,1,-1.0
92,125,1,-1.0
92,126,1,-1.0
92,127,1,-1.0
92,128,1,-1.0
92,129,1,-1.0
92,130,1,-1.0
92,131,1,-1.0
92,132,1,-1.0
92,133,1,-1.0
92,134,1,-1.0
92,135,1,-1.0
92,136,1,-1.0
92,137,1,-1.0
92,138,1,-1.0
92,139,1,-1.0
92,140,1,-1.0
92,141,1,-1.0
92,142,1,-1.0
92,143,1,-1.0
92,144,1,-1.0
92,145,1,-1.0
92,146,1,-1.0
92,147,1,-1.0
92,148,1,-1.0
92,149,1,-1.0
92,150,1,-1.0
92,151,1,-1.0
92,152,1,-1.0
92,153,1,-1.0
92,154,1,-1.0
92,155,1,-1.0
92,156,1,-1.0
92,157,1,-1.0
92,158,1,-1.0
92,159,1,-1.0
92,160,1,-1.0
92,161,1,-1.0
92,162,1,-1.0
92,163,4,-1.0
92,164,4,-1.0
92,165,4,-1.0
92,166,4,-1.0
92,167,4,-1.0
92,168,4,-1.0
92,169,4,-1.0
92,170,4,-1.0
92,171,4,-1.0
92,172,4,-1.0
92,173,4,-1.0
92,174,4,-1.0
92,175,4,-1.0
92,176,4,-1.0
92,177,4,-1.0
92,178,4,-1.0
92,179,4,-1.0
92,180,4,-1.0
92,181,4,-1.0
92,182,4,-1.0
92,183,4,-1.0
92,184,4,-1.0
92,185,4,-1.0
92,186,4,-1.0
92,187,4,-1.0
92,188,4,-1.0
92,189,4,-1.0
92,190,4,-1.0
92,191,4,-1.0
92,192,4,-1.0
92,193,4,-1.0
92,194,4,-1.0
92,195,4,-1.0
92,196,4,-1.0
92,197,4,-1.0
92,198,4,-1.0
92,199,4,-1.0
92,200,4,-1.0
92,201,4,-1.0
92,202,4,-1.0
92,203,4,-1.0
92,204,4,-1.0
92,205,4,-1.0
92,206,4,-1.0
92,207,4,-1.0
92,208,4,-1.0
92,209,4,-1.0
92,210,4,-1.0
92,211,4,-1.0
92,212,4,-1.0
92,213,4,-1.0
92,214,4,-1.0
92,215,4,-1.0
92,216,4,-1.0
92,217,4,-1.0
92,218,4,-1.0
92,219,4,-1.0
92,220,4,-1.0
92,221,4,-1.0
92,222,4,-1.0
92,223,4,-1.0
92,224,4,-1.0
92,225,4,-1.0
92,226,4,-1.0
92,227,4,-1.0
92,228,4,-1.0
92,229,4,-1.0
92,230,4,-1.0
92,231,4,-1.0
92,232,4,-1.0
92,233,4,-1.0
92,234,4,-1.0
92,235,4,-1.0
92,236,4,-1.0
92,237,4,-1.0
92,238,4,-1.0
92,239,4,-1.0
92,240,4,-1.0
92,241,4,-1.0
92,242,4,-1.0
92,243,4,-1.0
92,244,4,-1.0
92,245,4,-1.0
92,246,4,-1.0
92,247,4,-1.0
92,248,4,-1.0
92,249,4,-1.0
92,250,4,-1.0
93,0,2,157783.34
93,1,2,165796.47
93,2,2,195597.43
93,3,2,279257.53
93,4,2,696094.09
93,5,1,-1.0
93,6,1,-1.0
93,7,1,-1.0
93,8,1,-1.0
93,9,1,-1.0
93,10,1,-1.0
93,11,1,-1.0
93,12,1,-1.0
93,13,1,-1.0
93,14,1,-1.0
93,15,1,-1.0
93,16,1,-1.0
93,17,1,-1.0
93,18,1,-1.0
93,19,1,-1.0
93,20,1,-1.0
93,21,1,-1.0
93,22,1,-1.0
93,23,1,-1.0
93,24,1,-1.0
93,25,1,-1.0
93,26,1,-1.0
93,27,1,-1.0
93,28,1,-1.0
93,29,1,-1.0
93,30,1,-1.0
93,31,1,-1.0
93,32,1,-1.0
93,33,1,-1.0
93,34,1,-1.0
93,35,1,-1.0
93,36,1,-1.0
93,37,1,-1.0
93,38,1,-1.0
93,39,1,-1.0
93,40,1,-1.0
93,41,1,-1.0
93,42,1,-1.0
93,43,1,-1.0
93,44,1,-1.0
93,45,1,-1.0
93,46,1,-1.0
93,47,1,-1.0
93,48,1,-1.0
93,49,1,-1.0
93,50,1,-1.0
93,51,1,-1.0
93,52,1,-1.0
93,53,1,-1.0
93,54,1,-1.0
93,55,1,-1.0
93,56,1,-1.0
93,57,1,-1.0
93,58,1,-1.0
93,59,1,-1.0
93,60,1,-1.0
93,61,1,-1.0
93,62,1,-1.0
93,63,1,-1.0
93,64,1,-1.0
93,65,1,-1.0
93,66,1,-1.0
93,67,1,-1.0
93,68,1,-1.0
93,69,1,-1.0
93,70,1,-1.0
93,71,1,-1.0
93,72,1,-1.0
93,73,1,-1.0
93,74,1,-1.0
93,75,1,-1.0
93,76,1,-1.0
93,77,1,-1.0
93,78,1,-1.0
93,79,1,-1.0
93,80,1,-1.0
93,81,1,-1.0
93,82,1,-1.0
93,83,1,-1.0
93,84,1,-1.0
93,85,1,-1.0
93,86,1,-1.0
93,87,1,-1.0
93,88,1,-1.0
93,89,1,-1.0
93,90,1,-1.0
93,91,1,-1.0
93,92,1,-1.0
93,93,1,-1.0
93,94,1,-1.0
93,95,1,-1.0
93,96,1,-1.0
93,97,1,-1.0
93,98,1,-1.0
93,99,1,-1.0
93,100,1,-1.0
93,101,1,-1.0
93,102,1,-1.0
93,103,1,-1.0
93,104,1,-1.0
93,105,1,-1.0
93,106,1,-1.0
93,107,1,-1.0
93,108,1,-1.0
93,109,1,-1.0
93,110,1,-1.0
93,111,1,-1.0
93,112,1,-1.0
93,113,1,-1.0
93,114,1,-1.0
93,115,1,-1.0
93,116,1,-1.0
93,117,1,-1.0
93,118,1,-1.0
93,119,1,-1.0
93,120,1,-1.0
93,121,1,-1.0
93,122,1,-1.0
93,123,1,-1.0
93,124,1,-1.0
93,125,1,-1.0
93,126,1,-1.0
93,127,1,-1.0
93,128,1,-1.0
93,129,1,-1.0
93,130,1,-1.0
93,131,1,-1.0
93,132,1,-1.0
93,133,1,-1.0
93,134,1,-1.0
93,135,1,-1.0
93,136,1,-1.0
93,137,1,-1.0
93,138,1,-1.0
93,139,1,-1.0
93,140,1,-1.0
93,141,1,-1.0
93,142,1,-1.0
93,143,1,-1.0
93,144,1,-1.0
93,145,1,-1.0
93,146,1,-1.0
93,147,1,-1.0
93,148,1,-1.0
93,149,1,-1.0
93,150,1,-1.0
93,151,1,-1.0
93,152,1,-1.0
93,153,1,-1.0
93,154,1,-1.0
93,155,1,-1.0
93,156,1,-1.0
93,157,1,-1.0
93,158,1,-1.0
93,159,1,-1.0
93,160,1,-1.0
93,161,1,-1.0
93,162,1,-1.0
93,163,4,-1.0
93,164,4,-1.0
93,165,4,-1.0
93,166,4,-1.0
93,167,4,-1.0
93,168,4,-1.0
93,169,4,-1.0
93,170,4,-1.0
93,171,4,-1.0
93,172,4,-1.0
93,173,4,-1.0
93,174,4,-1.0
93,175,4,-1.0
93,176,4,-1.0
93,177,4,-1.0
93,178,4,-1.0
93,179,4,-1.0
93,180,4,-1.0
93,181,4,-1.0
93,182,4,-1.0
93,183,4,-1.0
93,184,4,-1.0
93,185,4,-1.0
93,186,4,-1.0
93,187,4,-1.0
93,188,4,-1.0
93,189,4,-1.0
93,190,4,-1.0
93,191,4,-1.0
93,192,4,-1.0
93,193,4,-1.0
93,194,4,-1.0
93,195,4,-1.0
93,196,4,-1.0
93,197,4,-1.0
93,198,4,-1.0
93,199,4,-1.0
93,200,4,-1.0
93,201,4,-1.0
93,202,4,-1.0
93,203,4,-1.0
93,204,4,-1.0
93,205,4,-1.0
93,206,4,-1.0
93,207,4,-1.0
93,208,4,-1.0
93,209,4,-1.0
93,210,4,-1.0
93,211,4,-1.0
93,212,4,-1.0
93,213,4,-1.0
93,214,4,-1.0
93,215,4,-1.0
93,216,4,-1.0
93,217,4,-1.0
93,218,4,-1.0
93,219,4,-1.0
93,220,4,-1.0
93,221,4,-1.0
93,222,4,-1.0
93,223,4,-1.0
93,224,4,-1.0
93,225,4,-1.0
93,226,4,-1.0
93,227,4,-1.0
93,228,4,-1.0
93,229,4,-1.0
93,230,4,-1.0
93,231,4,-1.0
93,232,4,-1.0
93,233,4,-1.0
93,234,4,-1.0
93,235,4,-1.0
93,236,4,-1.0
93,237,4,-1.0
93,238,4,-1.0
93,239,4,-1.0
93,240,4,-1.0
93,241,4,-1.0
93,242,4,-1.0
93,243,4,-1.0
93,244,4,-1.0
93,245,4,-1.0
93,246,4,-1.0
93,247,4,-1.0
93,248,4,-1.0
93,249,4,-1.0
93,250,4,-1.0
94,0,2,93568.398
94,1,2,96326.408
94,2,2,105670.73
94,3,2,126050.88
94,4,2,172677.21
94,5,2,329291.37
94,6,1,-1.0
94,7,1,-1.0
94,8,1,-1.0
94,9,1,-1.0
94,10,1,-1.0
94,11,1,-1.0
94,12,1,-1.0
94,13,1,-1.0
94,14,1,-1.0
94,15,1,-1.0
94,16,1,-1.0
94,17,1,-1.0
94,18,1,-1.0
94,19,1,-1.0
94,20,1,-1.0
94,21,1,-1.0
94,22,1,-1.0
94,23,1,-1.0
94,24,1,-1.0
94,25,1,-1.0
94,26,1,-1.0
94,27,1,-1.0
94,28,1,-1.0
94,29,1,-1.0
94,30,1,-1.0
94,31,1,-1.0
94,32,1,-1.0
94,33,1,-1.0
94,34,1,-1.0
94,35,1,-1.0
94,36,1,-1.0
94,37,1,-1.0
94,38,1,-1.0
94,39,1,-1.0
94,40,1,-1.0
94,41,1,-1.0
94,42,1,-1.0
94,43,1,-1.0
94,44,1,-1.0
94,45,1,-1.0
94,46,1,-1.0
94,47,1,-1.0
94,48,1,-1.0
94,49,1,-1.0
94,50,1,-1.0
94,51,1,-1.0
94,52,1,-1.0
94,53,1,-1.0
94,54,1,-1.0
94,55,1,-1.0
94,56,1,-1.0
94,57,1,-1.0
94,58,1,-1.0
94,59,1,-1.0
94,60,1,-1.0
94,61,1,-1.0
94,62,1,-1.0
94,63,1,-1.0
94,64,1,-1.0
94,65,1,-1.0
94,66,1,-1.0
94,67,1,-1.0
94,68,1,-1.0
94,69,1,-1.0
94,70,1,-1.0
94,71,1,-1.0
94,72,1,-1.0
94,73,1,-1.0
94,74,1,-1.0
94,75,1,-1.0
94,76,1,-1.0
94,77,1,-1.0
94,78,1,-1.0
94,79,1,-1.0
94,80,1,-1.0
94,81,1,-1.0
94,82,1,-1.0
94,83,1,-1.0
94,84,1,-1.0
94,85,1,-1.0
94,86,1,-1.0
94,87,1,-1.0
94,88,1,-1.0
94,89,1,-1.0
94,90,1,-1.0
94,91,1,-1.0
94,92,1,-1.0
94,93,1,-1.0
94,94,1,-1.0
94,95,1,-1.0
94,96,1,-1.0
94,97,1,-1.0
94,98,1,-1.0
94,99,1,-1.0
94,100,1,-1.0
94,101,1,-1.0
94,102,1,-1.0
94,103,1,-1.0
94,104,1,-1.0
94,105,1,-1.0
94,106,1,-1.0
94,107,1,-1.0
94,108,1,-1.0
94,109,1,-1.0
94,110,1,-1.0
94,111,1,-1.0
94,112,1,-1.0
94,113,1,-1.0
94,114,1,-1.0
94,115,1,-1.0
94,116,1,-1.0
94,117,1,-1.0
94,118,1,-1.0
94,119,1,-1.0
94,120,1,-1.0
94,121,1,-1.0
94,122,1,-1.0
94,123,1,-1.0
94,124,1,-1.0
94,125,1,-1.0
94,126,1,-1.0
94,127,1,-1.0
94,128,1,-1.0
94,129,1,-1.0
94,130,1,-1.0
94,131,1,-1.0
94,132,1,-1.0
94,133,1,-1.0
94,134,1,-1.0
94,135,1,-1.0
94,136,1,-1.0
94,137,1,-1.0
94,138,1,-1.0
94,139,1,-1.0
94,140,1,-1.0
94,141,1,-1.0
94,142,1,-1.0
94,143,1,-1.0
94,144,1,-1.0
94,145,1,-1.0
94,146,1,-1.0
94,147,1,-1.0
94,148,1,-1.0
94,149,1,-1.0
94,150,1,-1.0
94,151,1,-1.0
94,152,1,-1.0
94,153,1,-1.0
94,154,1,-1.0
94,155,1,-1.0
94,156,1,-1.0
94,157,1,-1.0
94,158,1,-1.0
94,159,1,-1.0
94,160,1,-1.0
94,161,1,-1.0
94,162,4,-1.0
94,163,4,-1.0
94,164,4,-1.0
94,165,4,-1.0
94,166,4,-1.0
94,167,4,-1.0
94,168,4,-1.0
94,169,4,-1.0
94,170,4,-1.0
94,171,4,-1.0
94,172,4,-1.0
94,173,4,-1.0
94,174,4,-1.0
94,175,4,-1.0
94,176,4,-1.0
94,177,4,-1.0
94,178,4,-1.0
94,179,4,-1.0
94,180,4,-1.0
94,181,4,-1.0
94,182,4,-1.0
94,183,4,-1.0
94,184,4,-1.0
94,185,4,-1.0
94,186,4,-1.0
94,187,4,-1.0
94,188,4,-1.0
94,189,4,-1.0
94,190,4,-1.0
94,191,4,-1.0
94,192,4,-1.0
94,193,4,-1.0
94,194,4,-1.0
94,195,4,-1.0
94,196,4,-1.0
94,197,4,-1.0
94,198,4,-1.0
94,199,4,-1.0
94,200,4,-1.0
94,201,4,-1.0
94,202,4,-1.0
94,203,4,-1.0
94,204,4,-1.0
94,205,4,-1.0
94,206,4,-1.0
94,207,4,-1.0
94,208,4,-1.0
94,209,4,-1.0
94,210,4,-1.0
94,211,4,-1.0
94,212,4,-1.0
94,213,4,-1.0
94,214,4,-1.0
94,215,4,-1.0
94,216,4,-1.0
94,217,4,-1.0
94,218,4,-1.0
94,219,4,-1.0
94,220,4,-1.0
94,221,4,-1.0
94,222,4,-1.0
94,223,4,-1.0
94,224,4,-1.0
94,225,4,-1.0
94,226,4,-1.0
94,227,4,-1.0
94,228,4,-1.0
94,229,4,-1.0
94,230,4,-1.0
94,231,4,-1.0
94,232,4,-1.0
94,233,4,-1.0
94,234,4,-1.0
94,235,4,-1.0
94,236,4,-1.0
94,237,4,-1.0
94,238,4,-1.0
94,239,4,-1.0
94,240,4,-1.0
94,241,4,-1.0
94,242,4,-1.0
94,243,4,-1.0
94,244,4,-1.0
94,245,4,-1.0
94,246,4,-1.0
94,247,4,-1.0
94,248,4,-1.0
94,249,4,-1.0
94,250,4,-1.0
95,0,2,63906.827
95,1,2,65179.451
95,2,2,69320.814
95,3,2,77531.316
95,4,2,92943.748
95,5,2,124857.28
95,6,2,215157.73
95,7,2,1481721.1
95,8,1,-1.0
95,9,1,-1.0
95,10,1,-1.0
95,11,1,-1.0
95,12,1,-1.0
95,13,1,-1.0
95,14,1,-1.0
95,15,1,-1.0
95,16,1,-1.0
95,17,1,-1.0
95,18,1,-1.0
95,19,1,-1.0
95,20,1,-1.0
95,21,1,-1.0
95,22,1,-1.0
95,23,1,-1.0
95,24,1,-1.0
95,25,1,-1.0
95,26,1,-1.0
95,27,1,-1.0
95,28,1,-1.0
95,29,1,-1.0
95,30,1,-1.0
95,31,1,-1.0
95,32,1,-1.0
95,33,1,-1.0
95,34,1,-1.0
95,35,1,-1.0
95,36,1,-1.0
95,37,1,-1.0
95,38,1,-1.0
95,39,1,-1.0
95,40,1,-1.0
95,41,1,-1.0
95,42,1,-1.0
95,43,1,-1.0
95,44,1,-1.0
95,45,1,-1.0
95,46,1,-1.0
95,47,1,-1.0
95,48,1,-1.0
95,49,1,-1.0
95,50,1,-1.0
95,51,1,-1.0
95,52,1,-1.0
95,53,1,-1.0
95,54,1,-1.0
95,55,1,-1.0
95,56,1,-1.0
95,57,1,-1.0
95,58,1,-1.0
95,59,1,-1.0
95,60,1,-1.0
95,61,1,-1.0
95,62,1,-1.0
95,63,1,-1.0
95,64,1,-1.0
95,65,1,-1.0
95,66,1,-1.0
95,67,1,-1.0
95,68,1,-1.0
95,69,1,-1.0
95,70,1,-1.0
95,71,1,-1.0
95,72,1,-1.0
95,73,1,-1.0
95,74,1,-1.0
95,75,1,-1.0
95,76,1,-1.0
95,77,1,-1.0
95,78,1,-1.0
95,79,1,-1.0
95,80,1,-1.0
95,81,1,-1.0
95,82,1,-1.0
95,83,1,-1.0
95,84,1,-1.0
95,85,1,-1.0
95,86,1,-1.0
95,87,1,-1.0
95,88,1,-1.0
95,89,1,-1.0
95,90,1,-1.0
95,91,1,-1.0
95,92,1,-1.0
95,93,1,-1.0
95,94,1,-1.0
95,95,1,-1.0
95,96,1,-1.0
95,97,1,-1.0
95,98,1,-1.0
95,99,1,-1.0
95,100,1,-1.0
95,101,1,-1.0
95,102,1,-1.0
95,103,1,-1.0
95,104,1,-1.0
95,105,1,-1.0
95,106,1,-1.0
95,107,1,-1.0
95,108,1,-1.0
95,109,1,-1.0
95,110,1,-1.0
95,111,1,-1.0
95,112,1,-1.0
95,113,1,-1.0
95,114,1,-1.0
95,115,1,-1.0
95,116,1,-1.0
95,117,1,-1.0
95,118,1,-1.0
95,119,1,-1.0
95,120,1,-1.0
95,121,1,-1.0
95,122,1,-1.0
95,123,1,-1.0
95,124,1,-1.0
95,125,1,-1.0
95,126,1,-1.0
95,127,1,-1.0
95,128,1,-1.0
95,129,1,-1.0
95,130,1,-1.0
95,131,1,-1.0
95,132,1,-1.0
95,133,1,-1.0
95,134,1,-1.0
95,135,1,-1.0
95,136,1,-1.0
95,137,1,-1.0
95,138,1,-1.0
95,139,1,-1.0
95,140,1,-1.0
95,141,1,-1.0
95,142,1,-1.0
95,143,1,-1.0
95,144,1,-1.0
95,145,1,-1.0
95,146,1,-1.0
95,147,1,-1.0
95,148,1,-1.0
95,149,1,-1.0
95,150,1,-1.0
95,151,1,-1.0
95,152,1,-1.0
95,153,1,-1.0
95,154,1,-1.0
95,155,1,-1.0
95,156,1,-1.0
95,157,1,-1.0
95,158,1,-1.0
95,159,1,-1.0
95,160,1,-1.0
95,161,1,-1.0
95,162,4,-1.0
95,163,4,-1.0
95,164,4,-1.0
95,165,4,-1.0
95,166,4,-1.0
95,167,4,-1.0
95,168,4,-1.0
95,169,4,-1.0
95,170,4,-1.0
95,171,4,-1.0
95,172,4,-1.0
95,173,4,-1.0
95,174,4,-1.0
95,175,4,-1.0
95,176,4,-1.0
95,177,4,-1.0
95,178,4,-1.0
95,179,4,-1.0
95,180,4,-1.0
95,181,4,-1.0
95,182,4,-1.0
95,183,4,-1.0
95,184,4,-1.0
95,185,4,-1.0
95,186,4,-1.0
95,187,4,-1.0
95,188,4,-1.0
95,189,4,-1.0
95,190,4,-1.0
95,191,4,-1.0
95,192,4,-1.0
95,193,4,-1.0
95,194,4,-1.0
95,195,4,-1.0
95,196,4,-1.0
95,197,4,-1.0
95,198,4,-1.0
95,199,4,-1.0
95,200,4,-1.0
95,201,4,-1.0
95,202,4,-1.0
95,203,4,-1.0
95,204,4,-1.0
95,205,4,-1.0
95,206,4,-1.0
95,207,4,-1.0
95,208,4,-1.0
95,209,4,-1.0
95,210,4,-1.0
95,211,4,-1.0
95,212,4,-1.0
95,213,4,-1.0
95,214,4,-1.0
95,215,4,-1.0
95,216,4,-1.0
95,217,4,-1.0
95,218,4,-1.0
95,219,4,-1.0
95,220,4,-1.0
95,221,4,-1.0
95,222,4,-1.0
95,223,4,-1.0
95,224,4,-1.0
95,225,4,-1.0
95,226,4,-1.0
95,227,4,-1.0
95,228,4,-1.0
95,229,4,-1.0
95,230,4,-1.0
95,231,4,-1.0
95,232,4,-1.0
95,233,4,-1.0
95,234,4,-1.0
95,235,4,-1.0
95,236,4,-1.0
95,237,4,-1.0
95,238,4,-1.0
95,239,4,-1.0
95,240,4,-1.0
95,241,4,-1.0
95,242,4,-1.0
95,243,4,-1.0
95,244,4,-1.0
95,245,4,-1.0
95,246,4,-1.0
95,247,4,-1.0
95,248,4,-1.0
95,249,4,-1.0
95,250,4,-1.0
96,0,2,47079.407
96,1,2,47765.421
96,2,2,49948.936
96,3,2,54068.462
96,4,2,61126.735
96,5,2,73456.449
96,6,2,97493.263
96,7,2,158978.84
96,8,2,583968.6
96,9,1,-1.0
96,10,1,-1.0
96,11,1,-1.0
96,12,1,-1.0
96,13,1,-1.0
96,14,1,-1.0
96,15,1,-1.0
96,16,1,-1.0
96,17,1,-1.0
96,18,1,-1.0
96,19,1,-1.0
96,20,1,-1.0
96,21,1,-1.0
96,22,1,-1.0
96,23,1,-1.0
96,24,1,-1.0
96,25,1,-1.0
96,26,1,-1.0
96,27,1,-1.0
96,28,1,-1.0
96,29,1,-1.0
96,30,1,-1.0
96,31,1,-1.0
96,32,1,-1.0
96,33,1,-1.0
96,34,1,-1.0
96,35,1,-1.0
96,36,1,-1.0
96,37,1,-1.0
96,38,1,-1.0
96,39,1,-1.0
96,40,1,-1.0
96,41,1,-1.0
96,42,1,-1.0
96,43,1,-1.0
96,44,1,-1.0
96,45,1,-1.0
96,46,1,-1.0
96,47,1,-1.0
96,48,1,-1.0
96,49,1,-1.0
96,50,1,-1.0
96,51,1,-1.0
96,52,1,-1.0
96,53,1,-1.0
96,54,1,-1.0
96,55,1,-1.0
96,56,1,-1.0
96,57,1,-1.0
96,58,1,-1.0
96,59,1,-1.0
96,60,1,-1.0
96,61,1,-1.0
96,62,1,-1.0
96,63,1,-1.0
96,64,1,-1.0
96,65,1,-1.0
96,66,1,-1.0
96,67,1,-1.0
96,68,1,-1.0
96,69,1,-1.0
96,70,1,-1.0
96,71,1,-1.0
96,72,1,-1.0
96,73,1,-1.0
96,74,1,-1.0
96,75,1,-1.0
96,76,1,-1.0
96,77,1,-1.0
96,78,1,-1.0
96,79,1,-1.0
96,80,1,-1.0
96,81,1,-1.0
96,82,1,-1.0
96,83,1,-1.0
96,84,1,-1.0
96,85,1,-1.0
96,86,1,-1.0
96,87,1,-1.0
96,88,1,-1.0
96,89,1,-1.0
96,90,1,-1.0
96,91,1,-1.0
96,92,1,-1.0
96,93,1,-1.0
96,94,1,-1.0
96,95,1,-1.0
96,96,1,-1.0
96,97,1,-1.0
96,98,1,-1.0
96,99,1,-1.0
96,100,1,-1.0
96,101,1,-1.0
96,102,1,-1.0
96,103,1,-1.0
96,104,1,-1.0
96,105,1,-1.0
96,106,1,-1.0
96,107,1,-1.0
96,108,1,-1.0
96,109,1,-1.0
96,110,1,-1.0
96,111,1,-1.0
96,112,1,-1.0
96,113,1,-1.0
96,114,1,-1.0
96,115,1,-1.0
96,116,1,-1.0
96,117,1,-1.0
96,118,1,-1.0
96,119,1,-1.0
96,120,1,-1.0
96,121,1,-1.0
96,122,1,-1.0
96,123,1,-1.0
96,124,1,-1.0
96,125,1,-1.0
96,126,1,-1.0
96,127,1,-1.0
96,128,1,-1.0
96,129,1,-1.0
96,130,1,-1.0
96,131,1,-1.0
96,132,1,-1.0
96,133,1,-1.0
96,134,1,-1.0
96,135,1,-1.0
96,136,1,-1.0
96,137,1,-1.0
96,138,1,-1.0
96,139,1,-1.0
96,140,1,-1.0
96,141,1,-1.0
96,142,1,-1.0
96,143,1,-1.0
96,144,1,-1.0
96,145,1,-1.0
96,146,1,-1.0
96,147,1,-1.0
96,148,1,-1.0
96,149,1,-1.0
96,150,1,-1.0
96,151,1,-1.0
96,152,1,-1.0
96,153,1,-1.0
96,154,1,-1.0
96,155,1,-1.0
96,156,1,-1.0
96,157,1,-1.0
96,158,1,-1.0
96,159,1,-1.0
96,160,1,-1.0
96,161,1,-1.0
96,162,4,-1.0
96,163,4,-1.0
96,164,4,-1.0
96,165,4,-1.0
96,166,4,-1.0
96,167,4,-1.0
96,168,4,-1.0
96,169,4,-1.0
96,170,4,-1.0
96,171,4,-1.0
96,172,4,-1.0
96,173,4,-1.0
96,174,4,-1.0
96,175,4,-1.0
96,176,4,-1.0
96,177,4,-1.0
96,178,4,-1.0
96,179,4,-1.0
96,180,4,-1.0
96,181,4,-1.0
96,182,4,-1.0
96,183,4,-1.0
96,184,4,-1.0
96,185,4,-1.0
96,186,4,-1.0
96,187,4,-1.0
96,188,4,-1.0
96,189,4,-1.0
96,190,4,-1.0
96,191,4,-1.0
96,192,4,-1.0
96,193,4,-1.0
96,194,4,-1.0
96,195,4,-1.0
96,196,4,-1.0
96,197,4,-1.0
96,198,4,-1.0
96,199,4,-1.0
96,200,4,-1.0
96,201,4,-1.0
96,202,4,-1.0
96,203,4,-1.0
96,204,4,-1.0
96,205,4,-1.0
96,206,4,-1.0
96,207,4,-1.0
96,208,4,-1.0
96,209,4,-1.0
96,210,4,-1.0
96,211,4,-1.0
96,212,4,-1.0
96,213,4,-1.0
96,214,4,-1.0
96,215,4,-1.0
96,216,4,-1.0
96,217,4,-1.0
96,218,4,-1.0
96,219,4,-1.0
96,220,4,-1.0
96,221,4,-1.0
96,222,4,-1.0
96,223,4,-1.0
96,224,4,-1.0
96,225,4,-1.0
96,226,4,-1.0
96,227,4,-1.0
96,228,4,-1.0
96,229,4,-1.0
96,230,4,-1.0
96,231,4,-1.0
96,232,4,-1.0
96,233,4,-1.0
96,234,4,-1.0
96,235,4,-1.0
96,236,4,-1.0
96,237,4,-1.0
96,238,4,-1.0
96,239,4,-1.0
96,240,4,-1.0
96,241,4,-1.0
96,242,4,-1.0
96,243,4,-1.0
96,244,4,-1.0
96,245,4,-1.0
96,246,4,-1.0
96,247,4,-1.0
96,248,4,-1.0
96,249,4,-1.0
96,250,4,-1.0
97,0,2,36377.556
97,1,2,36785.187
97,2,2,38064.82
97,3,2,40407.633
97,4,2,44217.939
97,5,2,50318.896
97,6,2,60526.606
97,7,2,79615.711
97,8,2,125170.58
97,9,2,356157.88
97,10,1,-1.0
97,11,1,-1.0
97,12,1,-1.0
97,13,1,-1.0
97,14,1,-1.0
97,15,1,-1.0
97,16,1,-1.0
97,17,1,-1.0
97,18,1,-1.0
97,19,1,-1.0
97,20,1,-1.0
97,21,1,-1.0
97,22,1,-1.0
97,23,1,-1.0
97,24,1,-1.0
97,25,1,-1.0
97,26,1,-1.0
97,27,1,-1.0
97,28,1,-1.0
97,29,1,-1.0
97,30,1,-1.0
97,31,1,-1.0
97,32,1,-1.0
97,33,1,-1.0
97,34,1,-1.0
97,35,1,-1.0
97,36,1,-1.0
97,37,1,-1.0
97,38,1,-1.0
97,39,1,-1.0
97,40,1,-1.0
97,41,1,-1.0
97,42,1,-1.0
97,43,1,-1.0
97,44,1,-1.0
97,45,1,-1.0
97,46,1,-1.0
97,47,1,-1.0
97,48,1,-1.0
97,49,1,-1.0
97,50,1,-1.0
97,51,1,-1.0
97,52,1,-1.0
97,53,1,-1.0
97,54,1,-1.0
97,55,1,-1.0
97,56,1,-1.0
97,57,1,-1.0
97,58,1,-1.0
97,59,1,-1.0
97,60,1,-1.0
97,61,1,-1.0
97,62,1,-1.0
97,63,1,-1.0
97,64,1,-1.0
97,65,1,-1.0
97,66,1,-1.0
97,67,1,-1.0
97,68,1,-1.0
97,69,1,-1.0
97,70,1,-1.0
97,71,1,-1.0
97,72,1,-1.0
97,73,1,-1.0
97,74,1,-1.0
97,75,1,-1.0
97,76,1,-1.0
97,77,1,-1.0
97,78,1,-1.0
97,79,1,-1.0
97,80,1,-1.0
97,81,1,-1.0
97,82,1,-1.0
97,83,1,-1.0
97,84,1,-1.0
97,85,1,-1.0
97,86,1,-1.0
97,87,1,-1.0
97,88,1,-1.0
97,89,1,-1.0
97,90,1,-1.0
97,91,1,-1.0
97,92,1,-1.0
97,93,1,-1.0
97,94,1,-1.0
97,95,1,-1.0
97,96,1,-1.0
97,97,1,-1.0
97,98,1,-1.0
97,99,1,-1.0
97,100,1,-1.0
97,101,1,-1.0
97,102,1,-1.0
97,103,1,-1.0
97,104,1,-1.0
97,105,1,-1.0
97,106,1,-1.0
97,107,1,-1.0
97,108,1,-1.0
97,109,1,-1.0
97,110,1,-1.0
97,111,1,-1.0
97,112,1,-1.0
97,113,1,-1.0
97,114,1,-1.0
97,115,1,-1.0
97,116,1,-1.0
97,117,1,-1.0
97,118,1,-1.0
97,119,1,-1.0
97,120,1,-1.0
97,121,1,-1.0
97,122,1,-1.0
97,123,1,-1.0
97,124,1,-1.0
97,125,1,-1.0
97,126,1,-1.0
97,127,1,-1.0
97,128,1,-1.0
97,129,1,-1.0
97,130,1,-1.0
97,131,1,-1.0
97,132,1,-1.0
97,133,1,-1.0
97,134,1,-1.0
97,135,1,-1.0
97,136,1,-1.0
97,137,1,-1.0
97,138,1,-1.0
97,139,1,-1.0
97,140,1,-1.0
97,141,1,-1.0
97,142,1,-1.0
97,143,1,-1.0
97,144,1,-1.0
97,145,1,-1.0
97,146,1,-1.0
97,147,1,-1.0
97,148,1,-1.0
97,149,1,-1.0
97,150,1,-1.0
97,151,1,-1.0
97,152,1,-1.0
97,153,1,-1.0
97,154,1,-1.0
97,155,1,-1.0
97,156,1,-1.0
97,157,1,-1.0
97,158,1,-1.0
97,159,1,-1.0
97,160,1,-1.0
97,161,1,-1.0
97,162,4,-1.0
97,163,4,-1.0
97,164,4,-1.0
97,165,4,-1.0
97,166,4,-1.0
97,167,4,-1.0
97,168,4,-1.0
97,169,4,-1.0
97,170,4,-1.0
97,171,4,-1.0
97,172,4,-1.0
97,173,4,-1.0
97,174,4,-1.0
97,175,4,-1.0
97,176,4,-1.0
97,177,4,-1.0
97,178,4,-1.0
97,179,4,-1.0
97,180,4,-1.0
97,181,4,-1.0
97,182,4,-1.0
97,183,4,-1.0
97,184,4,-1.0
97,185,4,-1.0
97,186,4,-1.0
97,187,4,-1.0
97,188,4,-1.0
97,189,4,-1.0
97,190,4,-1.0
97,191,4,-1.0
97,192,4,-1.0
97,193,4,-1.0
97,194,4,-1.0
97,195,4,-1.0
97,196,4,-1.0
97,197,4,-1.0
97,198,4,-1.0
97,199,4,-1.0
97,200,4,-1.0
97,201,4,-1.0
97,202,4,-1.0
97,203,4,-1.0
97,204,4,-1.0
97,205,4,-1.0
97,206,4,-1.0
97,207,4,-1.0
97,208,4,-1.0
97,209,4,-1.0
97,210,4,-1.0
97,211,4,-1.0
97,212,4,-1.0
97,213,4,-1.0
97,214,4,-1.0
97,215,4,-1.0
97,216,4,-1.0
97,217,4,-1.0
97,218,4,-1.0
97,219,4,-1.0
97,220,4,-1.0
97,221,4,-1.0
97,222,4,-1.0
97,223,4,-1.0
97,224,4,-1.0
97,225,4,-1.0
97,226,4,-1.0
97,227,4,-1.0
97,228,4,-1.0
97,229,4,-1.0
97,230,4,-1.0
97,231,4,-1.0
97,232,4,-1.0
97,233,4,-1.0
97,234,4,-1.0
97,235,4,-1.0
97,236,4,-1.0
97,237,4,-1.0
97,238,4,-1.0
97,239,4,-1.0
97,240,4,-1.0
97,241,4,-1.0
97,242,4,-1.0
97,243,4,-1.0
97,244,4,-1.0
97,245,4,-1.0
97,246,4,-1.0
97,247,4,-1.0
97,248,4,-1.0
97,249,4,-1.0
97,250,4,-1.0
98,0,2,29051.295
98,1,2,29310.478
98,2,2,30116.549
98,3,2,31563.306
98,4,2,33839.238
98,5,2,37296.839
98,6,2,42616.779
98,7,2,51258.32
98,8,2,66916.442
98,9,2,102357.66
98,10,2,250894.19
98,11,1,-1.0
98,12,1,-1.0
98,13,1,-1.0
98,14,1,-1.0
98,15,1,-1.0
98,16,1,-1.0
98,17,1,-1.0
98,18,1,-1.0
98,19,1,-1.0
98,20,1,-1.0
98,21,1,-1.0
98,22,1,-1.0
98,23,1,-1.0
98,24,1,-1.0
98,25,1,-1.0
98,26,1,-1.0
98,27,1,-1.0
98,28,1,-1.0
98,29,1,-1.0
98,30,1,-1.0
98,31,1,-1.0
98,32,1,-1.0
98,33,1,-1.0
98,34,1,-1.0
98,35,1,-1.0
98,36,1,-1.0
98,37,1,-1.0
98,38,1,-1.0
98,39,1,-1.0
98,40,1,-1.0
98,41,1,-1.0
98,42,1,-1.0
98,43,1,-1.0
98,44,1,-1.0
98,45,1,-1.0
98,46,1,-1.0
98,47,1,-1.0
98,48,1,-1.0
98,49,1,-1.0
98,50,1,-1.0
98,51,1,-1.0
98,52,1,-1.0
98,53,1,-1.0
98,54,1,-1.0
98,55,1,-1.0
98,56,1,-1.0
98,57,1,-1.0
98,58,1,-1.0
98,59,1,-1.0
98,60,1,-1.0
98,61,1,-1.0
98,62,1,-1.0
98,63,1,-1.0
98,64,1,-1.0
98,65,1,-1.0
98,66,1,-1.0
98,67,1,-1.0
98,68,1,-1.0
98,69,1,-1.0
98,70,1,-1.0
98,71,1,-1.0
98,72,1,-1.0
98,73,1,-1.0
98,74,1,-1.0
98,75,1,-1.0
98,76,1,-1.0
98,77,1,-1.0
98,78,1,-1.0
98,79,1,-1.0
98,80,1,-1.0
98,81,1,-1.0
98,82,1,-1.0
98,83,1,-1.0
98,84,1,-1.0
98,85,1,-1.0
98,86,1,-1.0
98,87,1,-1.0
98,88,1,-1.0
98,89,1,-1.0
98,90,1,-1.0
98,91,1,-1.0
98,92,1,-1.0
98,93,1,-1.0
98,94,1,-1.0
98,95,1,-1.0
98,96,1,-1.0
98,97,1,-1.0
98,98,1,-1.0
98,99,1,-1.0
98,100,1,-1.0
98,101,1,-1.0
98,102,1,-1.0
98,103,1,-1.0
98,104,1,-1.0
98,105,1,-1.0
98,106,1,-1.0
98,107,1,-1.0
98,108,1,-1.0
98,109,1,-1.0
98,110,1,-1.0
98,111,1,-1.0
98,112,1,-1.0
98,113,1,-1.0
98,114,1,-1.0
98,115,1,-1.0
98,116,1,-1.0
98,117,1,-1.0
98,118,1,-1.0
98,119,1,-1.0
98,120,1,-1.0
98,121,1,-1.0
98,122,1,-1.0
98,123,1,-1.0
98,124,1,-1.0
98,125,1,-1.0
98,126,1,-1.0
98,127,1,-1.0
98,128,1,-1.0
98,129,1,-1.0
98,130,1,-1.0
98,131,1,-1.0
98,132,1,-1.0
98,133,1,-1.0
98,134,1,-1.0
98,135,1,-1.0
98,136,1,-1.0
98,137,1,-1.0
98,138,1,-1.0
98,139,1,-1.0
98,140,1,-1.0
98,141,1,-1.0
98,142,1,-1.0
98,143,1,-1.0
98,144,1,-1.0
98,145,1,-1.0
98,146,1,-1.0
98,147,1,-1.0
98,148,1,-1.0
98,149,1,-1.0
98,150,1,-1.0
98,151,1,-1.0
98,152,1,-1.0
98,153,1,-1.0
98,154,1,-1.0
98,155,1,-1.0
98,156,1,-1.0
98,157,1,-1.0
98,158,1,-1.0
98,159,1,-1.0
98,160,1,-1.0
98,161,1,-1.0
98,162,4,-1.0
98,163,4,-1.0
98,164,4,-1.0
98,165,4,-1.0
98,166,4,-1.0
98,167,4,-1.0
98,168,4,-1.0
98,169,4,-1.0
98,170,4,-1.0
98,171,4,-1.0
98,172,4,-1.0
98,173,4,-1.0
98,174,4,-1.0
98,175,4,-1.0
98,176,4,-1.0
98,177,4,-1.0
98,178,4,-1.0
98,179,4,-1.0
98,180,4,-1.0
98,181,4,-1.0
98,182,4,-1.0
98,183,4,-1.0
98,184,4,-1.0
98,185,4,-1.0
98,186,4,-1.0
98,187,4,-1.0
98,188,4,-1.0
98,189,4,-1.0
98,190,4,-1.0
98,191,4,-1.0
98,192,4,-1.0
98,193,4,-1.0
98,194,4,-1.0
98,195,4,-1.0
98,196,4,-1.0
98,197,4,-1.0
98,198,4,-1.0
98,199,4,-1.0
98,200,4,-1.0
98,201,4,-1.0
98,202,4,-1.0
98,203,4,-1.0
98,204,4,-1.0
98,205,4,-1.0
98,206,4,-1.0
98,207,4,-1.0
98,208,4,-1.0
98,209,4,-1.0
98,210,4,-1.0
98,211,4,-1.0
98,212,4,-1.0
98,213,4,-1.0
98,214,4,-1.0
98,215,4,-1.0
98,216,4,-1.0
98,217,4,-1.0
98,218,4,-1.0
98,219,4,-1.0
98,220,4,-1.0
98,221,4,-1.0
98,222,4,-1.0
98,223,4,-1.0
98,224,4,-1.0
98,225,4,-1.0
98,226,4,-1.0
98,227,4,-1.0
98,228,4,-1.0
98,229,4,-1.0
98,230,4,-1.0
98,231,4,-1.0
98,232,4,-1.0
98,233,4,-1.0
98,234,4,-1.0
98,235,4,-1.0
98,236,4,-1.0
98,237,4,-1.0
98,238,4,-1.0
98,239,4,-1.0
98,240,4,-1.0
98,241,4,-1.0
98,242,4,-1.0
98,243,4,-1.0
98,244,4,-1.0
98,245,4,-1.0
98,246,4,-1.0
98,247,4,-1.0
98,248,4,-1.0
98,249,4,-1.0
98,250,4,-1.0
99,0,2,23777.782
99,1,2,23950.896
99,2,2,24485.708
99,3,2,25432.221
99,4,2,26887.386
99,5,2,29022.58
99,6,2,32142.591
99,7,2,36818.761
99,8,2,44245.811
99,9,2,57361.225
99,10,2,85785.998
99,11,2,189705.79
99,12,1,-1.0
99,13,1,-1.0
99,14,1,-1.0
99,15,1,-1.0
99,16,1,-1.0
99,17,1,-1.0
99,18,1,-1.0
99,19,1,-1.0
99,20,1,-1.0
99,21,1,-1.0
99,22,1,-1.0
99,23,1,-1.0
99,24,1,-1.0
99,25,1,-1.0
99,26,1,-1.0
99,27,1,-1.0
99,28,1,-1.0
99,29,1,-1.0
99,30,1,-1.0
99,31,1,-1.0
99,32,1,-1.0
99,33,1,-1.0
99,34,1,-1.0
99,35,1,-1.0
99,36,1,-1.0
99,37,1,-1.0
99,38,1,-1.0
99,39,1,-1.0
99,40,1,-1.0
99,41,1,-1.0
99,42,1,-1.0
99,43,1,-1.0
99,44,1,-1.0
99,45,1,-1.0
99,46,1,-1.0
99,47,1,-1.0
99,48,1,-1.0
99,49,1,-1.0
99,50,1,-1.0
99,51,1,-1.0
99,52,1,-1.0
99,53,1,-1.0
99,54,1,-1.0
99,55,1,-1.0
99,56,1,-1.0
99,57,1,-1.0
99,58,1,-1.0
99,59,1,-1.0
99,60,1,-1.0
99,61,1,-1.0
99,62,1,-1.0
99,63,1,-1.0
99,64,1,-1.0
99,65,1,-1.0
99,66,1,-1.0
99,67,1,-1.0
99,68,1,-1.0
99,69,1,-1.0
99,70,1,-1.0
99,71,1,-1.0
99,72,1,-1.0
99,73,1,-1.0
99,74,1,-1.0
99,75,1,-1.0
99,76,1,-1.0
99,77,1,-1.0
99,78,1,-1.0
99,79,1,-1.0
99,80,1,-1.0
99,81,1,-1.0
99,82,1,-1.0
99,83,1,-1.0
99,84,1,-1.0
99,85,1,-1.0
99,86,1,-1.0
99,87,1,-1.0
99,88,1,-1.0
99,89,1,-1.0
99,90,1,-1.0
99,91,1,-1.0
99,92,1,-1.0
99,93,1,-1.0
99,94,1,-1.0
99,95,1,-1.0
99,96,1,-1.0
99,97,1,-1.0
99,98,1,-1.0
99,99,1,-1.0
99,100,1,-1.0
99,101,1,-1.0
99,102,1,-1.0
99,103,1,-1.0
99,104,1,-1.0
99,105,1,-1.0
99,106,1,-1.0
99,107,1,-1.0
99,108,1,-1.0
99,109,1,-1.0
99,110,1,-1.0
99,111,1,-1.0
99,112,1,-1.0
99,113,1,-1.0
99,114,1,-1.0
99,115,1,-1.0
99,116,1,-1.0
99,117,1,-1.0
99,118,1,-1.0
99,119,1,-1.0
99,120,1,-1.0
99,121,1,-1.0
99,122,1,-1.0
99,123,1,-1.0
99,124,1,-1.0
99,125,1,-1.0
99,126,1,-1.0
99,127,1,-1.0
99,128,1,-1.0
99,129,1,-1.0
99,130,1,-1.0
99,131,1,-1.0
99,132,1,-1.0
99,133,1,-1.0
99,134,1,-1.0
99,135,1,-1.0
99,136,1,-1.0
99,137,1,-1.0
99,138,1,-1.0
99,139,1,-1.0
99,140,1,-1.0
99,141,1,-1.0
99,142,1,-1.0
99,143,1,-1.0
99,144,1,-1.0
99,145,1,-1.0
99,146,1,-1.0
99,147,1,-1.0
99,148,1,-1.0
99,149,1,-1.0
99,150,1,-1.0
99,151,1,-1.0
99,152,1,-1.0
99,153,1,-1.0
99,154,1,-1.0
99,155,1,-1.0
99,156,1,-1.0
99,157,1,-1.0
99,158,1,-1.0
99,159,1,-1.0
99,160,1,-1.0
99,161,1,-1.0
99,162,4,-1.0
99,163,4,-1.0
99,164,4,-1.0
99,165,4,-1.0
99,166,4,-1.0
99,167,4,-1.0
99,168,4,-1.0
99,169,4,-1.0
99,170,4,-1.0
99,171,4,-1.0
99,172,4,-1.0
99,173,4,-1.0
99,174,4,-1.0
99,175,4,-1.0
99,176,4,-1.0
99,177,4,-1.0
99,178,4,-1.0
99,179,4,-1.0
99,180,4,-1.0
99,181,4,-1.0
99,182,4,-1.0
99,183,4,-1.0
99,184,4,-1.0
99,185,4,-1.0
99,186,4,-1.0
99,187,4,-1.0
99,188,4,-1.0
99,189,4,-1.0
99,190,4,-1.0
99,191,4,-1.0
99,192,4,-1.0
99,193,4,-1.0
99,194,4,-1.0
99,195,4,-1.0
99,196,4,-1.0
99,197,4,-1.0
99,198,4,-1.0
99,199,4,-1.0
99,200,4,-1.0
99,201,4,-1.0
99,202,4,-1.0
99,203,4,-1.0
99,204,4,-1.0
99,205,4,-1.0
99,206,4,-1.0
99,207,4,-1.0
99,208,4,-1.0
99,209,4,-1.0
99,210,4,-1.0
99,211,4,-1.0
99,212,4,-1.0
99,213,4,-1.0
99,214,4,-1.0
99,215,4,-1.0
99,216,4,-1.0
99,217,4,-1.0
99,218,4,-1.0
99,219,4,-1.0
99,220,4,-1.0
99,221,4,-1.0
99,222,4,-1.0
99,223,4,-1.0
99,224,4,-1.0
99,225,4,-1.0
99,226,4,-1.0
99,227,4,-1.0
99,228,4,-1.0
99,229,4,-1.0
99,230,4,-1.0
99,231,4,-1.0
99,232,4,-1.0
99,233,4,-1.0
99,234,4,-1.0
99,235,4,-1.0
99,236,4,-1.0
99,237,4,-1.0
99,238,4,-1.0
99,239,4,-1.0
99,240,4,-1.0
99,241,4,-1.0
99,242,4,-1.0
99,243,4,-1.0
99,244,4,-1.0
99,245,4,-1.0
99,246,4,-1.0
99,247,4,-1.0
99,248,4,-1.0
99,249,4,-1.0
99,250,4,-1.0
100,0,2,19834.928
100,1,2,19955.09
100,2,2,20324.479
100,3,2,20971.508
100,4,2,21949.841
100,5,2,23350.487
100,6,2,25325.861
100,7,2,28139.196
100,8,2,32274.439
100,9,2,38725.054
100,10,2,49865.985
100,11,2,73120.868
100,12,2,149489.3
100,13,1,-1.0
100,14,1,-1.0
100,15,1,-1.0
100,16,1,-1.0
100,17,1,-1.0
100,18,1,-1.0
100,19,1,-1.0
100,20,1,-1.0
100,21,1,-1.0
100,22,1,-1.0
100,23,1,-1.0
100,24,1,-1.0
100,25,1,-1.0
100,26,1,-1.0
100,27,1,-1.0
100,28,1,-1.0
100,29,1,-1.0
100,30,1,-1.0
100,31,1,-1.0
100,32,1,-1.0
100,33,1,-1.0
100,34,1,-1.0
100,35,1,-1.0
100,36,1,-1.0
100,37,1,-1.0
100,38,1,-1.0
100,39,1,-1.0
100,40,1,-1.0
100,41,1,-1.0
100,42,1,-1.0
100,43,1,-1.0
100,44,1,-1.0
100,45,1,-1.0
100,46,1,-1.0
100,47,1,-1.0
100,48,1,-1.0
100,49,1,-1.0
100,50,1,-1.0
100,51,1,-1.0
100,52,1,-1.0
100,53,1,-1.0
100,54,1,-1.0
100,55,1,-1.0
100,56,1,-1.0
100,57,1,-1.0
100,58,1,-1.0
100,59,1,-1.0
100,60,1,-1.0
100,61,1,-1.0
100,62,1,-1.0
100,63,1,-1.0
100,64,1,-1.0
100,65,1,-1.0
100,66,1,-1.0
100,67,1,-1.0
100,68,1,-1.0
100,69,1,-1.0
100,70,1,-1.0
100,71,1,-1.0
100,72,1,-1.0
100,73,1,-1.0
100,74,1,-1.0
100,75,1,-1.0
100,76,1,-1.0
100,77,1,-1.0
100,78,1,-1.0
100,79,1,-1.0
100,80,1,-1.0
100,81,1,-1.0
100,82,1,-1.0
100,83,1,-1.0
100,84,1,-1.0
100,85,1,-1.0
100,86,1,-1.0
100,87,1,-1.0
100,88,1,-1.0
100,89,1,-1.0
100,90,1,-1.0
100,91,1,-1.0
100,92,1,-1.0
100,93,1,-1.0
100,94,1,-1.0
100,95,1,-1.0
100,96,1,-1.0
100,97,1,-1.0
100,98,1,-1.0
100,99,1,-1.0
100,100,1,-1.0
100,101,1,-1.0
100,102,1,-1.0
100,103,1,-1.0
100,104,1,-1.0
100,105,1,-1.0
100,106,1,-1.0
100,107,1,-1.0
100,108,1,-1.0
100,109,1,-1.0
100,110,1,-1.0
100,111,1,-1.0
100,112,1,-1.0
100,113,1,-1.0
100,114,1,-1.0
100,115,1,-1.0
100,116,1,-1.0
100,117,1,-1.0
100,118,1,-1.0
100,119,1,-1.0
100,120,1,-1.0
100,121,1,-1.0
100,122,1,-1.0
100,123,1,-1.0
100,124,1,-1.0
100,125,1,-1.0
100,126,1,-1.0
100,127,1,-1.0
100,128,1,-1.0
100,129,1,-1.0
100,130,1,-1.0
100,131,1,-1.0
100,132,1,-1.0
100,133,1,-1.0
100,134,1,-1.0
100,135,1,-1.0
100,136,1,-1.0
100,137,1,-1.0
100,138,1,-1.0
100,139,1,-1.0
100,140,1,-1.0
100,141,1,-1.0
100,142,1,-1.0
100,143,1,-1.0
100,144,1,-1.0
100,145,1,-1.0
100,146,1,-1.0
100,147,1,-1.0
100,148,1,-1.0
100,149,1,-1.0
100,150,1,-1.0
100,151,1,-1.0
100,152,1,-1.0
100,153,1,-1.0
100,154,1,-1.0
100,155,1,-1.0
100,156,1,-1.0
100,157,1,-1.0
100,158,1,-1.0
100,159,1,-1.0
100,160,1,-1.0
100,161,1,-1.0
100,162,4,-1.0
100,163,4,-1.0
100,164,4,-1.0
100,165,4,-1.0
100,166,4,-1.0
100,167,4,-1.0
100,168,4,-1.0
100,169,4,-1.0
100,170,4,-1.0
100,171,4,-1.0
100,172,4,-1.0
100,173,4,-1.0
100,174,4,-1.0
100,175,4,-1.0
100,176,4,-1.0
100,177,4,-1.0
100,178,4,-1.0
100,179,4,-1.0
100,180,4,-1.0
100,181,4,-1.0
100,182,4,-1.0
100,183,4,-1.0
100,184,4,-1.0
100,185,4,-1.0
100,186,4,-1.0
100,187,4,-1.0
100,188,4,-1.0
100,189,4,-1.0
100,190,4,-1.0
100,191,4,-1.0
100,192,4,-1.0
100,193,4,-1.0
100,194,4,-1.0
100,195,4,-1.0
100,196,4,-1.0
100,197,4,-1.0
100,198,4,-1.0
100,199,4,-1.0
100,200,4,-1.0
100,201,4,-1.0
100,202,4,-1.0
100,203,4,-1.0
100,204,4,-1.0
100,205,4,-1.0
100,206,4,-1.0
100,207,4,-1.0
100,208,4,-1.0
100,209,4,-1.0
100,210,4,-1.0
100,211,4,-1.0
100,212,4,-1.0
100,213,4,-1.0
100,214,4,-1.0
100,215,4,-1.0
100,216,4,-1.0
100,217,4,-1.0
100,218,4,-1.0
100,219,4,-1.0
100,220,4,-1.0
100,221,4,-1.0
100,222,4,-1.0
100,223,4,-1.0
100,224,4,-1.0
100,225,4,-1.0
100,226,4,-1.0
100,227,4,-1.0
100,228,4,-1.0
100,229,4,-1.0
100,230,4,-1.0
100,231,4,-1.0
100,232,4,-1.0
100,233,4,-1.0
100,234,4,-1.0
100,235,4,-1.0
100,236,4,-1.0
100,237,4,-1.0
100,238,4,-1.0
100,239,4,-1.0
100,240,4,-1.0
100,241,4,-1.0
100,242,4,-1.0
100,243,4,-1.0
100,244,4,-1.0
100,245,4,-1.0
100,246,4,-1.0
100,247,4,-1.0
100,248,4,-1.0
100,249,4,-1.0
100,250,4,-1.0
101,0,2,16799.202
101,1,2,16885.211
101,2,2,17148.609
101,3,2,17606.372
101,4,2,18289.931
101,5,2,19250.958
101,6,2,20572.241
101,7,2,22388.283
101,8,2,24926.251
101,9,2,28601.408
101,10,2,34245.608
101,11,2,43800.947
101,12,2,63082.937
101,13,2,120989.19
101,14,2,14432577.0
101,15,1,-1.0
101,16,1,-1.0
101,17,1,-1.0
101,18,1,-1.0
101,19,1,-1.0
101,20,1,-1.0
101,21,1,-1.0
101,22,1,-1.0
101,23,1,-1.0
101,24,1,-1.0
101,25,1,-1.0
101,26,1,-1.0
101,27,1,-1.0
101,28,1,-1.0
101,29,1,-1.0
101,30,1,-1.0
101,31,1,-1.0
101,32,1,-1.0
101,33,1,-1.0
101,34,1,-1.0
101,35,1,-1.0
101,36,1,-1.0
101,37,1,-1.0
101,38,1,-1.0
101,39,1,-1.0
101,40,1,-1.0
101,41,1,-1.0
101,42,1,-1.0
101,43,1,-1.0
101,44,1,-1.0
101,45,1,-1.0
101,46,1,-1.0
101,47,1,-1.0
101,48,1,-1.0
101,49,1,-1.0
101,50,1,-1.0
101,51,1,-1.0
101,52,1,-1.0
101,53,1,-1.0
101,54,1,-1.0
101,55,1,-1.0
101,56,1,-1.0
101,57,1,-1.0
101,58,1,-1.0
101,59,1,-1.0
101,60,1,-1.0
101,61,1,-1.0
101,62,1,-1.0
101,63,1,-1.0
101,64,1,-1.0
101,65,1,-1.0
101,66,1,-1.0
101,67,1,-1.0
101,68,1,-1.0
101,69,1,-1.0
101,70,1,-1.0
101,71,1,-1.0
101,72,1,-1.0
101,73,1,-1.0
101,74,1,-1.0
101,75,1,-1.0
101,76,1,-1.0
101,77,1,-1.0
101,78,1,-1.0
101,79,1,-1.0
101,80,1,-1.0
101,81,1,-1.0
101,82,1,-1.0
101,83,1,-1.0
101,84,1,-1.0
101,85,1,-1.0
101,86,1,-1.0
101,87,1,-1.0
101,88,1,-1.0
101,89,1,-1.0
101,90,1,-1.0
101,91,1,-1.0
101,92,1,-1.0
101,93,1,-1.0
101,94,1,-1.0
101,95,1,-1.0
101,96,1,-1.0
101,97,1,-1.0
101,98,1,-1.0
101,99,1,-1.0
101,100,1,-1.0
101,101,1,-1.0
101,102,1,-1.0
101,103,1,-1.0
101,104,1,-1.0
101,105,1,-1.0
101,106,1,-1.0
101,107,1,-1.0
101,108,1,-1.0
101,109,1,-1.0
101,110,1,-1.0
101,111,1,-1.0
101,112,1,-1.0
101,113,1,-1.0
101,114,1,-1.0
101,115,1,-1.0
101,116,1,-1.0
101,117,1,-1.0
101,118,1,-1.0
101,119,1,-1.0
101,120,1,-1.0
101,121,1,-1.0
101,122,1,-1.0
101,123,1,-1.0
101,124,1,-1.0
101,125,1,-1.0
101,126,1,-1.0
101,127,1,-1.0
101,128,1,-1.0
101,129,1,-1.0
101,130,1,-1.0
101,131,1,-1.0
101,132,1,-1.0
101,133,1,-1.0
101,134,1,-1.0
101,135,1,-1.0
101,136,1,-1.0
101,137,1,-1.0
101,138,1,-1.0
101,139,1,-1.0
101,140,1,-1.0
101,141,1,-1.0
101,142,1,-1.0
101,143,1,-1.0
101,144,1,-1.0
101,145,1,-1.0
101,146,1,-1.0
101,147,1,-1.0
101,148,1,-1.0
101,149,1,-1.0
101,150,1,-1.0
101,151,1,-1.0
101,152,1,-1.0
101,153,1,-1.0
101,154,1,-1.0
101,155,1,-1.0
101,156,1,-1.0
101,157,1,-1.0
101,158,1,-1.0
101,159,1,-1.0
101,160,1,-1.0
101,161,1,-1.0
101,162,4,-1.0
101,163,4,-1.0
101,164,4,-1.0
101,165,4,-1.0
101,166,4,-1.0
101,167,4,-1.0
101,168,4,-1.0
101,169,4,-1.0
101,170,4,-1.0
101,171,4,-1.0
101,172,4,-1.0
101,173,4,-1.0
101,174,4,-1.0
101,175,4,-1.0
101,176,4,-1.0
101,177,4,-1.0
101,178,4,-1.0
101,179,4,-1.0
101,180,4,-1.0
101,181,4,-1.0
101,182,4,-1.0
101,183,4,-1.0
101,184,4,-1.0
101,185,4,-1.0
101,186,4,-1.0
101,187,4,-1.0
101,188,4,-1.0
101,189,4,-1.0
101,190,4,-1.0
101,191,4,-1.0
101,192,4,-1.0
101,193,4,-1.0
101,194,4,-1.0
101,195,4,-1.0
101,196,4,-1.0
101,197,4,-1.0
101,198,4,-1.0
101,199,4,-1.0
101,200,4,-1.0
101,201,4,-1.0
101,202,4,-1.0
101,203,4,-1.0
101,204,4,-1.0
101,205,4,-1.0
101,206,4,-1.0
101,207,4,-1.0
101,208,4,-1.0
101,209,4,-1.0
101,210,4,-1.0
101,211,4,-1.0
101,212,4,-1.0
101,213,4,-1.0
101,214,4,-1.0
101,215,4,-1.0
101,216,4,-1.0
101,217,4,-1.0
101,218,4,-1.0
101,219,4,-1.0
101,220,4,-1.0
101,221,4,-1.0
101,222,4,-1.0
101,223,4,-1.0
101,224,4,-1.0
101,225,4,-1.0
101,226,4,-1.0
101,227,4,-1.0
101,228,4,-1.0
101,229,4,-1.0
101,230,4,-1.0
101,231,4,-1.0
101,232,4,-1.0
101,233,4,-1.0
101,234,4,-1.0
101,235,4,-1.0
101,236,4,-1.0
101,237,4,-1.0
101,238,4,-1.0
101,239,4,-1.0
101,240,4,-1.0
101,241,4,-1.0
101,242,4,-1.0
101,243,4,-1.0
101,244,4,-1.0
101,245,4,-1.0
101,246,4,-1.0
101,247,4,-1.0
101,248,4,-1.0
101,249,4,-1.0
101,250,4,-1.0
102,0,2,14406.594
102,1,2,14469.727
102,2,2,14662.494
102,3,2,14995.459
102,4,2,15487.879
102,5,2,16170.661
102,6,2,17091.679
102,7,2,18324.809
102,8,2,19988.727
102,9,2,22282.104
102,10,2,25560.33
102,11,2,30525.0
102,12,2,38775.608
102,13,2,54912.361
102,14,2,99761.735
102,15,2,810969.94
102,16,1,-1.0
102,17,1,-1.0
102,18,1,-1.0
102,19,1,-1.0
102,20,1,-1.0
102,21,1,-1.0
102,22,1,-1.0
102,23,1,-1.0
102,24,1,-1.0
102,25,1,-1.0
102,26,1,-1.0
102,27,1,-1.0
102,28,1,-1.0
102,29,1,-1.0
102,30,1,-1.0
102,31,1,-1.0
102,32,1,-1.0
102,33,1,-1.0
102,34,1,-1.0
102,35,1,-1.0
102,36,1,-1.0
102,37,1,-1.0
102,38,1,-1.0
102,39,1,-1.0
102,40,1,-1.0
102,41,1,-1.0
102,42,1,-1.0
102,43,1,-1.0
102,44,1,-1.0
102,45,1,-1.0
102,46,1,-1.0
102,47,1,-1.0
102,48,1,-1.0
102,49,1,-1.0
102,50,1,-1.0
102,51,1,-1.0
102,52,1,-1.0
102,53,1,-1.0
102,54,1,-1.0
102,55,1,-1.0
102,56,1,-1.0
102,57,1,-1.0
102,58,1,-1.0
102,59,1,-1.0
102,60,1,-1.0
102,61,1,-1.0
102,62,1,-1.0
102,63,1,-1.0
102,64,1,-1.0
102,65,1,-1.0
102,66,1,-1.0
102,67,1,-1.0
102,68,1,-1.0
102,69,1,-1.0
102,70,1,-1.0
102,71,1,-1.0
102,72,1,-1.0
102,73,1,-1.0
102,74,1,-1.0
102,75,1,-1.0
102,76,1,-1.0
102,77,1,-1.0
102,78,1,-1.0
102,79,1,-1.0
102,80,1,-1.0
102,81,1,-1.0
102,82,1,-1.0
102,83,1,-1.0
102,84,1,-1.0
102,85,1,-1.0
102,86,1,-1.0
102,87,1,-1.0
102,88,1,-1.0
102,89,1,-1.0
102,90,1,-1.0
102,91,1,-1.0
102,92,1,-1.0
102,93,1,-1.0
102,94,1,-1.0
102,95,1,-1.0
102,96,1,-1.0
102,97,1,-1.0
102,98,1,-1.0
102,99,1,-1.0
102,100,1,-1.0
102,101,1,-1.0
102,102,1,-1.0
102,103,1,-1.0
102,104,1,-1.0
102,105,1,-1.0
102,106,1,-1.0
102,107,1,-1.0
102,108,1,-1.0
102,109,1,-1.0
102,110,1,-1.0
102,111,1,-1.0
102,112,1,-1.0
102,113,1,-1.0
102,114,1,-1.0
102,115,1,-1.0
102,116,1,-1.0
102,117,1,-1.0
102,118,1,-1.0
102,119,1,-1.0
102,120,1,-1.0
102,121,1,-1.0
102,122,1,-1.0
102,123,1,-1.0
102,124,1,-1.0
102,125,1,-1.0
102,126,1,-1.0
102,127,1,-1.0
102,128,1,-1.0
102,129,1,-1.0
102,130,1,-1.0
102,131,1,-1.0
102,132,1,-1.0
102,133,1,-1.0
102,134,1,-1.0
102,135,1,-1.0
102,136,1,-1.0
102,137,1,-1.0
102,138,1,-1.0
102,139,1,-1.0
102,140,1,-1.0
102,141,1,-1.0
102,142,1,-1.0
102,143,1,-1.0
102,144,1,-1.0
102,145,1,-1.0
102,146,1,-1.0
102,147,1,-1.0
102,148,1,-1.0
102,149,1,-1.0
102,150,1,-1.0
102,151,1,-1.0
102,152,1,-1.0
102,153,1,-1.0
102,154,1,-1.0
102,155,1,-1.0
102,156,1,-1.0
102,157,1,-1.0
102,158,1,-1.0
102,159,1,-1.0
102,160,1,-1.0
102,161,1,-1.0
102,162,4,-1.0
102,163,4,-1.0
102,164,4,-1.0
102,165,4,-1.0
102,166,4,-1.0
102,167,4,-1.0
102,168,4,-1.0
102,169,4,-1.0
102,170,4,-1.0
102,171,4,-1.0
102,172,4,-1.0
102,173,4,-1.0
102,174,4,-1.0
102,175,4,-1.0
102,176,4,-1.0
102,177,4,-1.0
102,178,4,-1.0
102,179,4,-1.0
102,180,4,-1.0
102,181,4,-1.0
102,182,4,-1.0
102,183,4,-1.0
102,184,4,-1.0
102,185,4,-1.0
102,186,4,-1.0
102,187,4,-1.0
102,188,4,-1.0
102,189,4,-1.0
102,190,4,-1.0
102,191,4,-1.0
102,192,4,-1.0
102,193,4,-1.0
102,194,4,-1.0
102,195,4,-1.0
102,196,4,-1.0
102,197,4,-1.0
102,198,4,-1.0
102,199,4,-1.0
102,200,4,-1.0
102,201,4,-1.0
102,202,4,-1.0
102,203,4,-1.0
102,204,4,-1.0
102,205,4,-1.0
102,206,4,-1.0
102,207,4,-1.0
102,208,4,-1.0
102,209,4,-1.0
102,210,4,-1.0
102,211,4,-1.0
102,212,4,-1.0
102,213,4,-1.0
102,214,4,-1.0
102,215,4,-1.0
102,216,4,-1.0
102,217,4,-1.0
102,218,4,-1.0
102,219,4,-1.0
102,220,4,-1.0
102,221,4,-1.0
102,222,4,-1.0
102,223,4,-1.0
102,224,4,-1.0
102,225,4,-1.0
102,226,4,-1.0
102,227,4,-1.0
102,228,4,-1.0
102,229,4,-1.0
102,230,4,-1.0
102,231,4,-1.0
102,232,4,-1.0
102,233,4,-1.0
102,234,4,-1.0
102,235,4,-1.0
102,236,4,-1.0
102,237,4,-1.0
102,238,4,-1.0
102,239,4,-1.0
102,240,4,-1.0
102,241,4,-1.0
102,242,4,-1.0
102,243,4,-1.0
102,244,4,-1.0
102,245,4,-1.0
102,246,4,-1.0
102,247,4,-1.0
102,248,4,-1.0
102,249,4,-1.0
102,250,4,-1.0
103,0,2,12484.45
103,1,2,12531.779
103,2,2,12675.946
103,3,2,12923.749
103,4,2,13287.433
103,5,2,13786.274
103,6,2,14449.018
103,7,2,15319.369
103,8,2,16463.823
103,9,2,17986.983
103,10,2,20061.753
103,11,2,22993.859
103,12,2,27377.234
103,13,2,34534.991
103,14,2,48121.546
103,15,2,83340.374
103,16,2,383339.75
103,17,1,-1.0
103,18,1,-1.0
103,19,1,-1.0
103,20,1,-1.0
103,21,1,-1.0
103,22,1,-1.0
103,23,1,-1.0
103,24,1,-1.0
103,25,1,-1.0
103,26,1,-1.0
103,27,1,-1.0
103,28,1,-1.0
103,29,1,-1.0
103,30,1,-1.0
103,31,1,-1.0
103,32,1,-1.0
103,33,1,-1.0
103,34,1,-1.0
103,35,1,-1.0
103,36,1,-1.0
103,37,1,-1.0
103,38,1,-1.0
103,39,1,-1.0
103,40,1,-1.0
103,41,1,-1.0
103,42,1,-1.0
103,43,1,-1.0
103,44,1,-1.0
103,45,1,-1.0
103,46,1,-1.0
103,47,1,-1.0
103,48,1,-1.0
103,49,1,-1.0
103,50,1,-1.0
103,51,1,-1.0
103,52,1,-1.0
103,53,1,-1.0
103,54,1,-1.0
103,55,1,-1.0
103,56,1,-1.0
103,57,1,-1.0
103,58,1,-1.0
103,59,1,-1.0
103,60,1,-1.0
103,61,1,-1.0
103,62,1,-1.0
103,63,1,-1.0
103,64,1,-1.0
103,65,1,-1.0
103,66,1,-1.0
103,67,1,-1.0
103,68,1,-1.0
103,69,1,-1.0
103,70,1,-1.0
103,71,1,-1.0
103,72,1,-1.0
103,73,1,-1.0
103,74,1,-1.0
103,75,1,-1.0
103,76,1,-1.0
103,77,1,-1.0
103,78,1,-1.0
103,79,1,-1.0
103,80,1,-1.0
103,81,1,-1.0
103,82,1,-1.0
103,83,1,-1.0
103,84,1,-1.0
103,85,1,-1.0
103,86,1,-1.0
103,87,1,-1.0
103,88,1,-1.0
103,89,1,-1.0
103,90,1,-1.0
103,91,1,-1.0
103,92,1,-1.0
103,93,1,-1.0
103,94,1,-1.0
103,95,1,-1.0
103,96,1,-1.0
103,97,1,-1.0
103,98,1,-1.0
103,99,1,-1.0
103,100,1,-1.0
103,101,1,-1.0
103,102,1,-1.0
103,103,1,-1.0
103,104,1,-1.0
103,105,1,-1.0
103,106,1,-1.0
103,107,1,-1.0
103,108,1,-1.0
103,109,1,-1.0
103,110,1,-1.0
103,111,1,-1.0
103,112,1,-1.0
103,113,1,-1.0
103,114,1,-1.0
103,115,1,-1.0
103,116,1,-1.0
103,117,1,-1.0
103,118,1,-1.0
103,119,1,-1.0
103,120,1,-1.0
103,121,1,-1.0
103,122,1,-1.0
103,123,1,-1.0
103,124,1,-1.0
103,125,1,-1.0
103,126,1,-1.0
103,127,1,-1.0
103,128,1,-1.0
103,129,1,-1.0
103,130,1,-1.0
103,131,1,-1.0
103,132,1,-1.0
103,133,1,-1.0
103,134,1,-1.0
103,135,1,-1.0
103,136,1,-1.0
103,137,1,-1.0
103,138,1,-1.0
103,139,1,-1.0
103,140,1,-1.0
103,141,1,-1.0
103,142,1,-1.0
103,143,1,-1.0
103,144,1,-1.0
103,145,1,-1.0
103,146,1,-1.0
103,147,1,-1.0
103,148,1,-1.0
103,149,1,-1.0
103,150,1,-1.0
103,151,1,-1.0
103,152,1,-1.0
103,153,1,-1.0
103,154,1,-1.0
103,155,1,-1.0
103,156,1,-1.0
103,157,1,-1.0
103,158,1,-1.0
103,159,1,-1.0
103,160,1,-1.0
103,161,1,-1.0
103,162,4,-1.0
103,163,4,-1.0
103,164,4,-1.0
103,165,4,-1.0
103,166,4,-1.0
103,167,4,-1.0
103,168,4,-1.0
103,169,4,-1.0
103,170,4,-1.0
103,171,4,-1.0
103,172,4,-1.0
103,173,4,-1.0
103,174,4,-1.0
103,175,4,-1.0
103,176,4,-1.0
103,177,4,-1.0
103,178,4,-1.0
103,179,4,-1.0
103,180,4,-1.0
103,181,4,-1.0
103,182,4,-1.0
103,183,4,-1.0
103,184,4,-1.0
103,185,4,-1.0
103,186,4,-1.0
103,187,4,-1.0
103,188,4,-1.0
103,189,4,-1.0
103,190,4,-1.0
103,191,4,-1.0
103,192,4,-1.0
103,193,4,-1.0
103,194,4,-1.0
103,195,4,-1.0
103,196,4,-1.0
103,197,4,-1.0
103,198,4,-1.0
103,199,4,-1.0
103,200,4,-1.0
103,201,4,-1.0
103,202,4,-1.0
103,203,4,-1.0
103,204,4,-1.0
103,205,4,-1.0
103,206,4,-1.0
103,207,4,-1.0
103,208,4,-1.0
103,209,4,-1.0
103,210,4,-1.0
103,211,4,-1.0
103,212,4,-1.0
103,213,4,-1.0
103,214,4,-1.0
103,215,4,-1.0
103,216,4,-1.0
103,217,4,-1.0
103,218,4,-1.0
103,219,4,-1.0
103,220,4,-1.0
103,221,4,-1.0
103,222,4,-1.0
103,223,4,-1.0
103,224,4,-1.0
103,225,4,-1.0
103,226,4,-1.0
103,227,4,-1.0
103,228,4,-1.0
103,229,4,-1.0
103,230,4,-1.0
103,231,4,-1.0
103,232,4,-1.0
103,233,4,-1.0
103,234,4,-1.0
103,235,4,-1.0
103,236,4,-1.0
103,237,4,-1.0
103,238,4,-1.0
103,239,4,-1.0
103,240,4,-1.0
103,241,4,-1.0
103,242,4,-1.0
103,243,4,-1.0
103,244,4,-1.0
103,245,4,-1.0
103,246,4,-1.0
103,247,4,-1.0
103,248,4,-1.0
103,249,4,-1.0
103,250,4,-1.0
104,0,2,10915.417
104,1,2,10951.54
104,2,2,11061.361
104,3,2,11249.36
104,4,2,11523.438
104,5,2,11896.115
104,6,2,12385.747
104,7,2,13019.113
104,8,2,13835.59
104,9,2,14894.402
104,10,2,16287.796
104,11,2,18166.617
104,12,2,20794.35
104,13,2,24673.478
104,14,2,30898.665
104,15,2,42389.402
104,16,2,70374.958
104,17,2,236987.69
104,18,1,-1.0
104,19,1,-1.0
104,20,1,-1.0
104,21,1,-1.0
104,22,1,-1.0
104,23,1,-1.0
104,24,1,-1.0
104,25,1,-1.0
104,26,1,-1.0
104,27,1,-1.0
104,28,1,-1.0
104,29,1,-1.0
104,30,1,-1.0
104,31,1,-1.0
104,32,1,-1.0
104,33,1,-1.0
104,34,1,-1.0
104,35,1,-1.0
104,36,1,-1.0
104,37,1,-1.0
104,38,1,-1.0
104,39,1,-1.0
104,40,1,-1.0
104,41,1,-1.0
104,42,1,-1.0
104,43,1,-1.0
104,44,1,-1.0
104,45,1,-1.0
104,46,1,-1.0
104,47,1,-1.0
104,48,1,-1.0
104,49,1,-1.0
104,50,1,-1.0
104,51,1,-1.0
104,52,1,-1.0
104,53,1,-1.0
104,54,1,-1.0
104,55,1,-1.0
104,56,1,-1.0
104,57,1,-1.0
104,58,1,-1.0
104,59,1,-1.0
104,60,1,-1.0
104,61,1,-1.0
104,62,1,-1.0
104,63,1,-1.0
104,64,1,-1.0
104,65,1,-1.0
104,66,1,-1.0
104,67,1,-1.0
104,68,1,-1.0
104,69,1,-1.0
104,70,1,-1.0
104,71,1,-1.0
104,72,1,-1.0
104,73,1,-1.0
104,74,1,-1.0
104,75,1,-1.0
104,76,1,-1.0
104,77,1,-1.0
104,78,1,-1.0
104,79,1,-1.0
104,80,1,-1.0
104,81,1,-1.0
104,82,1,-1.0
104,83,1,-1.0
104,84,1,-1.0
104,85,1,-1.0
104,86,1,-1.0
104,87,1,-1.0
104,88,1,-1.0
104,89,1,-1.0
104,90,1,-1.0
104,91,1,-1.0
104,92,1,-1.0
104,93,1,-1.0
104,94,1,-1.0
104,95,1,-1.0
104,96,1,-1.0
104,97,1,-1.0
104,98,1,-1.0
104,99,1,-1.0
104,100,1,-1.0
104,101,1,-1.0
104,102,1,-1.0
104,103,1,-1.0
104,104,1,-1.0
104,105,1,-1.0
104,106,1,-1.0
104,107,1,-1.0
104,108,1,-1.0
104,109,1,-1.0
104,110,1,-1.0
104,111,1,-1.0
104,112,1,-1.0
104,113,1,-1.0
104,114,1,-1.0
104,115,1,-1.0
104,116,1,-1.0
104,117,1,-1.0
104,118,1,-1.0
104,119,1,-1.0
104,120,1,-1.0
104,121,1,-1.0
104,122,1,-1.0
104,123,1,-1.0
104,124,1,-1.0
104,125,1,-1.0
104,126,1,-1.0
104,127,1,-1.0
104,128,1,-1.0
104,129,1,-1.0
104,130,1,-1.0
104,131,1,-1.0
104,132,1,-1.0
104,133,1,-1.0
104,134,1,-1.0
104,135,1,-1.0
104,136,1,-1.0
104,137,1,-1.0
104,138,1,-1.0
104,139,1,-1.0
104,140,1,-1.0
104,141,1,-1.0
104,142,1,-1.0
104,143,1,-1.0
104,144,1,-1.0
104,145,1,-1.0
104,146,1,-1.0
104,147,1,-1.0
104,148,1,-1.0
104,149,1,-1.0
104,150,1,-1.0
104,151,1,-1.0
104,152,1,-1.0
104,153,1,-1.0
104,154,1,-1.0
104,155,1,-1.0
104,156,1,-1.0
104,157,1,-1.0
104,158,1,-1.0
104,159,1,-1.0
104,160,1,-1.0
104,161,4,-1.0
104,162,4,-1.0
104,163,4,-1.0
104,164,4,-1.0
104,165,4,-1.0
104,166,4,-1.0
104,167,4,-1.0
104,168,4,-1.0
104,169,4,-1.0
104,170,4,-1.0
104,171,4,-1.0
104,172,4,-1.0
104,173,4,-1.0
104,174,4,-1.0
104,175,4,-1.0
104,176,4,-1.0
104,177,4,-1.0
104,178,4,-1.0
104,179,4,-1.0
104,180,4,-1.0
104,181,4,-1.0
104,182,4,-1.0
104,183,4,-1.0
104,184,4,-1.0
104,185,4,-1.0
104,186,4,-1.0
104,187,4,-1.0
104,188,4,-1.0
104,189,4,-1.0
104,190,4,-1.0
104,191,4,-1.0
104,192,4,-1.0
104,193,4,-1.0
104,194,4,-1.0
104,195,4,-1.0
104,196,4,-1.0
104,197,4,-1.0
104,198,4,-1.0
104,199,4,-1.0
104,200,4,-1.0
104,201,4,-1.0
104,202,4,-1.0
104,203,4,-1.0
104,204,4,-1.0
104,205,4,-1.0
104,206,4,-1.0
104,207,4,-1.0
104,208,4,-1.0
104,209,4,-1.0
104,210,4,-1.0
104,211,4,-1.0
104,212,4,-1.0
104,213,4,-1.0
104,214,4,-1.0
104,215,4,-1.0
104,216,4,-1.0
104,217,4,-1.0
104,218,4,-1.0
104,219,4,-1.0
104,220,4,-1.0
104,221,4,-1.0
104,222,4,-1.0
104,223,4,-1.0
104,224,4,-1.0
104,225,4,-1.0
104,226,4,-1.0
104,227,4,-1.0
104,228,4,-1.0
104,229,4,-1.0
104,230,4,-1.0
104,231,4,-1.0
104,232,4,-1.0
104,233,4,-1.0
104,234,4,-1.0
104,235,4,-1.0
104,236,4,-1.0
104,237,4,-1.0
104,238,4,-1.0
104,239,4,-1.0
104,240,4,-1.0
104,241,4,-1.0
104,242,4,-1.0
104,243,4,-1.0
104,244,4,-1.0
104,245,4,-1.0
104,246,4,-1.0
104,247,4,-1.0
104,248,4,-1.0
104,249,4,-1.0
104,250,4,-1.0
105,0,2,9616.8871
105,1,2,9644.8694
105,2,2,9729.8039
105,3,2,9874.7419
105,4,2,10085.079
105,5,2,10369.075
105,6,2,10738.722
105,7,2,11211.117
105,8,2,11810.695
105,9,2,12572.896
105,10,2,13550.451
105,11,2,14824.708
105,12,2,16526.59
105,13,2,18883.091
105,14,2,22321.54
105,15,2,27750.784
105,16,2,37505.789
105,17,2,59936.143
105,18,2,163918.91
105,19,1,-1.0
105,20,1,-1.0
105,21,1,-1.0
105,22,1,-1.0
105,23,1,-1.0
105,24,1,-1.0
105,25,1,-1.0
105,26,1,-1.0
105,27,1,-1.0
105,28,1,-1.0
105,29,1,-1.0
105,30,1,-1.0
105,31,1,-1.0
105,32,1,-1.0
105,33,1,-1.0
105,34,1,-1.0
105,35,1,-1.0
105,36,1,-1.0
105,37,1,-1.0
105,38,1,-1.0
105,39,1,-1.0
105,40,1,-1.0
105,41,1,-1.0
105,42,1,-1.0
105,43,1,-1.0
105,44,1,-1.0
105,45,1,-1.0
105,46,1,-1.0
105,47,1,-1.0
105,48,1,-1.0
105,49,1,-1.0
105,50,1,-1.0
105,51,1,-1.0
105,52,1,-1.0
105,53,1,-1.0
105,54,1,-1.0
105,55,1,-1.0
105,56,1,-1.0
105,57,1,-1.0
105,58,1,-1.0
105,59,1,-1.0
105,60,1,-1.0
105,61,1,-1.0
105,62,1,-1.0
105,63,1,-1.0
105,64,1,-1.0
105,65,1,-1.0
105,66,1,-1.0
105,67,1,-1.0
105,68,1,-1.0
105,69,1,-1.0
105,70,1,-1.0
105,71,1,-1.0
105,72,1,-1.0
105,73,1,-1.0
105,74,1,-1.0
105,75,1,-1.0
105,76,1,-1.0
105,77,1,-1.0
105,78,1,-1.0
105,79,1,-1.0
105,80,1,-1.0
105,81,1,-1.0
105,82,1,-1.0
105,83,1,-1.0
105,84,1,-1.0
105,85,1,-1.0
105,86,1,-1.0
105,87,1,-1.0
105,88,1,-1.0
105,89,1,-1.0
105,90,1,-1.0
105,91,1,-1.0
105,92,1,-1.0
105,93,1,-1.0
105,94,1,-1.0
105,95,1,-1.0
105,96,1,-1.0
105,97,1,-1.0
105,98,1,-1.0
105,99,1,-1.0
105,100,1,-1.0
105,101,1,-1.0
105,102,1,-1.0
105,103,1,-1.0
105,104,1,-1.0
105,105,1,-1.0
105,106,1,-1.0
105,107,1,-1.0
105,108,1,-1.0
105,109,1,-1.0
105,110,1,-1.0
105,111,1,-1.0
105,112,1,-1.0
105,113,1,-1.0
105,114,1,-1.0
105,115,1,-1.0
105,116,1,-1.0
105,117,1,-1.0
105,118,1,-1.0
105,119,1,-1.0
105,120,1,-1.0
105,121,1,-1.0
105,122,1,-1.0
105,123,1,-1.0
105,124,1,-1.0
105,125,1,-1.0
105,126,1,-1.0
105,127,1,-1.0
105,128,1,-1.0
105,129,1,-1.0
105,130,1,-1.0
105,131,1,-1.0
105,132,1,-1.0
105,133,1,-1.0
105,134,1,-1.0
105,135,1,-1.0
105,136,1,-1.0
105,137,1,-1.0
105,138,1,-1.0
105,139,1,-1.0
105,140,1,-1.0
105,141,1,-1.0
105,142,1,-1.0
105,143,1,-1.0
105,144,1,-1.0
105,145,1,-1.0
105,146,1,-1.0
105,147,1,-1.0
105,148,1,-1.0
105,149,1,-1.0
105,150,1,-1.0
105,151,1,-1.0
105,152,1,-1.0
105,153,1,-1.0
105,154,1,-1.0
105,155,1,-1.0
105,156,1,-1.0
105,157,1,-1.0
105,158,1,-1.0
105,159,1,-1.0
105,160,1,-1.0
105,161,4,-1.0
105,162,4,-1.0
105,163,4,-1.0
105,164,4,-1.0
105,165,4,-1.0
105,166,4,-1.0
105,167,4,-1.0
105,168,4,-1.0
105,169,4,-1.0
105,170,4,-1.0
105,171,4,-1.0
105,172,4,-1.0
105,173,4,-1.0
105,174,4,-1.0
105,175,4,-1.0
105,176,4,-1.0
105,177,4,-1.0
105,178,4,-1.0
105,179,4,-1.0
105,180,4,-1.0
105,181,4,-1.0
105,182,4,-1.0
105,183,4,-1.0
105,184,4,-1.0
105,185,4,-1.0
105,186,4,-1.0
105,187,4,-1.0
105,188,4,-1.0
105,189,4,-1.0
105,190,4,-1.0
105,191,4,-1.0
105,192,4,-1.0
105,193,4,-1.0
105,194,4,-1.0
105,195,4,-1.0
105,196,4,-1.0
105,197,4,-1.0
105,198,4,-1.0
105,199,4,-1.0
105,200,4,-1.0
105,201,4,-1.0
105,202,4,-1.0
105,203,4,-1.0
105,204,4,-1.0
105,205,4,-1.0
105,206,4,-1.0
105,207,4,-1.0
105,208,4,-1.0
105,209,4,-1.0
105,210,4,-1.0
105,211,4,-1.0
105,212,4,-1.0
105,213,4,-1.0
105,214,4,-1.0
105,215,4,-1.0
105,216,4,-1.0
105,217,4,-1.0
105,218,4,-1.0
105,219,4,-1.0
105,220,4,-1.0
105,221,4,-1.0
105,222,4,-1.0
105,223,4,-1.0
105,224,4,-1.0
105,225,4,-1.0
105,226,4,-1.0
105,227,4,-1.0
105,228,4,-1.0
105,229,4,-1.0
105,230,4,-1.0
105,231,4,-1.0
105,232,4,-1.0
105,233,4,-1.0
105,234,4,-1.0
105,235,4,-1.0
105,236,4,-1.0
105,237,4,-1.0
105,238,4,-1.0
105,239,4,-1.0
105,240,4,-1.0
105,241,4,-1.0
105,242,4,-1.0
105,243,4,-1.0
105,244,4,-1.0
105,245,4,-1.0
105,246,4,-1.0
105,247,4,-1.0
105,248,4,-1.0
105,249,4,-1.0
105,250,4,-1.0
106,0,2,8529.7514
106,1,2,8551.7353
106,2,2,8618.3738
106,3,2,8731.7817
106,4,2,8895.6729
106,5,2,9115.6754
106,6,2,9399.8408
106,7,2,9759.441
106,8,2,10210.21
106,9,2,10774.315
106,10,2,11483.462
106,11,2,12384.171
106,12,2,13548.355
106,13,2,15090.779
106,14,2,17207.117
106,15,2,20259.86
106,16,2,25001.332
106,17,2,33298.34
106,18,2,51395.93
106,19,2,120876.68
106,20,1,-1.0
106,21,1,-1.0
106,22,1,-1.0
106,23,1,-1.0
106,24,1,-1.0
106,25,1,-1.0
106,26,1,-1.0
106,27,1,-1.0
106,28,1,-1.0
106,29,1,-1.0
106,30,1,-1.0
106,31,1,-1.0
106,32,1,-1.0
106,33,1,-1.0
106,34,1,-1.0
106,35,1,-1.0
106,36,1,-1.0
106,37,1,-1.0
106,38,1,-1.0
106,39,1,-1.0
106,40,1,-1.0
106,41,1,-1.0
106,42,1,-1.0
106,43,1,-1.0
106,44,1,-1.0
106,45,1,-1.0
106,46,1,-1.0
106,47,1,-1.0
106,48,1,-1.0
106,49,1,-1.0
106,50,1,-1.0
106,51,1,-1.0
106,52,1,-1.0
106,53,1,-1.0
106,54,1,-1.0
106,55,1,-1.0
106,56,1,-1.0
106,57,1,-1.0
106,58,1,-1.0
106,59,1,-1.0
106,60,1,-1.0
106,61,1,-1.0
106,62,1,-1.0
106,63,1,-1.0
106,64,1,-1.0
106,65,1,-1.0
106,66,1,-1.0
106,67,1,-1.0
106,68,1,-1.0
106,69,1,-1.0
106,70,1,-1.0
106,71,1,-1.0
106,72,1,-1.0
106,73,1,-1.0
106,74,1,-1.0
106,75,1,-1.0
106,76,1,-1.0
106,77,1,-1.0
106,78,1,-1.0
106,79,1,-1.0
106,80,1,-1.0
106,81,1,-1.0
106,82,1,-1.0
106,83,1,-1.0
106,84,1,-1.0
106,85,1,-1.0
106,86,1,-1.0
106,87,1,-1.0
106,88,1,-1.0
106,89,1,-1.0
106,90,1,-1.0
106,91,1,-1.0
106,92,1,-1.0
106,93,1,-1.0
106,94,1,-1.0
106,95,1,-1.0
106,96,1,-1.0
106,97,1,-1.0
106,98,1,-1.0
106,99,1,-1.0
106,100,1,-1.0
106,101,1,-1.0
106,102,1,-1.0
106,103,1,-1.0
106,104,1,-1.0
106,105,1,-1.0
106,106,1,-1.0
106,107,1,-1.0
106,108,1,-1.0
106,109,1,-1.0
106,110,1,-1.0
106,111,1,-1.0
106,112,1,-1.0
106,113,1,-1.0
106,114,1,-1.0
106,115,1,-1.0
106,116,1,-1.0
106,117,1,-1.0
106,118,1,-1.0
106,119,1,-1.0
106,120,1,-1.0
106,121,1,-1.0
106,122,1,-1.0
106,123,1,-1.0
106,124,1,-1.0
106,125,1,-1.0
106,126,1,-1.0
106,127,1,-1.0
106,128,1,-1.0
106,129,1,-1.0
106,130,1,-1.0
106,131,1,-1.0
106,132,1,-1.0
106,133,1,-1.0
106,134,1,-1.0
106,135,1,-1.0
106,136,1,-1.0
106,137,1,-1.0
106,138,1,-1.0
106,139,1,-1.0
106,140,1,-1.0
106,141,1,-1.0
106,142,1,-1.0
106,143,1,-1.0
106,144,1,-1.0
106,145,1,-1.0
106,146,1,-1.0
106,147,1,-1.0
106,148,1,-1.0
106,149,1,-1.0
106,150,1,-1.0
106,151,1,-1.0
106,152,1,-1.0
106,153,1,-1.0
106,154,1,-1.0
106,155,1,-1.0
106,156,1,-1.0
106,157,1,-1.0
106,158,1,-1.0
106,159,1,-1.0
106,160,1,-1.0
106,161,4,-1.0
106,162,4,-1.0
106,163,4,-1.0
106,164,4,-1.0
106,165,4,-1.0
106,166,4,-1.0
106,167,4,-1.0
106,168,4,-1.0
106,169,4,-1.0
106,170,4,-1.0
106,171,4,-1.0
106,172,4,-1.0
106,173,4,-1.0
106,174,4,-1.0
106,175,4,-1.0
106,176,4,-1.0
106,177,4,-1.0
106,178,4,-1.0
106,179,4,-1.0
106,180,4,-1.0
106,181,4,-1.0
106,182,4,-1.0
106,183,4,-1.0
106,184,4,-1.0
106,185,4,-1.0
106,186,4,-1.0
106,187,4,-1.0
106,188,4,-1.0
106,189,4,-1.0
106,190,4,-1.0
106,191,4,-1.0
106,192,4,-1.0
106,193,4,-1.0
106,194,4,-1.0
106,195,4,-1.0
106,196,4,-1.0
106,197,4,-1.0
106,198,4,-1.0
106,199,4,-1.0
106,200,4,-1.0
106,201,4,-1.0
106,202,4,-1.0
106,203,4,-1.0
106,204,4,-1.0
106,205,4,-1.0
106,206,4,-1.0
106,207,4,-1.0
106,208,4,-1.0
106,209,4,-1.0
106,210,4,-1.0
106,211,4,-1.0
106,212,4,-1.0
106,213,4,-1.0
106,214,4,-1.0
106,215,4,-1.0
106,216,4,-1.0
106,217,4,-1.0
106,218,4,-1.0
106,219,4,-1.0
106,220,4,-1.0
106,221,4,-1.0
106,222,4,-1.0
106,223,4,-1.0
106,224,4,-1.0
106,225,4,-1.0
106,226,4,-1.0
106,227,4,-1.0
106,228,4,-1.0
106,229,4,-1.0
106,230,4,-1.0
106,231,4,-1.0
106,232,4,-1.0
106,233,4,-1.0
106,234,4,-1.0
106,235,4,-1.0
106,236,4,-1.0
106,237,4,-1.0
106,238,4,-1.0
106,239,4,-1.0
106,240,4,-1.0
106,241,4,-1.0
106,242,4,-1.0
106,243,4,-1.0
106,244,4,-1.0
106,245,4,-1.0
106,246,4,-1.0
106,247,4,-1.0
106,248,4,-1.0
106,249,4,-1.0
106,250,4,-1.0
107,0,2,7610.4394
107,1,2,7627.9181
107,2,2,7680.8403
107,3,2,7770.6994
107,4,2,7900.1031
107,5,2,8072.9682
107,6,2,8294.8318
107,7,2,8573.3269
107,8,2,8918.8302
107,9,2,9345.5885
107,10,2,9873.7399
107,11,2,10531.741
107,12,2,11361.204
107,13,2,12425.209
107,14,2,13823.875
107,15,2,15724.654
107,16,2,18435.303
107,17,2,22580.599
107,18,2,29656.168
107,19,2,44347.181
107,20,2,92838.11
107,21,1,-1.0
107,22,1,-1.0
107,23,1,-1.0
107,24,1,-1.0
107,25,1,-1.0
107,26,1,-1.0
107,27,1,-1.0
107,28,1,-1.0
107,29,1,-1.0
107,30,1,-1.0
107,31,1,-1.0
107,32,1,-1.0
107,33,1,-1.0
107,34,1,-1.0
107,35,1,-1.0
107,36,1,-1.0
107,37,1,-1.0
107,38,1,-1.0
107,39,1,-1.0
107,40,1,-1.0
107,41,1,-1.0
107,42,1,-1.0
107,43,1,-1.0
107,44,1,-1.0
107,45,1,-1.0
107,46,1,-1.0
107,47,1,-1.0
107,48,1,-1.0
107,49,1,-1.0
107,50,1,-1.0
107,51,1,-1.0
107,52,1,-1.0
107,53,1,-1.0
107,54,1,-1.0
107,55,1,-1.0
107,56,1,-1.0
107,57,1,-1.0
107,58,1,-1.0
107,59,1,-1.0
107,60,1,-1.0
107,61,1,-1.0
107,62,1,-1.0
107,63,1,-1.0
107,64,1,-1.0
107,65,1,-1.0
107,66,1,-1.0
107,67,1,-1.0
107,68,1,-1.0
107,69,1,-1.0
107,70,1,-1.0
107,71,1,-1.0
107,72,1,-1.0
107,73,1,-1.0
107,74,1,-1.0
107,75,1,-1.0
107,76,1,-1.0
107,77,1,-1.0
107,78,1,-1.0
107,79,1,-1.0
107,80,1,-1.0
107,81,1,-1.0
107,82,1,-1.0
107,83,1,-1.0
107,84,1,-1.0
107,85,1,-1.0
107,86,1,-1.0
107,87,1,-1.0
107,88,1,-1.0
107,89,1,-1.0
107,90,1,-1.0
107,91,1,-1.0
107,92,1,-1.0
107,93,1,-1.0
107,94,1,-1.0
107,95,1,-1.0
107,96,1,-1.0
107,97,1,-1.0
107,98,1,-1.0
107,99,1,-1.0
107,100,1,-1.0
107,101,1,-1.0
107,102,1,-1.0
107,103,1,-1.0
107,104,1,-1.0
107,105,1,-1.0
107,106,1,-1.0
107,107,1,-1.0
107,108,1,-1.0
107,109,1,-1.0
107,110,1,-1.0
107,111,1,-1.0
107,112,1,-1.0
107,113,1,-1.0
107,114,1,-1.0
107,115,1,-1.0
107,116,1,-1.0
107,117,1,-1.0
107,118,1,-1.0
107,119,1,-1.0
107,120,1,-1.0
107,121,1,-1.0
107,122,1,-1.0
107,123,1,-1.0
107,124,1,-1.0
107,125,1,-1.0
107,126,1,-1.0
107,127,1,-1.0
107,128,1,-1.0
107,129,1,-1.0
107,130,1,-1.0
107,131,1,-1.0
107,132,1,-1.0
107,133,1,-1.0
107,134,1,-1.0
107,135,1,-1.0
107,136,1,-1.0
107,137,1,-1.0
107,138,1,-1.0
107,139,1,-1.0
107,140,1,-1.0
107,141,1,-1.0
107,142,1,-1.0
107,143,1,-1.0
107,144,1,-1.0
107,145,1,-1.0
107,146,1,-1.0
107,147,1,-1.0
107,148,1,-1.0
107,149,1,-1.0
107,150,1,-1.0
107,151,1,-1.0
107,152,1,-1.0
107,153,1,-1.0
107,154,1,-1.0
107,155,1,-1.0
107,156,1,-1.0
107,157,1,-1.0
107,158,1,-1.0
107,159,1,-1.0
107,160,1,-1.0
107,161,4,-1.0
107,162,4,-1.0
107,163,4,-1.0
107,164,4,-1.0
107,165,4,-1.0
107,166,4,-1.0
107,167,4,-1.0
107,168,4,-1.0
107,169,4,-1.0
107,170,4,-1.0
107,171,4,-1.0
107,172,4,-1.0
107,173,4,-1.0
107,174,4,-1.0
107,175,4,-1.0
107,176,4,-1.0
107,177,4,-1.0
107,178,4,-1.0
107,179,4,-1.0
107,180,4,-1.0
107,181,4,-1.0
107,182,4,-1.0
107,183,4,-1.0
107,184,4,-1.0
107,185,4,-1.0
107,186,4,-1.0
107,187,4,-1.0
107,188,4,-1.0
107,189,4,-1.0
107,190,4,-1.0
107,191,4,-1.0
107,192,4,-1.0
107,193,4,-1.0
107,194,4,-1.0
107,195,4,-1.0
107,196,4,-1.0
107,197,4,-1.0
107,198,4,-1.0
107,199,4,-1.0
107,200,4,-1.0
107,201,4,-1.0
107,202,4,-1.0
107,203,4,-1.0
107,204,4,-1.0
107,205,4,-1.0
107,206,4,-1.0
107,207,4,-1.0
107,208,4,-1.0
107,209,4,-1.0
107,210,4,-1.0
107,211,4,-1.0
107,212,4,-1.0
107,213,4,-1.0
107,214,4,-1.0
107,215,4,-1.0
107,216,4,-1.0
107,217,4,-1.0
107,218,4,-1.0
107,219,4,-1.0
107,220,4,-1.0
107,221,4,-1.0
107,222,4,-1.0
107,223,4,-1.0
107,224,4,-1.0
107,225,4,-1.0
107,226,4,-1.0
107,227,4,-1.0
107,228,4,-1.0
107,229,4,-1.0
107,230,4,-1.0
107,231,4,-1.0
107,232,4,-1.0
107,233,4,-1.0
107,234,4,-1.0
107,235,4,-1.0
107,236,4,-1.0
107,237,4,-1.0
107,238,4,-1.0
107,239,4,-1.0
107,240,4,-1.0
107,241,4,-1.0
107,242,4,-1.0
107,243,4,-1.0
107,244,4,-1.0
107,245,4,-1.0
107,246,4,-1.0
107,247,4,-1.0
107,248,4,-1.0
107,249,4,-1.0
107,250,4,-1.0
108,0,2,6826.0732
108,1,2,6840.118
108,2,2,6882.6026
108,3,2,6954.599
108,4,2,7057.9703
108,5,2,7195.4315
108,6,2,7370.8828
108,7,2,7589.6279
108,8,2,7858.7822
108,9,2,8187.9395
108,10,2,8590.152
108,11,2,9083.4514
108,12,2,9693.2885
108,13,2,10456.286
108,14,2,11427.91
108,15,2,12695.455
108,16,2,14403.948
108,17,2,16813.586
108,18,2,20439.794
108,19,2,26479.995
108,20,2,38468.385
108,21,2,73425.374
108,22,2,1571457.2
108,23,1,-1.0
108,24,1,-1.0
108,25,1,-1.0
108,26,1,-1.0
108,27,1,-1.0
108,28,1,-1.0
108,29,1,-1.0
108,30,1,-1.0
108,31,1,-1.0
108,32,1,-1.0
108,33,1,-1.0
108,34,1,-1.0
108,35,1,-1.0
108,36,1,-1.0
108,37,1,-1.0
108,38,1,-1.0
108,39,1,-1.0
108,40,1,-1.0
108,41,1,-1.0
108,42,1,-1.0
108,43,1,-1.0
108,44,1,-1.0
108,45,1,-1.0
108,46,1,-1.0
108,47,1,-1.0
108,48,1,-1.0
108,49,1,-1.0
108,50,1,-1.0
108,51,1,-1.0
108,52,1,-1.0
108,53,1,-1.0
108,54,1,-1.0
108,55,1,-1.0
108,56,1,-1.0
108,57,1,-1.0
108,58,1,-1.0
108,59,1,-1.0
108,60,1,-1.0
108,61,1,-1.0
108,62,1,-1.0
108,63,1,-1.0
108,64,1,-1.0
108,65,1,-1.0
108,66,1,-1.0
108,67,1,-1.0
108,68,1,-1.0
108,69,1,-1.0
108,70,1,-1.0
108,71,1,-1.0
108,72,1,-1.0
108,73,1,-1.0
108,74,1,-1.0
108,75,1,-1.0
108,76,1,-1.0
108,77,1,-1.0
108,78,1,-1.0
108,79,1,-1.0
108,80,1,-1.0
108,81,1,-1.0
108,82,1,-1.0
108,83,1,-1.0
108,84,1,-1.0
108,85,1,-1.0
108,86,1,-1.0
108,87,1,-1.0
108,88,1,-1.0
108,89,1,-1.0
108,90,1,-1.0
108,91,1,-1.0
108,92,1,-1.0
108,93,1,-1.0
108,94,1,-1.0
108,95,1,-1.0
108,96,1,-1.0
108,97,1,-1.0
108,98,1,-1.0
108,99,1,-1.0
108,100,1,-1.0
108,101,1,-1.0
108,102,1,-1.0
108,103,1,-1.0
108,104,1,-1.0
108,105,1,-1.0
108,106,1,-1.0
108,107,1,-1.0
108,108,1,-1.0
108,109,1,-1.0
108,110,1,-1.0
108,111,1,-1.0
108,112,1,-1.0
108,113,1,-1.0
108,114,1,-1.0
108,115,1,-1.0
108,116,1,-1.0
108,117,1,-1.0
108,118,1,-1.0
108,119,1,-1.0
108,120,1,-1.0
108,121,1,-1.0
108,122,1,-1.0
108,123,1,-1.0
108,124,1,-1.0
108,125,1,-1.0
108,126,1,-1.0
108,127,1,-1.0
108,128,1,-1.0
108,129,1,-1.0
108,130,1,-1.0
108,131,1,-1.0
108,132,1,-1.0
108,133,1,-1.0
108,134,1,-1.0
108,135,1,-1.0
108,136,1,-1.0
108,137,1,-1.0
108,138,1,-1.0
108,139,1,-1.0
108,140,1,-1.0
108,141,1,-1.0
108,142,1,-1.0
108,143,1,-1.0
108,144,1,-1.0
108,145,1,-1.0
108,146,1,-1.0
108,147,1,-1.0
108,148,1,-1.0
108,149,1,-1.0
108,150,1,-1.0
108,151,1,-1.0
108,152,1,-1.0
108,153,1,-1.0
108,154,1,-1.0
108,155,1,-1.0
108,156,1,-1.0
108,157,1,-1.0
108,158,1,-1.0
108,159,1,-1.0
108,160,1,-1.0
108,161,4,-1.0
108,162,4,-1.0
108,163,4,-1.0
108,164,4,-1.0
108,165,4,-1.0
108,166,4,-1.0
108,167,4,-1.0
108,168,4,-1.0
108,169,4,-1.0
108,170,4,-1.0
108,171,4,-1.0
108,172,4,-1.0
108,173,4,-1.0
108,174,4,-1.0
108,175,4,-1.0
108,176,4,-1.0
108,177,4,-1.0
108,178,4,-1.0
108,179,4,-1.0
108,180,4,-1.0
108,181,4,-1.0
108,182,4,-1.0
108,183,4,-1.0
108,184,4,-1.0
108,185,4,-1.0
108,186,4,-1.0
108,187,4,-1.0
108,188,4,-1.0
108,189,4,-1.0
108,190,4,-1.0
108,191,4,-1.0
108,192,4,-1.0
108,193,4,-1.0
108,194,4,-1.0
108,195,4,-1.0
108,196,4,-1.0
108,197,4,-1.0
108,198,4,-1.0
108,199,4,-1.0
108,200,4,-1.0
108,201,4,-1.0
108,202,4,-1.0
108,203,4,-1.0
108,204,4,-1.0
108,205,4,-1.0
108,206,4,-1.0
108,207,4,-1.0
108,208,4,-1.0
108,209,4,-1.0
108,210,4,-1.0
108,211,4,-1.0
108,212,4,-1.0
108,213,4,-1.0
108,214,4,-1.0
108,215,4,-1.0
108,216,4,-1.0
108,217,4,-1.0
108,218,4,-1.0
108,219,4,-1.0
108,220,4,-1.0
108,221,4,-1.0
108,222,4,-1.0
108,223,4,-1.0
108,224,4,-1.0
108,225,4,-1.0
108,226,4,-1.0
108,227,4,-1.0
108,228,4,-1.0
108,229,4,-1.0
108,230,4,-1.0
108,231,4,-1.0
108,232,4,-1.0
108,233,4,-1.0
108,234,4,-1.0
108,235,4,-1.0
108,236,4,-1.0
108,237,4,-1.0
108,238,4,-1.0
108,239,4,-1.0
108,240,4,-1.0
108,241,4,-1.0
108,242,4,-1.0
108,243,4,-1.0
108,244,4,-1.0
108,245,4,-1.0
108,246,4,-1.0
108,247,4,-1.0
108,248,4,-1.0
108,249,4,-1.0
108,250,4,-1.0
109,0,2,6151.3441
109,1,2,6162.73
109,2,2,6197.1427
109,3,2,6255.3625
109,4,2,6338.7393
109,5,2,6449.273
109,6,2,6589.7383
109,7,2,6763.8686
109,8,2,6976.6246
109,9,2,7234.5842
109,10,2,7546.5186
109,11,2,7924.0863
109,12,2,8383.5386
109,13,2,8947.6358
109,14,2,9649.075
109,15,2,10536.604
109,16,2,11685.655
109,17,2,13220.749
109,18,2,15362.113
109,19,2,18537.834
109,20,2,23703.096
109,21,2,33528.605
109,22,2,59342.548
109,23,2,305796.3
109,24,1,-1.0
109,25,1,-1.0
109,26,1,-1.0
109,27,1,-1.0
109,28,1,-1.0
109,29,1,-1.0
109,30,1,-1.0
109,31,1,-1.0
109,32,1,-1.0
109,33,1,-1.0
109,34,1,-1.0
109,35,1,-1.0
109,36,1,-1.0
109,37,1,-1.0
109,38,1,-1.0
109,39,1,-1.0
109,40,1,-1.0
109,41,1,-1.0
109,42,1,-1.0
109,43,1,-1.0
109,44,1,-1.0
109,45,1,-1.0
109,46,1,-1.0
109,47,1,-1.0
109,48,1,-1.0
109,49,1,-1.0
109,50,1,-1.0
109,51,1,-1.0
109,52,1,-1.0
109,53,1,-1.0
109,54,1,-1.0
109,55,1,-1.0
109,56,1,-1.0
109,57,1,-1.0
109,58,1,-1.0
109,59,1,-1.0
109,60,1,-1.0
109,61,1,-1.0
109,62,1,-1.0
109,63,1,-1.0
109,64,1,-1.0
109,65,1,-1.0
109,66,1,-1.0
109,67,1,-1.0
109,68,1,-1.0
109,69,1,-1.0
109,70,1,-1.0
109,71,1,-1.0
109,72,1,-1.0
109,73,1,-1.0
109,74,1,-1.0
109,75,1,-1.0
109,76,1,-1.0
109,77,1,-1.0
109,78,1,-1.0
109,79,1,-1.0
109,80,1,-1.0
109,81,1,-1.0
109,82,1,-1.0
109,83,1,-1.0
109,84,1,-1.0
109,85,1,-1.0
109,86,1,-1.0
109,87,1,-1.0
109,88,1,-1.0
109,89,1,-1.0
109,90,1,-1.0
109,91,1,-1.0
109,92,1,-1.0
109,93,1,-1.0
109,94,1,-1.0
109,95,1,-1.0
109,96,1,-1.0
109,97,1,-1.0
109,98,1,-1.0
109,99,1,-1.0
109,100,1,-1.0
109,101,1,-1.0
109,102,1,-1.0
109,103,1,-1.0
109,104,1,-1.0
109,105,1,-1.0
109,106,1,-1.0
109,107,1,-1.0
109,108,1,-1.0
109,109,1,-1.0
109,110,1,-1.0
109,111,1,-1.0
109,112,1,-1.0
109,113,1,-1.0
109,114,1,-1.0
109,115,1,-1.0
109,116,1,-1.0
109,117,1,-1.0
109,118,1,-1.0
109,119,1,-1.0
109,120,1,-1.0
109,121,1,-1.0
109,122,1,-1.0
109,123,1,-1.0
109,124,1,-1.0
109,125,1,-1.0
109,126,1,-1.0
109,127,1,-1.0
109,128,1,-1.0
109,129,1,-1.0
109,130,1,-1.0
109,131,1,-1.0
109,132,1,-1.0
109,133,1,-1.0
109,134,1,-1.0
109,135,1,-1.0
109,136,1,-1.0
109,137,1,-1.0
109,138,1,-1.0
109,139,1,-1.0
109,140,1,-1.0
109,141,1,-1.0
109,142,1,-1.0
109,143,1,-1.0
109,144,1,-1.0
109,145,1,-1.0
109,146,1,-1.0
109,147,1,-1.0
109,148,1,-1.0
109,149,1,-1.0
109,150,1,-1.0
109,151,1,-1.0
109,152,1,-1.0
109,153,1,-1.0
109,154,1,-1.0
109,155,1,-1.0
109,156,1,-1.0
109,157,1,-1.0
109,158,1,-1.0
109,159,1,-1.0
109,160,1,-1.0
109,161,4,-1.0
109,162,4,-1.0
109,163,4,-1.0
109,164,4,-1.0
109,165,4,-1.0
109,166,4,-1.0
109,167,4,-1.0
109,168,4,-1.0
109,169,4,-1.0
109,170,4,-1.0
109,171,4,-1.0
109,172,4,-1.0
109,173,4,-1.0
109,174,4,-1.0
109,175,4,-1.0
109,176,4,-1.0
109,177,4,-1.0
109,178,4,-1.0
109,179,4,-1.0
109,180,4,-1.0
109,181,4,-1.0
109,182,4,-1.0
109,183,4,-1.0
109,184,4,-1.0
109,185,4,-1.0
109,186,4,-1.0
109,187,4,-1.0
109,188,4,-1.0
109,189,4,-1.0
109,190,4,-1.0
109,191,4,-1.0
109,192,4,-1.0
109,193,4,-1.0
109,194,4,-1.0
109,195,4,-1.0
109,196,4,-1.0
109,197,4,-1.0
109,198,4,-1.0
109,199,4,-1.0
109,200,4,-1.0
109,201,4,-1.0
109,202,4,-1.0
109,203,4,-1.0
109,204,4,-1.0
109,205,4,-1.0
109,206,4,-1.0
109,207,4,-1.0
109,208,4,-1.0
109,209,4,-1.0
109,210,4,-1.0
109,211,4,-1.0
109,212,4,-1.0
109,213,4,-1.0
109,214,4,-1.0
109,215,4,-1.0
109,216,4,-1.0
109,217,4,-1.0
109,218,4,-1.0
109,219,4,-1.0
109,220,4,-1.0
109,221,4,-1.0
109,222,4,-1.0
109,223,4,-1.0
109,224,4,-1.0
109,225,4,-1.0
109,226,4,-1.0
109,227,4,-1.0
109,228,4,-1.0
109,229,4,-1.0
109,230,4,-1.0
109,231,4,-1.0
109,232,4,-1.0
109,233,4,-1.0
109,234,4,-1.0
109,235,4,-1.0
109,236,4,-1.0
109,237,4,-1.0
109,238,4,-1.0
109,239,4,-1.0
109,240,4,-1.0
109,241,4,-1.0
109,242,4,-1.0
109,243,4,-1.0
109,244,4,-1.0
109,245,4,-1.0
109,246,4,-1.0
109,247,4,-1.0
109,248,4,-1.0
109,249,4,-1.0
109,250,4,-1.0
110,0,2,5566.8697
110,1,2,5576.1847
110,2,2,5604.3186
110,3,2,5651.8474
110,4,2,5719.764
110,5,2,5809.5316
110,6,2,5923.1652
110,7,2,6063.3503
110,8,2,6233.5586
110,9,2,6438.3783
110,10,2,6683.8947
110,11,2,6978.0853
110,12,2,7331.629
110,13,2,7759.0699
110,14,2,8280.5124
110,15,2,8924.7578
110,16,2,9734.7247
110,17,2,10776.301
110,18,2,12156.215
110,19,2,14059.661
110,20,2,16840.667
110,21,2,21265.179
110,22,2,29353.896
110,23,2,48786.043
110,24,2,158316.53
110,25,1,-1.0
110,26,1,-1.0
110,27,1,-1.0
110,28,1,-1.0
110,29,1,-1.0
110,30,1,-1.0
110,31,1,-1.0
110,32,1,-1.0
110,33,1,-1.0
110,34,1,-1.0
110,35,1,-1.0
110,36,1,-1.0
110,37,1,-1.0
110,38,1,-1.0
110,39,1,-1.0
110,40,1,-1.0
110,41,1,-1.0
110,42,1,-1.0
110,43,1,-1.0
110,44,1,-1.0
110,45,1,-1.0
110,46,1,-1.0
110,47,1,-1.0
110,48,1,-1.0
110,49,1,-1.0
110,50,1,-1.0
110,51,1,-1.0
110,52,1,-1.0
110,53,1,-1.0
110,54,1,-1.0
110,55,1,-1.0
110,56,1,-1.0
110,57,1,-1.0
110,58,1,-1.0
110,59,1,-1.0
110,60,1,-1.0
110,61,1,-1.0
110,62,1,-1.0
110,63,1,-1.0
110,64,1,-1.0
110,65,1,-1.0
110,66,1,-1.0
110,67,1,-1.0
110,68,1,-1.0
110,69,1,-1.0
110,70,1,-1.0
110,71,1,-1.0
110,72,1,-1.0
110,73,1,-1.0
110,74,1,-1.0
110,75,1,-1.0
110,76,1,-1.0
110,77,1,-1.0
110,78,1,-1.0
110,79,1,-1.0
110,80,1,-1.0
110,81,1,-1.0
110,82,1,-1.0
110,83,1,-1.0
110,84,1,-1.0
110,85,1,-1.0
110,86,1,-1.0
110,87,1,-1.0
110,88,1,-1.0
110,89,1,-1.0
110,90,1,-1.0
110,91,1,-1.0
110,92,1,-1.0
110,93,1,-1.0
110,94,1,-1.0
110,95,1,-1.0
110,96,1,-1.0
110,97,1,-1.0
110,98,1,-1.0
110,99,1,-1.0
110,100,1,-1.0
110,101,1,-1.0
110,102,1,-1.0
110,103,1,-1.0
110,104,1,-1.0
110,105,1,-1.0
110,106,1,-1.0
110,107,1,-1.0
110,108,1,-1.0
110,109,1,-1.0
110,110,1,-1.0
110,111,1,-1.0
110,112,1,-1.0
110,113,1,-1.0
110,114,1,-1.0
110,115,1,-1.0
110,116,1,-1.0
110,117,1,-1.0
110,118,1,-1.0
110,119,1,-1.0
110,120,1,-1.0
110,121,1,-1.0
110,122,1,-1.0
110,123,1,-1.0
110,124,1,-1.0
110,125,1,-1.0
110,126,1,-1.0
110,127,1,-1.0
110,128,1,-1.0
110,129,1,-1.0
110,130,1,-1.0
110,131,1,-1.0
110,132,1,-1.0
110,133,1,-1.0
110,134,1,-1.0
110,135,1,-1.0
110,136,1,-1.0
110,137,1,-1.0
110,138,1,-1.0
110,139,1,-1.0
110,140,1,-1.0
110,141,1,-1.0
110,142,1,-1.0
110,143,1,-1.0
110,144,1,-1.0
110,145,1,-1.0
110,146,1,-1.0
110,147,1,-1.0
110,148,1,-1.0
110,149,1,-1.0
110,150,1,-1.0
110,151,1,-1.0
110,152,1,-1.0
110,153,1,-1.0
110,154,1,-1.0
110,155,1,-1.0
110,156,1,-1.0
110,157,1,-1.0
110,158,1,-1.0
110,159,1,-1.0
110,160,1,-1.0
110,161,4,-1.0
110,162,4,-1.0
110,163,4,-1.0
110,164,4,-1.0
110,165,4,-1.0
110,166,4,-1.0
110,167,4,-1.0
110,168,4,-1.0
110,169,4,-1.0
110,170,4,-1.0
110,171,4,-1.0
110,172,4,-1.0
110,173,4,-1.0
110,174,4,-1.0
110,175,4,-1.0
110,176,4,-1.0
110,177,4,-1.0
110,178,4,-1.0
110,179,4,-1.0
110,180,4,-1.0
110,181,4,-1.0
110,182,4,-1.0
110,183,4,-1.0
110,184,4,-1.0
110,185,4,-1.0
110,186,4,-1.0
110,187,4,-1.0
110,188,4,-1.0
110,189,4,-1.0
110,190,4,-1.0
110,191,4,-1.0
110,192,4,-1.0
110,193,4,-1.0
110,194,4,-1.0
110,195,4,-1.0
110,196,4,-1.0
110,197,4,-1.0
110,198,4,-1.0
110,199,4,-1.0
110,200,4,-1.0
110,201,4,-1.0
110,202,4,-1.0
110,203,4,-1.0
110,204,4,-1.0
110,205,4,-1.0
110,206,4,-1.0
110,207,4,-1.0
110,208,4,-1.0
110,209,4,-1.0
110,210,4,-1.0
110,211,4,-1.0
110,212,4,-1.0
110,213,4,-1.0
110,214,4,-1.0
110,215,4,-1.0
110,216,4,-1.0
110,217,4,-1.0
110,218,4,-1.0
110,219,4,-1.0
110,220,4,-1.0
110,221,4,-1.0
110,222,4,-1.0
110,223,4,-1.0
110,224,4,-1.0
110,225,4,-1.0
110,226,4,-1.0
110,227,4,-1.0
110,228,4,-1.0
110,229,4,-1.0
110,230,4,-1.0
110,231,4,-1.0
110,232,4,-1.0
110,233,4,-1.0
110,234,4,-1.0
110,235,4,-1.0
110,236,4,-1.0
110,237,4,-1.0
110,238,4,-1.0
110,239,4,-1.0
110,240,4,-1.0
110,241,4,-1.0
110,242,4,-1.0
110,243,4,-1.0
110,244,4,-1.0
110,245,4,-1.0
110,246,4,-1.0
110,247,4,-1.0
110,248,4,-1.0
110,249,4,-1.0
110,250,4,-1.0
111,0,2,5057.4523
111,1,2,5065.1327
111,2,2,5088.3152
111,3,2,5127.4077
111,4,2,5183.1596
111,5,2,5256.656
111,6,2,5349.3793
111,7,2,5463.2888
111,8,2,5600.9318
111,9,2,5765.5976
111,10,2,5961.5363
111,11,2,6194.2697
111,12,2,6470.9321
111,13,2,6801.1582
111,14,2,7198.0283
111,15,2,7679.549
111,16,2,8271.2747
111,17,2,9010.2532
111,18,2,9953.941
111,19,2,11194.002
111,20,2,12886.672
111,21,2,15323.322
111,22,2,19116.676
111,23,2,25804.295
111,24,2,40670.623
111,25,2,101949.51
111,26,1,-1.0
111,27,1,-1.0
111,28,1,-1.0
111,29,1,-1.0
111,30,1,-1.0
111,31,1,-1.0
111,32,1,-1.0
111,33,1,-1.0
111,34,1,-1.0
111,35,1,-1.0
111,36,1,-1.0
111,37,1,-1.0
111,38,1,-1.0
111,39,1,-1.0
111,40,1,-1.0
111,41,1,-1.0
111,42,1,-1.0
111,43,1,-1.0
111,44,1,-1.0
111,45,1,-1.0
111,46,1,-1.0
111,47,1,-1.0
111,48,1,-1.0
111,49,1,-1.0
111,50,1,-1.0
111,51,1,-1.0
111,52,1,-1.0
111,53,1,-1.0
111,54,1,-1.0
111,55,1,-1.0
111,56,1,-1.0
111,57,1,-1.0
111,58,1,-1.0
111,59,1,-1.0
111,60,1,-1.0
111,61,1,-1.0
111,62,1,-1.0
111,63,1,-1.0
111,64,1,-1.0
111,65,1,-1.0
111,66,1,-1.0
111,67,1,-1.0
111,68,1,-1.0
111,69,1,-1.0
111,70,1,-1.0
111,71,1,-1.0
111,72,1,-1.0
111,73,1,-1.0
111,74,1,-1.0
111,75,1,-1.0
111,76,1,-1.0
111,77,1,-1.0
111,78,1,-1.0
111,79,1,-1.0
111,80,1,-1.0
111,81,1,-1.0
111,82,1,-1.0
111,83,1,-1.0
111,84,1,-1.0
111,85,1,-1.0
111,86,1,-1.0
111,87,1,-1.0
111,88,1,-1.0
111,89,1,-1.0
111,90,1,-1.0
111,91,1,-1.0
111,92,1,-1.0
111,93,1,-1.0
111,94,1,-1.0
111,95,1,-1.0
111,96,1,-1.0
111,97,1,-1.0
111,98,1,-1.0
111,99,1,-1.0
111,100,1,-1.0
111,101,1,-1.0
111,102,1,-1.0
111,103,1,-1.0
111,104,1,-1.0
111,105,1,-1.0
111,106,1,-1.0
111,107,1,-1.0
111,108,1,-1.0
111,109,1,-1.0
111,110,1,-1.0
111,111,1,-1.0
111,112,1,-1.0
111,113,1,-1.0
111,114,1,-1.0
111,115,1,-1.0
111,116,1,-1.0
111,117,1,-1.0
111,118,1,-1.0
111,119,1,-1.0
111,120,1,-1.0
111,121,1,-1.0
111,122,1,-1.0
111,123,1,-1.0
111,124,1,-1.0
111,125,1,-1.0
111,126,1,-1.0
111,127,1,-1.0
111,128,1,-1.0
111,129,1,-1.0
111,130,1,-1.0
111,131,1,-1.0
111,132,1,-1.0
111,133,1,-1.0
111,134,1,-1.0
111,135,1,-1.0
111,136,1,-1.0
111,137,1,-1.0
111,138,1,-1.0
111,139,1,-1.0
111,140,1,-1.0
111,141,1,-1.0
111,142,1,-1.0
111,143,1,-1.0
111,144,1,-1.0
111,145,1,-1.0
111,146,1,-1.0
111,147,1,-1.0
111,148,1,-1.0
111,149,1,-1.0
111,150,1,-1.0
111,151,1,-1.0
111,152,1,-1.0
111,153,1,-1.0
111,154,1,-1.0
111,155,1,-1.0
111,156,1,-1.0
111,157,1,-1.0
111,158,1,-1.0
111,159,1,-1.0
111,160,1,-1.0
111,161,4,-1.0
111,162,4,-1.0
111,163,4,-1.0
111,164,4,-1.0
111,165,4,-1.0
111,166,4,-1.0
111,167,4,-1.0
111,168,4,-1.0
111,169,4,-1.0
111,170,4,-1.0
111,171,4,-1.0
111,172,4,-1.0
111,173,4,-1.0
111,174,4,-1.0
111,175,4,-1.0
111,176,4,-1.0
111,177,4,-1.0
111,178,4,-1.0
111,179,4,-1.0
111,180,4,-1.0
111,181,4,-1.0
111,182,4,-1.0
111,183,4,-1.0
111,184,4,-1.0
111,185,4,-1.0
111,186,4,-1.0
111,187,4,-1.0
111,188,4,-1.0
111,189,4,-1.0
111,190,4,-1.0
111,191,4,-1.0
111,192,4,-1.0
111,193,4,-1.0
111,194,4,-1.0
111,195,4,-1.0
111,196,4,-1.0
111,197,4,-1.0
111,198,4,-1.0
111,199,4,-1.0
111,200,4,-1.0
111,201,4,-1.0
111,202,4,-1.0
111,203,4,-1.0
111,204,4,-1.0
111,205,4,-1.0
111,206,4,-1.0
111,207,4,-1.0
111,208,4,-1.0
111,209,4,-1.0
111,210,4,-1.0
111,211,4,-1.0
111,212,4,-1.0
111,213,4,-1.0
111,214,4,-1.0
111,215,4,-1.0
111,216,4,-1.0
111,217,4,-1.0
111,218,4,-1.0
111,219,4,-1.0
111,220,4,-1.0
111,221,4,-1.0
111,222,4,-1.0
111,223,4,-1.0
111,224,4,-1.0
111,225,4,-1.0
111,226,4,-1.0
111,227,4,-1.0
111,228,4,-1.0
111,229,4,-1.0
111,230,4,-1.0
111,231,4,-1.0
111,232,4,-1.0
111,233,4,-1.0
111,234,4,-1.0
111,235,4,-1.0
111,236,4,-1.0
111,237,4,-1.0
111,238,4,-1.0
111,239,4,-1.0
111,240,4,-1.0
111,241,4,-1.0
111,242,4,-1.0
111,243,4,-1.0
111,244,4,-1.0
111,245,4,-1.0
111,246,4,-1.0
111,247,4,-1.0
111,248,4,-1.0
111,249,4,-1.0
111,250,4,-1.0
112,0,2,4610.6823
112,1,2,4617.0555
112,2,2,4636.2817
112,3,2,4668.6857
112,4,2,4714.824
112,5,2,4775.5094
112,6,2,4851.8475
112,7,2,4945.2896
112,8,2,5057.7059
112,9,2,5191.4451
112,10,2,5349.5361
112,11,2,5535.9194
112,12,2,5755.623
112,13,2,6015.2016
112,14,2,6323.3126
112,15,2,6691.3923
112,16,2,7135.6062
112,17,2,7678.5042
112,18,2,8352.8041
112,19,2,9207.6594
112,20,2,10321.784
112,21,2,11827.177
112,22,2,13963.181
112,23,2,17220.029
112,24,2,22770.303
112,25,2,34300.135
112,26,2,72583.237
112,27,1,-1.0
112,28,1,-1.0
112,29,1,-1.0
112,30,1,-1.0
112,31,1,-1.0
112,32,1,-1.0
112,33,1,-1.0
112,34,1,-1.0
112,35,1,-1.0
112,36,1,-1.0
112,37,1,-1.0
112,38,1,-1.0
112,39,1,-1.0
112,40,1,-1.0
112,41,1,-1.0
112,42,1,-1.0
112,43,1,-1.0
112,44,1,-1.0
112,45,1,-1.0
112,46,1,-1.0
112,47,1,-1.0
112,48,1,-1.0
112,49,1,-1.0
112,50,1,-1.0
112,51,1,-1.0
112,52,1,-1.0
112,53,1,-1.0
112,54,1,-1.0
112,55,1,-1.0
112,56,1,-1.0
112,57,1,-1.0
112,58,1,-1.0
112,59,1,-1.0
112,60,1,-1.0
112,61,1,-1.0
112,62,1,-1.0
112,63,1,-1.0
112,64,1,-1.0
112,65,1,-1.0
112,66,1,-1.0
112,67,1,-1.0
112,68,1,-1.0
112,69,1,-1.0
112,70,1,-1.0
112,71,1,-1.0
112,72,1,-1.0
112,73,1,-1.0
112,74,1,-1.0
112,75,1,-1.0
112,76,1,-1.0
112,77,1,-1.0
112,78,1,-1.0
112,79,1,-1.0
112,80,1,-1.0
112,81,1,-1.0
112,82,1,-1.0
112,83,1,-1.0
112,84,1,-1.0
112,85,1,-1.0
112,86,1,-1.0
112,87,1,-1.0
112,88,1,-1.0
112,89,1,-1.0
112,90,1,-1.0
112,91,1,-1.0
112,92,1,-1.0
112,93,1,-1.0
112,94,1,-1.0
112,95,1,-1.0
112,96,1,-1.0
112,97,1,-1.0
112,98,1,-1.0
112,99,1,-1.0
112,100,1,-1.0
112,101,1,-1.0
112,102,1,-1.0
112,103,1,-1.0
112,104,1,-1.0
112,105,1,-1.0
112,106,1,-1.0
112,107,1,-1.0
112,108,1,-1.0
112,109,1,-1.0
112,110,1,-1.0
112,111,1,-1.0
112,112,1,-1.0
112,113,1,-1.0
112,114,1,-1.0
112,115,1,-1.0
112,116,1,-1.0
112,117,1,-1.0
112,118,1,-1.0
112,119,1,-1.0
112,120,1,-1.0
112,121,1,-1.0
112,122,1,-1.0
112,123,1,-1.0
112,124,1,-1.0
112,125,1,-1.0
112,126,1,-1.0
112,127,1,-1.0
112,128,1,-1.0
112,129,1,-1.0
112,130,1,-1.0
112,131,1,-1.0
112,132,1,-1.0
112,133,1,-1.0
112,134,1,-1.0
112,135,1,-1.0
112,136,1,-1.0
112,137,1,-1.0
112,138,1,-1.0
112,139,1,-1.0
112,140,1,-1.0
112,141,1,-1.0
112,142,1,-1.0
112,143,1,-1.0
112,144,1,-1.0
112,145,1,-1.0
112,146,1,-1.0
112,147,1,-1.0
112,148,1,-1.0
112,149,1,-1.0
112,150,1,-1.0
112,151,1,-1.0
112,152,1,-1.0
112,153,1,-1.0
112,154,1,-1.0
112,155,1,-1.0
112,156,1,-1.0
112,157,1,-1.0
112,158,1,-1.0
112,159,1,-1.0
112,160,1,-1.0
112,161,4,-1.0
112,162,4,-1.0
112,163,4,-1.0
112,164,4,-1.0
112,165,4,-1.0
112,166,4,-1.0
112,167,4,-1.0
112,168,4,-1.0
112,169,4,-1.0
112,170,4,-1.0
112,171,4,-1.0
112,172,4,-1.0
112,173,4,-1.0
112,174,4,-1.0
112,175,4,-1.0
112,176,4,-1.0
112,177,4,-1.0
112,178,4,-1.0
112,179,4,-1.0
112,180,4,-1.0
112,181,4,-1.0
112,182,4,-1.0
112,183,4,-1.0
112,184,4,-1.0
112,185,4,-1.0
112,186,4,-1.0
112,187,4,-1.0
112,188,4,-1.0
112,189,4,-1.0
112,190,4,-1.0
112,191,4,-1.0
112,192,4,-1.0
112,193,4,-1.0
112,194,4,-1.0
112,195,4,-1.0
112,196,4,-1.0
112,197,4,-1.0
112,198,4,-1.0
112,199,4,-1.0
112,200,4,-1.0
112,201,4,-1.0
112,202,4,-1.0
112,203,4,-1.0
112,204,4,-1.0
112,205,4,-1.0
112,206,4,-1.0
112,207,4,-1.0
112,208,4,-1.0
112,209,4,-1.0
112,210,4,-1.0
112,211,4,-1.0
112,212,4,-1.0
112,213,4,-1.0
112,214,4,-1.0
112,215,4,-1.0
112,216,4,-1.0
112,217,4,-1.0
112,218,4,-1.0
112,219,4,-1.0
112,220,4,-1.0
112,221,4,-1.0
112,222,4,-1.0
112,223,4,-1.0
112,224,4,-1.0
112,225,4,-1.0
112,226,4,-1.0
112,227,4,-1.0
112,228,4,-1.0
112,229,4,-1.0
112,230,4,-1.0
112,231,4,-1.0
112,232,4,-1.0
112,233,4,-1.0
112,234,4,-1.0
112,235,4,-1.0
112,236,4,-1.0
112,237,4,-1.0
112,238,4,-1.0
112,239,4,-1.0
112,240,4,-1.0
112,241,4,-1.0
112,242,4,-1.0
112,243,4,-1.0
112,244,4,-1.0
112,245,4,-1.0
112,246,4,-1.0
112,247,4,-1.0
112,248,4,-1.0
112,249,4,-1.0
112,250,4,-1.0
113,0,2,4216.979
113,1,2,4222.3052
113,2,2,4238.3652
113,3,2,4265.4069
113,4,2,4303.8493
113,5,2,4354.2857
113,6,2,4417.569
113,7,2,4494.7861
113,8,2,4587.327
113,9,2,4696.9516
113,10,2,4825.8811
113,11,2,4976.9238
113,12,2,5153.5993
113,13,2,5360.4435
113,14,2,5603.4343
113,15,2,5890.3523
113,16,2,6231.5845
113,17,2,6641.1135
113,18,2,7138.9797
113,19,2,7753.8338
113,20,2,8528.1946
113,21,2,9529.1168
113,22,2,10867.751
113,23,2,12741.351
113,24,2,15541.576
113,25,2,20164.867
113,26,2,29213.511
113,27,2,54781.673
113,28,2,599325.92
113,29,1,-1.0
113,30,1,-1.0
113,31,1,-1.0
113,32,1,-1.0
113,33,1,-1.0
113,34,1,-1.0
113,35,1,-1.0
113,36,1,-1.0
113,37,1,-1.0
113,38,1,-1.0
113,39,1,-1.0
113,40,1,-1.0
113,41,1,-1.0
113,42,1,-1.0
113,43,1,-1.0
113,44,1,-1.0
113,45,1,-1.0
113,46,1,-1.0
113,47,1,-1.0
113,48,1,-1.0
113,49,1,-1.0
113,50,1,-1.0
113,51,1,-1.0
113,52,1,-1.0
113,53,1,-1.0
113,54,1,-1.0
113,55,1,-1.0
113,56,1,-1.0
113,57,1,-1.0
113,58,1,-1.0
113,59,1,-1.0
113,60,1,-1.0
113,61,1,-1.0
113,62,1,-1.0
113,63,1,-1.0
113,64,1,-1.0
113,65,1,-1.0
113,66,1,-1.0
113,67,1,-1.0
113,68,1,-1.0
113,69,1,-1.0
113,70,1,-1.0
113,71,1,-1.0
113,72,1,-1.0
113,73,1,-1.0
113,74,1,-1.0
113,75,1,-1.0
113,76,1,-1.0
113,77,1,-1.0
113,78,1,-1.0
113,79,1,-1.0
113,80,1,-1.0
113,81,1,-1.0
113,82,1,-1.0
113,83,1,-1.0
113,84,1,-1.0
113,85,1,-1.0
113,86,1,-1.0
113,87,1,-1.0
113,88,1,-1.0
113,89,1,-1.0
113,90,1,-1.0
113,91,1,-1.0
113,92,1,-1.0
113,93,1,-1.0
113,94,1,-1.0
113,95,1,-1.0
113,96,1,-1.0
113,97,1,-1.0
113,98,1,-1.0
113,99,1,-1.0
113,100,1,-1.0
113,101,1,-1.0
113,102,1,-1.0
113,103,1,-1.0
113,104,1,-1.0
113,105,1,-1.0
113,106,1,-1.0
113,107,1,-1.0
113,108,1,-1.0
113,109,1,-1.0
113,110,1,-1.0
113,111,1,-1.0
113,112,1,-1.0
113,113,1,-1.0
113,114,1,-1.0
113,115,1,-1.0
113,116,1,-1.0
113,117,1,-1.0
113,118,1,-1.0
113,119,1,-1.0
113,120,1,-1.0
113,121,1,-1.0
113,122,1,-1.0
113,123,1,-1.0
113,124,1,-1.0
113,125,1,-1.0
113,126,1,-1.0
113,127,1,-1.0
113,128,1,-1.0
113,129,1,-1.0
113,130,1,-1.0
113,131,1,-1.0
113,132,1,-1.0
113,133,1,-1.0
113,134,1,-1.0
113,135,1,-1.0
113,136,1,-1.0
113,137,1,-1.0
113,138,1,-1.0
113,139,1,-1.0
113,140,1,-1.0
113,141,1,-1.0
113,142,1,-1.0
113,143,1,-1.0
113,144,1,-1.0
113,145,1,-1.0
113,146,1,-1.0
113,147,1,-1.0
113,148,1,-1.0
113,149,1,-1.0
113,150,1,-1.0
113,151,1,-1.0
113,152,1,-1.0
113,153,1,-1.0
113,154,1,-1.0
113,155,1,-1.0
113,156,1,-1.0
113,157,1,-1.0
113,158,1,-1.0
113,159,1,-1.0
113,160,1,-1.0
113,161,4,-1.0
113,162,4,-1.0
113,163,4,-1.0
113,164,4,-1.0
113,165,4,-1.0
113,166,4,-1.0
113,167,4,-1.0
113,168,4,-1.0
113,169,4,-1.0
113,170,4,-1.0
113,171,4,-1.0
113,172,4,-1.0
113,173,4,-1.0
113,174,4,-1.0
113,175,4,-1.0
113,176,4,-1.0
113,177,4,-1.0
113,178,4,-1.0
113,179,4,-1.0
113,180,4,-1.0
113,181,4,-1.0
113,182,4,-1.0
113,183,4,-1.0
113,184,4,-1.0
113,185,4,-1.0
113,186,4,-1.0
113,187,4,-1.0
113,188,4,-1.0
113,189,4,-1.0
113,190,4,-1.0
113,191,4,-1.0
113,192,4,-1.0
113,193,4,-1.0
113,194,4,-1.0
113,195,4,-1.0
113,196,4,-1.0
113,197,4,-1.0
113,198,4,-1.0
113,199,4,-1.0
113,200,4,-1.0
113,201,4,-1.0
113,202,4,-1.0
113,203,4,-1.0
113,204,4,-1.0
113,205,4,-1.0
113,206,4,-1.0
113,207,4,-1.0
113,208,4,-1.0
113,209,4,-1.0
113,210,4,-1.0
113,211,4,-1.0
113,212,4,-1.0
113,213,4,-1.0
113,214,4,-1.0
113,215,4,-1.0
113,216,4,-1.0
113,217,4,-1.0
113,218,4,-1.0
113,219,4,-1.0
113,220,4,-1.0
113,221,4,-1.0
113,222,4,-1.0
113,223,4,-1.0
113,224,4,-1.0
113,225,4,-1.0
113,226,4,-1.0
113,227,4,-1.0
113,228,4,-1.0
113,229,4,-1.0
113,230,4,-1.0
113,231,4,-1.0
113,232,4,-1.0
113,233,4,-1.0
113,234,4,-1.0
113,235,4,-1.0
113,236,4,-1.0
113,237,4,-1.0
113,238,4,-1.0
113,239,4,-1.0
113,240,4,-1.0
113,241,4,-1.0
113,242,4,-1.0
113,243,4,-1.0
113,244,4,-1.0
113,245,4,-1.0
113,246,4,-1.0
113,247,4,-1.0
113,248,4,-1.0
113,249,4,-1.0
113,250,4,-1.0
114,0,2,3868.2529
114,1,2,3872.7277
114,2,2,3886.2146
114,3,2,3908.9042
114,4,2,3941.1216
114,5,2,3983.3383
114,6,2,4036.1896
114,7,2,4100.5
114,8,2,4177.3164
114,9,2,4267.9233
114,10,2,4373.9565
114,11,2,4497.4955
114,12,2,4641.1161
114,13,2,4808.0712
114,14,2,5002.4715
114,15,2,5229.5806
114,16,2,5496.4577
114,17,2,5812.3798
114,18,2,6189.8056
114,19,2,6646.1815
114,20,2,7206.6013
114,21,2,7907.8808
114,22,2,8807.0557
114,23,2,9997.5958
114,24,2,11641.808
114,25,2,14052.975
114,26,2,17917.901
114,27,2,25093.835
114,28,2,42964.778
114,29,2,164259.94
114,30,1,-1.0
114,31,1,-1.0
114,32,1,-1.0
114,33,1,-1.0
114,34,1,-1.0
114,35,1,-1.0
114,36,1,-1.0
114,37,1,-1.0
114,38,1,-1.0
114,39,1,-1.0
114,40,1,-1.0
114,41,1,-1.0
114,42,1,-1.0
114,43,1,-1.0
114,44,1,-1.0
114,45,1,-1.0
114,46,1,-1.0
114,47,1,-1.0
114,48,1,-1.0
114,49,1,-1.0
114,50,1,-1.0
114,51,1,-1.0
114,52,1,-1.0
114,53,1,-1.0
114,54,1,-1.0
114,55,1,-1.0
114,56,1,-1.0
114,57,1,-1.0
114,58,1,-1.0
114,59,1,-1.0
114,60,1,-1.0
114,61,1,-1.0
114,62,1,-1.0
114,63,1,-1.0
114,64,1,-1.0
114,65,1,-1.0
114,66,1,-1.0
114,67,1,-1.0
114,68,1,-1.0
114,69,1,-1.0
114,70,1,-1.0
114,71,1,-1.0
114,72,1,-1.0
114,73,1,-1.0
114,74,1,-1.0
114,75,1,-1.0
114,76,1,-1.0
114,77,1,-1.0
114,78,1,-1.0
114,79,1,-1.0
114,80,1,-1.0
114,81,1,-1.0
114,82,1,-1.0
114,83,1,-1.0
114,84,1,-1.0
114,85,1,-1.0
114,86,1,-1.0
114,87,1,-1.0
114,88,1,-1.0
114,89,1,-1.0
114,90,1,-1.0
114,91,1,-1.0
114,92,1,-1.0
114,93,1,-1.0
114,94,1,-1.0
114,95,1,-1.0
114,96,1,-1.0
114,97,1,-1.0
114,98,1,-1.0
114,99,1,-1.0
114,100,1,-1.0
114,101,1,-1.0
114,102,1,-1.0
114,103,1,-1.0
114,104,1,-1.0
114,105,1,-1.0
114,106,1,-1.0
114,107,1,-1.0
114,108,1,-1.0
114,109,1,-1.0
114,110,1,-1.0
114,111,1,-1.0
114,112,1,-1.0
114,113,1,-1.0
114,114,1,-1.0
114,115,1,-1.0
114,116,1,-1.0
114,117,1,-1.0
114,118,1,-1.0
114,119,1,-1.0
114,120,1,-1.0
114,121,1,-1.0
114,122,1,-1.0
114,123,1,-1.0
114,124,1,-1.0
114,125,1,-1.0
114,126,1,-1.0
114,127,1,-1.0
114,128,1,-1.0
114,129,1,-1.0
114,130,1,-1.0
114,131,1,-1.0
114,132,1,-1.0
114,133,1,-1.0
114,134,1,-1.0
114,135,1,-1.0
114,136,1,-1.0
114,137,1,-1.0
114,138,1,-1.0
114,139,1,-1.0
114,140,1,-1.0
114,141,1,-1.0
114,142,1,-1.0
114,143,1,-1.0
114,144,1,-1.0
114,145,1,-1.0
114,146,1,-1.0
114,147,1,-1.0
114,148,1,-1.0
114,149,1,-1.0
114,150,1,-1.0
114,151,1,-1.0
114,152,1,-1.0
114,153,1,-1.0
114,154,1,-1.0
114,155,1,-1.0
114,156,1,-1.0
114,157,1,-1.0
114,158,1,-1.0
114,159,1,-1.0
114,160,1,-1.0
114,161,4,-1.0
114,162,4,-1.0
114,163,4,-1.0
114,164,4,-1.0
114,165,4,-1.0
114,166,4,-1.0
114,167,4,-1.0
114,168,4,-1.0
114,169,4,-1.0
114,170,4,-1.0
114,171,4,-1.0
114,172,4,-1.0
114,173,4,-1.0
114,174,4,-1.0
114,175,4,-1.0
114,176,4,-1.0
114,177,4,-1.0
114,178,4,-1.0
114,179,4,-1.0
114,180,4,-1.0
114,181,4,-1.0
114,182,4,-1.0
114,183,4,-1.0
114,184,4,-1.0
114,185,4,-1.0
114,186,4,-1.0
114,187,4,-1.0
114,188,4,-1.0
114,189,4,-1.0
114,190,4,-1.0
114,191,4,-1.0
114,192,4,-1.0
114,193,4,-1.0
114,194,4,-1.0
114,195,4,-1.0
114,196,4,-1.0
114,197,4,-1.0
114,198,4,-1.0
114,199,4,-1.0
114,200,4,-1.0
114,201,4,-1.0
114,202,4,-1.0
114,203,4,-1.0
114,204,4,-1.0
114,205,4,-1.0
114,206,4,-1.0
114,207,4,-1.0
114,208,4,-1.0
114,209,4,-1.0
114,210,4,-1.0
114,211,4,-1.0
114,212,4,-1.0
114,213,4,-1.0
114,214,4,-1.0
114,215,4,-1.0
114,216,4,-1.0
114,217,4,-1.0
114,218,4,-1.0
114,219,4,-1.0
114,220,4,-1.0
114,221,4,-1.0
114,222,4,-1.0
114,223,4,-1.0
114,224,4,-1.0
114,225,4,-1.0
114,226,4,-1.0
114,227,4,-1.0
114,228,4,-1.0
114,229,4,-1.0
114,230,4,-1.0
114,231,4,-1.0
114,232,4,-1.0
114,233,4,-1.0
114,234,4,-1.0
114,235,4,-1.0
114,236,4,-1.0
114,237,4,-1.0
114,238,4,-1.0
114,239,4,-1.0
114,240,4,-1.0
114,241,4,-1.0
114,242,4,-1.0
114,243,4,-1.0
114,244,4,-1.0
114,245,4,-1.0
114,246,4,-1.0
114,247,4,-1.0
114,248,4,-1.0
114,249,4,-1.0
114,250,4,-1.0
115,0,2,3558.0922
115,1,2,3561.8746
115,2,2,3573.2708
115,3,2,3592.4286
115,4,2,3619.5845
115,5,2,3655.1108
115,6,2,3699.4979
115,7,2,3753.3766
115,8,2,3817.5432
115,9,2,3892.9907
115,10,2,3980.9504
115,11,2,4082.9472
115,12,2,4200.8053
115,13,2,4336.9274
115,14,2,4494.2791
115,15,2,4676.6105
115,16,2,4888.6485
115,17,2,5136.6462
115,18,2,5428.9125
115,19,2,5776.5261
115,20,2,6194.7036
115,21,2,6705.3678
115,22,2,7340.2812
115,23,2,8148.0316
115,24,2,9207.089
115,25,2,10650.788
115,26,2,12730.122
115,27,2,15972.417
115,28,2,21716.623
115,29,2,34633.705
115,30,2,90229.248
115,31,1,-1.0
115,32,1,-1.0
115,33,1,-1.0
115,34,1,-1.0
115,35,1,-1.0
115,36,1,-1.0
115,37,1,-1.0
115,38,1,-1.0
115,39,1,-1.0
115,40,1,-1.0
115,41,1,-1.0
115,42,1,-1.0
115,43,1,-1.0
115,44,1,-1.0
115,45,1,-1.0
115,46,1,-1.0
115,47,1,-1.0
115,48,1,-1.0
115,49,1,-1.0
115,50,1,-1.0
115,51,1,-1.0
115,52,1,-1.0
115,53,1,-1.0
115,54,1,-1.0
115,55,1,-1.0
115,56,1,-1.0
115,57,1,-1.0
115,58,1,-1.0
115,59,1,-1.0
115,60,1,-1.0
115,61,1,-1.0
115,62,1,-1.0
115,63,1,-1.0
115,64,1,-1.0
115,65,1,-1.0
115,66,1,-1.0
115,67,1,-1.0
115,68,1,-1.0
115,69,1,-1.0
115,70,1,-1.0
115,71,1,-1.0
115,72,1,-1.0
115,73,1,-1.0
115,74,1,-1.0
115,75,1,-1.0
115,76,1,-1.0
115,77,1,-1.0
115,78,1,-1.0
115,79,1,-1.0
115,80,1,-1.0
115,81,1,-1.0
115,82,1,-1.0
115,83,1,-1.0
115,84,1,-1.0
115,85,1,-1.0
115,86,1,-1.0
115,87,1,-1.0
115,88,1,-1.0
115,89,1,-1.0
115,90,1,-1.0
115,91,1,-1.0
115,92,1,-1.0
115,93,1,-1.0
115,94,1,-1.0
115,95,1,-1.0
115,96,1,-1.0
115,97,1,-1.0
115,98,1,-1.0
115,99,1,-1.0
115,100,1,-1.0
115,101,1,-1.0
115,102,1,-1.0
115,103,1,-1.0
115,104,1,-1.0
115,105,1,-1.0
115,106,1,-1.0
115,107,1,-1.0
115,108,1,-1.0
115,109,1,-1.0
115,110,1,-1.0
115,111,1,-1.0
115,112,1,-1.0
115,113,1,-1.0
115,114,1,-1.0
115,115,1,-1.0
115,116,1,-1.0
115,117,1,-1.0
115,118,1,-1.0
115,119,1,-1.0
115,120,1,-1.0
115,121,1,-1.0
115,122,1,-1.0
115,123,1,-1.0
115,124,1,-1.0
115,125,1,-1.0
115,126,1,-1.0
115,127,1,-1.0
115,128,1,-1.0
115,129,1,-1.0
115,130,1,-1.0
115,131,1,-1.0
115,132,1,-1.0
115,133,1,-1.0
115,134,1,-1.0
115,135,1,-1.0
115,136,1,-1.0
115,137,1,-1.0
115,138,1,-1.0
115,139,1,-1.0
115,140,1,-1.0
115,141,1,-1.0
115,142,1,-1.0
115,143,1,-1.0
115,144,1,-1.0
115,145,1,-1.0
115,146,1,-1.0
115,147,1,-1.0
115,148,1,-1.0
115,149,1,-1.0
115,150,1,-1.0
115,151,1,-1.0
115,152,1,-1.0
115,153,1,-1.0
115,154,1,-1.0
115,155,1,-1.0
115,156,1,-1.0
115,157,1,-1.0
115,158,1,-1.0
115,159,1,-1.0
115,160,1,-1.0
115,161,4,-1.0
115,162,4,-1.0
115,163,4,-1.0
115,164,4,-1.0
115,165,4,-1.0
115,166,4,-1.0
115,167,4,-1.0
115,168,4,-1.0
115,169,4,-1.0
115,170,4,-1.0
115,171,4,-1.0
115,172,4,-1.0
115,173,4,-1.0
115,174,4,-1.0
115,175,4,-1.0
115,176,4,-1.0
115,177,4,-1.0
115,178,4,-1.0
115,179,4,-1.0
115,180,4,-1.0
115,181,4,-1.0
115,182,4,-1.0
115,183,4,-1.0
115,184,4,-1.0
115,185,4,-1.0
115,186,4,-1.0
115,187,4,-1.0
115,188,4,-1.0
115,189,4,-1.0
115,190,4,-1.0
115,191,4,-1.0
115,192,4,-1.0
115,193,4,-1.0
115,194,4,-1.0
115,195,4,-1.0
115,196,4,-1.0
115,197,4,-1.0
115,198,4,-1.0
115,199,4,-1.0
115,200,4,-1.0
115,201,4,-1.0
115,202,4,-1.0
115,203,4,-1.0
115,204,4,-1.0
115,205,4,-1.0
115,206,4,-1.0
115,207,4,-1.0
115,208,4,-1.0
115,209,4,-1.0
115,210,4,-1.0
115,211,4,-1.0
115,212,4,-1.0
115,213,4,-1.0
115,214,4,-1.0
115,215,4,-1.0
115,216,4,-1.0
115,217,4,-1.0
115,218,4,-1.0
115,219,4,-1.0
115,220,4,-1.0
115,221,4,-1.0
115,222,4,-1.0
115,223,4,-1.0
115,224,4,-1.0
115,225,4,-1.0
115,226,4,-1.0
115,227,4,-1.0
115,228,4,-1.0
115,229,4,-1.0
115,230,4,-1.0
115,231,4,-1.0
115,232,4,-1.0
115,233,4,-1.0
115,234,4,-1.0
115,235,4,-1.0
115,236,4,-1.0
115,237,4,-1.0
115,238,4,-1.0
115,239,4,-1.0
115,240,4,-1.0
115,241,4,-1.0
115,242,4,-1.0
115,243,4,-1.0
115,244,4,-1.0
115,245,4,-1.0
115,246,4,-1.0
115,247,4,-1.0
115,248,4,-1.0
115,249,4,-1.0
115,250,4,-1.0
116,0,2,3281.0308
116,1,2,3284.2421
116,2,2,3293.9144
116,3,2,3310.1633
116,4,2,3333.1853
116,5,2,3363.2641
116,6,2,3400.779
116,7,2,3446.2178
116,8,2,3500.1795
116,9,2,3563.4087
116,10,2,3636.8592
116,11,2,3721.6767
116,12,2,3819.2688
116,13,2,3931.371
116,14,2,4060.0532
116,15,2,4208.0673
116,16,2,4378.8012
116,17,2,4576.5444
116,18,2,4806.8062
116,19,2,5077.0178
116,20,2,5396.9787
116,21,2,5780.0165
116,22,2,6245.2274
116,23,2,6819.9218
116,24,2,7545.5556
116,25,2,8487.7723
116,26,2,9756.3511
116,27,2,11552.3
116,28,2,14281.705
116,29,2,18918.681
116,30,2,28502.816
116,31,2,59917.524
116,32,1,-1.0
116,33,1,-1.0
116,34,1,-1.0
116,35,1,-1.0
116,36,1,-1.0
116,37,1,-1.0
116,38,1,-1.0
116,39,1,-1.0
116,40,1,-1.0
116,41,1,-1.0
116,42,1,-1.0
116,43,1,-1.0
116,44,1,-1.0
116,45,1,-1.0
116,46,1,-1.0
116,47,1,-1.0
116,48,1,-1.0
116,49,1,-1.0
116,50,1,-1.0
116,51,1,-1.0
116,52,1,-1.0
116,53,1,-1.0
116,54,1,-1.0
116,55,1,-1.0
116,56,1,-1.0
116,57,1,-1.0
116,58,1,-1.0
116,59,1,-1.0
116,60,1,-1.0
116,61,1,-1.0
116,62,1,-1.0
116,63,1,-1.0
116,64,1,-1.0
116,65,1,-1.0
116,66,1,-1.0
116,67,1,-1.0
116,68,1,-1.0
116,69,1,-1.0
116,70,1,-1.0
116,71,1,-1.0
116,72,1,-1.0
116,73,1,-1.0
116,74,1,-1.0
116,75,1,-1.0
116,76,1,-1.0
116,77,1,-1.0
116,78,1,-1.0
116,79,1,-1.0
116,80,1,-1.0
116,81,1,-1.0
116,82,1,-1.0
116,83,1,-1.0
116,84,1,-1.0
116,85,1,-1.0
116,86,1,-1.0
116,87,1,-1.0
116,88,1,-1.0
116,89,1,-1.0
116,90,1,-1.0
116,91,1,-1.0
116,92,1,-1.0
116,93,1,-1.0
116,94,1,-1.0
116,95,1,-1.0
116,96,1,-1.0
116,97,1,-1.0
116,98,1,-1.0
116,99,1,-1.0
116,100,1,-1.0
116,101,1,-1.0
116,102,1,-1.0
116,103,1,-1.0
116,104,1,-1.0
116,105,1,-1.0
116,106,1,-1.0
116,107,1,-1.0
116,108,1,-1.0
116,109,1,-1.0
116,110,1,-1.0
116,111,1,-1.0
116,112,1,-1.0
116,113,1,-1.0
116,114,1,-1.0
116,115,1,-1.0
116,116,1,-1.0
116,117,1,-1.0
116,118,1,-1.0
116,119,1,-1.0
116,120,1,-1.0
116,121,1,-1.0
116,122,1,-1.0
116,123,1,-1.0
116,124,1,-1.0
116,125,1,-1.0
116,126,1,-1.0
116,127,1,-1.0
116,128,1,-1.0
116,129,1,-1.0
116,130,1,-1.0
116,131,1,-1.0
116,132,1,-1.0
116,133,1,-1.0
116,134,1,-1.0
116,135,1,-1.0
116,136,1,-1.0
116,137,1,-1.0
116,138,1,-1.0
116,139,1,-1.0
116,140,1,-1.0
116,141,1,-1.0
116,142,1,-1.0
116,143,1,-1.0
116,144,1,-1.0
116,145,1,-1.0
116,146,1,-1.0
116,147,1,-1.0
116,148,1,-1.0
116,149,1,-1.0
116,150,1,-1.0
116,151,1,-1.0
116,152,1,-1.0
116,153,1,-1.0
116,154,1,-1.0
116,155,1,-1.0
116,156,1,-1.0
116,157,1,-1.0
116,158,1,-1.0
116,159,1,-1.0
116,160,1,-1.0
116,161,4,-1.0
116,162,4,-1.0
116,163,4,-1.0
116,164,4,-1.0
116,165,4,-1.0
116,166,4,-1.0
116,167,4,-1.0
116,168,4,-1.0
116,169,4,-1.0
116,170,4,-1.0
116,171,4,-1.0
116,172,4,-1.0
116,173,4,-1.0
116,174,4,-1.0
116,175,4,-1.0
116,176,4,-1.0
116,177,4,-1.0
116,178,4,-1.0
116,179,4,-1.0
116,180,4,-1.0
116,181,4,-1.0
116,182,4,-1.0
116,183,4,-1.0
116,184,4,-1.0
116,185,4,-1.0
116,186,4,-1.0
116,187,4,-1.0
116,188,4,-1.0
116,189,4,-1.0
116,190,4,-1.0
116,191,4,-1.0
116,192,4,-1.0
116,193,4,-1.0
116,194,4,-1.0
116,195,4,-1.0
116,196,4,-1.0
116,197,4,-1.0
116,198,4,-1.0
116,199,4,-1.0
116,200,4,-1.0
116,201,4,-1.0
116,202,4,-1.0
116,203,4,-1.0
116,204,4,-1.0
116,205,4,-1.0
116,206,4,-1.0
116,207,4,-1.0
116,208,4,-1.0
116,209,4,-1.0
116,210,4,-1.0
116,211,4,-1.0
116,212,4,-1.0
116,213,4,-1.0
116,214,4,-1.0
116,215,4,-1.0
116,216,4,-1.0
116,217,4,-1.0
116,218,4,-1.0
116,219,4,-1.0
116,220,4,-1.0
116,221,4,-1.0
116,222,4,-1.0
116,223,4,-1.0
116,224,4,-1.0
116,225,4,-1.0
116,226,4,-1.0
116,227,4,-1.0
116,228,4,-1.0
116,229,4,-1.0
116,230,4,-1.0
116,231,4,-1.0
116,232,4,-1.0
116,233,4,-1.0
116,234,4,-1.0
116,235,4,-1.0
116,236,4,-1.0
116,237,4,-1.0
116,238,4,-1.0
116,239,4,-1.0
116,240,4,-1.0
116,241,4,-1.0
116,242,4,-1.0
116,243,4,-1.0
116,244,4,-1.0
116,245,4,-1.0
116,246,4,-1.0
116,247,4,-1.0
116,248,4,-1.0
116,249,4,-1.0
116,250,4,-1.0
117,0,2,3032.6855
117,1,2,3035.4249
117,2,2,3043.6732
117,3,2,3057.5213
117,4,2,3077.1239
117,5,2,3102.7034
117,6,2,3134.5564
117,7,2,3173.0629
117,8,2,3218.6975
117,9,2,3272.0455
117,10,2,3333.8222
117,11,2,3404.8574
117,12,2,3486.2427
117,13,2,3579.2772
117,14,2,3685.5486
117,15,2,3806.9759
117,16,2,3945.9831
117,17,2,4105.6615
117,18,2,4289.8734
117,19,2,4503.5119
117,20,2,4753.1934
117,21,2,5047.5441
117,22,2,5398.2821
117,23,2,5821.9955
117,24,2,6342.0927
117,25,2,6994.0035
117,26,2,7832.4529
117,27,2,8948.063
117,28,2,10501.344
117,29,2,12807.225
117,30,2,16577.94
117,31,2,23842.386
117,32,2,43579.516
117,33,2,300577.76
117,34,1,-1.0
117,35,1,-1.0
117,36,1,-1.0
117,37,1,-1.0
117,38,1,-1.0
117,39,1,-1.0
117,40,1,-1.0
117,41,1,-1.0
117,42,1,-1.0
117,43,1,-1.0
117,44,1,-1.0
117,45,1,-1.0
117,46,1,-1.0
117,47,1,-1.0
117,48,1,-1.0
117,49,1,-1.0
117,50,1,-1.0
117,51,1,-1.0
117,52,1,-1.0
117,53,1,-1.0
117,54,1,-1.0
117,55,1,-1.0
117,56,1,-1.0
117,57,1,-1.0
117,58,1,-1.0
117,59,1,-1.0
117,60,1,-1.0
117,61,1,-1.0
117,62,1,-1.0
117,63,1,-1.0
117,64,1,-1.0
117,65,1,-1.0
117,66,1,-1.0
117,67,1,-1.0
117,68,1,-1.0
117,69,1,-1.0
117,70,1,-1.0
117,71,1,-1.0
117,72,1,-1.0
117,73,1,-1.0
117,74,1,-1.0
117,75,1,-1.0
117,76,1,-1.0
117,77,1,-1.0
117,78,1,-1.0
117,79,1,-1.0
117,80,1,-1.0
117,81,1,-1.0
117,82,1,-1.0
117,83,1,-1.0
117,84,1,-1.0
117,85,1,-1.0
117,86,1,-1.0
117,87,1,-1.0
117,88,1,-1.0
117,89,1,-1.0
117,90,1,-1.0
117,91,1,-1.0
117,92,1,-1.0
117,93,1,-1.0
117,94,1,-1.0
117,95,1,-1.0
117,96,1,-1.0
117,97,1,-1.0
117,98,1,-1.0
117,99,1,-1.0
117,100,1,-1.0
117,101,1,-1.0
117,102,1,-1.0
117,103,1,-1.0
117,104,1,-1.0
117,105,1,-1.0
117,106,1,-1.0
117,107,1,-1.0
117,108,1,-1.0
117,109,1,-1.0
117,110,1,-1.0
117,111,1,-1.0
117,112,1,-1.0
117,113,1,-1.0
117,114,1,-1.0
117,115,1,-1.0
117,116,1,-1.0
117,117,1,-1.0
117,118,1,-1.0
117,119,1,-1.0
117,120,1,-1.0
117,121,1,-1.0
117,122,1,-1.0
117,123,1,-1.0
117,124,1,-1.0
117,125,1,-1.0
117,126,1,-1.0
117,127,1,-1.0
117,128,1,-1.0
117,129,1,-1.0
117,130,1,-1.0
117,131,1,-1.0
117,132,1,-1.0
117,133,1,-1.0
117,134,1,-1.0
117,135,1,-1.0
117,136,1,-1.0
117,137,1,-1.0
117,138,1,-1.0
117,139,1,-1.0
117,140,1,-1.0
117,141,1,-1.0
117,142,1,-1.0
117,143,1,-1.0
117,144,1,-1.0
117,145,1,-1.0
117,146,1,-1.0
117,147,1,-1.0
117,148,1,-1.0
117,149,1,-1.0
117,150,1,-1.0
117,151,1,-1.0
117,152,1,-1.0
117,153,1,-1.0
117,154,1,-1.0
117,155,1,-1.0
117,156,1,-1.0
117,157,1,-1.0
117,158,1,-1.0
117,159,1,-1.0
117,160,1,-1.0
117,161,4,-1.0
117,162,4,-1.0
117,163,4,-1.0
117,164,4,-1.0
117,165,4,-1.0
117,166,4,-1.0
117,167,4,-1.0
117,168,4,-1.0
117,169,4,-1.0
117,170,4,-1.0
117,171,4,-1.0
117,172,4,-1.0
117,173,4,-1.0
117,174,4,-1.0
117,175,4,-1.0
117,176,4,-1.0
117,177,4,-1.0
117,178,4,-1.0
117,179,4,-1.0
117,180,4,-1.0
117,181,4,-1.0
117,182,4,-1.0
117,183,4,-1.0
117,184,4,-1.0
117,185,4,-1.0
117,186,4,-1.0
117,187,4,-1.0
117,188,4,-1.0
117,189,4,-1.0
117,190,4,-1.0
117,191,4,-1.0
117,192,4,-1.0
117,193,4,-1.0
117,194,4,-1.0
117,195,4,-1.0
117,196,4,-1.0
117,197,4,-1.0
117,198,4,-1.0
117,199,4,-1.0
117,200,4,-1.0
117,201,4,-1.0
117,202,4,-1.0
117,203,4,-1.0
117,204,4,-1.0
117,205,4,-1.0
117,206,4,-1.0
117,207,4,-1.0
117,208,4,-1.0
117,209,4,-1.0
117,210,4,-1.0
117,211,4,-1.0
117,212,4,-1.0
117,213,4,-1.0
117,214,4,-1.0
117,215,4,-1.0
117,216,4,-1.0
117,217,4,-1.0
117,218,4,-1.0
117,219,4,-1.0
117,220,4,-1.0
117,221,4,-1.0
117,222,4,-1.0
117,223,4,-1.0
117,224,4,-1.0
117,225,4,-1.0
117,226,4,-1.0
117,227,4,-1.0
117,228,4,-1.0
117,229,4,-1.0
117,230,4,-1.0
117,231,4,-1.0
117,232,4,-1.0
117,233,4,-1.0
117,234,4,-1.0
117,235,4,-1.0
117,236,4,-1.0
117,237,4,-1.0
117,238,4,-1.0
117,239,4,-1.0
117,240,4,-1.0
117,241,4,-1.0
117,242,4,-1.0
117,243,4,-1.0
117,244,4,-1.0
117,245,4,-1.0
117,246,4,-1.0
117,247,4,-1.0
117,248,4,-1.0
117,249,4,-1.0
117,250,4,-1.0
118,0,2,2809.2379
118,1,2,2811.5864
118,2,2,2818.6557
118,3,2,2830.518
118,4,2,2847.296
118,5,2,2869.1654
118,6,2,2896.3585
118,7,2,2929.1558
118,8,2,2967.9442
118,9,2,3013.1789
118,10,2,3065.4131
118,11,2,3125.3164
118,12,2,3193.6924
118,13,2,3271.4817
118,14,2,3359.9098
118,15,2,3460.4262
118,16,2,3574.7893
118,17,2,3705.1617
118,18,2,3854.3444
118,19,2,4025.7914
118,20,2,4223.8797
118,21,2,4454.4767
118,22,2,4725.1416
118,23,2,5046.2138
118,24,2,5432.0051
118,25,2,5902.7012
118,26,2,6488.4143
118,27,2,7234.8229
118,28,2,8216.6704
118,29,2,9562.3763
118,30,2,11516.629
118,31,2,14605.002
118,32,2,20206.568
118,33,2,33460.867
118,34,2,103494.39
118,35,1,-1.0
118,36,1,-1.0
118,37,1,-1.0
118,38,1,-1.0
118,39,1,-1.0
118,40,1,-1.0
118,41,1,-1.0
118,42,1,-1.0
118,43,1,-1.0
118,44,1,-1.0
118,45,1,-1.0
118,46,1,-1.0
118,47,1,-1.0
118,48,1,-1.0
118,49,1,-1.0
118,50,1,-1.0
118,51,1,-1.0
118,52,1,-1.0
118,53,1,-1.0
118,54,1,-1.0
118,55,1,-1.0
118,56,1,-1.0
118,57,1,-1.0
118,58,1,-1.0
118,59,1,-1.0
118,60,1,-1.0
118,61,1,-1.0
118,62,1,-1.0
118,63,1,-1.0
118,64,1,-1.0
118,65,1,-1.0
118,66,1,-1.0
118,67,1,-1.0
118,68,1,-1.0
118,69,1,-1.0
118,70,1,-1.0
118,71,1,-1.0
118,72,1,-1.0
118,73,1,-1.0
118,74,1,-1.0
118,75,1,-1.0
118,76,1,-1.0
118,77,1,-1.0
118,78,1,-1.0
118,79,1,-1.0
118,80,1,-1.0
118,81,1,-1.0
118,82,1,-1.0
118,83,1,-1.0
118,84,1,-1.0
118,85,1,-1.0
118,86,1,-1.0
118,87,1,-1.0
118,88,1,-1.0
118,89,1,-1.0
118,90,1,-1.0
118,91,1,-1.0
118,92,1,-1.0
118,93,1,-1.0
118,94,1,-1.0
118,95,1,-1.0
118,96,1,-1.0
118,97,1,-1.0
118,98,1,-1.0
118,99,1,-1.0
118,100,1,-1.0
118,101,1,-1.0
118,102,1,-1.0
118,103,1,-1.0
118,104,1,-1.0
118,105,1,-1.0
118,106,1,-1.0
118,107,1,-1.0
118,108,1,-1.0
118,109,1,-1.0
118,110,1,-1.0
118,111,1,-1.0
118,112,1,-1.0
118,113,1,-1.0
118,114,1,-1.0
118,115,1,-1.0
118,116,1,-1.0
118,117,1,-1.0
118,118,1,-1.0
118,119,1,-1.0
118,120,1,-1.0
118,121,1,-1.0
118,122,1,-1.0
118,123,1,-1.0
118,124,1,-1.0
118,125,1,-1.0
118,126,1,-1.0
118,127,1,-1.0
118,128,1,-1.0
118,129,1,-1.0
118,130,1,-1.0
118,131,1,-1.0
118,132,1,-1.0
118,133,1,-1.0
118,134,1,-1.0
118,135,1,-1.0
118,136,1,-1.0
118,137,1,-1.0
118,138,1,-1.0
118,139,1,-1.0
118,140,1,-1.0
118,141,1,-1.0
118,142,1,-1.0
118,143,1,-1.0
118,144,1,-1.0
118,145,1,-1.0
118,146,1,-1.0
118,147,1,-1.0
118,148,1,-1.0
118,149,1,-1.0
118,150,1,-1.0
118,151,1,-1.0
118,152,1,-1.0
118,153,1,-1.0
118,154,1,-1.0
118,155,1,-1.0
118,156,1,-1.0
118,157,1,-1.0
118,158,1,-1.0
118,159,1,-1.0
118,160,1,-1.0
118,161,4,-1.0
118,162,4,-1.0
118,163,4,-1.0
118,164,4,-1.0
118,165,4,-1.0
118,166,4,-1.0
118,167,4,-1.0
118,168,4,-1.0
118,169,4,-1.0
118,170,4,-1.0
118,171,4,-1.0
118,172,4,-1.0
118,173,4,-1.0
118,174,4,-1.0
118,175,4,-1.0
118,176,4,-1.0
118,177,4,-1.0
118,178,4,-1.0
118,179,4,-1.0
118,180,4,-1.0
118,181,4,-1.0
118,182,4,-1.0
118,183,4,-1.0
118,184,4,-1.0
118,185,4,-1.0
118,186,4,-1.0
118,187,4,-1.0
118,188,4,-1.0
118,189,4,-1.0
118,190,4,-1.0
118,191,4,-1.0
118,192,4,-1.0
118,193,4,-1.0
118,194,4,-1.0
118,195,4,-1.0
118,196,4,-1.0
118,197,4,-1.0
118,198,4,-1.0
118,199,4,-1.0
118,200,4,-1.0
118,201,4,-1.0
118,202,4,-1.0
118,203,4,-1.0
118,204,4,-1.0
118,205,4,-1.0
118,206,4,-1.0
118,207,4,-1.0
118,208,4,-1.0
118,209,4,-1.0
118,210,4,-1.0
118,211,4,-1.0
118,212,4,-1.0
118,213,4,-1.0
118,214,4,-1.0
118,215,4,-1.0
118,216,4,-1.0
118,217,4,-1.0
118,218,4,-1.0
118,219,4,-1.0
118,220,4,-1.0
118,221,4,-1.0
118,222,4,-1.0
118,223,4,-1.0
118,224,4,-1.0
118,225,4,-1.0
118,226,4,-1.0
118,227,4,-1.0
118,228,4,-1.0
118,229,4,-1.0
118,230,4,-1.0
118,231,4,-1.0
118,232,4,-1.0
118,233,4,-1.0
118,234,4,-1.0
118,235,4,-1.0
118,236,4,-1.0
118,237,4,-1.0
118,238,4,-1.0
118,239,4,-1.0
118,240,4,-1.0
118,241,4,-1.0
118,242,4,-1.0
118,243,4,-1.0
118,244,4,-1.0
118,245,4,-1.0
118,246,4,-1.0
118,247,4,-1.0
118,248,4,-1.0
118,249,4,-1.0
118,250,4,-1.0
119,0,2,2607.5865
119,1,2,2609.6068
119,2,2,2615.6866
119,3,2,2625.8836
119,4,2,2640.2953
119,5,2,2659.0617
119,6,2,2682.3683
119,7,2,2710.4512
119,8,2,2743.6031
119,9,2,2782.1688
119,10,2,2826.5758
119,11,2,2877.3559
119,12,2,2935.1327
119,13,2,3000.6548
119,14,2,3074.7875
119,15,2,3158.635
119,16,2,3253.5304
119,17,2,3361.0692
119,18,2,3483.2027
119,19,2,3622.4538
119,20,2,3781.8928
119,21,2,3965.4594
119,22,2,4178.3374
119,23,2,4427.1234
119,24,2,4720.9702
119,25,2,5072.1364
119,26,2,5498.1583
119,27,2,6024.3362
119,28,2,6689.2513
119,29,2,7553.8859
119,30,2,8722.0449
119,31,2,10383.26
119,32,2,12929.288
119,33,2,17313.427
119,34,2,26630.214
119,35,2,59819.625
119,36,1,-1.0
119,37,1,-1.0
119,38,1,-1.0
119,39,1,-1.0
119,40,1,-1.0
119,41,1,-1.0
119,42,1,-1.0
119,43,1,-1.0
119,44,1,-1.0
119,45,1,-1.0
119,46,1,-1.0
119,47,1,-1.0
119,48,1,-1.0
119,49,1,-1.0
119,50,1,-1.0
119,51,1,-1.0
119,52,1,-1.0
119,53,1,-1.0
119,54,1,-1.0
119,55,1,-1.0
119,56,1,-1.0
119,57,1,-1.0
119,58,1,-1.0
119,59,1,-1.0
119,60,1,-1.0
119,61,1,-1.0
119,62,1,-1.0
119,63,1,-1.0
119,64,1,-1.0
119,65,1,-1.0
119,66,1,-1.0
119,67,1,-1.0
119,68,1,-1.0
119,69,1,-1.0
119,70,1,-1.0
119,71,1,-1.0
119,72,1,-1.0
119,73,1,-1.0
119,74,1,-1.0
119,75,1,-1.0
119,76,1,-1.0
119,77,1,-1.0
119,78,1,-1.0
119,79,1,-1.0
119,80,1,-1.0
119,81,1,-1.0
119,82,1,-1.0
119,83,1,-1.0
119,84,1,-1.0
119,85,1,-1.0
119,86,1,-1.0
119,87,1,-1.0
119,88,1,-1.0
119,89,1,-1.0
119,90,1,-1.0
119,91,1,-1.0
119,92,1,-1.0
119,93,1,-1.0
119,94,1,-1.0
119,95,1,-1.0
119,96,1,-1.0
119,97,1,-1.0
119,98,1,-1.0
119,99,1,-1.0
119,100,1,-1.0
119,101,1,-1.0
119,102,1,-1.0
119,103,1,-1.0
119,104,1,-1.0
119,105,1,-1.0
119,106,1,-1.0
119,107,1,-1.0
119,108,1,-1.0
119,109,1,-1.0
119,110,1,-1.0
119,111,1,-1.0
119,112,1,-1.0
119,113,1,-1.0
119,114,1,-1.0
119,115,1,-1.0
119,116,1,-1.0
119,117,1,-1.0
119,118,1,-1.0
119,119,1,-1.0
119,120,1,-1.0
119,121,1,-1.0
119,122,1,-1.0
119,123,1,-1.0
119,124,1,-1.0
119,125,1,-1.0
119,126,1,-1.0
119,127,1,-1.0
119,128,1,-1.0
119,129,1,-1.0
119,130,1,-1.0
119,131,1,-1.0
119,132,1,-1.0
119,133,1,-1.0
119,134,1,-1.0
119,135,1,-1.0
119,136,1,-1.0
119,137,1,-1.0
119,138,1,-1.0
119,139,1,-1.0
119,140,1,-1.0
119,141,1,-1.0
119,142,1,-1.0
119,143,1,-1.0
119,144,1,-1.0
119,145,1,-1.0
119,146,1,-1.0
119,147,1,-1.0
119,148,1,-1.0
119,149,1,-1.0
119,150,1,-1.0
119,151,1,-1.0
119,152,1,-1.0
119,153,1,-1.0
119,154,1,-1.0
119,155,1,-1.0
119,156,1,-1.0
119,157,1,-1.0
119,158,1,-1.0
119,159,1,-1.0
119,160,1,-1.0
119,161,4,-1.0
119,162,4,-1.0
119,163,4,-1.0
119,164,4,-1.0
119,165,4,-1.0
119,166,4,-1.0
119,167,4,-1.0
119,168,4,-1.0
119,169,4,-1.0
119,170,4,-1.0
119,171,4,-1.0
119,172,4,-1.0
119,173,4,-1.0
119,174,4,-1.0
119,175,4,-1.0
119,176,4,-1.0
119,177,4,-1.0
119,178,4,-1.0
119,179,4,-1.0
119,180,4,-1.0
119,181,4,-1.0
119,182,4,-1.0
119,183,4,-1.0
119,184,4,-1.0
119,185,4,-1.0
119,186,4,-1.0
119,187,4,-1.0
119,188,4,-1.0
119,189,4,-1.0
119,190,4,-1.0
119,191,4,-1.0
119,192,4,-1.0
119,193,4,-1.0
119,194,4,-1.0
119,195,4,-1.0
119,196,4,-1.0
119,197,4,-1.0
119,198,4,-1.0
119,199,4,-1.0
119,200,4,-1.0
119,201,4,-1.0
119,202,4,-1.0
119,203,4,-1.0
119,204,4,-1.0
119,205,4,-1.0
119,206,4,-1.0
119,207,4,-1.0
119,208,4,-1.0
119,209,4,-1.0
119,210,4,-1.0
119,211,4,-1.0
119,212,4,-1.0
119,213,4,-1.0
119,214,4,-1.0
119,215,4,-1.0
119,216,4,-1.0
119,217,4,-1.0
119,218,4,-1.0
119,219,4,-1.0
119,220,4,-1.0
119,221,4,-1.0
119,222,4,-1.0
119,223,4,-1.0
119,224,4,-1.0
119,225,4,-1.0
119,226,4,-1.0
119,227,4,-1.0
119,228,4,-1.0
119,229,4,-1.0
119,230,4,-1.0
119,231,4,-1.0
119,232,4,-1.0
119,233,4,-1.0
119,234,4,-1.0
119,235,4,-1.0
119,236,4,-1.0
119,237,4,-1.0
119,238,4,-1.0
119,239,4,-1.0
119,240,4,-1.0
119,241,4,-1.0
119,242,4,-1.0
119,243,4,-1.0
119,244,4,-1.0
119,245,4,-1.0
119,246,4,-1.0
119,247,4,-1.0
119,248,4,-1.0
119,249,4,-1.0
119,250,4,-1.0
120,0,2,2425.0515
120,1,2,2426.7972
120,2,2,2432.0496
120,3,2,2440.851
120,4,2,2453.2793
120,5,2,2469.4483
120,6,2,2489.5062
120,7,2,2513.6409
120,8,2,2542.0846
120,9,2,2575.1196
120,10,2,2613.0859
120,11,2,2656.3703
120,12,2,2705.464
120,13,2,2760.9541
120,14,2,2823.5311
120,15,2,2893.9941
120,16,2,2973.3397
120,17,2,3062.788
120,18,2,3163.7742
120,19,2,3278.0765
120,20,2,3407.9555
120,21,2,3556.1246
120,22,2,3726.15
120,23,2,3922.5432
120,24,2,4151.194
120,25,2,4420.0261
120,26,2,4739.6838
120,27,2,5125.217
120,28,2,5598.0896
120,29,2,6190.5427
120,30,2,6952.8796
120,31,2,7968.2202
120,32,2,9385.2403
120,33,2,11496.384
120,34,2,14971.48
120,35,2,21750.196
120,36,2,40758.207
120,37,2,406025.81
120,38,1,-1.0
120,39,1,-1.0
120,40,1,-1.0
120,41,1,-1.0
120,42,1,-1.0
120,43,1,-1.0
120,44,1,-1.0
120,45,1,-1.0
120,46,1,-1.0
120,47,1,-1.0
120,48,1,-1.0
120,49,1,-1.0
120,50,1,-1.0
120,51,1,-1.0
120,52,1,-1.0
120,53,1,-1.0
120,54,1,-1.0
120,55,1,-1.0
120,56,1,-1.0
120,57,1,-1.0
120,58,1,-1.0
120,59,1,-1.0
120,60,1,-1.0
120,61,1,-1.0
120,62,1,-1.0
120,63,1,-1.0
120,64,1,-1.0
120,65,1,-1.0
120,66,1,-1.0
120,67,1,-1.0
120,68,1,-1.0
120,69,1,-1.0
120,70,1,-1.0
120,71,1,-1.0
120,72,1,-1.0
120,73,1,-1.0
120,74,1,-1.0
120,75,1,-1.0
120,76,1,-1.0
120,77,1,-1.0
120,78,1,-1.0
120,79,1,-1.0
120,80,1,-1.0
120,81,1,-1.0
120,82,1,-1.0
120,83,1,-1.0
120,84,1,-1.0
120,85,1,-1.0
120,86,1,-1.0
120,87,1,-1.0
120,88,1,-1.0
120,89,1,-1.0
120,90,1,-1.0
120,91,1,-1.0
120,92,1,-1.0
120,93,1,-1.0
120,94,1,-1.0
120,95,1,-1.0
120,96,1,-1.0
120,97,1,-1.0
120,98,1,-1.0
120,99,1,-1.0
120,100,1,-1.0
120,101,1,-1.0
120,102,1,-1.0
120,103,1,-1.0
120,104,1,-1.0
120,105,1,-1.0
120,106,1,-1.0
120,107,1,-1.0
120,108,1,-1.0
120,109,1,-1.0
120,110,1,-1.0
120,111,1,-1.0
120,112,1,-1.0
120,113,1,-1.0
120,114,1,-1.0
120,115,1,-1.0
120,116,1,-1.0
120,117,1,-1.0
120,118,1,-1.0
120,119,1,-1.0
120,120,1,-1.0
120,121,1,-1.0
120,122,1,-1.0
120,123,1,-1.0
120,124,1,-1.0
120,125,1,-1.0
120,126,1,-1.0
120,127,1,-1.0
120,128,1,-1.0
120,129,1,-1.0
120,130,1,-1.0
120,131,1,-1.0
120,132,1,-1.0
120,133,1,-1.0
120,134,1,-1.0
120,135,1,-1.0
120,136,1,-1.0
120,137,1,-1.0
120,138,1,-1.0
120,139,1,-1.0
120,140,1,-1.0
120,141,1,-1.0
120,142,1,-1.0
120,143,1,-1.0
120,144,1,-1.0
120,145,1,-1.0
120,146,1,-1.0
120,147,1,-1.0
120,148,1,-1.0
120,149,1,-1.0
120,150,1,-1.0
120,151,1,-1.0
120,152,1,-1.0
120,153,1,-1.0
120,154,1,-1.0
120,155,1,-1.0
120,156,1,-1.0
120,157,1,-1.0
120,158,1,-1.0
120,159,1,-1.0
120,160,1,-1.0
120,161,4,-1.0
120,162,4,-1.0
120,163,4,-1.0
120,164,4,-1.0
120,165,4,-1.0
120,166,4,-1.0
120,167,4,-1.0
120,168,4,-1.0
120,169,4,-1.0
120,170,4,-1.0
120,171,4,-1.0
120,172,4,-1.0
120,173,4,-1.0
120,174,4,-1.0
120,175,4,-1.0
120,176,4,-1.0
120,177,4,-1.0
120,178,4,-1.0
120,179,4,-1.0
120,180,4,-1.0
120,181,4,-1.0
120,182,4,-1.0
120,183,4,-1.0
120,184,4,-1.0
120,185,4,-1.0
120,186,4,-1.0
120,187,4,-1.0
120,188,4,-1.0
120,189,4,-1.0
120,190,4,-1.0
120,191,4,-1.0
120,192,4,-1.0
120,193,4,-1.0
120,194,4,-1.0
120,195,4,-1.0
120,196,4,-1.0
120,197,4,-1.0
120,198,4,-1.0
120,199,4,-1.0
120,200,4,-1.0
120,201,4,-1.0
120,202,4,-1.0
120,203,4,-1.0
120,204,4,-1.0
120,205,4,-1.0
120,206,4,-1.0
120,207,4,-1.0
120,208,4,-1.0
120,209,4,-1.0
120,210,4,-1.0
120,211,4,-1.0
120,212,4,-1.0
120,213,4,-1.0
120,214,4,-1.0
120,215,4,-1.0
120,216,4,-1.0
120,217,4,-1.0
120,218,4,-1.0
120,219,4,-1.0
120,220,4,-1.0
120,221,4,-1.0
120,222,4,-1.0
120,223,4,-1.0
120,224,4,-1.0
120,225,4,-1.0
120,226,4,-1.0
120,227,4,-1.0
120,228,4,-1.0
120,229,4,-1.0
120,230,4,-1.0
120,231,4,-1.0
120,232,4,-1.0
120,233,4,-1.0
120,234,4,-1.0
120,235,4,-1.0
120,236,4,-1.0
120,237,4,-1.0
120,238,4,-1.0
120,239,4,-1.0
120,240,4,-1.0
120,241,4,-1.0
120,242,4,-1.0
120,243,4,-1.0
120,244,4,-1.0
120,245,4,-1.0
120,246,4,-1.0
120,247,4,-1.0
120,248,4,-1.0
120,249,4,-1.0
120,250,4,-1.0
121,0,2,2259.3285
121,1,2,2260.8413
121,2,2,2265.392
121,3,2,2273.0181
121,4,2,2283.7826
121,5,2,2297.7756
121,6,2,2315.1164
121,7,2,2335.9449
121,8,2,2360.4513
121,9,2,2388.8638
121,10,2,2421.4514
121,11,2,2458.5348
121,12,2,2500.4872
121,13,2,2547.7422
121,14,2,2600.8545
121,15,2,2660.4589
121,16,2,2727.2852
121,17,2,2802.245
121,18,2,2886.4465
121,19,2,2981.1712
121,20,2,3088.0531
121,21,2,3209.0938
121,22,2,3346.7209
121,23,2,3504.1357
121,24,2,3685.2469
121,25,2,3895.3477
121,26,2,4141.2056
121,27,2,4432.2184
121,28,2,4781.0653
121,29,2,5206.1763
121,30,2,5734.3531
121,31,2,6407.04
121,32,2,7291.3787
121,33,2,8503.3203
121,34,2,10263.864
121,35,2,13049.607
121,36,2,18113.322
121,37,2,30161.915
121,38,2,95534.596
121,39,1,-1.0
121,40,1,-1.0
121,41,1,-1.0
121,42,1,-1.0
121,43,1,-1.0
121,44,1,-1.0
121,45,1,-1.0
121,46,1,-1.0
121,47,1,-1.0
121,48,1,-1.0
121,49,1,-1.0
121,50,1,-1.0
121,51,1,-1.0
121,52,1,-1.0
121,53,1,-1.0
121,54,1,-1.0
121,55,1,-1.0
121,56,1,-1.0
121,57,1,-1.0
121,58,1,-1.0
121,59,1,-1.0
121,60,1,-1.0
121,61,1,-1.0
121,62,1,-1.0
121,63,1,-1.0
121,64,1,-1.0
121,65,1,-1.0
121,66,1,-1.0
121,67,1,-1.0
121,68,1,-1.0
121,69,1,-1.0
121,70,1,-1.0
121,71,1,-1.0
121,72,1,-1.0
121,73,1,-1.0
121,74,1,-1.0
121,75,1,-1.0
121,76,1,-1.0
121,77,1,-1.0
121,78,1,-1.0
121,79,1,-1.0
121,80,1,-1.0
121,81,1,-1.0
121,82,1,-1.0
121,83,1,-1.0
121,84,1,-1.0
121,85,1,-1.0
121,86,1,-1.0
121,87,1,-1.0
121,88,1,-1.0
121,89,1,-1.0
121,90,1,-1.0
121,91,1,-1.0
121,92,1,-1.0
121,93,1,-1.0
121,94,1,-1.0
121,95,1,-1.0
121,96,1,-1.0
121,97,1,-1.0
121,98,1,-1.0
121,99,1,-1.0
121,100,1,-1.0
121,101,1,-1.0
121,102,1,-1.0
121,103,1,-1.0
121,104,1,-1.0
121,105,1,-1.0
121,106,1,-1.0
121,107,1,-1.0
121,108,1,-1.0
121,109,1,-1.0
121,110,1,-1.0
121,111,1,-1.0
121,112,1,-1.0
121,113,1,-1.0
121,114,1,-1.0
121,115,1,-1.0
121,116,1,-1.0
121,117,1,-1.0
121,118,1,-1.0
121,119,1,-1.0
121,120,1,-1.0
121,121,1,-1.0
121,122,1,-1.0
121,123,1,-1.0
121,124,1,-1.0
121,125,1,-1.0
121,126,1,-1.0
121,127,1,-1.0
121,128,1,-1.0
121,129,1,-1.0
121,130,1,-1.0
121,131,1,-1.0
121,132,1,-1.0
121,133,1,-1.0
121,134,1,-1.0
121,135,1,-1.0
121,136,1,-1.0
121,137,1,-1.0
121,138,1,-1.0
121,139,1,-1.0
121,140,1,-1.0
121,141,1,-1.0
121,142,1,-1.0
121,143,1,-1.0
121,144,1,-1.0
121,145,1,-1.0
121,146,1,-1.0
121,147,1,-1.0
121,148,1,-1.0
121,149,1,-1.0
121,150,1,-1.0
121,151,1,-1.0
121,152,1,-1.0
121,153,1,-1.0
121,154,1,-1.0
121,155,1,-1.0
121,156,1,-1.0
121,157,1,-1.0
121,158,1,-1.0
121,159,1,-1.0
121,160,1,-1.0
121,161,4,-1.0
121,162,4,-1.0
121,163,4,-1.0
121,164,4,-1.0
121,165,4,-1.0
121,166,4,-1.0
121,167,4,-1.0
121,168,4,-1.0
121,169,4,-1.0
121,170,4,-1.0
121,171,4,-1.0
121,172,4,-1.0
121,173,4,-1.0
121,174,4,-1.0
121,175,4,-1.0
121,176,4,-1.0
121,177,4,-1.0
121,178,4,-1.0
121,179,4,-1.0
121,180,4,-1.0
121,181,4,-1.0
121,182,4,-1.0
121,183,4,-1.0
121,184,4,-1.0
121,185,4,-1.0
121,186,4,-1.0
121,187,4,-1.0
121,188,4,-1.0
121,189,4,-1.0
121,190,4,-1.0
121,191,4,-1.0
121,192,4,-1.0
121,193,4,-1.0
121,194,4,-1.0
121,195,4,-1.0
121,196,4,-1.0
121,197,4,-1.0
121,198,4,-1.0
121,199,4,-1.0
121,200,4,-1.0
121,201,4,-1.0
121,202,4,-1.0
121,203,4,-1.0
121,204,4,-1.0
121,205,4,-1.0
121,206,4,-1.0
121,207,4,-1.0
121,208,4,-1.0
121,209,4,-1.0
121,210,4,-1.0
121,211,4,-1.0
121,212,4,-1.0
121,213,4,-1.0
121,214,4,-1.0
121,215,4,-1.0
121,216,4,-1.0
121,217,4,-1.0
121,218,4,-1.0
121,219,4,-1.0
121,220,4,-1.0
121,221,4,-1.0
121,222,4,-1.0
121,223,4,-1.0
121,224,4,-1.0
121,225,4,-1.0
121,226,4,-1.0
121,227,4,-1.0
121,228,4,-1.0
121,229,4,-1.0
121,230,4,-1.0
121,231,4,-1.0
121,232,4,-1.0
121,233,4,-1.0
121,234,4,-1.0
121,235,4,-1.0
121,236,4,-1.0
121,237,4,-1.0
121,238,4,-1.0
121,239,4,-1.0
121,240,4,-1.0
121,241,4,-1.0
121,242,4,-1.0
121,243,4,-1.0
121,244,4,-1.0
121,245,4,-1.0
121,246,4,-1.0
121,247,4,-1.0
121,248,4,-1.0
121,249,4,-1.0
121,250,4,-1.0
122,0,2,2108.5011
122,1,2,2109.8165
122,2,2,2113.7727
122,3,2,2120.3999
122,4,2,2129.7493
122,5,2,2141.8938
122,6,2,2156.9297
122,7,2,2174.9784
122,8,2,2196.189
122,9,2,2220.7309
122,10,2,2248.8212
122,11,2,2280.7204
122,12,2,2316.7292
122,13,2,2357.1996
122,14,2,2402.5236
122,15,2,2453.2177
122,16,2,2509.8651
122,17,2,2573.1246
122,18,2,2643.8405
122,19,2,2723.0103
122,20,2,2811.7768
122,21,2,2911.6455
122,22,2,3024.3586
122,23,2,3152.1502
122,24,2,3297.7858
122,25,2,3464.8004
122,26,2,3657.7499
122,27,2,3882.6389
122,28,2,4147.4543
122,29,2,4463.274
122,30,2,4845.4517
122,31,2,5316.6468
122,32,2,5910.904
122,33,2,6682.2197
122,34,2,7722.0992
122,35,2,9197.9475
122,36,2,11452.512
122,37,2,15317.857
122,38,2,23465.279
122,39,2,51778.046
122,40,1,-1.0
122,41,1,-1.0
122,42,1,-1.0
122,43,1,-1.0
122,44,1,-1.0
122,45,1,-1.0
122,46,1,-1.0
122,47,1,-1.0
122,48,1,-1.0
122,49,1,-1.0
122,50,1,-1.0
122,51,1,-1.0
122,52,1,-1.0
122,53,1,-1.0
122,54,1,-1.0
122,55,1,-1.0
122,56,1,-1.0
122,57,1,-1.0
122,58,1,-1.0
122,59,1,-1.0
122,60,1,-1.0
122,61,1,-1.0
122,62,1,-1.0
122,63,1,-1.0
122,64,1,-1.0
122,65,1,-1.0
122,66,1,-1.0
122,67,1,-1.0
122,68,1,-1.0
122,69,1,-1.0
122,70,1,-1.0
122,71,1,-1.0
122,72,1,-1.0
122,73,1,-1.0
122,74,1,-1.0
122,75,1,-1.0
122,76,1,-1.0
122,77,1,-1.0
122,78,1,-1.0
122,79,1,-1.0
122,80,1,-1.0
122,81,1,-1.0
122,82,1,-1.0
122,83,1,-1.0
122,84,1,-1.0
122,85,1,-1.0
122,86,1,-1.0
122,87,1,-1.0
122,88,1,-1.0
122,89,1,-1.0
122,90,1,-1.0
122,91,1,-1.0
122,92,1,-1.0
122,93,1,-1.0
122,94,1,-1.0
122,95,1,-1.0
122,96,1,-1.0
122,97,1,-1.0
122,98,1,-1.0
122,99,1,-1.0
122,100,1,-1.0
122,101,1,-1.0
122,102,1,-1.0
122,103,1,-1.0
122,104,1,-1.0
122,105,1,-1.0
122,106,1,-1.0
122,107,1,-1.0
122,108,1,-1.0
122,109,1,-1.0
122,110,1,-1.0
122,111,1,-1.0
122,112,1,-1.0
122,113,1,-1.0
122,114,1,-1.0
122,115,1,-1.0
122,116,1,-1.0
122,117,1,-1.0
122,118,1,-1.0
122,119,1,-1.0
122,120,1,-1.0
122,121,1,-1.0
122,122,1,-1.0
122,123,1,-1.0
122,124,1,-1.0
122,125,1,-1.0
122,126,1,-1.0
122,127,1,-1.0
122,128,1,-1.0
122,129,1,-1.0
122,130,1,-1.0
122,131,1,-1.0
122,132,1,-1.0
122,133,1,-1.0
122,134,1,-1.0
122,135,1,-1.0
122,136,1,-1.0
122,137,1,-1.0
122,138,1,-1.0
122,139,1,-1.0
122,140,1,-1.0
122,141,1,-1.0
122,142,1,-1.0
122,143,1,-1.0
122,144,1,-1.0
122,145,1,-1.0
122,146,1,-1.0
122,147,1,-1.0
122,148,1,-1.0
122,149,1,-1.0
122,150,1,-1.0
122,151,1,-1.0
122,152,1,-1.0
122,153,1,-1.0
122,154,1,-1.0
122,155,1,-1.0
122,156,1,-1.0
122,157,1,-1.0
122,158,1,-1.0
122,159,1,-1.0
122,160,1,-1.0
122,161,4,-1.0
122,162,4,-1.0
122,163,4,-1.0
122,164,4,-1.0
122,165,4,-1.0
122,166,4,-1.0
122,167,4,-1.0
122,168,4,-1.0
122,169,4,-1.0
122,170,4,-1.0
122,171,4,-1.0
122,172,4,-1.0
122,173,4,-1.0
122,174,4,-1.0
122,175,4,-1.0
122,176,4,-1.0
122,177,4,-1.0
122,178,4,-1.0
122,179,4,-1.0
122,180,4,-1.0
122,181,4,-1.0
122,182,4,-1.0
122,183,4,-1.0
122,184,4,-1.0
122,185,4,-1.0
122,186,4,-1.0
122,187,4,-1.0
122,188,4,-1.0
122,189,4,-1.0
122,190,4,-1.0
122,191,4,-1.0
122,192,4,-1.0
122,193,4,-1.0
122,194,4,-1.0
122,195,4,-1.0
122,196,4,-1.0
122,197,4,-1.0
122,198,4,-1.0
122,199,4,-1.0
122,200,4,-1.0
122,201,4,-1.0
122,202,4,-1.0
122,203,4,-1.0
122,204,4,-1.0
122,205,4,-1.0
122,206,4,-1.0
122,207,4,-1.0
122,208,4,-1.0
122,209,4,-1.0
122,210,4,-1.0
122,211,4,-1.0
122,212,4,-1.0
122,213,4,-1.0
122,214,4,-1.0
122,215,4,-1.0
122,216,4,-1.0
122,217,4,-1.0
122,218,4,-1.0
122,219,4,-1.0
122,220,4,-1.0
122,221,4,-1.0
122,222,4,-1.0
122,223,4,-1.0
122,224,4,-1.0
122,225,4,-1.0
122,226,4,-1.0
122,227,4,-1.0
122,228,4,-1.0
122,229,4,-1.0
122,230,4,-1.0
122,231,4,-1.0
122,232,4,-1.0
122,233,4,-1.0
122,234,4,-1.0
122,235,4,-1.0
122,236,4,-1.0
122,237,4,-1.0
122,238,4,-1.0
122,239,4,-1.0
122,240,4,-1.0
122,241,4,-1.0
122,242,4,-1.0
122,243,4,-1.0
122,244,4,-1.0
122,245,4,-1.0
122,246,4,-1.0
122,247,4,-1.0
122,248,4,-1.0
122,249,4,-1.0
122,250,4,-1.0
123,0,2,1970.8838
123,1,2,1972.0319
123,2,2,1975.4844
123,3,2,1981.2624
123,4,2,1989.4091
123,5,2,1999.9843
123,6,2,2013.066
123,7,2,2028.7526
123,8,2,2047.1647
123,9,2,2068.4473
123,10,2,2092.7721
123,11,2,2120.3258
123,12,2,2151.3633
123,13,2,2186.1653
123,14,2,2225.0582
123,15,2,2268.4035
123,16,2,2316.6774
123,17,2,2370.4125
123,18,2,2430.2034
123,19,2,2496.8343
123,20,2,2571.1802
123,21,2,2654.3123
123,22,2,2747.5551
123,23,2,2852.4666
123,24,2,2971.0653
123,25,2,3105.7597
123,26,2,3259.7203
123,27,2,3436.8999
123,28,2,3642.5469
123,29,2,3883.5994
123,30,2,4169.4324
123,31,2,4513.2461
123,32,2,4933.8409
123,33,2,5459.2809
123,34,2,6133.3613
123,35,2,7028.1217
123,36,2,8271.0424
123,37,2,10112.128
123,38,2,13115.555
123,39,2,18880.843
123,40,2,34430.04
123,41,2,222963.65
123,42,1,-1.0
123,43,1,-1.0
123,44,1,-1.0
123,45,1,-1.0
123,46,1,-1.0
123,47,1,-1.0
123,48,1,-1.0
123,49,1,-1.0
123,50,1,-1.0
123,51,1,-1.0
123,52,1,-1.0
123,53,1,-1.0
123,54,1,-1.0
123,55,1,-1.0
123,56,1,-1.0
123,57,1,-1.0
123,58,1,-1.0
123,59,1,-1.0
123,60,1,-1.0
123,61,1,-1.0
123,62,1,-1.0
123,63,1,-1.0
123,64,1,-1.0
123,65,1,-1.0
123,66,1,-1.0
123,67,1,-1.0
123,68,1,-1.0
123,69,1,-1.0
123,70,1,-1.0
123,71,1,-1.0
123,72,1,-1.0
123,73,1,-1.0
123,74,1,-1.0
123,75,1,-1.0
123,76,1,-1.0
123,77,1,-1.0
123,78,1,-1.0
123,79,1,-1.0
123,80,1,-1.0
123,81,1,-1.0
123,82,1,-1.0
123,83,1,-1.0
123,84,1,-1.0
123,85,1,-1.0
123,86,1,-1.0
123,87,1,-1.0
123,88,1,-1.0
123,89,1,-1.0
123,90,1,-1.0
123,91,1,-1.0
123,92,1,-1.0
123,93,1,-1.0
123,94,1,-1.0
123,95,1,-1.0
123,96,1,-1.0
123,97,1,-1.0
123,98,1,-1.0
123,99,1,-1.0
123,100,1,-1.0
123,101,1,-1.0
123,102,1,-1.0
123,103,1,-1.0
123,104,1,-1.0
123,105,1,-1.0
123,106,1,-1.0
123,107,1,-1.0
123,108,1,-1.0
123,109,1,-1.0
123,110,1,-1.0
123,111,1,-1.0
123,112,1,-1.0
123,113,1,-1.0
123,114,1,-1.0
123,115,1,-1.0
123,116,1,-1.0
123,117,1,-1.0
123,118,1,-1.0
123,119,1,-1.0
123,120,1,-1.0
123,121,1,-1.0
123,122,1,-1.0
123,123,1,-1.0
123,124,1,-1.0
123,125,1,-1.0
123,126,1,-1.0
123,127,1,-1.0
123,128,1,-1.0
123,129,1,-1.0
123,130,1,-1.0
123,131,1,-1.0
123,132,1,-1.0
123,133,1,-1.0
123,134,1,-1.0
123,135,1,-1.0
123,136,1,-1.0
123,137,1,-1.0
123,138,1,-1.0
123,139,1,-1.0
123,140,1,-1.0
123,141,1,-1.0
123,142,1,-1.0
123,143,1,-1.0
123,144,1,-1.0
123,145,1,-1.0
123,146,1,-1.0
123,147,1,-1.0
123,148,1,-1.0
123,149,1,-1.0
123,150,1,-1.0
123,151,1,-1.0
123,152,1,-1.0
123,153,1,-1.0
123,154,1,-1.0
123,155,1,-1.0
123,156,1,-1.0
123,157,1,-1.0
123,158,1,-1.0
123,159,1,-1.0
123,160,1,-1.0
123,161,4,-1.0
123,162,4,-1.0
123,163,4,-1.0
123,164,4,-1.0
123,165,4,-1.0
123,166,4,-1.0
123,167,4,-1.0
123,168,4,-1.0
123,169,4,-1.0
123,170,4,-1.0
123,171,4,-1.0
123,172,4,-1.0
123,173,4,-1.0
123,174,4,-1.0
123,175,4,-1.0
123,176,4,-1.0
123,177,4,-1.0
123,178,4,-1.0
123,179,4,-1.0
123,180,4,-1.0
123,181,4,-1.0
123,182,4,-1.0
123,183,4,-1.0
123,184,4,-1.0
123,185,4,-1.0
123,186,4,-1.0
123,187,4,-1.0
123,188,4,-1.0
123,189,4,-1.0
123,190,4,-1.0
123,191,4,-1.0
123,192,4,-1.0
123,193,4,-1.0
123,194,4,-1.0
123,195,4,-1.0
123,196,4,-1.0
123,197,4,-1.0
123,198,4,-1.0
123,199,4,-1.0
123,200,4,-1.0
123,201,4,-1.0
123,202,4,-1.0
123,203,4,-1.0
123,204,4,-1.0
123,205,4,-1.0
123,206,4,-1.0
123,207,4,-1.0
123,208,4,-1.0
123,209,4,-1.0
123,210,4,-1.0
123,211,4,-1.0
123,212,4,-1.0
123,213,4,-1.0
123,214,4,-1.0
123,215,4,-1.0
123,216,4,-1.0
123,217,4,-1.0
123,218,4,-1.0
123,219,4,-1.0
123,220,4,-1.0
123,221,4,-1.0
123,222,4,-1.0
123,223,4,-1.0
123,224,4,-1.0
123,225,4,-1.0
123,226,4,-1.0
123,227,4,-1.0
123,228,4,-1.0
123,229,4,-1.0
123,230,4,-1.0
123,231,4,-1.0
123,232,4,-1.0
123,233,4,-1.0
123,234,4,-1.0
123,235,4,-1.0
123,236,4,-1.0
123,237,4,-1.0
123,238,4,-1.0
123,239,4,-1.0
123,240,4,-1.0
123,241,4,-1.0
123,242,4,-1.0
123,243,4,-1.0
123,244,4,-1.0
123,245,4,-1.0
123,246,4,-1.0
123,247,4,-1.0
123,248,4,-1.0
123,249,4,-1.0
123,250,4,-1.0
124,0,2,1845.0111
124,1,2,1846.0155
124,2,2,1849.0353
124,3,2,1854.0909
124,4,2,1861.2162
124,5,2,1870.4598
124,6,2,1881.8839
124,7,2,1895.5623
124,8,2,1911.5993
124,9,2,1930.1123
124,10,2,1951.2407
124,11,2,1975.1487
124,12,2,2002.0138
124,13,2,2032.0677
124,14,2,2065.5758
124,15,2,2102.8369
124,16,2,2144.1895
124,17,2,2190.0689
124,18,2,2240.9504
124,19,2,2297.3977
124,20,2,2360.1136
124,21,2,2429.8671
124,22,2,2507.6675
124,23,2,2594.6513
124,24,2,2692.2766
124,25,2,2802.2646
124,26,2,2926.8416
124,27,2,3068.6957
124,28,2,3231.3924
124,29,2,3419.434
124,30,2,3638.8213
124,31,2,3897.654
124,32,2,4207.0001
124,33,2,4582.6717
124,34,2,5047.8544
124,35,2,5637.9502
124,36,2,6409.8389
124,37,2,7461.5556
124,38,2,8976.8713
124,39,2,11345.749
124,40,2,15566.249
124,41,2,25186.426
124,42,2,68860.875
124,43,1,-1.0
124,44,1,-1.0
124,45,1,-1.0
124,46,1,-1.0
124,47,1,-1.0
124,48,1,-1.0
124,49,1,-1.0
124,50,1,-1.0
124,51,1,-1.0
124,52,1,-1.0
124,53,1,-1.0
124,54,1,-1.0
124,55,1,-1.0
124,56,1,-1.0
124,57,1,-1.0
124,58,1,-1.0
124,59,1,-1.0
124,60,1,-1.0
124,61,1,-1.0
124,62,1,-1.0
124,63,1,-1.0
124,64,1,-1.0
124,65,1,-1.0
124,66,1,-1.0
124,67,1,-1.0
124,68,1,-1.0
124,69,1,-1.0
124,70,1,-1.0
124,71,1,-1.0
124,72,1,-1.0
124,73,1,-1.0
124,74,1,-1.0
124,75,1,-1.0
124,76,1,-1.0
124,77,1,-1.0
124,78,1,-1.0
124,79,1,-1.0
124,80,1,-1.0
124,81,1,-1.0
124,82,1,-1.0
124,83,1,-1.0
124,84,1,-1.0
124,85,1,-1.0
124,86,1,-1.0
124,87,1,-1.0
124,88,1,-1.0
124,89,1,-1.0
124,90,1,-1.0
124,91,1,-1.0
124,92,1,-1.0
124,93,1,-1.0
124,94,1,-1.0
124,95,1,-1.0
124,96,1,-1.0
124,97,1,-1.0
124,98,1,-1.0
124,99,1,-1.0
124,100,1,-1.0
124,101,1,-1.0
124,102,1,-1.0
124,103,1,-1.0
124,104,1,-1.0
124,105,1,-1.0
124,106,1,-1.0
124,107,1,-1.0
124,108,1,-1.0
124,109,1,-1.0
124,110,1,-1.0
124,111,1,-1.0
124,112,1,-1.0
124,113,1,-1.0
124,114,1,-1.0
124,115,1,-1.0
124,116,1,-1.0
124,117,1,-1.0
124,118,1,-1.0
124,119,1,-1.0
124,120,1,-1.0
124,121,1,-1.0
124,122,1,-1.0
124,123,1,-1.0
124,124,1,-1.0
124,125,1,-1.0
124,126,1,-1.0
124,127,1,-1.0
124,128,1,-1.0
124,129,1,-1.0
124,130,1,-1.0
124,131,1,-1.0
124,132,1,-1.0
124,133,1,-1.0
124,134,1,-1.0
124,135,1,-1.0
124,136,1,-1.0
124,137,1,-1.0
124,138,1,-1.0
124,139,1,-1.0
124,140,1,-1.0
124,141,1,-1.0
124,142,1,-1.0
124,143,1,-1.0
124,144,1,-1.0
124,145,1,-1.0
124,146,1,-1.0
124,147,1,-1.0
124,148,1,-1.0
124,149,1,-1.0
124,150,1,-1.0
124,151,1,-1.0
124,152,1,-1.0
124,153,1,-1.0
124,154,1,-1.0
124,155,1,-1.0
124,156,1,-1.0
124,157,1,-1.0
124,158,1,-1.0
124,159,1,-1.0
124,160,1,-1.0
124,161,4,-1.0
124,162,4,-1.0
124,163,4,-1.0
124,164,4,-1.0
124,165,4,-1.0
124,166,4,-1.0
124,167,4,-1.0
124,168,4,-1.0
124,169,4,-1.0
124,170,4,-1.0
124,171,4,-1.0
124,172,4,-1.0
124,173,4,-1.0
124,174,4,-1.0
124,175,4,-1.0
124,176,4,-1.0
124,177,4,-1.0
124,178,4,-1.0
124,179,4,-1.0
124,180,4,-1.0
124,181,4,-1.0
124,182,4,-1.0
124,183,4,-1.0
124,184,4,-1.0
124,185,4,-1.0
124,186,4,-1.0
124,187,4,-1.0
124,188,4,-1.0
124,189,4,-1.0
124,190,4,-1.0
124,191,4,-1.0
124,192,4,-1.0
124,193,4,-1.0
124,194,4,-1.0
124,195,4,-1.0
124,196,4,-1.0
124,197,4,-1.0
124,198,4,-1.0
124,199,4,-1.0
124,200,4,-1.0
124,201,4,-1.0
124,202,4,-1.0
124,203,4,-1.0
124,204,4,-1.0
124,205,4,-1.0
124,206,4,-1.0
124,207,4,-1.0
124,208,4,-1.0
124,209,4,-1.0
124,210,4,-1.0
124,211,4,-1.0
124,212,4,-1.0
124,213,4,-1.0
124,214,4,-1.0
124,215,4,-1.0
124,216,4,-1.0
124,217,4,-1.0
124,218,4,-1.0
124,219,4,-1.0
124,220,4,-1.0
124,221,4,-1.0
124,222,4,-1.0
124,223,4,-1.0
124,224,4,-1.0
124,225,4,-1.0
124,226,4,-1.0
124,227,4,-1.0
124,228,4,-1.0
124,229,4,-1.0
124,230,4,-1.0
124,231,4,-1.0
124,232,4,-1.0
124,233,4,-1.0
124,234,4,-1.0
124,235,4,-1.0
124,236,4,-1.0
124,237,4,-1.0
124,238,4,-1.0
124,239,4,-1.0
124,240,4,-1.0
124,241,4,-1.0
124,242,4,-1.0
124,243,4,-1.0
124,244,4,-1.0
124,245,4,-1.0
124,246,4,-1.0
124,247,4,-1.0
124,248,4,-1.0
124,249,4,-1.0
124,250,4,-1.0
125,0,2,1729.646
125,1,2,1730.5271
125,2,2,1733.1759
125,3,2,1737.6091
125,4,2,1743.8546
125,5,2,1751.9523
125,6,2,1761.9545
125,7,2,1773.9267
125,8,2,1787.9476
125,9,2,1804.1044
125,10,2,1822.5186
125,11,2,1843.3231
125,12,2,1866.6727
125,13,2,1892.735
125,14,2,1921.723
125,15,2,1953.8847
125,16,2,1989.4906
125,17,2,2028.8617
125,18,2,2072.3929
125,19,2,2120.5052
125,20,2,2173.7363
125,21,2,2232.6948
125,22,2,2298.107
125,23,2,2370.8542
125,24,2,2451.9753
125,25,2,2542.7546
125,26,2,2644.7524
125,27,2,2759.8904
125,28,2,2890.6189
125,29,2,3039.9589
125,30,2,3211.9039
125,31,2,3411.6351
125,32,2,3646.0021
125,33,2,3924.4851
125,34,2,4260.3076
125,35,2,4672.5818
125,36,2,5189.9719
125,37,2,5857.7578
125,38,2,6751.4912
125,39,2,8007.5932
125,40,2,9900.1058
125,41,2,13072.747
125,42,2,19479.324
125,43,2,39169.186
125,44,1,-1.0
125,45,1,-1.0
125,46,1,-1.0
125,47,1,-1.0
125,48,1,-1.0
125,49,1,-1.0
125,50,1,-1.0
125,51,1,-1.0
125,52,1,-1.0
125,53,1,-1.0
125,54,1,-1.0
125,55,1,-1.0
125,56,1,-1.0
125,57,1,-1.0
125,58,1,-1.0
125,59,1,-1.0
125,60,1,-1.0
125,61,1,-1.0
125,62,1,-1.0
125,63,1,-1.0
125,64,1,-1.0
125,65,1,-1.0
125,66,1,-1.0
125,67,1,-1.0
125,68,1,-1.0
125,69,1,-1.0
125,70,1,-1.0
125,71,1,-1.0
125,72,1,-1.0
125,73,1,-1.0
125,74,1,-1.0
125,75,1,-1.0
125,76,1,-1.0
125,77,1,-1.0
125,78,1,-1.0
125,79,1,-1.0
125,80,1,-1.0
125,81,1,-1.0
125,82,1,-1.0
125,83,1,-1.0
125,84,1,-1.0
125,85,1,-1.0
125,86,1,-1.0
125,87,1,-1.0
125,88,1,-1.0
125,89,1,-1.0
125,90,1,-1.0
125,91,1,-1.0
125,92,1,-1.0
125,93,1,-1.0
125,94,1,-1.0
125,95,1,-1.0
125,96,1,-1.0
125,97,1,-1.0
125,98,1,-1.0
125,99,1,-1.0
125,100,1,-1.0
125,101,1,-1.0
125,102,1,-1.0
125,103,1,-1.0
125,104,1,-1.0
125,105,1,-1.0
125,106,1,-1.0
125,107,1,-1.0
125,108,1,-1.0
125,109,1,-1.0
125,110,1,-1.0
125,111,1,-1.0
125,112,1,-1.0
125,113,1,-1.0
125,114,1,-1.0
125,115,1,-1.0
125,116,1,-1.0
125,117,1,-1.0
125,118,1,-1.0
125,119,1,-1.0
125,120,1,-1.0
125,121,1,-1.0
125,122,1,-1.0
125,123,1,-1.0
125,124,1,-1.0
125,125,1,-1.0
125,126,1,-1.0
125,127,1,-1.0
125,128,1,-1.0
125,129,1,-1.0
125,130,1,-1.0
125,131,1,-1.0
125,132,1,-1.0
125,133,1,-1.0
125,134,1,-1.0
125,135,1,-1.0
125,136,1,-1.0
125,137,1,-1.0
125,138,1,-1.0
125,139,1,-1.0
125,140,1,-1.0
125,141,1,-1.0
125,142,1,-1.0
125,143,1,-1.0
125,144,1,-1.0
125,145,1,-1.0
125,146,1,-1.0
125,147,1,-1.0
125,148,1,-1.0
125,149,1,-1.0
125,150,1,-1.0
125,151,1,-1.0
125,152,1,-1.0
125,153,1,-1.0
125,154,1,-1.0
125,155,1,-1.0
125,156,1,-1.0
125,157,1,-1.0
125,158,1,-1.0
125,159,1,-1.0
125,160,1,-1.0
125,161,4,-1.0
125,162,4,-1.0
125,163,4,-1.0
125,164,4,-1.0
125,165,4,-1.0
125,166,4,-1.0
125,167,4,-1.0
125,168,4,-1.0
125,169,4,-1.0
125,170,4,-1.0
125,171,4,-1.0
125,172,4,-1.0
125,173,4,-1.0
125,174,4,-1.0
125,175,4,-1.0
125,176,4,-1.0
125,177,4,-1.0
125,178,4,-1.0
125,179,4,-1.0
125,180,4,-1.0
125,181,4,-1.0
125,182,4,-1.0
125,183,4,-1.0
125,184,4,-1.0
125,185,4,-1.0
125,186,4,-1.0
125,187,4,-1.0
125,188,4,-1.0
125,189,4,-1.0
125,190,4,-1.0
125,191,4,-1.0
125,192,4,-1.0
125,193,4,-1.0
125,194,4,-1.0
125,195,4,-1.0
125,196,4,-1.0
125,197,4,-1.0
125,198,4,-1.0
125,199,4,-1.0
125,200,4,-1.0
125,201,4,-1.0
125,202,4,-1.0
125,203,4,-1.0
125,204,4,-1.0
125,205,4,-1.0
125,206,4,-1.0
125,207,4,-1.0
125,208,4,-1.0
125,209,4,-1.0
125,210,4,-1.0
125,211,4,-1.0
125,212,4,-1.0
125,213,4,-1.0
125,214,4,-1.0
125,215,4,-1.0
125,216,4,-1.0
125,217,4,-1.0
125,218,4,-1.0
125,219,4,-1.0
125,220,4,-1.0
125,221,4,-1.0
125,222,4,-1.0
125,223,4,-1.0
125,224,4,-1.0
125,225,4,-1.0
125,226,4,-1.0
125,227,4,-1.0
125,228,4,-1.0
125,229,4,-1.0
125,230,4,-1.0
125,231,4,-1.0
125,232,4,-1.0
125,233,4,-1.0
125,234,4,-1.0
125,235,4,-1.0
125,236,4,-1.0
125,237,4,-1.0
125,238,4,-1.0
125,239,4,-1.0
125,240,4,-1.0
125,241,4,-1.0
125,242,4,-1.0
125,243,4,-1.0
125,244,4,-1.0
125,245,4,-1.0
125,246,4,-1.0
125,247,4,-1.0
125,248,4,-1.0
125,249,4,-1.0
125,250,4,-1.0
126,0,2,1623.6907
126,1,2,1624.4659
126,2,2,1626.7954
126,3,2,1630.6932
126,4,2,1636.1824
126,5,2,1643.2957
126,6,2,1652.0763
126,7,2,1662.5781
126,8,2,1674.8666
126,9,2,1689.0204
126,10,2,1705.1253
126,11,2,1723.2895
126,12,2,1743.6435
126,13,2,1766.3327
126,14,2,1791.5129
126,15,2,1819.3827
126,16,2,1850.1717
126,17,2,1884.1223
126,18,2,1921.5418
126,19,2,1962.7807
126,20,2,2008.2253
126,21,2,2058.3748
126,22,2,2113.753
126,23,2,2175.0557
126,24,2,2243.0289
126,25,2,2318.6517
126,26,2,2403.0306
126,27,2,2497.5758
126,28,2,2603.996
126,29,2,2724.4002
126,30,2,2861.5053
126,31,2,3018.7395
126,32,2,3200.5438
126,33,2,3412.8632
126,34,2,3663.6921
126,35,2,3964.0994
126,36,2,4329.8533
126,37,2,4784.3383
126,38,2,5363.5604
126,39,2,6126.1032
126,40,2,7174.1102
126,41,2,8703.0091
126,42,2,11139.503
126,43,2,15627.424
126,44,2,26625.86
126,45,2,95520.886
126,46,1,-1.0
126,47,1,-1.0
126,48,1,-1.0
126,49,1,-1.0
126,50,1,-1.0
126,51,1,-1.0
126,52,1,-1.0
126,53,1,-1.0
126,54,1,-1.0
126,55,1,-1.0
126,56,1,-1.0
126,57,1,-1.0
126,58,1,-1.0
126,59,1,-1.0
126,60,1,-1.0
126,61,1,-1.0
126,62,1,-1.0
126,63,1,-1.0
126,64,1,-1.0
126,65,1,-1.0
126,66,1,-1.0
126,67,1,-1.0
126,68,1,-1.0
126,69,1,-1.0
126,70,1,-1.0
126,71,1,-1.0
126,72,1,-1.0
126,73,1,-1.0
126,74,1,-1.0
126,75,1,-1.0
126,76,1,-1.0
126,77,1,-1.0
126,78,1,-1.0
126,79,1,-1.0
126,80,1,-1.0
126,81,1,-1.0
126,82,1,-1.0
126,83,1,-1.0
126,84,1,-1.0
126,85,1,-1.0
126,86,1,-1.0
126,87,1,-1.0
126,88,1,-1.0
126,89,1,-1.0
126,90,1,-1.0
126,91,1,-1.0
126,92,1,-1.0
126,93,1,-1.0
126,94,1,-1.0
126,95,1,-1.0
126,96,1,-1.0
126,97,1,-1.0
126,98,1,-1.0
126,99,1,-1.0
126,100,1,-1.0
126,101,1,-1.0
126,102,1,-1.0
126,103,1,-1.0
126,104,1,-1.0
126,105,1,-1.0
126,106,1,-1.0
126,107,1,-1.0
126,108,1,-1.0
126,109,1,-1.0
126,110,1,-1.0
126,111,1,-1.0
126,112,1,-1.0
126,113,1,-1.0
126,114,1,-1.0
126,115,1,-1.0
126,116,1,-1.0
126,117,1,-1.0
126,118,1,-1.0
126,119,1,-1.0
126,120,1,-1.0
126,121,1,-1.0
126,122,1,-1.0
126,123,1,-1.0
126,124,1,-1.0
126,125,1,-1.0
126,126,1,-1.0
126,127,1,-1.0
126,128,1,-1.0
126,129,1,-1.0
126,130,1,-1.0
126,131,1,-1.0
126,132,1,-1.0
126,133,1,-1.0
126,134,1,-1.0
126,135,1,-1.0
126,136,1,-1.0
126,137,1,-1.0
126,138,1,-1.0
126,139,1,-1.0
126,140,1,-1.0
126,141,1,-1.0
126,142,1,-1.0
126,143,1,-1.0
126,144,1,-1.0
126,145,1,-1.0
126,146,1,-1.0
126,147,1,-1.0
126,148,1,-1.0
126,149,1,-1.0
126,150,1,-1.0
126,151,1,-1.0
126,152,1,-1.0
126,153,1,-1.0
126,154,1,-1.0
126,155,1,-1.0
126,156,1,-1.0
126,157,1,-1.0
126,158,1,-1.0
126,159,1,-1.0
126,160,1,-1.0
126,161,4,-1.0
126,162,4,-1.0
126,163,4,-1.0
126,164,4,-1.0
126,165,4,-1.0
126,166,4,-1.0
126,167,4,-1.0
126,168,4,-1.0
126,169,4,-1.0
126,170,4,-1.0
126,171,4,-1.0
126,172,4,-1.0
126,173,4,-1.0
126,174,4,-1.0
126,175,4,-1.0
126,176,4,-1.0
126,177,4,-1.0
126,178,4,-1.0
126,179,4,-1.0
126,180,4,-1.0
126,181,4,-1.0
126,182,4,-1.0
126,183,4,-1.0
126,184,4,-1.0
126,185,4,-1.0
126,186,4,-1.0
126,187,4,-1.0
126,188,4,-1.0
126,189,4,-1.0
126,190,4,-1.0
126,191,4,-1.0
126,192,4,-1.0
126,193,4,-1.0
126,194,4,-1.0
126,195,4,-1.0
126,196,4,-1.0
126,197,4,-1.0
126,198,4,-1.0
126,199,4,-1.0
126,200,4,-1.0
126,201,4,-1.0
126,202,4,-1.0
126,203,4,-1.0
126,204,4,-1.0
126,205,4,-1.0
126,206,4,-1.0
126,207,4,-1.0
126,208,4,-1.0
126,209,4,-1.0
126,210,4,-1.0
126,211,4,-1.0
126,212,4,-1.0
126,213,4,-1.0
126,214,4,-1.0
126,215,4,-1.0
126,216,4,-1.0
126,217,4,-1.0
126,218,4,-1.0
126,219,4,-1.0
126,220,4,-1.0
126,221,4,-1.0
126,222,4,-1.0
126,223,4,-1.0
126,224,4,-1.0
126,225,4,-1.0
126,226,4,-1.0
126,227,4,-1.0
126,228,4,-1.0
126,229,4,-1.0
126,230,4,-1.0
126,231,4,-1.0
126,232,4,-1.0
126,233,4,-1.0
126,234,4,-1.0
126,235,4,-1.0
126,236,4,-1.0
126,237,4,-1.0
126,238,4,-1.0
126,239,4,-1.0
126,240,4,-1.0
126,241,4,-1.0
126,242,4,-1.0
126,243,4,-1.0
126,244,4,-1.0
126,245,4,-1.0
126,246,4,-1.0
126,247,4,-1.0
126,248,4,-1.0
126,249,4,-1.0
126,250,4,-1.0
127,0,2,1526.1722
127,1,2,1526.8561
127,2,2,1528.9114
127,3,2,1532.3496
127,4,2,1537.1898
127,5,2,1543.4593
127,6,2,1551.1899
127,7,2,1560.4268
127,8,2,1571.2261
127,9,2,1583.6521
127,10,2,1597.7808
127,11,2,1613.6977
127,12,2,1631.4982
127,13,2,1651.3088
127,14,2,1673.2658
127,15,2,1697.5117
127,16,2,1724.2345
127,17,2,1753.6445
127,18,2,1785.9576
127,19,2,1821.4692
127,20,2,1860.4808
127,21,2,1903.3682
127,22,2,1950.5564
127,23,2,2002.5521
127,24,2,2059.945
127,25,2,2123.4513
127,26,2,2193.8947
127,27,2,2272.3153
127,28,2,2359.9257
127,29,2,2458.2467
127,30,2,2569.1638
127,31,2,2695.0104
127,32,2,2838.7754
127,33,2,3004.3283
127,34,2,3196.7305
127,35,2,3422.7511
127,36,2,3691.6608
127,37,2,4016.5587
127,38,2,4416.4614
127,39,2,4920.1284
127,40,2,5573.2155
127,41,2,6452.8156
127,42,2,7700.1406
127,43,2,9604.6734
127,44,2,12868.027
127,45,2,19742.63
127,46,2,43608.607
127,47,1,-1.0
127,48,1,-1.0
127,49,1,-1.0
127,50,1,-1.0
127,51,1,-1.0
127,52,1,-1.0
127,53,1,-1.0
127,54,1,-1.0
127,55,1,-1.0
127,56,1,-1.0
127,57,1,-1.0
127,58,1,-1.0
127,59,1,-1.0
127,60,1,-1.0
127,61,1,-1.0
127,62,1,-1.0
127,63,1,-1.0
127,64,1,-1.0
127,65,1,-1.0
127,66,1,-1.0
127,67,1,-1.0
127,68,1,-1.0
127,69,1,-1.0
127,70,1,-1.0
127,71,1,-1.0
127,72,1,-1.0
127,73,1,-1.0
127,74,1,-1.0
127,75,1,-1.0
127,76,1,-1.0
127,77,1,-1.0
127,78,1,-1.0
127,79,1,-1.0
127,80,1,-1.0
127,81,1,-1.0
127,82,1,-1.0
127,83,1,-1.0
127,84,1,-1.0
127,85,1,-1.0
127,86,1,-1.0
127,87,1,-1.0
127,88,1,-1.0
127,89,1,-1.0
127,90,1,-1.0
127,91,1,-1.0
127,92,1,-1.0
127,93,1,-1.0
127,94,1,-1.0
127,95,1,-1.0
127,96,1,-1.0
127,97,1,-1.0
127,98,1,-1.0
127,99,1,-1.0
127,100,1,-1.0
127,101,1,-1.0
127,102,1,-1.0
127,103,1,-1.0
127,104,1,-1.0
127,105,1,-1.0
127,106,1,-1.0
127,107,1,-1.0
127,108,1,-1.0
127,109,1,-1.0
127,110,1,-1.0
127,111,1,-1.0
127,112,1,-1.0
127,113,1,-1.0
127,114,1,-1.0
127,115,1,-1.0
127,116,1,-1.0
127,117,1,-1.0
127,118,1,-1.0
127,119,1,-1.0
127,120,1,-1.0
127,121,1,-1.0
127,122,1,-1.0
127,123,1,-1.0
127,124,1,-1.0
127,125,1,-1.0
127,126,1,-1.0
127,127,1,-1.0
127,128,1,-1.0
127,129,1,-1.0
127,130,1,-1.0
127,131,1,-1.0
127,132,1,-1.0
127,133,1,-1.0
127,134,1,-1.0
127,135,1,-1.0
127,136,1,-1.0
127,137,1,-1.0
127,138,1,-1.0
127,139,1,-1.0
127,140,1,-1.0
127,141,1,-1.0
127,142,1,-1.0
127,143,1,-1.0
127,144,1,-1.0
127,145,1,-1.0
127,146,1,-1.0
127,147,1,-1.0
127,148,1,-1.0
127,149,1,-1.0
127,150,1,-1.0
127,151,1,-1.0
127,152,1,-1.0
127,153,1,-1.0
127,154,1,-1.0
127,155,1,-1.0
127,156,1,-1.0
127,157,1,-1.0
127,158,1,-1.0
127,159,1,-1.0
127,160,1,-1.0
127,161,4,-1.0
127,162,4,-1.0
127,163,4,-1.0
127,164,4,-1.0
127,165,4,-1.0
127,166,4,-1.0
127,167,4,-1.0
127,168,4,-1.0
127,169,4,-1.0
127,170,4,-1.0
127,171,4,-1.0
127,172,4,-1.0
127,173,4,-1.0
127,174,4,-1.0
127,175,4,-1.0
127,176,4,-1.0
127,177,4,-1.0
127,178,4,-1.0
127,179,4,-1.0
127,180,4,-1.0
127,181,4,-1.0
127,182,4,-1.0
127,183,4,-1.0
127,184,4,-1.0
127,185,4,-1.0
127,186,4,-1.0
127,187,4,-1.0
127,188,4,-1.0
127,189,4,-1.0
127,190,4,-1.0
127,191,4,-1.0
127,192,4,-1.0
127,193,4,-1.0
127,194,4,-1.0
127,195,4,-1.0
127,196,4,-1.0
127,197,4,-1.0
127,198,4,-1.0
127,199,4,-1.0
127,200,4,-1.0
127,201,4,-1.0
127,202,4,-1.0
127,203,4,-1.0
127,204,4,-1.0
127,205,4,-1.0
127,206,4,-1.0
127,207,4,-1.0
127,208,4,-1.0
127,209,4,-1.0
127,210,4,-1.0
127,211,4,-1.0
127,212,4,-1.0
127,213,4,-1.0
127,214,4,-1.0
127,215,4,-1.0
127,216,4,-1.0
127,217,4,-1.0
127,218,4,-1.0
127,219,4,-1.0
127,220,4,-1.0
127,221,4,-1.0
127,222,4,-1.0
127,223,4,-1.0
127,224,4,-1.0
127,225,4,-1.0
127,226,4,-1.0
127,227,4,-1.0
127,228,4,-1.0
127,229,4,-1.0
127,230,4,-1.0
127,231,4,-1.0
127,232,4,-1.0
127,233,4,-1.0
127,234,4,-1.0
127,235,4,-1.0
127,236,4,-1.0
127,237,4,-1.0
127,238,4,-1.0
127,239,4,-1.0
127,240,4,-1.0
127,241,4,-1.0
127,242,4,-1.0
127,243,4,-1.0
127,244,4,-1.0
127,245,4,-1.0
127,246,4,-1.0
127,247,4,-1.0
127,248,4,-1.0
127,249,4,-1.0
127,250,4,-1.0
128,0,2,1436.2666
128,1,2,1436.871
128,2,2,1438.6874
128,3,2,1441.7253
128,4,2,1446.0005
128,5,2,1451.5357
128,6,2,1458.3604
128,7,2,1466.5115
128,8,2,1476.0308
128,9,2,1486.9695
128,10,2,1499.3942
128,11,2,1513.3775
128,12,2,1529.0025
128,13,2,1546.3547
128,14,2,1565.5554
128,15,2,1586.7315
128,16,2,1610.0123
128,17,2,1635.5771
128,18,2,1663.6104
128,19,2,1694.3232
128,20,2,1727.9783
128,21,2,1764.8452
128,22,2,1805.2804
128,23,2,1849.6503
128,24,2,1898.4316
128,25,2,1952.1442
128,26,2,2011.4297
128,27,2,2077.0486
128,28,2,2149.885
128,29,2,2231.0562
128,30,2,2321.899
128,31,2,2424.0381
128,32,2,2539.5499
128,33,2,2671.0322
128,34,2,2821.8116
128,35,2,2996.2105
128,36,2,3199.9742
128,37,2,3440.9077
128,38,2,3729.8463
128,39,2,4082.3108
128,40,2,4521.3456
128,41,2,5082.7047
128,42,2,5825.0123
128,43,2,6851.5269
128,44,2,8362.6023
128,45,2,10804.878
128,46,2,15417.595
128,47,2,27392.739
128,48,2,133666.97
128,49,1,-1.0
128,50,1,-1.0
128,51,1,-1.0
128,52,1,-1.0
128,53,1,-1.0
128,54,1,-1.0
128,55,1,-1.0
128,56,1,-1.0
128,57,1,-1.0
128,58,1,-1.0
128,59,1,-1.0
128,60,1,-1.0
128,61,1,-1.0
128,62,1,-1.0
128,63,1,-1.0
128,64,1,-1.0
128,65,1,-1.0
128,66,1,-1.0
128,67,1,-1.0
128,68,1,-1.0
128,69,1,-1.0
128,70,1,-1.0
128,71,1,-1.0
128,72,1,-1.0
128,73,1,-1.0
128,74,1,-1.0
128,75,1,-1.0
128,76,1,-1.0
128,77,1,-1.0
128,78,1,-1.0
128,79,1,-1.0
128,80,1,-1.0
128,81,1,-1.0
128,82,1,-1.0
128,83,1,-1.0
128,84,1,-1.0
128,85,1,-1.0
128,86,1,-1.0
128,87,1,-1.0
128,88,1,-1.0
128,89,1,-1.0
128,90,1,-1.0
128,91,1,-1.0
128,92,1,-1.0
128,93,1,-1.0
128,94,1,-1.0
128,95,1,-1.0
128,96,1,-1.0
128,97,1,-1.0
128,98,1,-1.0
128,99,1,-1.0
128,100,1,-1.0
128,101,1,-1.0
128,102,1,-1.0
128,103,1,-1.0
128,104,1,-1.0
128,105,1,-1.0
128,106,1,-1.0
128,107,1,-1.0
128,108,1,-1.0
128,109,1,-1.0
128,110,1,-1.0
128,111,1,-1.0
128,112,1,-1.0
128,113,1,-1.0
128,114,1,-1.0
128,115,1,-1.0
128,116,1,-1.0
128,117,1,-1.0
128,118,1,-1.0
128,119,1,-1.0
128,120,1,-1.0
128,121,1,-1.0
128,122,1,-1.0
128,123,1,-1.0
128,124,1,-1.0
128,125,1,-1.0
128,126,1,-1.0
128,127,1,-1.0
128,128,1,-1.0
128,129,1,-1.0
128,130,1,-1.0
128,131,1,-1.0
128,132,1,-1.0
128,133,1,-1.0
128,134,1,-1.0
128,135,1,-1.0
128,136,1,-1.0
128,137,1,-1.0
128,138,1,-1.0
128,139,1,-1.0
128,140,1,-1.0
128,141,1,-1.0
128,142,1,-1.0
128,143,1,-1.0
128,144,1,-1.0
128,145,1,-1.0
128,146,1,-1.0
128,147,1,-1.0
128,148,1,-1.0
128,149,1,-1.0
128,150,1,-1.0
128,151,1,-1.0
128,152,1,-1.0
128,153,1,-1.0
128,154,1,-1.0
128,155,1,-1.0
128,156,1,-1.0
128,157,1,-1.0
128,158,1,-1.0
128,159,1,-1.0
128,160,1,-1.0
128,161,4,-1.0
128,162,4,-1.0
128,163,4,-1.0
128,164,4,-1.0
128,165,4,-1.0
128,166,4,-1.0
128,167,4,-1.0
128,168,4,-1.0
128,169,4,-1.0
128,170,4,-1.0
128,171,4,-1.0
128,172,4,-1.0
128,173,4,-1.0
128,174,4,-1.0
128,175,4,-1.0
128,176,4,-1.0
128,177,4,-1.0
128,178,4,-1.0
128,179,4,-1.0
128,180,4,-1.0
128,181,4,-1.0
128,182,4,-1.0
128,183,4,-1.0
128,184,4,-1.0
128,185,4,-1.0
128,186,4,-1.0
128,187,4,-1.0
128,188,4,-1.0
128,189,4,-1.0
128,190,4,-1.0
128,191,4,-1.0
128,192,4,-1.0
128,193,4,-1.0
128,194,4,-1.0
128,195,4,-1.0
128,196,4,-1.0
128,197,4,-1.0
128,198,4,-1.0
128,199,4,-1.0
128,200,4,-1.0
128,201,4,-1.0
128,202,4,-1.0
128,203,4,-1.0
128,204,4,-1.0
128,205,4,-1.0
128,206,4,-1.0
128,207,4,-1.0
128,208,4,-1.0
128,209,4,-1.0
128,210,4,-1.0
128,211,4,-1.0
128,212,4,-1.0
128,213,4,-1.0
128,214,4,-1.0
128,215,4,-1.0
128,216,4,-1.0
128,217,4,-1.0
128,218,4,-1.0
128,219,4,-1.0
128,220,4,-1.0
128,221,4,-1.0
128,222,4,-1.0
128,223,4,-1.0
128,224,4,-1.0
128,225,4,-1.0
128,226,4,-1.0
128,227,4,-1.0
128,228,4,-1.0
128,229,4,-1.0
128,230,4,-1.0
128,231,4,-1.0
128,232,4,-1.0
128,233,4,-1.0
128,234,4,-1.0
128,235,4,-1.0
128,236,4,-1.0
128,237,4,-1.0
128,238,4,-1.0
128,239,4,-1.0
128,240,4,-1.0
128,241,4,-1.0
128,242,4,-1.0
128,243,4,-1.0
128,244,4,-1.0
128,245,4,-1.0
128,246,4,-1.0
128,247,4,-1.0
128,248,4,-1.0
128,249,4,-1.0
128,250,4,-1.0
129,0,2,1353.2323
129,1,2,1353.7681
129,2,2,1355.3775
129,3,2,1358.0677
129,4,2,1361.8524
129,5,2,1366.7507
129,6,2,1372.787
129,7,2,1379.992
129,8,2,1388.4031
129,9,2,1398.0643
129,10,2,1409.0214
129,11,2,1421.3372
129,12,2,1435.083
129,13,2,1450.3382
129,14,2,1467.181
129,15,2,1485.7257
129,16,2,1506.0887
129,17,2,1528.3917
129,18,2,1552.801
129,19,2,1579.4786
129,20,2,1608.6312
129,21,2,1640.4821
129,22,2,1675.2978
129,23,2,1713.3776
129,24,2,1755.0828
129,25,2,1800.8105
129,26,2,1851.0599
129,27,2,1906.3869
129,28,2,1967.4699
129,29,2,2035.1233
129,30,2,2110.3104
129,31,2,2194.2085
129,32,2,2288.2771
129,33,2,2394.313
129,34,2,2514.5719
129,35,2,2651.9116
129,36,2,2810.0502
129,37,2,2993.8686
129,38,2,3209.9118
129,39,2,3467.17
129,40,2,3778.3374
129,41,2,4161.9376
129,42,2,4646.102
129,43,2,5275.7258
129,44,2,6127.1386
129,45,2,7341.4508
129,46,2,9211.7821
129,47,2,12463.278
129,48,2,19513.652
129,49,2,46335.575
129,50,1,-1.0
129,51,1,-1.0
129,52,1,-1.0
129,53,1,-1.0
129,54,1,-1.0
129,55,1,-1.0
129,56,1,-1.0
129,57,1,-1.0
129,58,1,-1.0
129,59,1,-1.0
129,60,1,-1.0
129,61,1,-1.0
129,62,1,-1.0
129,63,1,-1.0
129,64,1,-1.0
129,65,1,-1.0
129,66,1,-1.0
129,67,1,-1.0
129,68,1,-1.0
129,69,1,-1.0
129,70,1,-1.0
129,71,1,-1.0
129,72,1,-1.0
129,73,1,-1.0
129,74,1,-1.0
129,75,1,-1.0
129,76,1,-1.0
129,77,1,-1.0
129,78,1,-1.0
129,79,1,-1.0
129,80,1,-1.0
129,81,1,-1.0
129,82,1,-1.0
129,83,1,-1.0
129,84,1,-1.0
129,85,1,-1.0
129,86,1,-1.0
129,87,1,-1.0
129,88,1,-1.0
129,89,1,-1.0
129,90,1,-1.0
129,91,1,-1.0
129,92,1,-1.0
129,93,1,-1.0
129,94,1,-1.0
129,95,1,-1.0
129,96,1,-1.0
129,97,1,-1.0
129,98,1,-1.0
129,99,1,-1.0
129,100,1,-1.0
129,101,1,-1.0
129,102,1,-1.0
129,103,1,-1.0
129,104,1,-1.0
129,105,1,-1.0
129,106,1,-1.0
129,107,1,-1.0
129,108,1,-1.0
129,109,1,-1.0
129,110,1,-1.0
129,111,1,-1.0
129,112,1,-1.0
129,113,1,-1.0
129,114,1,-1.0
129,115,1,-1.0
129,116,1,-1.0
129,117,1,-1.0
129,118,1,-1.0
129,119,1,-1.0
129,120,1,-1.0
129,121,1,-1.0
129,122,1,-1.0
129,123,1,-1.0
129,124,1,-1.0
129,125,1,-1.0
129,126,1,-1.0
129,127,1,-1.0
129,128,1,-1.0
129,129,1,-1.0
129,130,1,-1.0
129,131,1,-1.0
129,132,1,-1.0
129,133,1,-1.0
129,134,1,-1.0
129,135,1,-1.0
129,136,1,-1.0
129,137,1,-1.0
129,138,1,-1.0
129,139,1,-1.0
129,140,1,-1.0
129,141,1,-1.0
129,142,1,-1.0
129,143,1,-1.0
129,144,1,-1.0
129,145,1,-1.0
129,146,1,-1.0
129,147,1,-1.0
129,148,1,-1.0
129,149,1,-1.0
129,150,1,-1.0
129,151,1,-1.0
129,152,1,-1.0
129,153,1,-1.0
129,154,1,-1.0
129,155,1,-1.0
129,156,1,-1.0
129,157,1,-1.0
129,158,1,-1.0
129,159,1,-1.0
129,160,1,-1.0
129,161,4,-1.0
129,162,4,-1.0
129,163,4,-1.0
129,164,4,-1.0
129,165,4,-1.0
129,166,4,-1.0
129,167,4,-1.0
129,168,4,-1.0
129,169,4,-1.0
129,170,4,-1.0
129,171,4,-1.0
129,172,4,-1.0
129,173,4,-1.0
129,174,4,-1.0
129,175,4,-1.0
129,176,4,-1.0
129,177,4,-1.0
129,178,4,-1.0
129,179,4,-1.0
129,180,4,-1.0
129,181,4,-1.0
129,182,4,-1.0
129,183,4,-1.0
129,184,4,-1.0
129,185,4,-1.0
129,186,4,-1.0
129,187,4,-1.0
129,188,4,-1.0
129,189,4,-1.0
129,190,4,-1.0
129,191,4,-1.0
129,192,4,-1.0
129,193,4,-1.0
129,194,4,-1.0
129,195,4,-1.0
129,196,4,-1.0
129,197,4,-1.0
129,198,4,-1.0
129,199,4,-1.0
129,200,4,-1.0
129,201,4,-1.0
129,202,4,-1.0
129,203,4,-1.0
129,204,4,-1.0
129,205,4,-1.0
129,206,4,-1.0
129,207,4,-1.0
129,208,4,-1.0
129,209,4,-1.0
129,210,4,-1.0
129,211,4,-1.0
129,212,4,-1.0
129,213,4,-1.0
129,214,4,-1.0
129,215,4,-1.0
129,216,4,-1.0
129,217,4,-1.0
129,218,4,-1.0
129,219,4,-1.0
129,220,4,-1.0
129,221,4,-1.0
129,222,4,-1.0
129,223,4,-1.0
129,224,4,-1.0
129,225,4,-1.0
129,226,4,-1.0
129,227,4,-1.0
129,228,4,-1.0
129,229,4,-1.0
129,230,4,-1.0
129,231,4,-1.0
129,232,4,-1.0
129,233,4,-1.0
129,234,4,-1.0
129,235,4,-1.0
129,236,4,-1.0
129,237,4,-1.0
129,238,4,-1.0
129,239,4,-1.0
129,240,4,-1.0
129,241,4,-1.0
129,242,4,-1.0
129,243,4,-1.0
129,244,4,-1.0
129,245,4,-1.0
129,246,4,-1.0
129,247,4,-1.0
129,248,4,-1.0
129,249,4,-1.0
129,250,4,-1.0
130,0,2,1276.4063
130,1,2,1276.8819
130,2,2,1278.311
130,3,2,1280.7001
130,4,2,1284.0605
130,5,2,1288.4079
130,6,2,1293.7619
130,7,2,1300.1452
130,8,2,1307.592
130,9,2,1316.139
130,10,2,1325.8293
130,11,2,1336.7102
130,12,2,1348.8344
130,13,2,1362.2732
130,14,2,1377.1012
130,15,2,1393.3913
130,16,2,1411.2501
130,17,2,1430.7827
130,18,2,1452.1071
130,19,2,1475.3735
130,20,2,1500.7261
130,21,2,1528.3646
130,22,2,1558.4785
130,23,2,1591.3252
130,24,2,1627.166
130,25,2,1666.3296
130,26,2,1709.1874
130,27,2,1756.1628
130,28,2,1807.7789
130,29,2,1864.638
130,30,2,1927.4437
130,31,2,1997.0721
130,32,2,2074.5655
130,33,2,2161.1965
130,34,2,2258.5314
130,35,2,2368.5263
130,36,2,2493.6655
130,37,2,2637.1255
130,38,2,2803.0474
130,39,2,2996.933
130,40,2,3226.2522
130,41,2,3501.4097
130,42,2,3837.3416
130,43,2,4256.2825
130,44,2,4792.8432
130,45,2,5504.0113
130,46,2,6490.6522
130,47,2,7950.0731
130,48,2,10327.147
130,49,2,14880.054
130,50,2,27103.719
130,51,2,169395.0
130,52,1,-1.0
130,53,1,-1.0
130,54,1,-1.0
130,55,1,-1.0
130,56,1,-1.0
130,57,1,-1.0
130,58,1,-1.0
130,59,1,-1.0
130,60,1,-1.0
130,61,1,-1.0
130,62,1,-1.0
130,63,1,-1.0
130,64,1,-1.0
130,65,1,-1.0
130,66,1,-1.0
130,67,1,-1.0
130,68,1,-1.0
130,69,1,-1.0
130,70,1,-1.0
130,71,1,-1.0
130,72,1,-1.0
130,73,1,-1.0
130,74,1,-1.0
130,75,1,-1.0
130,76,1,-1.0
130,77,1,-1.0
130,78,1,-1.0
130,79,1,-1.0
130,80,1,-1.0
130,81,1,-1.0
130,82,1,-1.0
130,83,1,-1.0
130,84,1,-1.0
130,85,1,-1.0
130,86,1,-1.0
130,87,1,-1.0
130,88,1,-1.0
130,89,1,-1.0
130,90,1,-1.0
130,91,1,-1.0
130,92,1,-1.0
130,93,1,-1.0
130,94,1,-1.0
130,95,1,-1.0
130,96,1,-1.0
130,97,1,-1.0
130,98,1,-1.0
130,99,1,-1.0
130,100,1,-1.0
130,101,1,-1.0
130,102,1,-1.0
130,103,1,-1.0
130,104,1,-1.0
130,105,1,-1.0
130,106,1,-1.0
130,107,1,-1.0
130,108,1,-1.0
130,109,1,-1.0
130,110,1,-1.0
130,111,1,-1.0
130,112,1,-1.0
130,113,1,-1.0
130,114,1,-1.0
130,115,1,-1.0
130,116,1,-1.0
130,117,1,-1.0
130,118,1,-1.0
130,119,1,-1.0
130,120,1,-1.0
130,121,1,-1.0
130,122,1,-1.0
130,123,1,-1.0
130,124,1,-1.0
130,125,1,-1.0
130,126,1,-1.0
130,127,1,-1.0
130,128,1,-1.0
130,129,1,-1.0
130,130,1,-1.0
130,131,1,-1.0
130,132,1,-1.0
130,133,1,-1.0
130,134,1,-1.0
130,135,1,-1.0
130,136,1,-1.0
130,137,1,-1.0
130,138,1,-1.0
130,139,1,-1.0
130,140,1,-1.0
130,141,1,-1.0
130,142,1,-1.0
130,143,1,-1.0
130,144,1,-1.0
130,145,1,-1.0
130,146,1,-1.0
130,147,1,-1.0
130,148,1,-1.0
130,149,1,-1.0
130,150,1,-1.0
130,151,1,-1.0
130,152,1,-1.0
130,153,1,-1.0
130,154,1,-1.0
130,155,1,-1.0
130,156,1,-1.0
130,157,1,-1.0
130,158,1,-1.0
130,159,1,-1.0
130,160,1,-1.0
130,161,4,-1.0
130,162,4,-1.0
130,163,4,-1.0
130,164,4,-1.0
130,165,4,-1.0
130,166,4,-1.0
130,167,4,-1.0
130,168,4,-1.0
130,169,4,-1.0
130,170,4,-1.0
130,171,4,-1.0
130,172,4,-1.0
130,173,4,-1.0
130,174,4,-1.0
130,175,4,-1.0
130,176,4,-1.0
130,177,4,-1.0
130,178,4,-1.0
130,179,4,-1.0
130,180,4,-1.0
130,181,4,-1.0
130,182,4,-1.0
130,183,4,-1.0
130,184,4,-1.0
130,185,4,-1.0
130,186,4,-1.0
130,187,4,-1.0
130,188,4,-1.0
130,189,4,-1.0
130,190,4,-1.0
130,191,4,-1.0
130,192,4,-1.0
130,193,4,-1.0
130,194,4,-1.0
130,195,4,-1.0
130,196,4,-1.0
130,197,4,-1.0
130,198,4,-1.0
130,199,4,-1.0
130,200,4,-1.0
130,201,4,-1.0
130,202,4,-1.0
130,203,4,-1.0
130,204,4,-1.0
130,205,4,-1.0
130,206,4,-1.0
130,207,4,-1.0
130,208,4,-1.0
130,209,4,-1.0
130,210,4,-1.0
130,211,4,-1.0
130,212,4,-1.0
130,213,4,-1.0
130,214,4,-1.0
130,215,4,-1.0
130,216,4,-1.0
130,217,4,-1.0
130,218,4,-1.0
130,219,4,-1.0
130,220,4,-1.0
130,221,4,-1.0
130,222,4,-1.0
130,223,4,-1.0
130,224,4,-1.0
130,225,4,-1.0
130,226,4,-1.0
130,227,4,-1.0
130,228,4,-1.0
130,229,4,-1.0
130,230,4,-1.0
130,231,4,-1.0
130,232,4,-1.0
130,233,4,-1.0
130,234,4,-1.0
130,235,4,-1.0
130,236,4,-1.0
130,237,4,-1.0
130,238,4,-1.0
130,239,4,-1.0
130,240,4,-1.0
130,241,4,-1.0
130,242,4,-1.0
130,243,4,-1.0
130,244,4,-1.0
130,245,4,-1.0
130,246,4,-1.0
130,247,4,-1.0
130,248,4,-1.0
130,249,4,-1.0
130,250,4,-1.0
131,0,2,1205.2219
131,1,2,1205.645
131,2,2,1206.916
131,3,2,1209.0405
131,4,2,1212.028
131,5,2,1215.8915
131,6,2,1220.6485
131,7,2,1226.3203
131,8,2,1232.933
131,9,2,1240.5118
131,10,2,1249.0969
131,11,2,1258.7301
131,12,2,1269.4589
131,13,2,1281.3289
131,14,2,1294.4089
131,15,2,1308.7693
131,16,2,1324.4772
131,17,2,1341.6328
131,18,2,1360.33
131,19,2,1380.6834
131,20,2,1402.823
131,21,2,1426.8919
131,22,2,1453.0593
131,23,2,1481.5146
131,24,2,1512.4723
131,25,2,1546.1914
131,26,2,1582.947
131,27,2,1623.0852
131,28,2,1666.9972
131,29,2,1715.1298
131,30,2,1768.0286
131,31,2,1826.3354
131,32,2,1890.8137
131,33,2,1962.3815
131,34,2,2042.1513
131,35,2,2131.5026
131,36,2,2232.1376
131,37,2,2346.1937
131,38,2,2476.3921
131,39,2,2626.2507
131,40,2,2800.3988
131,41,2,3005.0527
131,42,2,3248.7588
131,43,2,3543.5977
131,44,2,3907.2206
131,45,2,4366.4467
131,46,2,4964.2083
131,47,2,5773.686
131,48,2,6930.6342
131,49,2,8718.4659
131,50,2,11843.627
131,51,2,18698.008
131,52,2,45793.385
131,53,1,-1.0
131,54,1,-1.0
131,55,1,-1.0
131,56,1,-1.0
131,57,1,-1.0
131,58,1,-1.0
131,59,1,-1.0
131,60,1,-1.0
131,61,1,-1.0
131,62,1,-1.0
131,63,1,-1.0
131,64,1,-1.0
131,65,1,-1.0
131,66,1,-1.0
131,67,1,-1.0
131,68,1,-1.0
131,69,1,-1.0
131,70,1,-1.0
131,71,1,-1.0
131,72,1,-1.0
131,73,1,-1.0
131,74,1,-1.0
131,75,1,-1.0
131,76,1,-1.0
131,77,1,-1.0
131,78,1,-1.0
131,79,1,-1.0
131,80,1,-1.0
131,81,1,-1.0
131,82,1,-1.0
131,83,1,-1.0
131,84,1,-1.0
131,85,1,-1.0
131,86,1,-1.0
131,87,1,-1.0
131,88,1,-1.0
131,89,1,-1.0
131,90,1,-1.0
131,91,1,-1.0
131,92,1,-1.0
131,93,1,-1.0
131,94,1,-1.0
131,95,1,-1.0
131,96,1,-1.0
131,97,1,-1.0
131,98,1,-1.0
131,99,1,-1.0
131,100,1,-1.0
131,101,1,-1.0
131,102,1,-1.0
131,103,1,-1.0
131,104,1,-1.0
131,105,1,-1.0
131,106,1,-1.0
131,107,1,-1.0
131,108,1,-1.0
131,109,1,-1.0
131,110,1,-1.0
131,111,1,-1.0
131,112,1,-1.0
131,113,1,-1.0
131,114,1,-1.0
131,115,1,-1.0
131,116,1,-1.0
131,117,1,-1.0
131,118,1,-1.0
131,119,1,-1.0
131,120,1,-1.0
131,121,1,-1.0
131,122,1,-1.0
131,123,1,-1.0
131,124,1,-1.0
131,125,1,-1.0
131,126,1,-1.0
131,127,1,-1.0
131,128,1,-1.0
131,129,1,-1.0
131,130,1,-1.0
131,131,1,-1.0
131,132,1,-1.0
131,133,1,-1.0
131,134,1,-1.0
131,135,1,-1.0
131,136,1,-1.0
131,137,1,-1.0
131,138,1,-1.0
131,139,1,-1.0
131,140,1,-1.0
131,141,1,-1.0
131,142,1,-1.0
131,143,1,-1.0
131,144,1,-1.0
131,145,1,-1.0
131,146,1,-1.0
131,147,1,-1.0
131,148,1,-1.0
131,149,1,-1.0
131,150,1,-1.0
131,151,1,-1.0
131,152,1,-1.0
131,153,1,-1.0
131,154,1,-1.0
131,155,1,-1.0
131,156,1,-1.0
131,157,1,-1.0
131,158,1,-1.0
131,159,1,-1.0
131,160,1,-1.0
131,161,4,-1.0
131,162,4,-1.0
131,163,4,-1.0
131,164,4,-1.0
131,165,4,-1.0
131,166,4,-1.0
131,167,4,-1.0
131,168,4,-1.0
131,169,4,-1.0
131,170,4,-1.0
131,171,4,-1.0
131,172,4,-1.0
131,173,4,-1.0
131,174,4,-1.0
131,175,4,-1.0
131,176,4,-1.0
131,177,4,-1.0
131,178,4,-1.0
131,179,4,-1.0
131,180,4,-1.0
131,181,4,-1.0
131,182,4,-1.0
131,183,4,-1.0
131,184,4,-1.0
131,185,4,-1.0
131,186,4,-1.0
131,187,4,-1.0
131,188,4,-1.0
131,189,4,-1.0
131,190,4,-1.0
131,191,4,-1.0
131,192,4,-1.0
131,193,4,-1.0
131,194,4,-1.0
131,195,4,-1.0
131,196,4,-1.0
131,197,4,-1.0
131,198,4,-1.0
131,199,4,-1.0
131,200,4,-1.0
131,201,4,-1.0
131,202,4,-1.0
131,203,4,-1.0
131,204,4,-1.0
131,205,4,-1.0
131,206,4,-1.0
131,207,4,-1.0
131,208,4,-1.0
131,209,4,-1.0
131,210,4,-1.0
131,211,4,-1.0
131,212,4,-1.0
131,213,4,-1.0
131,214,4,-1.0
131,215,4,-1.0
131,216,4,-1.0
131,217,4,-1.0
131,218,4,-1.0
131,219,4,-1.0
131,220,4,-1.0
131,221,4,-1.0
131,222,4,-1.0
131,223,4,-1.0
131,224,4,-1.0
131,225,4,-1.0
131,226,4,-1.0
131,227,4,-1.0
131,228,4,-1.0
131,229,4,-1.0
131,230,4,-1.0
131,231,4,-1.0
131,232,4,-1.0
131,233,4,-1.0
131,234,4,-1.0
131,235,4,-1.0
131,236,4,-1.0
131,237,4,-1.0
131,238,4,-1.0
131,239,4,-1.0
131,240,4,-1.0
131,241,4,-1.0
131,242,4,-1.0
131,243,4,-1.0
131,244,4,-1.0
131,245,4,-1.0
131,246,4,-1.0
131,247,4,-1.0
131,248,4,-1.0
131,249,4,-1.0
131,250,4,-1.0
132,0,2,1139.1594
132,1,2,1139.5367
132,2,2,1140.6702
132,3,2,1142.5646
132,4,2,1145.2277
132,5,2,1148.6689
132,6,2,1152.9031
132,7,2,1157.9491
132,8,2,1163.8289
132,9,2,1170.5681
132,10,2,1178.1962
132,11,2,1186.7423
132,12,2,1196.2513
132,13,2,1206.7685
132,14,2,1218.3384
132,15,2,1231.0218
132,16,2,1244.8864
132,17,2,1259.9945
132,18,2,1276.4396
132,19,2,1294.3052
132,20,2,1313.7025
132,21,2,1334.7432
132,22,2,1357.5685
132,23,2,1382.3206
132,24,2,1409.1835
132,25,2,1438.3459
132,26,2,1470.0388
132,27,2,1504.5269
132,28,2,1542.1043
132,29,2,1583.1249
132,30,2,1628.0016
132,31,2,1677.2151
132,32,2,1731.3314
132,33,2,1791.0241
132,34,2,1857.1105
132,35,2,1930.5721
132,36,2,2012.6078
132,37,2,2104.6959
132,38,2,2208.6814
132,39,2,2326.8965
132,40,2,2462.3317
132,41,2,2618.8865
132,42,2,2801.7417
132,43,2,3017.9326
132,44,2,3277.2525
132,45,2,3593.7544
132,46,2,3988.3994
132,47,2,4493.8036
132,48,2,5163.6909
132,49,2,6093.1355
132,50,2,7468.3866
132,51,2,9709.717
132,52,2,14007.076
132,53,2,25577.407
132,54,2,164005.2
132,55,1,-1.0
132,56,1,-1.0
132,57,1,-1.0
132,58,1,-1.0
132,59,1,-1.0
132,60,1,-1.0
132,61,1,-1.0
132,62,1,-1.0
132,63,1,-1.0
132,64,1,-1.0
132,65,1,-1.0
132,66,1,-1.0
132,67,1,-1.0
132,68,1,-1.0
132,69,1,-1.0
132,70,1,-1.0
132,71,1,-1.0
132,72,1,-1.0
132,73,1,-1.0
132,74,1,-1.0
132,75,1,-1.0
132,76,1,-1.0
132,77,1,-1.0
132,78,1,-1.0
132,79,1,-1.0
132,80,1,-1.0
132,81,1,-1.0
132,82,1,-1.0
132,83,1,-1.0
132,84,1,-1.0
132,85,1,-1.0
132,86,1,-1.0
132,87,1,-1.0
132,88,1,-1.0
132,89,1,-1.0
132,90,1,-1.0
132,91,1,-1.0
132,92,1,-1.0
132,93,1,-1.0
132,94,1,-1.0
132,95,1,-1.0
132,96,1,-1.0
132,97,1,-1.0
132,98,1,-1.0
132,99,1,-1.0
132,100,1,-1.0
132,101,1,-1.0
132,102,1,-1.0
132,103,1,-1.0
132,104,1,-1.0
132,105,1,-1.0
132,106,1,-1.0
132,107,1,-1.0
132,108,1,-1.0
132,109,1,-1.0
132,110,1,-1.0
132,111,1,-1.0
132,112,1,-1.0
132,113,1,-1.0
132,114,1,-1.0
132,115,1,-1.0
132,116,1,-1.0
132,117,1,-1.0
132,118,1,-1.0
132,119,1,-1.0
132,120,1,-1.0
132,121,1,-1.0
132,122,1,-1.0
132,123,1,-1.0
132,124,1,-1.0
132,125,1,-1.0
132,126,1,-1.0
132,127,1,-1.0
132,128,1,-1.0
132,129,1,-1.0
132,130,1,-1.0
132,131,1,-1.0
132,132,1,-1.0
132,133,1,-1.0
132,134,1,-1.0
132,135,1,-1.0
132,136,1,-1.0
132,137,1,-1.0
132,138,1,-1.0
132,139,1,-1.0
132,140,1,-1.0
132,141,1,-1.0
132,142,1,-1.0
132,143,1,-1.0
132,144,1,-1.0
132,145,1,-1.0
132,146,1,-1.0
132,147,1,-1.0
132,148,1,-1.0
132,149,1,-1.0
132,150,1,-1.0
132,151,1,-1.0
132,152,1,-1.0
132,153,1,-1.0
132,154,1,-1.0
132,155,1,-1.0
132,156,1,-1.0
132,157,1,-1.0
132,158,1,-1.0
132,159,1,-1.0
132,160,1,-1.0
132,161,4,-1.0
132,162,4,-1.0
132,163,4,-1.0
132,164,4,-1.0
132,165,4,-1.0
132,166,4,-1.0
132,167,4,-1.0
132,168,4,-1.0
132,169,4,-1.0
132,170,4,-1.0
132,171,4,-1.0
132,172,4,-1.0
132,173,4,-1.0
132,174,4,-1.0
132,175,4,-1.0
132,176,4,-1.0
132,177,4,-1.0
132,178,4,-1.0
132,179,4,-1.0
132,180,4,-1.0
132,181,4,-1.0
132,182,4,-1.0
132,183,4,-1.0
132,184,4,-1.0
132,185,4,-1.0
132,186,4,-1.0
132,187,4,-1.0
132,188,4,-1.0
132,189,4,-1.0
132,190,4,-1.0
132,191,4,-1.0
132,192,4,-1.0
132,193,4,-1.0
132,194,4,-1.0
132,195,4,-1.0
132,196,4,-1.0
132,197,4,-1.0
132,198,4,-1.0
132,199,4,-1.0
132,200,4,-1.0
132,201,4,-1.0
132,202,4,-1.0
132,203,4,-1.0
132,204,4,-1.0
132,205,4,-1.0
132,206,4,-1.0
132,207,4,-1.0
132,208,4,-1.0
132,209,4,-1.0
132,210,4,-1.0
132,211,4,-1.0
132,212,4,-1.0
132,213,4,-1.0
132,214,4,-1.0
132,215,4,-1.0
132,216,4,-1.0
132,217,4,-1.0
132,218,4,-1.0
132,219,4,-1.0
132,220,4,-1.0
132,221,4,-1.0
132,222,4,-1.0
132,223,4,-1.0
132,224,4,-1.0
132,225,4,-1.0
132,226,4,-1.0
132,227,4,-1.0
132,228,4,-1.0
132,229,4,-1.0
132,230,4,-1.0
132,231,4,-1.0
132,232,4,-1.0
132,233,4,-1.0
132,234,4,-1.0
132,235,4,-1.0
132,236,4,-1.0
132,237,4,-1.0
132,238,4,-1.0
132,239,4,-1.0
132,240,4,-1.0
132,241,4,-1.0
132,242,4,-1.0
132,243,4,-1.0
132,244,4,-1.0
132,245,4,-1.0
132,246,4,-1.0
132,247,4,-1.0
132,248,4,-1.0
132,249,4,-1.0
132,250,4,-1.0
133,0,2,1077.7631
133,1,2,1078.0999
133,2,2,1079.1118
133,3,2,1080.8027
133,4,2,1083.1792
133,5,2,1086.2509
133,6,2,1090.0298
133,7,2,1094.5314
133,8,2,1099.7714
133,9,2,1105.7718
133,10,2,1112.5594
133,11,2,1120.1633
133,12,2,1128.6133
133,13,2,1137.9463
133,14,2,1148.2083
133,15,2,1159.4426
133,16,2,1171.7031
133,17,2,1185.0539
133,18,2,1199.5535
133,19,2,1215.2885
133,20,2,1232.3329
133,21,2,1250.7943
133,22,2,1270.7686
133,23,2,1292.3892
133,24,2,1315.7882
133,25,2,1341.1245
133,26,2,1368.5819
133,27,2,1398.359
133,28,2,1430.6947
133,29,2,1465.8635
133,30,2,1504.1801
133,31,2,1546.0065
133,32,2,1591.7738
133,33,2,1641.9899
133,34,2,1697.254
133,35,2,1758.2822
133,36,2,1825.9362
133,37,2,1901.2632
133,38,2,1985.5477
133,39,2,2080.3825
133,40,2,2187.7672
133,41,2,2310.2461
133,42,2,2451.1075
133,43,2,2614.676
133,44,2,2806.7452
133,45,2,3035.2827
133,46,2,3311.5576
133,47,2,3652.0085
133,48,2,4081.5827
133,49,2,4640.1374
133,50,2,5395.5529
133,51,2,6473.2999
133,52,2,8134.5312
133,53,2,11027.023
133,54,2,17319.549
133,55,2,41532.663
133,56,1,-1.0
133,57,1,-1.0
133,58,1,-1.0
133,59,1,-1.0
133,60,1,-1.0
133,61,1,-1.0
133,62,1,-1.0
133,63,1,-1.0
133,64,1,-1.0
133,65,1,-1.0
133,66,1,-1.0
133,67,1,-1.0
133,68,1,-1.0
133,69,1,-1.0
133,70,1,-1.0
133,71,1,-1.0
133,72,1,-1.0
133,73,1,-1.0
133,74,1,-1.0
133,75,1,-1.0
133,76,1,-1.0
133,77,1,-1.0
133,78,1,-1.0
133,79,1,-1.0
133,80,1,-1.0
133,81,1,-1.0
133,82,1,-1.0
133,83,1,-1.0
133,84,1,-1.0
133,85,1,-1.0
133,86,1,-1.0
133,87,1,-1.0
133,88,1,-1.0
133,89,1,-1.0
133,90,1,-1.0
133,91,1,-1.0
133,92,1,-1.0
133,93,1,-1.0
133,94,1,-1.0
133,95,1,-1.0
133,96,1,-1.0
133,97,1,-1.0
133,98,1,-1.0
133,99,1,-1.0
133,100,1,-1.0
133,101,1,-1.0
133,102,1,-1.0
133,103,1,-1.0
133,104,1,-1.0
133,105,1,-1.0
133,106,1,-1.0
133,107,1,-1.0
133,108,1,-1.0
133,109,1,-1.0
133,110,1,-1.0
133,111,1,-1.0
133,112,1,-1.0
133,113,1,-1.0
133,114,1,-1.0
133,115,1,-1.0
133,116,1,-1.0
133,117,1,-1.0
133,118,1,-1.0
133,119,1,-1.0
133,120,1,-1.0
133,121,1,-1.0
133,122,1,-1.0
133,123,1,-1.0
133,124,1,-1.0
133,125,1,-1.0
133,126,1,-1.0
133,127,1,-1.0
133,128,1,-1.0
133,129,1,-1.0
133,130,1,-1.0
133,131,1,-1.0
133,132,1,-1.0
133,133,1,-1.0
133,134,1,-1.0
133,135,1,-1.0
133,136,1,-1.0
133,137,1,-1.0
133,138,1,-1.0
133,139,1,-1.0
133,140,1,-1.0
133,141,1,-1.0
133,142,1,-1.0
133,143,1,-1.0
133,144,1,-1.0
133,145,1,-1.0
133,146,1,-1.0
133,147,1,-1.0
133,148,1,-1.0
133,149,1,-1.0
133,150,1,-1.0
133,151,1,-1.0
133,152,1,-1.0
133,153,1,-1.0
133,154,1,-1.0
133,155,1,-1.0
133,156,1,-1.0
133,157,1,-1.0
133,158,1,-1.0
133,159,1,-1.0
133,160,1,-1.0
133,161,4,-1.0
133,162,4,-1.0
133,163,4,-1.0
133,164,4,-1.0
133,165,4,-1.0
133,166,4,-1.0
133,167,4,-1.0
133,168,4,-1.0
133,169,4,-1.0
133,170,4,-1.0
133,171,4,-1.0
133,172,4,-1.0
133,173,4,-1.0
133,174,4,-1.0
133,175,4,-1.0
133,176,4,-1.0
133,177,4,-1.0
133,178,4,-1.0
133,179,4,-1.0
133,180,4,-1.0
133,181,4,-1.0
133,182,4,-1.0
133,183,4,-1.0
133,184,4,-1.0
133,185,4,-1.0
133,186,4,-1.0
133,187,4,-1.0
133,188,4,-1.0
133,189,4,-1.0
133,190,4,-1.0
133,191,4,-1.0
133,192,4,-1.0
133,193,4,-1.0
133,194,4,-1.0
133,195,4,-1.0
133,196,4,-1.0
133,197,4,-1.0
133,198,4,-1.0
133,199,4,-1.0
133,200,4,-1.0
133,201,4,-1.0
133,202,4,-1.0
133,203,4,-1.0
133,204,4,-1.0
133,205,4,-1.0
133,206,4,-1.0
133,207,4,-1.0
133,208,4,-1.0
133,209,4,-1.0
133,210,4,-1.0
133,211,4,-1.0
133,212,4,-1.0
133,213,4,-1.0
133,214,4,-1.0
133,215,4,-1.0
133,216,4,-1.0
133,217,4,-1.0
133,218,4,-1.0
133,219,4,-1.0
133,220,4,-1.0
133,221,4,-1.0
133,222,4,-1.0
133,223,4,-1.0
133,224,4,-1.0
133,225,4,-1.0
133,226,4,-1.0
133,227,4,-1.0
133,228,4,-1.0
133,229,4,-1.0
133,230,4,-1.0
133,231,4,-1.0
133,232,4,-1.0
133,233,4,-1.0
133,234,4,-1.0
133,235,4,-1.0
133,236,4,-1.0
133,237,4,-1.0
133,238,4,-1.0
133,239,4,-1.0
133,240,4,-1.0
133,241,4,-1.0
133,242,4,-1.0
133,243,4,-1.0
133,244,4,-1.0
133,245,4,-1.0
133,246,4,-1.0
133,247,4,-1.0
133,248,4,-1.0
133,249,4,-1.0
133,250,4,-1.0
134,0,2,1020.6254
134,1,2,1020.9269
134,2,2,1021.8325
134,3,2,1023.3456
134,4,2,1025.4719
134,5,2,1028.217
134,6,2,1031.5931
134,7,2,1035.6131
134,8,2,1040.2925
134,9,2,1045.6496
134,10,2,1051.7037
134,11,2,1058.4776
134,12,2,1066.0022
134,13,2,1074.3088
134,14,2,1083.4261
134,15,2,1093.4005
134,16,2,1104.274
134,17,2,1116.094
134,18,2,1128.9213
134,19,2,1142.8106
134,20,2,1157.8406
134,21,2,1174.0809
134,22,2,1191.6272
134,23,2,1210.5741
134,24,2,1231.0344
134,25,2,1253.1382
134,26,2,1277.0217
134,27,2,1302.8528
134,28,2,1330.8186
134,29,2,1361.131
134,30,2,1394.0296
134,31,2,1429.8027
134,32,2,1468.7781
134,33,2,1511.3386
134,34,2,1557.9334
134,35,2,1609.093
134,36,2,1665.4487
134,37,2,1727.7574
134,38,2,1796.9336
134,39,2,1874.0934
134,40,2,1960.6125
134,41,2,2058.2064
134,42,2,2169.0413
134,43,2,2295.8935
134,44,2,2442.3708
134,45,2,2613.2641
134,46,2,2815.088
134,47,2,3056.8918
134,48,2,3351.6067
134,49,2,3718.5099
134,50,2,4187.5144
134,51,2,4807.6157
134,52,2,5665.4474
134,53,2,6929.096
134,54,2,8974.7116
134,55,2,12850.008
134,56,2,22989.51
134,57,2,118301.9
134,58,1,-1.0
134,59,1,-1.0
134,60,1,-1.0
134,61,1,-1.0
134,62,1,-1.0
134,63,1,-1.0
134,64,1,-1.0
134,65,1,-1.0
134,66,1,-1.0
134,67,1,-1.0
134,68,1,-1.0
134,69,1,-1.0
134,70,1,-1.0
134,71,1,-1.0
134,72,1,-1.0
134,73,1,-1.0
134,74,1,-1.0
134,75,1,-1.0
134,76,1,-1.0
134,77,1,-1.0
134,78,1,-1.0
134,79,1,-1.0
134,80,1,-1.0
134,81,1,-1.0
134,82,1,-1.0
134,83,1,-1.0
134,84,1,-1.0
134,85,1,-1.0
134,86,1,-1.0
134,87,1,-1.0
134,88,1,-1.0
134,89,1,-1.0
134,90,1,-1.0
134,91,1,-1.0
134,92,1,-1.0
134,93,1,-1.0
134,94,1,-1.0
134,95,1,-1.0
134,96,1,-1.0
134,97,1,-1.0
134,98,1,-1.0
134,99,1,-1.0
134,100,1,-1.0
134,101,1,-1.0
134,102,1,-1.0
134,103,1,-1.0
134,104,1,-1.0
134,105,1,-1.0
134,106,1,-1.0
134,107,1,-1.0
134,108,1,-1.0
134,109,1,-1.0
134,110,1,-1.0
134,111,1,-1.0
134,112,1,-1.0
134,113,1,-1.0
134,114,1,-1.0
134,115,1,-1.0
134,116,1,-1.0
134,117,1,-1.0
134,118,1,-1.0
134,119,1,-1.0
134,120,1,-1.0
134,121,1,-1.0
134,122,1,-1.0
134,123,1,-1.0
134,124,1,-1.0
134,125,1,-1.0
134,126,1,-1.0
134,127,1,-1.0
134,128,1,-1.0
134,129,1,-1.0
134,130,1,-1.0
134,131,1,-1.0
134,132,1,-1.0
134,133,1,-1.0
134,134,1,-1.0
134,135,1,-1.0
134,136,1,-1.0
134,137,1,-1.0
134,138,1,-1.0
134,139,1,-1.0
134,140,1,-1.0
134,141,1,-1.0
134,142,1,-1.0
134,143,1,-1.0
134,144,1,-1.0
134,145,1,-1.0
134,146,1,-1.0
134,147,1,-1.0
134,148,1,-1.0
134,149,1,-1.0
134,150,1,-1.0
134,151,1,-1.0
134,152,1,-1.0
134,153,1,-1.0
134,154,1,-1.0
134,155,1,-1.0
134,156,1,-1.0
134,157,1,-1.0
134,158,1,-1.0
134,159,1,-1.0
134,160,1,-1.0
134,161,4,-1.0
134,162,4,-1.0
134,163,4,-1.0
134,164,4,-1.0
134,165,4,-1.0
134,166,4,-1.0
134,167,4,-1.0
134,168,4,-1.0
134,169,4,-1.0
134,170,4,-1.0
134,171,4,-1.0
134,172,4,-1.0
134,173,4,-1.0
134,174,4,-1.0
134,175,4,-1.0
134,176,4,-1.0
134,177,4,-1.0
134,178,4,-1.0
134,179,4,-1.0
134,180,4,-1.0
134,181,4,-1.0
134,182,4,-1.0
134,183,4,-1.0
134,184,4,-1.0
134,185,4,-1.0
134,186,4,-1.0
134,187,4,-1.0
134,188,4,-1.0
134,189,4,-1.0
134,190,4,-1.0
134,191,4,-1.0
134,192,4,-1.0
134,193,4,-1.0
134,194,4,-1.0
134,195,4,-1.0
134,196,4,-1.0
134,197,4,-1.0
134,198,4,-1.0
134,199,4,-1.0
134,200,4,-1.0
134,201,4,-1.0
134,202,4,-1.0
134,203,4,-1.0
134,204,4,-1.0
134,205,4,-1.0
134,206,4,-1.0
134,207,4,-1.0
134,208,4,-1.0
134,209,4,-1.0
134,210,4,-1.0
134,211,4,-1.0
134,212,4,-1.0
134,213,4,-1.0
134,214,4,-1.0
134,215,4,-1.0
134,216,4,-1.0
134,217,4,-1.0
134,218,4,-1.0
134,219,4,-1.0
134,220,4,-1.0
134,221,4,-1.0
134,222,4,-1.0
134,223,4,-1.0
134,224,4,-1.0
134,225,4,-1.0
134,226,4,-1.0
134,227,4,-1.0
134,228,4,-1.0
134,229,4,-1.0
134,230,4,-1.0
134,231,4,-1.0
134,232,4,-1.0
134,233,4,-1.0
134,234,4,-1.0
134,235,4,-1.0
134,236,4,-1.0
134,237,4,-1.0
134,238,4,-1.0
134,239,4,-1.0
134,240,4,-1.0
134,241,4,-1.0
134,242,4,-1.0
134,243,4,-1.0
134,244,4,-1.0
134,245,4,-1.0
134,246,4,-1.0
134,247,4,-1.0
134,248,4,-1.0
134,249,4,-1.0
134,250,4,-1.0
135,0,2,967.37959
135,1,2,967.64966
135,2,2,968.46085
135,3,2,969.816
135,4,2,971.71992
135,5,2,974.1794
135,6,2,977.20324
135,7,2,980.80239
135,8,2,984.98839
135,9,2,989.77595
135,10,2,995.18493
135,11,2,1001.2359
135,12,2,1007.9496
135,13,2,1015.352
135,14,2,1023.4759
135,15,2,1032.3501
135,16,2,1042.0136
135,17,2,1052.5091
135,18,2,1063.8783
135,19,2,1076.1788
135,20,2,1089.4615
135,21,2,1103.7972
135,22,2,1119.2533
135,23,2,1135.9129
135,24,2,1153.8691
135,25,2,1173.2167
135,26,2,1194.078
135,27,2,1216.5828
135,28,2,1240.8743
135,29,2,1267.1232
135,30,2,1295.5229
135,31,2,1326.2935
135,32,2,1359.6884
135,33,2,1396.0008
135,34,2,1435.5717
135,35,2,1478.7996
135,36,2,1526.1563
135,37,2,1578.1984
135,38,2,1635.5891
135,39,2,1699.1266
135,40,2,1769.7817
135,41,2,1848.7431
135,42,2,1937.4831
135,43,2,2037.8482
135,44,2,2152.1822
135,45,2,2283.4986
135,46,2,2435.7837
135,47,2,2614.362
135,48,2,2826.4996
135,49,2,3082.4968
135,50,2,3397.2954
135,51,2,3793.5089
135,52,2,4307.1282
135,53,2,4998.912
135,54,2,5980.5116
135,55,2,7481.2925
135,56,2,10059.663
135,57,2,15522.92
135,58,2,34837.584
135,59,1,-1.0
135,60,1,-1.0
135,61,1,-1.0
135,62,1,-1.0
135,63,1,-1.0
135,64,1,-1.0
135,65,1,-1.0
135,66,1,-1.0
135,67,1,-1.0
135,68,1,-1.0
135,69,1,-1.0
135,70,1,-1.0
135,71,1,-1.0
135,72,1,-1.0
135,73,1,-1.0
135,74,1,-1.0
135,75,1,-1.0
135,76,1,-1.0
135,77,1,-1.0
135,78,1,-1.0
135,79,1,-1.0
135,80,1,-1.0
135,81,1,-1.0
135,82,1,-1.0
135,83,1,-1.0
135,84,1,-1.0
135,85,1,-1.0
135,86,1,-1.0
135,87,1,-1.0
135,88,1,-1.0
135,89,1,-1.0
135,90,1,-1.0
135,91,1,-1.0
135,92,1,-1.0
135,93,1,-1.0
135,94,1,-1.0
135,95,1,-1.0
135,96,1,-1.0
135,97,1,-1.0
135,98,1,-1.0
135,99,1,-1.0
135,100,1,-1.0
135,101,1,-1.0
135,102,1,-1.0
135,103,1,-1.0
135,104,1,-1.0
135,105,1,-1.0
135,106,1,-1.0
135,107,1,-1.0
135,108,1,-1.0
135,109,1,-1.0
135,110,1,-1.0
135,111,1,-1.0
135,112,1,-1.0
135,113,1,-1.0
135,114,1,-1.0
135,115,1,-1.0
135,116,1,-1.0
135,117,1,-1.0
135,118,1,-1.0
135,119,1,-1.0
135,120,1,-1.0
135,121,1,-1.0
135,122,1,-1.0
135,123,1,-1.0
135,124,1,-1.0
135,125,1,-1.0
135,126,1,-1.0
135,127,1,-1.0
135,128,1,-1.0
135,129,1,-1.0
135,130,1,-1.0
135,131,1,-1.0
135,132,1,-1.0
135,133,1,-1.0
135,134,1,-1.0
135,135,1,-1.0
135,136,1,-1.0
135,137,1,-1.0
135,138,1,-1.0
135,139,1,-1.0
135,140,1,-1.0
135,141,1,-1.0
135,142,1,-1.0
135,143,1,-1.0
135,144,1,-1.0
135,145,1,-1.0
135,146,1,-1.0
135,147,1,-1.0
135,148,1,-1.0
135,149,1,-1.0
135,150,1,-1.0
135,151,1,-1.0
135,152,1,-1.0
135,153,1,-1.0
135,154,1,-1.0
135,155,1,-1.0
135,156,1,-1.0
135,157,1,-1.0
135,158,1,-1.0
135,159,1,-1.0
135,160,1,-1.0
135,161,4,-1.0
135,162,4,-1.0
135,163,4,-1.0
135,164,4,-1.0
135,165,4,-1.0
135,166,4,-1.0
135,167,4,-1.0
135,168,4,-1.0
135,169,4,-1.0
135,170,4,-1.0
135,171,4,-1.0
135,172,4,-1.0
135,173,4,-1.0
135,174,4,-1.0
135,175,4,-1.0
135,176,4,-1.0
135,177,4,-1.0
135,178,4,-1.0
135,179,4,-1.0
135,180,4,-1.0
135,181,4,-1.0
135,182,4,-1.0
135,183,4,-1.0
135,184,4,-1.0
135,185,4,-1.0
135,186,4,-1.0
135,187,4,-1.0
135,188,4,-1.0
135,189,4,-1.0
135,190,4,-1.0
135,191,4,-1.0
135,192,4,-1.0
135,193,4,-1.0
135,194,4,-1.0
135,195,4,-1.0
135,196,4,-1.0
135,197,4,-1.0
135,198,4,-1.0
135,199,4,-1.0
135,200,4,-1.0
135,201,4,-1.0
135,202,4,-1.0
135,203,4,-1.0
135,204,4,-1.0
135,205,4,-1.0
135,206,4,-1.0
135,207,4,-1.0
135,208,4,-1.0
135,209,4,-1.0
135,210,4,-1.0
135,211,4,-1.0
135,212,4,-1.0
135,213,4,-1.0
135,214,4,-1.0
135,215,4,-1.0
135,216,4,-1.0
135,217,4,-1.0
135,218,4,-1.0
135,219,4,-1.0
135,220,4,-1.0
135,221,4,-1.0
135,222,4,-1.0
135,223,4,-1.0
135,224,4,-1.0
135,225,4,-1.0
135,226,4,-1.0
135,227,4,-1.0
135,228,4,-1.0
135,229,4,-1.0
135,230,4,-1.0
135,231,4,-1.0
135,232,4,-1.0
135,233,4,-1.0
135,234,4,-1.0
135,235,4,-1.0
135,236,4,-1.0
135,237,4,-1.0
135,238,4,-1.0
135,239,4,-1.0
135,240,4,-1.0
135,241,4,-1.0
135,242,4,-1.0
135,243,4,-1.0
135,244,4,-1.0
135,245,4,-1.0
135,246,4,-1.0
135,247,4,-1.0
135,248,4,-1.0
135,249,4,-1.0
135,250,4,-1.0
136,0,2,917.69846
136,1,2,917.94097
136,2,2,918.66931
136,3,2,919.88593
136,4,2,921.59492
136,5,2,923.80206
136,6,2,926.51279
136,7,2,929.73778
136,8,2,933.48846
136,9,2,937.77798
136,10,2,942.62159
136,11,2,948.03223
136,12,2,954.03366
136,13,2,960.64839
136,14,2,967.8967
136,15,2,975.80999
136,16,2,984.41909
136,17,2,993.7552
136,18,2,1003.8621
136,19,2,1014.7759
136,20,2,1026.5514
136,21,2,1039.2354
136,22,2,1052.8921
136,23,2,1067.586
136,24,2,1083.3893
136,25,2,1100.389
136,26,2,1118.6758
136,27,2,1138.353
136,28,2,1159.5422
136,29,2,1182.3772
136,30,2,1207.0096
136,31,2,1233.6096
136,32,2,1262.3777
136,33,2,1293.5419
136,34,2,1327.3644
136,35,2,1364.1497
136,36,2,1404.2523
136,37,2,1448.0882
136,38,2,1496.1483
136,39,2,1549.0159
136,40,2,1607.3888
136,41,2,1672.1051
136,42,2,1744.1962
136,43,2,1824.9272
136,44,2,1915.8727
136,45,2,2019.0065
136,46,2,2136.8713
136,47,2,2272.7715
136,48,2,2431.052
136,49,2,2617.6331
136,50,2,2840.6883
136,51,2,3111.8994
136,52,2,3448.5419
136,53,2,3877.2874
136,54,2,4441.5698
136,55,2,5217.3527
136,56,2,6350.1647
136,57,2,8159.3055
136,58,2,11506.21
136,59,2,19793.959
136,60,2,74726.474
136,61,1,-1.0
136,62,1,-1.0
136,63,1,-1.0
136,64,1,-1.0
136,65,1,-1.0
136,66,1,-1.0
136,67,1,-1.0
136,68,1,-1.0
136,69,1,-1.0
136,70,1,-1.0
136,71,1,-1.0
136,72,1,-1.0
136,73,1,-1.0
136,74,1,-1.0
136,75,1,-1.0
136,76,1,-1.0
136,77,1,-1.0
136,78,1,-1.0
136,79,1,-1.0
136,80,1,-1.0
136,81,1,-1.0
136,82,1,-1.0
136,83,1,-1.0
136,84,1,-1.0
136,85,1,-1.0
136,86,1,-1.0
136,87,1,-1.0
136,88,1,-1.0
136,89,1,-1.0
136,90,1,-1.0
136,91,1,-1.0
136,92,1,-1.0
136,93,1,-1.0
136,94,1,-1.0
136,95,1,-1.0
136,96,1,-1.0
136,97,1,-1.0
136,98,1,-1.0
136,99,1,-1.0
136,100,1,-1.0
136,101,1,-1.0
136,102,1,-1.0
136,103,1,-1.0
136,104,1,-1.0
136,105,1,-1.0
136,106,1,-1.0
136,107,1,-1.0
136,108,1,-1.0
136,109,1,-1.0
136,110,1,-1.0
136,111,1,-1.0
136,112,1,-1.0
136,113,1,-1.0
136,114,1,-1.0
136,115,1,-1.0
136,116,1,-1.0
136,117,1,-1.0
136,118,1,-1.0
136,119,1,-1.0
136,120,1,-1.0
136,121,1,-1.0
136,122,1,-1.0
136,123,1,-1.0
136,124,1,-1.0
136,125,1,-1.0
136,126,1,-1.0
136,127,1,-1.0
136,128,1,-1.0
136,129,1,-1.0
136,130,1,-1.0
136,131,1,-1.0
136,132,1,-1.0
136,133,1,-1.0
136,134,1,-1.0
136,135,1,-1.0
136,136,1,-1.0
136,137,1,-1.0
136,138,1,-1.0
136,139,1,-1.0
136,140,1,-1.0
136,141,1,-1.0
136,142,1,-1.0
136,143,1,-1.0
136,144,1,-1.0
136,145,1,-1.0
136,146,1,-1.0
136,147,1,-1.0
136,148,1,-1.0
136,149,1,-1.0
136,150,1,-1.0
136,151,1,-1.0
136,152,1,-1.0
136,153,1,-1.0
136,154,1,-1.0
136,155,1,-1.0
136,156,1,-1.0
136,157,1,-1.0
136,158,1,-1.0
136,159,1,-1.0
136,160,1,-1.0
136,161,4,-1.0
136,162,4,-1.0
136,163,4,-1.0
136,164,4,-1.0
136,165,4,-1.0
136,166,4,-1.0
136,167,4,-1.0
136,168,4,-1.0
136,169,4,-1.0
136,170,4,-1.0
136,171,4,-1.0
136,172,4,-1.0
136,173,4,-1.0
136,174,4,-1.0
136,175,4,-1.0
136,176,4,-1.0
136,177,4,-1.0
136,178,4,-1.0
136,179,4,-1.0
136,180,4,-1.0
136,181,4,-1.0
136,182,4,-1.0
136,183,4,-1.0
136,184,4,-1.0
136,185,4,-1.0
136,186,4,-1.0
136,187,4,-1.0
136,188,4,-1.0
136,189,4,-1.0
136,190,4,-1.0
136,191,4,-1.0
136,192,4,-1.0
136,193,4,-1.0
136,194,4,-1.0
136,195,4,-1.0
136,196,4,-1.0
136,197,4,-1.0
136,198,4,-1.0
136,199,4,-1.0
136,200,4,-1.0
136,201,4,-1.0
136,202,4,-1.0
136,203,4,-1.0
136,204,4,-1.0
136,205,4,-1.0
136,206,4,-1.0
136,207,4,-1.0
136,208,4,-1.0
136,209,4,-1.0
136,210,4,-1.0
136,211,4,-1.0
136,212,4,-1.0
136,213,4,-1.0
136,214,4,-1.0
136,215,4,-1.0
136,216,4,-1.0
136,217,4,-1.0
136,218,4,-1.0
136,219,4,-1.0
136,220,4,-1.0
136,221,4,-1.0
136,222,4,-1.0
136,223,4,-1.0
136,224,4,-1.0
136,225,4,-1.0
136,226,4,-1.0
136,227,4,-1.0
136,228,4,-1.0
136,229,4,-1.0
136,230,4,-1.0
136,231,4,-1.0
136,232,4,-1.0
136,233,4,-1.0
136,234,4,-1.0
136,235,4,-1.0
136,236,4,-1.0
136,237,4,-1.0
136,238,4,-1.0
136,239,4,-1.0
136,240,4,-1.0
136,241,4,-1.0
136,242,4,-1.0
136,243,4,-1.0
136,244,4,-1.0
136,245,4,-1.0
136,246,4,-1.0
136,247,4,-1.0
136,248,4,-1.0
136,249,4,-1.0
136,250,4,-1.0
137,0,2,871.28946
137,1,2,871.50737
137,2,2,872.16175
137,3,2,873.25471
137,4,2,874.78972
137,5,2,876.77173
137,6,2,879.20713
137,7,2,882.10386
137,8,2,885.47145
137,9,2,889.31959
137,10,2,893.66046
137,11,2,898.51073
137,12,2,903.88723
137,13,2,909.80429
137,14,2,916.2869
137,15,2,923.35806
137,16,2,931.04029
137,17,2,939.36791
137,18,2,948.36668
137,19,2,958.0791
137,20,2,968.53802
137,21,2,979.79418
137,22,2,991.89082
137,23,2,1004.8864
137,24,2,1018.842
137,25,2,1033.8207
137,26,2,1049.9032
137,27,2,1067.1743
137,28,2,1085.7272
137,29,2,1105.6689
137,30,2,1127.1226
137,31,2,1150.2257
137,32,2,1175.1341
137,33,2,1202.0256
137,34,2,1231.104
137,35,2,1262.604
137,36,2,1296.7966
137,37,2,1333.9969
137,38,2,1374.573
137,39,2,1418.9578
137,40,2,1467.6632
137,41,2,1521.2999
137,42,2,1580.5956
137,43,2,1646.4403
137,44,2,1719.9233
137,45,2,1802.3869
137,46,2,1895.501
137,47,2,2001.4099
137,48,2,2122.8451
137,49,2,2263.4006
137,50,2,2427.8701
137,51,2,2622.7974
137,52,2,2857.3641
137,53,2,3144.874
137,54,2,3505.2869
137,55,2,3970.1567
137,56,2,4592.2271
137,57,2,5466.9439
137,58,2,6786.8529
137,59,2,9006.6141
137,60,2,13519.66
137,61,2,27665.231
137,62,1,-1.0
137,63,1,-1.0
137,64,1,-1.0
137,65,1,-1.0
137,66,1,-1.0
137,67,1,-1.0
137,68,1,-1.0
137,69,1,-1.0
137,70,1,-1.0
137,71,1,-1.0
137,72,1,-1.0
137,73,1,-1.0
137,74,1,-1.0
137,75,1,-1.0
137,76,1,-1.0
137,77,1,-1.0
137,78,1,-1.0
137,79,1,-1.0
137,80,1,-1.0
137,81,1,-1.0
137,82,1,-1.0
137,83,1,-1.0
137,84,1,-1.0
137,85,1,-1.0
137,86,1,-1.0
137,87,1,-1.0
137,88,1,-1.0
137,89,1,-1.0
137,90,1,-1.0
137,91,1,-1.0
137,92,1,-1.0
137,93,1,-1.0
137,94,1,-1.0
137,95,1,-1.0
137,96,1,-1.0
137,97,1,-1.0
137,98,1,-1.0
137,99,1,-1.0
137,100,1,-1.0
137,101,1,-1.0
137,102,1,-1.0
137,103,1,-1.0
137,104,1,-1.0
137,105,1,-1.0
137,106,1,-1.0
137,107,1,-1.0
137,108,1,-1.0
137,109,1,-1.0
137,110,1,-1.0
137,111,1,-1.0
137,112,1,-1.0
137,113,1,-1.0
137,114,1,-1.0
137,115,1,-1.0
137,116,1,-1.0
137,117,1,-1.0
137,118,1,-1.0
137,119,1,-1.0
137,120,1,-1.0
137,121,1,-1.0
137,122,1,-1.0
137,123,1,-1.0
137,124,1,-1.0
137,125,1,-1.0
137,126,1,-1.0
137,127,1,-1.0
137,128,1,-1.0
137,129,1,-1.0
137,130,1,-1.0
137,131,1,-1.0
137,132,1,-1.0
137,133,1,-1.0
137,134,1,-1.0
137,135,1,-1.0
137,136,1,-1.0
137,137,1,-1.0
137,138,1,-1.0
137,139,1,-1.0
137,140,1,-1.0
137,141,1,-1.0
137,142,1,-1.0
137,143,1,-1.0
137,144,1,-1.0
137,145,1,-1.0
137,146,1,-1.0
137,147,1,-1.0
137,148,1,-1.0
137,149,1,-1.0
137,150,1,-1.0
137,151,1,-1.0
137,152,1,-1.0
137,153,1,-1.0
137,154,1,-1.0
137,155,1,-1.0
137,156,1,-1.0
137,157,1,-1.0
137,158,1,-1.0
137,159,1,-1.0
137,160,1,-1.0
137,161,4,-1.0
137,162,4,-1.0
137,163,4,-1.0
137,164,4,-1.0
137,165,4,-1.0
137,166,4,-1.0
137,167,4,-1.0
137,168,4,-1.0
137,169,4,-1.0
137,170,4,-1.0
137,171,4,-1.0
137,172,4,-1.0
137,173,4,-1.0
137,174,4,-1.0
137,175,4,-1.0
137,176,4,-1.0
137,177,4,-1.0
137,178,4,-1.0
137,179,4,-1.0
137,180,4,-1.0
137,181,4,-1.0
137,182,4,-1.0
137,183,4,-1.0
137,184,4,-1.0
137,185,4,-1.0
137,186,4,-1.0
137,187,4,-1.0
137,188,4,-1.0
137,189,4,-1.0
137,190,4,-1.0
137,191,4,-1.0
137,192,4,-1.0
137,193,4,-1.0
137,194,4,-1.0
137,195,4,-1.0
137,196,4,-1.0
137,197,4,-1.0
137,198,4,-1.0
137,199,4,-1.0
137,200,4,-1.0
137,201,4,-1.0
137,202,4,-1.0
137,203,4,-1.0
137,204,4,-1.0
137,205,4,-1.0
137,206,4,-1.0
137,207,4,-1.0
137,208,4,-1.0
137,209,4,-1.0
137,210,4,-1.0
137,211,4,-1.0
137,212,4,-1.0
137,213,4,-1.0
137,214,4,-1.0
137,215,4,-1.0
137,216,4,-1.0
137,217,4,-1.0
137,218,4,-1.0
137,219,4,-1.0
137,220,4,-1.0
137,221,4,-1.0
137,222,4,-1.0
137,223,4,-1.0
137,224,4,-1.0
137,225,4,-1.0
137,226,4,-1.0
137,227,4,-1.0
137,228,4,-1.0
137,229,4,-1.0
137,230,4,-1.0
137,231,4,-1.0
137,232,4,-1.0
137,233,4,-1.0
137,234,4,-1.0
137,235,4,-1.0
137,236,4,-1.0
137,237,4,-1.0
137,238,4,-1.0
137,239,4,-1.0
137,240,4,-1.0
137,241,4,-1.0
137,242,4,-1.0
137,243,4,-1.0
137,244,4,-1.0
137,245,4,-1.0
137,246,4,-1.0
137,247,4,-1.0
137,248,4,-1.0
137,249,4,-1.0
137,250,4,-1.0
138,0,2,827.88213
138,1,2,828.07836
138,2,2,828.66763
138,3,2,829.65174
138,4,2,831.03367
138,5,2,832.81765
138,6,2,835.00915
138,7,2,837.61497
138,8,2,840.64094
138,9,2,844.09814
138,10,2,847.998
138,11,2,852.35315
138,12,2,857.17407
138,13,2,862.47985
138,14,2,868.28878
138,15,2,874.61586
138,16,2,881.48836
138,17,2,888.92683
138,18,2,896.96071
138,19,2,905.618
138,20,2,914.93399
138,21,2,924.9423
138,22,2,935.6879
138,23,2,947.21105
138,24,2,959.56529
138,25,2,972.807
138,26,2,986.99478
138,27,2,1002.1999
138,28,2,1018.5006
138,29,2,1035.9835
138,30,2,1054.7458
138,31,2,1074.8956
138,32,2,1096.5581
138,33,2,1119.8745
138,34,2,1145.0047
138,35,2,1172.1314
138,36,2,1201.4644
138,37,2,1233.2454
138,38,2,1267.7532
138,39,2,1305.3119
138,40,2,1346.3048
138,41,2,1391.1816
138,42,2,1440.4759
138,43,2,1494.8217
138,44,2,1554.9854
138,45,2,1621.9067
138,46,2,1696.7269
138,47,2,1780.871
138,48,2,1876.1364
138,49,2,1984.7967
138,50,2,2109.8261
138,51,2,2255.1172
138,52,2,2425.9388
138,53,2,2629.553
138,54,2,2876.2416
138,55,2,3181.1595
138,56,2,3567.4743
138,57,2,4072.5085
138,58,2,4760.6049
138,59,2,5752.8608
138,60,2,7307.3862
138,61,2,10089.601
138,62,2,16499.151
138,63,2,46883.913
138,64,1,-1.0
138,65,1,-1.0
138,66,1,-1.0
138,67,1,-1.0
138,68,1,-1.0
138,69,1,-1.0
138,70,1,-1.0
138,71,1,-1.0
138,72,1,-1.0
138,73,1,-1.0
138,74,1,-1.0
138,75,1,-1.0
138,76,1,-1.0
138,77,1,-1.0
138,78,1,-1.0
138,79,1,-1.0
138,80,1,-1.0
138,81,1,-1.0
138,82,1,-1.0
138,83,1,-1.0
138,84,1,-1.0
138,85,1,-1.0
138,86,1,-1.0
138,87,1,-1.0
138,88,1,-1.0
138,89,1,-1.0
138,90,1,-1.0
138,91,1,-1.0
138,92,1,-1.0
138,93,1,-1.0
138,94,1,-1.0
138,95,1,-1.0
138,96,1,-1.0
138,97,1,-1.0
138,98,1,-1.0
138,99,1,-1.0
138,100,1,-1.0
138,101,1,-1.0
138,102,1,-1.0
138,103,1,-1.0
138,104,1,-1.0
138,105,1,-1.0
138,106,1,-1.0
138,107,1,-1.0
138,108,1,-1.0
138,109,1,-1.0
138,110,1,-1.0
138,111,1,-1.0
138,112,1,-1.0
138,113,1,-1.0
138,114,1,-1.0
138,115,1,-1.0
138,116,1,-1.0
138,117,1,-1.0
138,118,1,-1.0
138,119,1,-1.0
138,120,1,-1.0
138,121,1,-1.0
138,122,1,-1.0
138,123,1,-1.0
138,124,1,-1.0
138,125,1,-1.0
138,126,1,-1.0
138,127,1,-1.0
138,128,1,-1.0
138,129,1,-1.0
138,130,1,-1.0
138,131,1,-1.0
138,132,1,-1.0
138,133,1,-1.0
138,134,1,-1.0
138,135,1,-1.0
138,136,1,-1.0
138,137,1,-1.0
138,138,1,-1.0
138,139,1,-1.0
138,140,1,-1.0
138,141,1,-1.0
138,142,1,-1.0
138,143,1,-1.0
138,144,1,-1.0
138,145,1,-1.0
138,146,1,-1.0
138,147,1,-1.0
138,148,1,-1.0
138,149,1,-1.0
138,150,1,-1.0
138,151,1,-1.0
138,152,1,-1.0
138,153,1,-1.0
138,154,1,-1.0
138,155,1,-1.0
138,156,1,-1.0
138,157,1,-1.0
138,158,1,-1.0
138,159,1,-1.0
138,160,1,-1.0
138,161,4,-1.0
138,162,4,-1.0
138,163,4,-1.0
138,164,4,-1.0
138,165,4,-1.0
138,166,4,-1.0
138,167,4,-1.0
138,168,4,-1.0
138,169,4,-1.0
138,170,4,-1.0
138,171,4,-1.0
138,172,4,-1.0
138,173,4,-1.0
138,174,4,-1.0
138,175,4,-1.0
138,176,4,-1.0
138,177,4,-1.0
138,178,4,-1.0
138,179,4,-1.0
138,180,4,-1.0
138,181,4,-1.0
138,182,4,-1.0
138,183,4,-1.0
138,184,4,-1.0
138,185,4,-1.0
138,186,4,-1.0
138,187,4,-1.0
138,188,4,-1.0
138,189,4,-1.0
138,190,4,-1.0
138,191,4,-1.0
138,192,4,-1.0
138,193,4,-1.0
138,194,4,-1.0
138,195,4,-1.0
138,196,4,-1.0
138,197,4,-1.0
138,198,4,-1.0
138,199,4,-1.0
138,200,4,-1.0
138,201,4,-1.0
138,202,4,-1.0
138,203,4,-1.0
138,204,4,-1.0
138,205,4,-1.0
138,206,4,-1.0
138,207,4,-1.0
138,208,4,-1.0
138,209,4,-1.0
138,210,4,-1.0
138,211,4,-1.0
138,212,4,-1.0
138,213,4,-1.0
138,214,4,-1.0
138,215,4,-1.0
138,216,4,-1.0
138,217,4,-1.0
138,218,4,-1.0
138,219,4,-1.0
138,220,4,-1.0
138,221,4,-1.0
138,222,4,-1.0
138,223,4,-1.0
138,224,4,-1.0
138,225,4,-1.0
138,226,4,-1.0
138,227,4,-1.0
138,228,4,-1.0
138,229,4,-1.0
138,230,4,-1.0
138,231,4,-1.0
138,232,4,-1.0
138,233,4,-1.0
138,234,4,-1.0
138,235,4,-1.0
138,236,4,-1.0
138,237,4,-1.0
138,238,4,-1.0
138,239,4,-1.0
138,240,4,-1.0
138,241,4,-1.0
138,242,4,-1.0
138,243,4,-1.0
138,244,4,-1.0
138,245,4,-1.0
138,246,4,-1.0
138,247,4,-1.0
138,248,4,-1.0
138,249,4,-1.0
138,250,4,-1.0
139,0,2,787.24105
139,1,2,787.41801
139,2,2,787.94938
139,3,2,788.8367
139,4,2,790.08253
139,5,2,791.69051
139,6,2,793.66501
139,7,2,796.01036
139,8,2,798.73498
139,9,2,801.84706
139,10,2,805.35603
139,11,2,809.27004
139,12,2,813.60265
139,13,2,818.36848
139,14,2,823.57946
139,15,2,829.25445
139,16,2,835.41208
139,17,2,842.07073
139,18,2,849.25634
139,19,2,856.99033
139,20,2,865.30392
139,21,2,874.22553
139,22,2,883.78968
139,23,2,894.03588
139,24,2,905.0013
139,25,2,916.73551
139,26,2,929.28972
139,27,2,942.71941
139,28,2,957.08655
139,29,2,972.46373
139,30,2,988.92961
139,31,2,1006.5724
139,32,2,1025.4913
139,33,2,1045.7981
139,34,2,1067.6196
139,35,2,1091.0992
139,36,2,1116.4009
139,37,2,1143.7119
139,38,2,1173.2476
139,39,2,1205.2565
139,40,2,1240.027
139,41,2,1277.8917
139,42,2,1319.2468
139,43,2,1364.5604
139,44,2,1414.3848
139,45,2,1469.3803
139,46,2,1530.3584
139,47,2,1598.2899
139,48,2,1674.3932
139,49,2,1760.1695
139,50,2,1857.5368
139,51,2,1968.9284
139,52,2,2097.5522
139,53,2,2247.6447
139,54,2,2424.9688
139,55,2,2637.5758
139,56,2,2897.0231
139,57,2,3220.5359
139,58,2,3634.9813
139,59,2,4184.7306
139,60,2,4948.6136
139,61,2,6081.4796
139,62,2,7934.9454
139,63,2,11515.443
139,64,2,21336.48
139,65,2,163990.29
139,66,1,-1.0
139,67,1,-1.0
139,68,1,-1.0
139,69,1,-1.0
139,70,1,-1.0
139,71,1,-1.0
139,72,1,-1.0
139,73,1,-1.0
139,74,1,-1.0
139,75,1,-1.0
139,76,1,-1.0
139,77,1,-1.0
139,78,1,-1.0
139,79,1,-1.0
139,80,1,-1.0
139,81,1,-1.0
139,82,1,-1.0
139,83,1,-1.0
139,84,1,-1.0
139,85,1,-1.0
139,86,1,-1.0
139,87,1,-1.0
139,88,1,-1.0
139,89,1,-1.0
139,90,1,-1.0
139,91,1,-1.0
139,92,1,-1.0
139,93,1,-1.0
139,94,1,-1.0
139,95,1,-1.0
139,96,1,-1.0
139,97,1,-1.0
139,98,1,-1.0
139,99,1,-1.0
139,100,1,-1.0
139,101,1,-1.0
139,102,1,-1.0
139,103,1,-1.0
139,104,1,-1.0
139,105,1,-1.0
139,106,1,-1.0
139,107,1,-1.0
139,108,1,-1.0
139,109,1,-1.0
139,110,1,-1.0
139,111,1,-1.0
139,112,1,-1.0
139,113,1,-1.0
139,114,1,-1.0
139,115,1,-1.0
139,116,1,-1.0
139,117,1,-1.0
139,118,1,-1.0
139,119,1,-1.0
139,120,1,-1.0
139,121,1,-1.0
139,122,1,-1.0
139,123,1,-1.0
139,124,1,-1.0
139,125,1,-1.0
139,126,1,-1.0
139,127,1,-1.0
139,128,1,-1.0
139,129,1,-1.0
139,130,1,-1.0
139,131,1,-1.0
139,132,1,-1.0
139,133,1,-1.0
139,134,1,-1.0
139,135,1,-1.0
139,136,1,-1.0
139,137,1,-1.0
139,138,1,-1.0
139,139,1,-1.0
139,140,1,-1.0
139,141,1,-1.0
139,142,1,-1.0
139,143,1,-1.0
139,144,1,-1.0
139,145,1,-1.0
139,146,1,-1.0
139,147,1,-1.0
139,148,1,-1.0
139,149,1,-1.0
139,150,1,-1.0
139,151,1,-1.0
139,152,1,-1.0
139,153,1,-1.0
139,154,1,-1.0
139,155,1,-1.0
139,156,1,-1.0
139,157,1,-1.0
139,158,1,-1.0
139,159,1,-1.0
139,160,1,-1.0
139,161,1,-1.0
139,162,4,-1.0
139,163,4,-1.0
139,164,4,-1.0
139,165,4,-1.0
139,166,4,-1.0
139,167,4,-1.0
139,168,4,-1.0
139,169,4,-1.0
139,170,4,-1.0
139,171,4,-1.0
139,172,4,-1.0
139,173,4,-1.0
139,174,4,-1.0
139,175,4,-1.0
139,176,4,-1.0
139,177,4,-1.0
139,178,4,-1.0
139,179,4,-1.0
139,180,4,-1.0
139,181,4,-1.0
139,182,4,-1.0
139,183,4,-1.0
139,184,4,-1.0
139,185,4,-1.0
139,186,4,-1.0
139,187,4,-1.0
139,188,4,-1.0
139,189,4,-1.0
139,190,4,-1.0
139,191,4,-1.0
139,192,4,-1.0
139,193,4,-1.0
139,194,4,-1.0
139,195,4,-1.0
139,196,4,-1.0
139,197,4,-1.0
139,198,4,-1.0
139,199,4,-1.0
139,200,4,-1.0
139,201,4,-1.0
139,202,4,-1.0
139,203,4,-1.0
139,204,4,-1.0
139,205,4,-1.0
139,206,4,-1.0
139,207,4,-1.0
139,208,4,-1.0
139,209,4,-1.0
139,210,4,-1.0
139,211,4,-1.0
139,212,4,-1.0
139,213,4,-1.0
139,214,4,-1.0
139,215,4,-1.0
139,216,4,-1.0
139,217,4,-1.0
139,218,4,-1.0
139,219,4,-1.0
139,220,4,-1.0
139,221,4,-1.0
139,222,4,-1.0
139,223,4,-1.0
139,224,4,-1.0
139,225,4,-1.0
139,226,4,-1.0
139,227,4,-1.0
139,228,4,-1.0
139,229,4,-1.0
139,230,4,-1.0
139,231,4,-1.0
139,232,4,-1.0
139,233,4,-1.0
139,234,4,-1.0
139,235,4,-1.0
139,236,4,-1.0
139,237,4,-1.0
139,238,4,-1.0
139,239,4,-1.0
139,240,4,-1.0
139,241,4,-1.0
139,242,4,-1.0
139,243,4,-1.0
139,244,4,-1.0
139,245,4,-1.0
139,246,4,-1.0
139,247,4,-1.0
139,248,4,-1.0
139,249,4,-1.0
139,250,4,-1.0
140,0,2,749.1487
140,1,2,749.30848
140,2,2,749.78826
140,3,2,750.58936
140,4,2,751.71398
140,5,2,753.16478
140,6,2,754.94508
140,7,2,757.06075
140,8,2,759.51776
140,9,2,762.32312
140,10,2,765.48376
140,11,2,769.008
140,12,2,772.90799
140,13,2,777.19446
140,14,2,781.87821
140,15,2,786.97671
140,16,2,792.50231
140,17,2,798.47505
140,18,2,804.91228
140,19,2,811.83678
140,20,2,819.26989
140,21,2,827.2406
140,22,2,835.77249
140,23,2,844.90115
140,24,2,854.66061
140,25,2,865.08577
140,26,2,876.22215
140,27,2,888.11624
140,28,2,900.8197
140,29,2,914.38832
140,30,2,928.88757
140,31,2,944.38941
140,32,2,960.97383
140,33,2,978.73059
140,34,2,997.76071
140,35,2,1018.1782
140,36,2,1040.1122
140,37,2,1063.7094
140,38,2,1089.1372
140,39,2,1116.5843
140,40,2,1146.2737
140,41,2,1178.4607
140,42,2,1213.4423
140,43,2,1251.5588
140,44,2,1293.2226
140,45,2,1338.9165
140,46,2,1389.2089
140,47,2,1444.8013
140,48,2,1506.5203
140,49,2,1575.4071
140,50,2,1652.7233
140,51,2,1740.0736
140,52,2,1839.4877
140,53,2,1953.5721
140,54,2,2085.7759
140,55,2,2240.7046
140,56,2,2424.6736
140,57,2,2646.5765
140,58,2,2919.3717
140,59,2,3262.6839
140,60,2,3707.7165
140,61,2,4307.2806
140,62,2,5158.4134
140,63,2,6460.9327
140,64,2,8702.5249
140,65,2,13468.718
140,66,2,30511.877
140,67,1,-1.0
140,68,1,-1.0
140,69,1,-1.0
140,70,1,-1.0
140,71,1,-1.0
140,72,1,-1.0
140,73,1,-1.0
140,74,1,-1.0
140,75,1,-1.0
140,76,1,-1.0
140,77,1,-1.0
140,78,1,-1.0
140,79,1,-1.0
140,80,1,-1.0
140,81,1,-1.0
140,82,1,-1.0
140,83,1,-1.0
140,84,1,-1.0
140,85,1,-1.0
140,86,1,-1.0
140,87,1,-1.0
140,88,1,-1.0
140,89,1,-1.0
140,90,1,-1.0
140,91,1,-1.0
140,92,1,-1.0
140,93,1,-1.0
140,94,1,-1.0
140,95,1,-1.0
140,96,1,-1.0
140,97,1,-1.0
140,98,1,-1.0
140,99,1,-1.0
140,100,1,-1.0
140,101,1,-1.0
140,102,1,-1.0
140,103,1,-1.0
140,104,1,-1.0
140,105,1,-1.0
140,106,1,-1.0
140,107,1,-1.0
140,108,1,-1.0
140,109,1,-1.0
140,110,1,-1.0
140,111,1,-1.0
140,112,1,-1.0
140,113,1,-1.0
140,114,1,-1.0
140,115,1,-1.0
140,116,1,-1.0
140,117,1,-1.0
140,118,1,-1.0
140,119,1,-1.0
140,120,1,-1.0
140,121,1,-1.0
140,122,1,-1.0
140,123,1,-1.0
140,124,1,-1.0
140,125,1,-1.0
140,126,1,-1.0
140,127,1,-1.0
140,128,1,-1.0
140,129,1,-1.0
140,130,1,-1.0
140,131,1,-1.0
140,132,1,-1.0
140,133,1,-1.0
140,134,1,-1.0
140,135,1,-1.0
140,136,1,-1.0
140,137,1,-1.0
140,138,1,-1.0
140,139,1,-1.0
140,140,1,-1.0
140,141,1,-1.0
140,142,1,-1.0
140,143,1,-1.0
140,144,1,-1.0
140,145,1,-1.0
140,146,1,-1.0
140,147,1,-1.0
140,148,1,-1.0
140,149,1,-1.0
140,150,1,-1.0
140,151,1,-1.0
140,152,1,-1.0
140,153,1,-1.0
140,154,1,-1.0
140,155,1,-1.0
140,156,1,-1.0
140,157,1,-1.0
140,158,1,-1.0
140,159,1,-1.0
140,160,1,-1.0
140,161,1,-1.0
140,162,4,-1.0
140,163,4,-1.0
140,164,4,-1.0
140,165,4,-1.0
140,166,4,-1.0
140,167,4,-1.0
140,168,4,-1.0
140,169,4,-1.0
140,170,4,-1.0
140,171,4,-1.0
140,172,4,-1.0
140,173,4,-1.0
140,174,4,-1.0
140,175,4,-1.0
140,176,4,-1.0
140,177,4,-1.0
140,178,4,-1.0
140,179,4,-1.0
140,180,4,-1.0
140,181,4,-1.0
140,182,4,-1.0
140,183,4,-1.0
140,184,4,-1.0
140,185,4,-1.0
140,186,4,-1.0
140,187,4,-1.0
140,188,4,-1.0
140,189,4,-1.0
140,190,4,-1.0
140,191,4,-1.0
140,192,4,-1.0
140,193,4,-1.0
140,194,4,-1.0
140,195,4,-1.0
140,196,4,-1.0
140,197,4,-1.0
140,198,4,-1.0
140,199,4,-1.0
140,200,4,-1.0
140,201,4,-1.0
140,202,4,-1.0
140,203,4,-1.0
140,204,4,-1.0
140,205,4,-1.0
140,206,4,-1.0
140,207,4,-1.0
140,208,4,-1.0
140,209,4,-1.0
140,210,4,-1.0
140,211,4,-1.0
140,212,4,-1.0
140,213,4,-1.0
140,214,4,-1.0
140,215,4,-1.0
140,216,4,-1.0
140,217,4,-1.0
140,218,4,-1.0
140,219,4,-1.0
140,220,4,-1.0
140,221,4,-1.0
140,222,4,-1.0
140,223,4,-1.0
140,224,4,-1.0
140,225,4,-1.0
140,226,4,-1.0
140,227,4,-1.0
140,228,4,-1.0
140,229,4,-1.0
140,230,4,-1.0
140,231,4,-1.0
140,232,4,-1.0
140,233,4,-1.0
140,234,4,-1.0
140,235,4,-1.0
140,236,4,-1.0
140,237,4,-1.0
140,238,4,-1.0
140,239,4,-1.0
140,240,4,-1.0
140,241,4,-1.0
140,242,4,-1.0
140,243,4,-1.0
140,244,4,-1.0
140,245,4,-1.0
140,246,4,-1.0
140,247,4,-1.0
140,248,4,-1.0
140,249,4,-1.0
140,250,4,-1.0
141,0,2,713.40818
141,1,2,713.55263
141,2,2,713.98636
141,3,2,714.71051
141,4,2,715.72684
141,5,2,717.03708
141,6,2,718.64553
141,7,2,720.55648
141,8,2,722.77507
141,9,2,725.30733
141,10,2,728.15806
141,11,2,731.33649
141,12,2,734.85208
141,13,2,738.71274
141,14,2,742.92997
141,15,2,747.51745
141,16,2,752.48478
141,17,2,757.85119
141,18,2,763.62863
141,19,2,769.83948
141,20,2,776.49846
141,21,2,783.63173
141,22,2,791.26065
141,23,2,799.41168
141,24,2,808.11524
141,25,2,817.4016
141,26,2,827.30528
141,27,2,837.86659
141,28,2,849.1281
141,29,2,861.13699
141,30,2,873.94562
141,31,2,887.6113
141,32,2,902.20016
141,33,2,917.78479
141,34,2,934.44639
141,35,2,952.27613
141,36,2,971.37585
141,37,2,991.86122
141,38,2,1013.8642
141,39,2,1037.5344
141,40,2,1063.0427
141,41,2,1090.5838
141,42,2,1120.3807
141,43,2,1152.6984
141,44,2,1187.8393
141,45,2,1226.1567
141,46,2,1268.0761
141,47,2,1314.087
141,48,2,1364.7947
141,49,2,1420.9092
141,50,2,1483.3118
141,51,2,1553.0783
141,52,2,1631.54
141,53,2,1720.39
141,54,2,1821.7813
141,55,2,1938.5087
141,56,2,2074.2615
141,57,2,2234.0354
141,58,2,2424.7368
141,59,2,2656.204
141,60,2,2942.9492
141,61,2,3307.3075
141,62,2,3785.5293
141,63,2,4440.6049
141,64,2,5392.5073
141,65,2,6901.5404
141,66,2,9658.0639
141,67,2,16295.836
141,68,2,54469.987
141,69,1,-1.0
141,70,1,-1.0
141,71,1,-1.0
141,72,1,-1.0
141,73,1,-1.0
141,74,1,-1.0
141,75,1,-1.0
141,76,1,-1.0
141,77,1,-1.0
141,78,1,-1.0
141,79,1,-1.0
141,80,1,-1.0
141,81,1,-1.0
141,82,1,-1.0
141,83,1,-1.0
141,84,1,-1.0
141,85,1,-1.0
141,86,1,-1.0
141,87,1,-1.0
141,88,1,-1.0
141,89,1,-1.0
141,90,1,-1.0
141,91,1,-1.0
141,92,1,-1.0
141,93,1,-1.0
141,94,1,-1.0
141,95,1,-1.0
141,96,1,-1.0
141,97,1,-1.0
141,98,1,-1.0
141,99,1,-1.0
141,100,1,-1.0
141,101,1,-1.0
141,102,1,-1.0
141,103,1,-1.0
141,104,1,-1.0
141,105,1,-1.0
141,106,1,-1.0
141,107,1,-1.0
141,108,1,-1.0
141,109,1,-1.0
141,110,1,-1.0
141,111,1,-1.0
141,112,1,-1.0
141,113,1,-1.0
141,114,1,-1.0
141,115,1,-1.0
141,116,1,-1.0
141,117,1,-1.0
141,118,1,-1.0
141,119,1,-1.0
141,120,1,-1.0
141,121,1,-1.0
141,122,1,-1.0
141,123,1,-1.0
141,124,1,-1.0
141,125,1,-1.0
141,126,1,-1.0
141,127,1,-1.0
141,128,1,-1.0
141,129,1,-1.0
141,130,1,-1.0
141,131,1,-1.0
141,132,1,-1.0
141,133,1,-1.0
141,134,1,-1.0
141,135,1,-1.0
141,136,1,-1.0
141,137,1,-1.0
141,138,1,-1.0
141,139,1,-1.0
141,140,1,-1.0
141,141,1,-1.0
141,142,1,-1.0
141,143,1,-1.0
141,144,1,-1.0
141,145,1,-1.0
141,146,1,-1.0
141,147,1,-1.0
141,148,1,-1.0
141,149,1,-1.0
141,150,1,-1.0
141,151,1,-1.0
141,152,1,-1.0
141,153,1,-1.0
141,154,1,-1.0
141,155,1,-1.0
141,156,1,-1.0
141,157,1,-1.0
141,158,1,-1.0
141,159,1,-1.0
141,160,1,-1.0
141,161,1,-1.0
141,162,4,-1.0
141,163,4,-1.0
141,164,4,-1.0
141,165,4,-1.0
141,166,4,-1.0
141,167,4,-1.0
141,168,4,-1.0
141,169,4,-1.0
141,170,4,-1.0
141,171,4,-1.0
141,172,4,-1.0
141,173,4,-1.0
141,174,4,-1.0
141,175,4,-1.0
141,176,4,-1.0
141,177,4,-1.0
141,178,4,-1.0
141,179,4,-1.0
141,180,4,-1.0
141,181,4,-1.0
141,182,4,-1.0
141,183,4,-1.0
141,184,4,-1.0
141,185,4,-1.0
141,186,4,-1.0
141,187,4,-1.0
141,188,4,-1.0
141,189,4,-1.0
141,190,4,-1.0
141,191,4,-1.0
141,192,4,-1.0
141,193,4,-1.0
141,194,4,-1.0
141,195,4,-1.0
141,196,4,-1.0
141,197,4,-1.0
141,198,4,-1.0
141,199,4,-1.0
141,200,4,-1.0
141,201,4,-1.0
141,202,4,-1.0
141,203,4,-1.0
141,204,4,-1.0
141,205,4,-1.0
141,206,4,-1.0
141,207,4,-1.0
141,208,4,-1.0
141,209,4,-1.0
141,210,4,-1.0
141,211,4,-1.0
141,212,4,-1.0
141,213,4,-1.0
141,214,4,-1.0
141,215,4,-1.0
141,216,4,-1.0
141,217,4,-1.0
141,218,4,-1.0
141,219,4,-1.0
141,220,4,-1.0
141,221,4,-1.0
141,222,4,-1.0
141,223,4,-1.0
141,224,4,-1.0
141,225,4,-1.0
141,226,4,-1.0
141,227,4,-1.0
141,228,4,-1.0
141,229,4,-1.0
141,230,4,-1.0
141,231,4,-1.0
141,232,4,-1.0
141,233,4,-1.0
141,234,4,-1.0
141,235,4,-1.0
141,236,4,-1.0
141,237,4,-1.0
141,238,4,-1.0
141,239,4,-1.0
141,240,4,-1.0
141,241,4,-1.0
141,242,4,-1.0
141,243,4,-1.0
141,244,4,-1.0
141,245,4,-1.0
141,246,4,-1.0
141,247,4,-1.0
141,248,4,-1.0
141,249,4,-1.0
141,250,4,-1.0
142,0,2,679.84091
142,1,2,679.97166
142,2,2,680.36423
142,3,2,681.0196
142,4,2,681.93907
142,5,2,683.12451
142,6,2,684.57946
142,7,2,686.30762
142,8,2,688.31343
142,9,2,690.60208
142,10,2,693.17727
142,11,2,696.04761
142,12,2,699.22098
142,13,2,702.70364
142,14,2,706.50624
142,15,2,710.63969
142,16,2,715.11292
142,17,2,719.94198
142,18,2,725.13651
142,19,2,730.71591
142,20,2,736.69325
142,21,2,743.08943
142,22,2,749.92389
142,23,2,757.21716
142,24,2,764.99569
142,25,2,773.28583
142,26,2,782.11415
142,27,2,791.5153
142,28,2,801.52457
142,29,2,812.1809
142,30,2,823.52736
142,31,2,835.6117
142,32,2,848.48686
142,33,2,862.21179
142,34,2,876.85215
142,35,2,892.48133
142,36,2,909.18157
142,37,2,927.04525
142,38,2,946.17651
142,39,2,966.69312
142,40,2,988.72746
142,41,2,1012.4299
142,42,2,1037.9768
142,43,2,1065.5669
142,44,2,1095.427
142,45,2,1127.8293
142,46,2,1163.0788
142,47,2,1201.5478
142,48,2,1243.6602
142,49,2,1289.9374
142,50,2,1340.9902
142,51,2,1397.5657
142,52,2,1460.577
142,53,2,1531.1474
142,54,2,1610.6751
142,55,2,1700.9417
142,56,2,1804.2279
142,57,2,1923.5122
142,58,2,2062.7593
142,59,2,2227.366
142,60,2,2424.8705
142,61,2,2666.1322
142,62,2,2967.3867
142,63,2,3354.0334
142,64,2,3868.1768
142,65,2,4585.1014
142,66,2,5653.8671
142,67,2,7416.9537
142,68,2,10875.285
142,69,2,20733.523
142,70,2,273734.62
142,71,1,-1.0
142,72,1,-1.0
142,73,1,-1.0
142,74,1,-1.0
142,75,1,-1.0
142,76,1,-1.0
142,77,1,-1.0
142,78,1,-1.0
142,79,1,-1.0
142,80,1,-1.0
142,81,1,-1.0
142,82,1,-1.0
142,83,1,-1.0
142,84,1,-1.0
142,85,1,-1.0
142,86,1,-1.0
142,87,1,-1.0
142,88,1,-1.0
142,89,1,-1.0
142,90,1,-1.0
142,91,1,-1.0
142,92,1,-1.0
142,93,1,-1.0
142,94,1,-1.0
142,95,1,-1.0
142,96,1,-1.0
142,97,1,-1.0
142,98,1,-1.0
142,99,1,-1.0
142,100,1,-1.0
142,101,1,-1.0
142,102,1,-1.0
142,103,1,-1.0
142,104,1,-1.0
142,105,1,-1.0
142,106,1,-1.0
142,107,1,-1.0
142,108,1,-1.0
142,109,1,-1.0
142,110,1,-1.0
142,111,1,-1.0
142,112,1,-1.0
142,113,1,-1.0
142,114,1,-1.0
142,115,1,-1.0
142,116,1,-1.0
142,117,1,-1.0
142,118,1,-1.0
142,119,1,-1.0
142,120,1,-1.0
142,121,1,-1.0
142,122,1,-1.0
142,123,1,-1.0
142,124,1,-1.0
142,125,1,-1.0
142,126,1,-1.0
142,127,1,-1.0
142,128,1,-1.0
142,129,1,-1.0
142,130,1,-1.0
142,131,1,-1.0
142,132,1,-1.0
142,133,1,-1.0
142,134,1,-1.0
142,135,1,-1.0
142,136,1,-1.0
142,137,1,-1.0
142,138,1,-1.0
142,139,1,-1.0
142,140,1,-1.0
142,141,1,-1.0
142,142,1,-1.0
142,143,1,-1.0
142,144,1,-1.0
142,145,1,-1.0
142,146,1,-1.0
142,147,1,-1.0
142,148,1,-1.0
142,149,1,-1.0
142,150,1,-1.0
142,151,1,-1.0
142,152,1,-1.0
142,153,1,-1.0
142,154,1,-1.0
142,155,1,-1.0
142,156,1,-1.0
142,157,1,-1.0
142,158,1,-1.0
142,159,1,-1.0
142,160,1,-1.0
142,161,1,-1.0
142,162,4,-1.0
142,163,4,-1.0
142,164,4,-1.0
142,165,4,-1.0
142,166,4,-1.0
142,167,4,-1.0
142,168,4,-1.0
142,169,4,-1.0
142,170,4,-1.0
142,171,4,-1.0
142,172,4,-1.0
142,173,4,-1.0
142,174,4,-1.0
142,175,4,-1.0
142,176,4,-1.0
142,177,4,-1.0
142,178,4,-1.0
142,179,4,-1.0
142,180,4,-1.0
142,181,4,-1.0
142,182,4,-1.0
142,183,4,-1.0
142,184,4,-1.0
142,185,4,-1.0
142,186,4,-1.0
142,187,4,-1.0
142,188,4,-1.0
142,189,4,-1.0
142,190,4,-1.0
142,191,4,-1.0
142,192,4,-1.0
142,193,4,-1.0
142,194,4,-1.0
142,195,4,-1.0
142,196,4,-1.0
142,197,4,-1.0
142,198,4,-1.0
142,199,4,-1.0
142,200,4,-1.0
142,201,4,-1.0
142,202,4,-1.0
142,203,4,-1.0
142,204,4,-1.0
142,205,4,-1.0
142,206,4,-1.0
142,207,4,-1.0
142,208,4,-1.0
142,209,4,-1.0
142,210,4,-1.0
142,211,4,-1.0
142,212,4,-1.0
142,213,4,-1.0
142,214,4,-1.0
142,215,4,-1.0
142,216,4,-1.0
142,217,4,-1.0
142,218,4,-1.0
142,219,4,-1.0
142,220,4,-1.0
142,221,4,-1.0
142,222,4,-1.0
142,223,4,-1.0
142,224,4,-1.0
142,225,4,-1.0
142,226,4,-1.0
142,227,4,-1.0
142,228,4,-1.0
142,229,4,-1.0
142,230,4,-1.0
142,231,4,-1.0
142,232,4,-1.0
142,233,4,-1.0
142,234,4,-1.0
142,235,4,-1.0
142,236,4,-1.0
142,237,4,-1.0
142,238,4,-1.0
142,239,4,-1.0
142,240,4,-1.0
142,241,4,-1.0
142,242,4,-1.0
142,243,4,-1.0
142,244,4,-1.0
142,245,4,-1.0
142,246,4,-1.0
142,247,4,-1.0
142,248,4,-1.0
142,249,4,-1.0
142,250,4,-1.0
143,0,2,648.28468
143,1,2,648.40316
143,2,2,648.75886
143,3,2,649.35265
143,4,2,650.18595
143,5,2,651.25982
143,6,2,652.57744
143,7,2,654.14212
143,8,2,655.9577
143,9,2,658.02867
143,10,2,660.35846
143,11,2,662.95383
143,12,2,665.82197
143,13,2,668.96842
143,14,2,672.40179
143,15,2,676.132
143,16,2,680.16604
143,17,2,684.51819
143,18,2,689.19623
143,19,2,694.21705
143,20,2,699.59134
143,21,2,705.33711
143,22,2,711.47074
143,23,2,718.00935
143,24,2,724.97539
143,25,2,732.39095
143,26,2,740.27841
143,27,2,748.6663
143,28,2,757.58422
143,29,2,767.06449
143,30,2,777.14271
143,31,2,787.85819
143,32,2,799.25443
143,33,2,811.37959
143,34,2,824.28715
143,35,2,838.0366
143,36,2,852.6943
143,37,2,868.33441
143,38,2,885.04012
143,39,2,902.90486
143,40,2,922.03081
143,41,2,942.54007
143,42,2,964.56823
143,43,2,988.26542
143,44,2,1013.8115
143,45,2,1041.4078
143,46,2,1071.2883
143,47,2,1103.726
143,48,2,1139.0398
143,49,2,1177.6012
143,50,2,1219.8579
143,51,2,1266.3359
143,52,2,1317.67
143,53,2,1374.635
143,54,2,1438.1764
143,55,2,1509.4655
143,56,2,1589.9714
143,57,2,1681.5617
143,58,2,1786.6469
143,59,2,1908.3944
143,60,2,2051.0489
143,61,2,2220.4347
143,62,2,2424.7639
143,63,2,2676.0013
143,64,2,2992.261
143,65,2,3402.419
143,66,2,3955.4085
143,67,2,4741.2365
143,68,2,5945.8899
143,69,2,8025.0322
143,70,2,12471.976
143,71,2,28671.447
143,72,1,-1.0
143,73,1,-1.0
143,74,1,-1.0
143,75,1,-1.0
143,76,1,-1.0
143,77,1,-1.0
143,78,1,-1.0
143,79,1,-1.0
143,80,1,-1.0
143,81,1,-1.0
143,82,1,-1.0
143,83,1,-1.0
143,84,1,-1.0
143,85,1,-1.0
143,86,1,-1.0
143,87,1,-1.0
143,88,1,-1.0
143,89,1,-1.0
143,90,1,-1.0
143,91,1,-1.0
143,92,1,-1.0
143,93,1,-1.0
143,94,1,-1.0
143,95,1,-1.0
143,96,1,-1.0
143,97,1,-1.0
143,98,1,-1.0
143,99,1,-1.0
143,100,1,-1.0
143,101,1,-1.0
143,102,1,-1.0
143,103,1,-1.0
143,104,1,-1.0
143,105,1,-1.0
143,106,1,-1.0
143,107,1,-1.0
143,108,1,-1.0
143,109,1,-1.0
143,110,1,-1.0
143,111,1,-1.0
143,112,1,-1.0
143,113,1,-1.0
143,114,1,-1.0
143,115,1,-1.0
143,116,1,-1.0
143,117,1,-1.0
143,118,1,-1.0
143,119,1,-1.0
143,120,1,-1.0
143,121,1,-1.0
143,122,1,-1.0
143,123,1,-1.0
143,124,1,-1.0
143,125,1,-1.0
143,126,1,-1.0
143,127,1,-1.0
143,128,1,-1.0
143,129,1,-1.0
143,130,1,-1.0
143,131,1,-1.0
143,132,1,-1.0
143,133,1,-1.0
143,134,1,-1.0
143,135,1,-1.0
143,136,1,-1.0
143,137,1,-1.0
143,138,1,-1.0
143,139,1,-1.0
143,140,1,-1.0
143,141,1,-1.0
143,142,1,-1.0
143,143,1,-1.0
143,144,1,-1.0
143,145,1,-1.0
143,146,1,-1.0
143,147,1,-1.0
143,148,1,-1.0
143,149,1,-1.0
143,150,1,-1.0
143,151,1,-1.0
143,152,1,-1.0
143,153,1,-1.0
143,154,1,-1.0
143,155,1,-1.0
143,156,1,-1.0
143,157,1,-1.0
143,158,1,-1.0
143,159,1,-1.0
143,160,1,-1.0
143,161,1,-1.0
143,162,4,-1.0
143,163,4,-1.0
143,164,4,-1.0
143,165,4,-1.0
143,166,4,-1.0
143,167,4,-1.0
143,168,4,-1.0
143,169,4,-1.0
143,170,4,-1.0
143,171,4,-1.0
143,172,4,-1.0
143,173,4,-1.0
143,174,4,-1.0
143,175,4,-1.0
143,176,4,-1.0
143,177,4,-1.0
143,178,4,-1.0
143,179,4,-1.0
143,180,4,-1.0
143,181,4,-1.0
143,182,4,-1.0
143,183,4,-1.0
143,184,4,-1.0
143,185,4,-1.0
143,186,4,-1.0
143,187,4,-1.0
143,188,4,-1.0
143,189,4,-1.0
143,190,4,-1.0
143,191,4,-1.0
143,192,4,-1.0
143,193,4,-1.0
143,194,4,-1.0
143,195,4,-1.0
143,196,4,-1.0
143,197,4,-1.0
143,198,4,-1.0
143,199,4,-1.0
143,200,4,-1.0
143,201,4,-1.0
143,202,4,-1.0
143,203,4,-1.0
143,204,4,-1.0
143,205,4,-1.0
143,206,4,-1.0
143,207,4,-1.0
143,208,4,-1.0
143,209,4,-1.0
143,210,4,-1.0
143,211,4,-1.0
143,212,4,-1.0
143,213,4,-1.0
143,214,4,-1.0
143,215,4,-1.0
143,216,4,-1.0
143,217,4,-1.0
143,218,4,-1.0
143,219,4,-1.0
143,220,4,-1.0
143,221,4,-1.0
143,222,4,-1.0
143,223,4,-1.0
143,224,4,-1.0
143,225,4,-1.0
143,226,4,-1.0
143,227,4,-1.0
143,228,4,-1.0
143,229,4,-1.0
143,230,4,-1.0
143,231,4,-1.0
143,232,4,-1.0
143,233,4,-1.0
143,234,4,-1.0
143,235,4,-1.0
143,236,4,-1.0
143,237,4,-1.0
143,238,4,-1.0
143,239,4,-1.0
143,240,4,-1.0
143,241,4,-1.0
143,242,4,-1.0
143,243,4,-1.0
143,244,4,-1.0
143,245,4,-1.0
143,246,4,-1.0
143,247,4,-1.0
143,248,4,-1.0
143,249,4,-1.0
143,250,4,-1.0
144,0,2,618.59185
144,1,2,618.69931
144,2,2,619.02196
144,3,2,619.56053
144,4,2,620.31625
144,5,2,621.29086
144,6,2,622.48557
144,7,2,623.90381
144,8,2,625.54906
144,9,2,627.42519
144,10,2,629.53605
144,11,2,631.88559
144,12,2,634.481
144,13,2,637.3279
144,14,2,640.43184
144,15,2,643.80272
144,16,2,647.44611
144,17,2,651.37384
144,18,2,655.59359
144,19,2,660.1189
144,20,2,664.95872
144,21,2,670.12922
144,22,2,675.64306
144,23,2,681.51603
144,24,2,687.7665
144,25,2,694.41277
144,26,2,701.47389
144,27,2,708.97404
144,28,2,716.93773
144,29,2,725.39186
144,30,2,734.366
144,31,2,743.89269
144,32,2,754.00781
144,33,2,764.75096
144,34,2,776.16591
144,35,2,788.30121
144,36,2,801.21071
144,37,2,814.9544
144,38,2,829.59917
144,39,2,845.21904
144,40,2,861.89642
144,41,2,879.72757
144,42,2,898.81857
144,43,2,919.28636
144,44,2,941.27198
144,45,2,964.92725
144,46,2,990.43471
144,47,2,1017.9961
144,48,2,1047.8544
144,49,2,1080.2824
144,50,2,1115.6076
144,51,2,1154.2136
144,52,2,1196.5539
144,53,2,1243.1693
144,54,2,1294.7177
144,55,2,1351.9963
144,56,2,1415.9852
144,57,2,1487.9031
144,58,2,1569.2845
144,59,2,1662.089
144,60,2,1768.8595
144,61,2,1892.9517
144,62,2,2038.8988
144,63,2,2212.9741
144,64,2,2424.1032
144,65,2,2685.4139
144,66,2,3017.1379
144,67,2,3451.9988
144,68,2,4046.7937
144,69,2,4909.3394
144,70,2,6272.6215
144,71,2,8749.9904
144,72,2,14649.301
144,73,2,46867.357
144,74,1,-1.0
144,75,1,-1.0
144,76,1,-1.0
144,77,1,-1.0
144,78,1,-1.0
144,79,1,-1.0
144,80,1,-1.0
144,81,1,-1.0
144,82,1,-1.0
144,83,1,-1.0
144,84,1,-1.0
144,85,1,-1.0
144,86,1,-1.0
144,87,1,-1.0
144,88,1,-1.0
144,89,1,-1.0
144,90,1,-1.0
144,91,1,-1.0
144,92,1,-1.0
144,93,1,-1.0
144,94,1,-1.0
144,95,1,-1.0
144,96,1,-1.0
144,97,1,-1.0
144,98,1,-1.0
144,99,1,-1.0
144,100,1,-1.0
144,101,1,-1.0
144,102,1,-1.0
144,103,1,-1.0
144,104,1,-1.0
144,105,1,-1.0
144,106,1,-1.0
144,107,1,-1.0
144,108,1,-1.0
144,109,1,-1.0
144,110,1,-1.0
144,111,1,-1.0
144,112,1,-1.0
144,113,1,-1.0
144,114,1,-1.0
144,115,1,-1.0
144,116,1,-1.0
144,117,1,-1.0
144,118,1,-1.0
144,119,1,-1.0
144,120,1,-1.0
144,121,1,-1.0
144,122,1,-1.0
144,123,1,-1.0
144,124,1,-1.0
144,125,1,-1.0
144,126,1,-1.0
144,127,1,-1.0
144,128,1,-1.0
144,129,1,-1.0
144,130,1,-1.0
144,131,1,-1.0
144,132,1,-1.0
144,133,1,-1.0
144,134,1,-1.0
144,135,1,-1.0
144,136,1,-1.0
144,137,1,-1.0
144,138,1,-1.0
144,139,1,-1.0
144,140,1,-1.0
144,141,1,-1.0
144,142,1,-1.0
144,143,1,-1.0
144,144,1,-1.0
144,145,1,-1.0
144,146,1,-1.0
144,147,1,-1.0
144,148,1,-1.0
144,149,1,-1.0
144,150,1,-1.0
144,151,1,-1.0
144,152,1,-1.0
144,153,1,-1.0
144,154,1,-1.0
144,155,1,-1.0
144,156,1,-1.0
144,157,1,-1.0
144,158,1,-1.0
144,159,1,-1.0
144,160,1,-1.0
144,161,1,-1.0
144,162,4,-1.0
144,163,4,-1.0
144,164,4,-1.0
144,165,4,-1.0
144,166,4,-1.0
144,167,4,-1.0
144,168,4,-1.0
144,169,4,-1.0
144,170,4,-1.0
144,171,4,-1.0
144,172,4,-1.0
144,173,4,-1.0
144,174,4,-1.0
144,175,4,-1.0
144,176,4,-1.0
144,177,4,-1.0
144,178,4,-1.0
144,179,4,-1.0
144,180,4,-1.0
144,181,4,-1.0
144,182,4,-1.0
144,183,4,-1.0
144,184,4,-1.0
144,185,4,-1.0
144,186,4,-1.0
144,187,4,-1.0
144,188,4,-1.0
144,189,4,-1.0
144,190,4,-1.0
144,191,4,-1.0
144,192,4,-1.0
144,193,4,-1.0
144,194,4,-1.0
144,195,4,-1.0
144,196,4,-1.0
144,197,4,-1.0
144,198,4,-1.0
144,199,4,-1.0
144,200,4,-1.0
144,201,4,-1.0
144,202,4,-1.0
144,203,4,-1.0
144,204,4,-1.0
144,205,4,-1.0
144,206,4,-1.0
144,207,4,-1.0
144,208,4,-1.0
144,209,4,-1.0
144,210,4,-1.0
144,211,4,-1.0
144,212,4,-1.0
144,213,4,-1.0
144,214,4,-1.0
144,215,4,-1.0
144,216,4,-1.0
144,217,4,-1.0
144,218,4,-1.0
144,219,4,-1.0
144,220,4,-1.0
144,221,4,-1.0
144,222,4,-1.0
144,223,4,-1.0
144,224,4,-1.0
144,225,4,-1.0
144,226,4,-1.0
144,227,4,-1.0
144,228,4,-1.0
144,229,4,-1.0
144,230,4,-1.0
144,231,4,-1.0
144,232,4,-1.0
144,233,4,-1.0
144,234,4,-1.0
144,235,4,-1.0
144,236,4,-1.0
144,237,4,-1.0
144,238,4,-1.0
144,239,4,-1.0
144,240,4,-1.0
144,241,4,-1.0
144,242,4,-1.0
144,243,4,-1.0
144,244,4,-1.0
144,245,4,-1.0
144,246,4,-1.0
144,247,4,-1.0
144,248,4,-1.0
144,249,4,-1.0
144,250,4,-1.0
145,0,2,590.62781
145,1,2,590.72539
145,2,2,591.01835
145,3,2,591.50733
145,4,2,592.1934
145,5,2,593.07806
145,6,2,594.16328
145,7,2,595.4507
145,8,2,596.94318
145,9,2,598.64465
145,10,2,600.55897
145,11,2,602.68927
145,12,2,605.0406
145,13,2,607.61938
145,14,2,610.42963
145,15,2,613.47925
145,16,2,616.77502
145,17,2,620.32436
145,18,2,624.13656
145,19,2,628.22055
145,20,2,632.58652
145,21,2,637.247
145,22,2,642.2115
145,23,2,647.4959
145,24,2,653.11456
145,25,2,659.08168
145,26,2,665.41569
145,27,2,672.13581
145,28,2,679.26258
145,29,2,686.81848
145,30,2,694.82819
145,31,2,703.31875
145,32,2,712.3199
145,33,2,721.86435
145,34,2,731.98813
145,35,2,742.73106
145,36,2,754.13713
145,37,2,766.25513
145,38,2,779.13925
145,39,2,792.84943
145,40,2,807.4508
145,41,2,823.0208
145,42,2,839.64353
145,43,2,857.41069
145,44,2,876.4333
145,45,2,896.82848
145,46,2,918.73837
145,47,2,942.31572
145,48,2,967.74594
145,49,2,995.23535
145,50,2,1025.0252
145,51,2,1057.3997
145,52,2,1092.6892
145,53,2,1131.2842
145,54,2,1173.6476
145,55,2,1220.3381
145,56,2,1272.0291
145,57,2,1329.5426
145,58,2,1393.8921
145,59,2,1466.3395
145,60,2,1548.4855
145,61,2,1642.381
145,62,2,1750.7011
145,63,2,1876.9935
145,64,2,2026.0888
145,65,2,2204.7222
145,66,2,2422.5477
145,67,2,2693.9975
145,68,2,3041.5168
145,69,2,3502.1924
145,70,2,4141.8565
145,71,2,5089.6634
145,72,2,6638.6042
145,73,2,9625.2767
145,74,2,17782.219
145,75,2,130809.1
145,76,1,-1.0
145,77,1,-1.0
145,78,1,-1.0
145,79,1,-1.0
145,80,1,-1.0
145,81,1,-1.0
145,82,1,-1.0
145,83,1,-1.0
145,84,1,-1.0
145,85,1,-1.0
145,86,1,-1.0
145,87,1,-1.0
145,88,1,-1.0
145,89,1,-1.0
145,90,1,-1.0
145,91,1,-1.0
145,92,1,-1.0
145,93,1,-1.0
145,94,1,-1.0
145,95,1,-1.0
145,96,1,-1.0
145,97,1,-1.0
145,98,1,-1.0
145,99,1,-1.0
145,100,1,-1.0
145,101,1,-1.0
145,102,1,-1.0
145,103,1,-1.0
145,104,1,-1.0
145,105,1,-1.0
145,106,1,-1.0
145,107,1,-1.0
145,108,1,-1.0
145,109,1,-1.0
145,110,1,-1.0
145,111,1,-1.0
145,112,1,-1.0
145,113,1,-1.0
145,114,1,-1.0
145,115,1,-1.0
145,116,1,-1.0
145,117,1,-1.0
145,118,1,-1.0
145,119,1,-1.0
145,120,1,-1.0
145,121,1,-1.0
145,122,1,-1.0
145,123,1,-1.0
145,124,1,-1.0
145,125,1,-1.0
145,126,1,-1.0
145,127,1,-1.0
145,128,1,-1.0
145,129,1,-1.0
145,130,1,-1.0
145,131,1,-1.0
145,132,1,-1.0
145,133,1,-1.0
145,134,1,-1.0
145,135,1,-1.0
145,136,1,-1.0
145,137,1,-1.0
145,138,1,-1.0
145,139,1,-1.0
145,140,1,-1.0
145,141,1,-1.0
145,142,1,-1.0
145,143,1,-1.0
145,144,1,-1.0
145,145,1,-1.0
145,146,1,-1.0
145,147,1,-1.0
145,148,1,-1.0
145,149,1,-1.0
145,150,1,-1.0
145,151,1,-1.0
145,152,1,-1.0
145,153,1,-1.0
145,154,1,-1.0
145,155,1,-1.0
145,156,1,-1.0
145,157,1,-1.0
145,158,1,-1.0
145,159,1,-1.0
145,160,1,-1.0
145,161,1,-1.0
145,162,1,-1.0
145,163,4,-1.0
145,164,4,-1.0
145,165,4,-1.0
145,166,4,-1.0
145,167,4,-1.0
145,168,4,-1.0
145,169,4,-1.0
145,170,4,-1.0
145,171,4,-1.0
145,172,4,-1.0
145,173,4,-1.0
145,174,4,-1.0
145,175,4,-1.0
145,176,4,-1.0
145,177,4,-1.0
145,178,4,-1.0
145,179,4,-1.0
145,180,4,-1.0
145,181,4,-1.0
145,182,4,-1.0
145,183,4,-1.0
145,184,4,-1.0
145,185,4,-1.0
145,186,4,-1.0
145,187,4,-1.0
145,188,4,-1.0
145,189,4,-1.0
145,190,4,-1.0
145,191,4,-1.0
145,192,4,-1.0
145,193,4,-1.0
145,194,4,-1.0
145,195,4,-1.0
145,196,4,-1.0
145,197,4,-1.0
145,198,4,-1.0
145,199,4,-1.0
145,200,4,-1.0
145,201,4,-1.0
145,202,4,-1.0
145,203,4,-1.0
145,204,4,-1.0
145,205,4,-1.0
145,206,4,-1.0
145,207,4,-1.0
145,208,4,-1.0
145,209,4,-1.0
145,210,4,-1.0
145,211,4,-1.0
145,212,4,-1.0
145,213,4,-1.0
145,214,4,-1.0
145,215,4,-1.0
145,216,4,-1.0
145,217,4,-1.0
145,218,4,-1.0
145,219,4,-1.0
145,220,4,-1.0
145,221,4,-1.0
145,222,4,-1.0
145,223,4,-1.0
145,224,4,-1.0
145,225,4,-1.0
145,226,4,-1.0
145,227,4,-1.0
145,228,4,-1.0
145,229,4,-1.0
145,230,4,-1.0
145,231,4,-1.0
145,232,4,-1.0
145,233,4,-1.0
145,234,4,-1.0
145,235,4,-1.0
145,236,4,-1.0
145,237,4,-1.0
145,238,4,-1.0
145,239,4,-1.0
145,240,4,-1.0
145,241,4,-1.0
145,242,4,-1.0
145,243,4,-1.0
145,244,4,-1.0
145,245,4,-1.0
145,246,4,-1.0
145,247,4,-1.0
145,248,4,-1.0
145,249,4,-1.0
145,250,4,-1.0
146,0,2,564.26967
146,1,2,564.35836
146,2,2,564.62462
146,3,2,565.069
146,4,2,565.69244
146,5,2,566.49625
146,6,2,567.48212
146,7,2,568.65215
146,8,2,570.00868
146,9,2,571.55334
146,10,2,573.29072
146,11,2,575.22465
146,12,2,577.35795
146,13,2,579.69583
146,14,2,582.24437
146,15,2,585.00657
146,16,2,587.9915
146,17,2,591.20351
146,18,2,594.65217
146,19,2,598.34316
146,20,2,602.28774
146,21,2,606.49333
146,22,2,610.97162
146,23,2,615.73441
146,24,2,620.79243
146,25,2,626.16011
146,26,2,631.85246
146,27,2,637.88531
146,28,2,644.27593
146,29,2,651.04268
146,30,2,658.20673
146,31,2,665.79092
146,32,2,673.82002
146,33,2,682.32118
146,34,2,691.32424
146,35,2,700.86156
146,36,2,710.96898
146,37,2,721.68684
146,38,2,733.05932
146,39,2,745.13536
146,40,2,757.96759
146,41,2,771.61691
146,42,2,786.15193
146,43,2,801.64491
146,44,2,818.18321
146,45,2,835.8598
146,46,2,854.78431
146,47,2,875.07589
146,48,2,896.87673
146,49,2,920.34362
146,50,2,945.65926
146,51,2,973.03613
146,52,2,1002.719
146,53,2,1034.9938
146,54,2,1070.1966
146,55,2,1108.7248
146,56,2,1151.0534
146,57,2,1197.7511
146,58,2,1249.5088
146,59,2,1307.1716
146,60,2,1371.7856
146,61,2,1444.6603
146,62,2,1527.4524
146,63,2,1622.3032
146,64,2,1732.0208
146,65,2,1860.3422
146,66,2,2012.4076
146,67,2,2195.4041
146,68,2,2419.7898
146,69,2,2701.3166
146,70,2,3064.8762
146,71,2,3552.3444
146,72,2,4239.903
146,73,2,5282.3034
146,74,2,7049.3441
146,75,2,10698.269
146,76,2,22655.661
146,77,1,-1.0
146,78,1,-1.0
146,79,1,-1.0
146,80,1,-1.0
146,81,1,-1.0
146,82,1,-1.0
146,83,1,-1.0
146,84,1,-1.0
146,85,1,-1.0
146,86,1,-1.0
146,87,1,-1.0
146,88,1,-1.0
146,89,1,-1.0
146,90,1,-1.0
146,91,1,-1.0
146,92,1,-1.0
146,93,1,-1.0
146,94,1,-1.0
146,95,1,-1.0
146,96,1,-1.0
146,97,1,-1.0
146,98,1,-1.0
146,99,1,-1.0
146,100,1,-1.0
146,101,1,-1.0
146,102,1,-1.0
146,103,1,-1.0
146,104,1,-1.0
146,105,1,-1.0
146,106,1,-1.0
146,107,1,-1.0
146,108,1,-1.0
146,109,1,-1.0
146,110,1,-1.0
146,111,1,-1.0
146,112,1,-1.0
146,113,1,-1.0
146,114,1,-1.0
146,115,1,-1.0
146,116,1,-1.0
146,117,1,-1.0
146,118,1,-1.0
146,119,1,-1.0
146,120,1,-1.0
146,121,1,-1.0
146,122,1,-1.0
146,123,1,-1.0
146,124,1,-1.0
146,125,1,-1.0
146,126,1,-1.0
146,127,1,-1.0
146,128,1,-1.0
146,129,1,-1.0
146,130,1,-1.0
146,131,1,-1.0
146,132,1,-1.0
146,133,1,-1.0
146,134,1,-1.0
146,135,1,-1.0
146,136,1,-1.0
146,137,1,-1.0
146,138,1,-1.0
146,139,1,-1.0
146,140,1,-1.0
146,141,1,-1.0
146,142,1,-1.0
146,143,1,-1.0
146,144,1,-1.0
146,145,1,-1.0
146,146,1,-1.0
146,147,1,-1.0
146,148,1,-1.0
146,149,1,-1.0
146,150,1,-1.0
146,151,1,-1.0
146,152,1,-1.0
146,153,1,-1.0
146,154,1,-1.0
146,155,1,-1.0
146,156,1,-1.0
146,157,1,-1.0
146,158,1,-1.0
146,159,1,-1.0
146,160,1,-1.0
146,161,1,-1.0
146,162,1,-1.0
146,163,4,-1.0
146,164,4,-1.0
146,165,4,-1.0
146,166,4,-1.0
146,167,4,-1.0
146,168,4,-1.0
146,169,4,-1.0
146,170,4,-1.0
146,171,4,-1.0
146,172,4,-1.0
146,173,4,-1.0
146,174,4,-1.0
146,175,4,-1.0
146,176,4,-1.0
146,177,4,-1.0
146,178,4,-1.0
146,179,4,-1.0
146,180,4,-1.0
146,181,4,-1.0
146,182,4,-1.0
146,183,4,-1.0
146,184,4,-1.0
146,185,4,-1.0
146,186,4,-1.0
146,187,4,-1.0
146,188,4,-1.0
146,189,4,-1.0
146,190,4,-1.0
146,191,4,-1.0
146,192,4,-1.0
146,193,4,-1.0
146,194,4,-1.0
146,195,4,-1.0
146,196,4,-1.0
146,197,4,-1.0
146,198,4,-1.0
146,199,4,-1.0
146,200,4,-1.0
146,201,4,-1.0
146,202,4,-1.0
146,203,4,-1.0
146,204,4,-1.0
146,205,4,-1.0
146,206,4,-1.0
146,207,4,-1.0
146,208,4,-1.0
146,209,4,-1.0
146,210,4,-1.0
146,211,4,-1.0
146,212,4,-1.0
146,213,4,-1.0
146,214,4,-1.0
146,215,4,-1.0
146,216,4,-1.0
146,217,4,-1.0
146,218,4,-1.0
146,219,4,-1.0
146,220,4,-1.0
146,221,4,-1.0
146,222,4,-1.0
146,223,4,-1.0
146,224,4,-1.0
146,225,4,-1.0
146,226,4,-1.0
146,227,4,-1.0
146,228,4,-1.0
146,229,4,-1.0
146,230,4,-1.0
146,231,4,-1.0
146,232,4,-1.0
146,233,4,-1.0
146,234,4,-1.0
146,235,4,-1.0
146,236,4,-1.0
146,237,4,-1.0
146,238,4,-1.0
146,239,4,-1.0
146,240,4,-1.0
146,241,4,-1.0
146,242,4,-1.0
146,243,4,-1.0
146,244,4,-1.0
146,245,4,-1.0
146,246,4,-1.0
146,247,4,-1.0
146,248,4,-1.0
146,249,4,-1.0
146,250,4,-1.0
147,0,2,539.4031
147,1,2,539.48387
147,2,2,539.72634
147,3,2,540.131
147,4,2,540.69866
147,5,2,541.43021
147,6,2,542.32667
147,7,2,543.3904
147,8,2,544.62357
147,9,2,546.02873
147,10,2,547.6078
147,11,2,549.36418
147,12,2,551.30229
147,13,2,553.42503
147,14,2,555.73701
147,15,2,558.24399
147,16,2,560.94931
147,17,2,563.86125
147,18,2,566.98348
147,19,2,570.32542
147,20,2,573.89278
147,21,2,577.6947
147,22,2,581.74065
147,23,2,586.03829
147,24,2,590.59993
147,25,2,595.43695
147,26,2,600.56162
147,27,2,605.98622
147,28,2,611.72669
147,29,2,617.7989
147,30,2,624.22023
147,31,2,631.00961
147,32,2,638.18772
147,33,2,645.77722
147,34,2,653.80287
147,35,2,662.29188
147,36,2,671.2741
147,37,2,680.78151
147,38,2,690.8502
147,39,2,701.52075
147,40,2,712.83738
147,41,2,724.84667
147,42,2,737.60462
147,43,2,751.17128
147,44,2,765.61253
147,45,2,781.00566
147,46,2,797.4334
147,47,2,814.9923
147,48,2,833.79121
147,49,2,853.94945
147,50,2,875.60974
147,51,2,898.93187
147,52,2,924.09982
147,53,2,951.3264
147,54,2,980.85852
147,55,2,1012.9871
147,56,2,1048.0532
147,57,2,1086.4599
147,58,2,1128.6906
147,59,2,1175.3268
147,60,2,1227.0755
147,61,2,1284.8038
147,62,2,1349.5814
147,63,2,1422.7658
147,64,2,1506.0732
147,65,2,1601.7313
147,66,2,1712.6689
147,67,2,1842.833
147,68,2,1997.6375
147,69,2,2184.7732
147,70,2,2415.4882
147,71,2,2706.9368
147,72,2,3086.6429
147,73,2,3601.7278
147,74,2,4340.1492
147,75,2,5487.1274
147,76,2,7510.9524
147,77,2,12038.322
147,78,2,31240.331
147,79,1,-1.0
147,80,1,-1.0
147,81,1,-1.0
147,82,1,-1.0
147,83,1,-1.0
147,84,1,-1.0
147,85,1,-1.0
147,86,1,-1.0
147,87,1,-1.0
147,88,1,-1.0
147,89,1,-1.0
147,90,1,-1.0
147,91,1,-1.0
147,92,1,-1.0
147,93,1,-1.0
147,94,1,-1.0
147,95,1,-1.0
147,96,1,-1.0
147,97,1,-1.0
147,98,1,-1.0
147,99,1,-1.0
147,100,1,-1.0
147,101,1,-1.0
147,102,1,-1.0
147,103,1,-1.0
147,104,1,-1.0
147,105,1,-1.0
147,106,1,-1.0
147,107,1,-1.0
147,108,1,-1.0
147,109,1,-1.0
147,110,1,-1.0
147,111,1,-1.0
147,112,1,-1.0
147,113,1,-1.0
147,114,1,-1.0
147,115,1,-1.0
147,116,1,-1.0
147,117,1,-1.0
147,118,1,-1.0
147,119,1,-1.0
147,120,1,-1.0
147,121,1,-1.0
147,122,1,-1.0
147,123,1,-1.0
147,124,1,-1.0
147,125,1,-1.0
147,126,1,-1.0
147,127,1,-1.0
147,128,1,-1.0
147,129,1,-1.0
147,130,1,-1.0
147,131,1,-1.0
147,132,1,-1.0
147,133,1,-1.0
147,134,1,-1.0
147,135,1,-1.0
147,136,1,-1.0
147,137,1,-1.0
147,138,1,-1.0
147,139,1,-1.0
147,140,1,-1.0
147,141,1,-1.0
147,142,1,-1.0
147,143,1,-1.0
147,144,1,-1.0
147,145,1,-1.0
147,146,1,-1.0
147,147,1,-1.0
147,148,1,-1.0
147,149,1,-1.0
147,150,1,-1.0
147,151,1,-1.0
147,152,1,-1.0
147,153,1,-1.0
147,154,1,-1.0
147,155,1,-1.0
147,156,1,-1.0
147,157,1,-1.0
147,158,1,-1.0
147,159,1,-1.0
147,160,1,-1.0
147,161,1,-1.0
147,162,1,-1.0
147,163,4,-1.0
147,164,4,-1.0
147,165,4,-1.0
147,166,4,-1.0
147,167,4,-1.0
147,168,4,-1.0
147,169,4,-1.0
147,170,4,-1.0
147,171,4,-1.0
147,172,4,-1.0
147,173,4,-1.0
147,174,4,-1.0
147,175,4,-1.0
147,176,4,-1.0
147,177,4,-1.0
147,178,4,-1.0
147,179,4,-1.0
147,180,4,-1.0
147,181,4,-1.0
147,182,4,-1.0
147,183,4,-1.0
147,184,4,-1.0
147,185,4,-1.0
147,186,4,-1.0
147,187,4,-1.0
147,188,4,-1.0
147,189,4,-1.0
147,190,4,-1.0
147,191,4,-1.0
147,192,4,-1.0
147,193,4,-1.0
147,194,4,-1.0
147,195,4,-1.0
147,196,4,-1.0
147,197,4,-1.0
147,198,4,-1.0
147,199,4,-1.0
147,200,4,-1.0
147,201,4,-1.0
147,202,4,-1.0
147,203,4,-1.0
147,204,4,-1.0
147,205,4,-1.0
147,206,4,-1.0
147,207,4,-1.0
147,208,4,-1.0
147,209,4,-1.0
147,210,4,-1.0
147,211,4,-1.0
147,212,4,-1.0
147,213,4,-1.0
147,214,4,-1.0
147,215,4,-1.0
147,216,4,-1.0
147,217,4,-1.0
147,218,4,-1.0
147,219,4,-1.0
147,220,4,-1.0
147,221,4,-1.0
147,222,4,-1.0
147,223,4,-1.0
147,224,4,-1.0
147,225,4,-1.0
147,226,4,-1.0
147,227,4,-1.0
147,228,4,-1.0
147,229,4,-1.0
147,230,4,-1.0
147,231,4,-1.0
147,232,4,-1.0
147,233,4,-1.0
147,234,4,-1.0
147,235,4,-1.0
147,236,4,-1.0
147,237,4,-1.0
147,238,4,-1.0
147,239,4,-1.0
147,240,4,-1.0
147,241,4,-1.0
147,242,4,-1.0
147,243,4,-1.0
147,244,4,-1.0
147,245,4,-1.0
147,246,4,-1.0
147,247,4,-1.0
147,248,4,-1.0
147,249,4,-1.0
147,250,4,-1.0
148,0,2,515.92645
148,1,2,515.99999
148,2,2,516.22076
148,3,2,516.58917
148,4,2,517.10594
148,5,2,517.77207
148,6,2,518.58884
148,7,2,519.55785
148,8,2,520.68028
148,9,2,521.95837
148,10,2,523.39518
148,11,2,524.99359
148,12,2,526.75494
148,13,2,528.68449
148,14,2,530.78556
148,15,2,533.06149
148,16,2,535.51845
148,17,2,538.15931
148,18,2,540.99181
148,19,2,544.01988
148,20,2,547.2515
148,21,2,550.69327
148,22,2,554.35208
148,23,2,558.23748
148,24,2,562.35816
148,25,2,566.7226
148,26,2,571.34269
148,27,2,576.2298
148,28,2,581.39629
148,29,2,586.85558
148,30,2,592.62232
148,31,2,598.71241
148,32,2,605.14324
148,33,2,611.93372
148,34,2,619.10455
148,35,2,626.67833
148,36,2,634.67985
148,37,2,643.13624
148,38,2,652.07734
148,39,2,661.53422
148,40,2,671.54414
148,41,2,682.14731
148,42,2,693.38537
148,43,2,705.30895
148,44,2,717.97086
148,45,2,731.4319
148,46,2,745.75834
148,47,2,761.02736
148,48,2,777.3206
148,49,2,794.73597
148,50,2,813.38154
148,51,2,833.37998
148,52,2,854.87004
148,53,2,878.01418
148,54,2,902.99766
148,55,2,930.03505
148,56,2,959.37631
148,57,2,991.31433
148,58,2,1026.193
148,59,2,1064.4224
148,60,2,1106.494
148,61,2,1153.0003
148,62,2,1204.6569
148,63,2,1262.3554
148,64,2,1327.1951
148,65,2,1400.5691
148,66,2,1484.2494
148,67,2,1580.55
148,68,2,1692.5229
148,69,2,1824.2941
148,70,2,1981.5897
148,71,2,2172.5733
148,72,2,2409.3097
148,73,2,2710.4109
148,74,2,3106.1746
148,75,2,3649.462
148,76,2,4441.5071
148,77,2,5703.6405
148,78,2,8030.516
148,79,2,13751.488
148,80,2,50288.98
148,81,1,-1.0
148,82,1,-1.0
148,83,1,-1.0
148,84,1,-1.0
148,85,1,-1.0
148,86,1,-1.0
148,87,1,-1.0
148,88,1,-1.0
148,89,1,-1.0
148,90,1,-1.0
148,91,1,-1.0
148,92,1,-1.0
148,93,1,-1.0
148,94,1,-1.0
148,95,1,-1.0
148,96,1,-1.0
148,97,1,-1.0
148,98,1,-1.0
148,99,1,-1.0
148,100,1,-1.0
148,101,1,-1.0
148,102,1,-1.0
148,103,1,-1.0
148,104,1,-1.0
148,105,1,-1.0
148,106,1,-1.0
148,107,1,-1.0
148,108,1,-1.0
148,109,1,-1.0
148,110,1,-1.0
148,111,1,-1.0
148,112,1,-1.0
148,113,1,-1.0
148,114,1,-1.0
148,115,1,-1.0
148,116,1,-1.0
148,117,1,-1.0
148,118,1,-1.0
148,119,1,-1.0
148,120,1,-1.0
148,121,1,-1.0
148,122,1,-1.0
148,123,1,-1.0
148,124,1,-1.0
148,125,1,-1.0
148,126,1,-1.0
148,127,1,-1.0
148,128,1,-1.0
148,129,1,-1.0
148,130,1,-1.0
148,131,1,-1.0
148,132,1,-1.0
148,133,1,-1.0
148,134,1,-1.0
148,135,1,-1.0
148,136,1,-1.0
148,137,1,-1.0
148,138,1,-1.0
148,139,1,-1.0
148,140,1,-1.0
148,141,1,-1.0
148,142,1,-1.0
148,143,1,-1.0
148,144,1,-1.0
148,145,1,-1.0
148,146,1,-1.0
148,147,1,-1.0
148,148,1,-1.0
148,149,1,-1.0
148,150,1,-1.0
148,151,1,-1.0
148,152,1,-1.0
148,153,1,-1.0
148,154,1,-1.0
148,155,1,-1.0
148,156,1,-1.0
148,157,1,-1.0
148,158,1,-1.0
148,159,1,-1.0
148,160,1,-1.0
148,161,1,-1.0
148,162,1,-1.0
148,163,4,-1.0
148,164,4,-1.0
148,165,4,-1.0
148,166,4,-1.0
148,167,4,-1.0
148,168,4,-1.0
148,169,4,-1.0
148,170,4,-1.0
148,171,4,-1.0
148,172,4,-1.0
148,173,4,-1.0
148,174,4,-1.0
148,175,4,-1.0
148,176,4,-1.0
148,177,4,-1.0
148,178,4,-1.0
148,179,4,-1.0
148,180,4,-1.0
148,181,4,-1.0
148,182,4,-1.0
148,183,4,-1.0
148,184,4,-1.0
148,185,4,-1.0
148,186,4,-1.0
148,187,4,-1.0
148,188,4,-1.0
148,189,4,-1.0
148,190,4,-1.0
148,191,4,-1.0
148,192,4,-1.0
148,193,4,-1.0
148,194,4,-1.0
148,195,4,-1.0
148,196,4,-1.0
148,197,4,-1.0
148,198,4,-1.0
148,199,4,-1.0
148,200,4,-1.0
148,201,4,-1.0
148,202,4,-1.0
148,203,4,-1.0
148,204,4,-1.0
148,205,4,-1.0
148,206,4,-1.0
148,207,4,-1.0
148,208,4,-1.0
148,209,4,-1.0
148,210,4,-1.0
148,211,4,-1.0
148,212,4,-1.0
148,213,4,-1.0
148,214,4,-1.0
148,215,4,-1.0
148,216,4,-1.0
148,217,4,-1.0
148,218,4,-1.0
148,219,4,-1.0
148,220,4,-1.0
148,221,4,-1.0
148,222,4,-1.0
148,223,4,-1.0
148,224,4,-1.0
148,225,4,-1.0
148,226,4,-1.0
148,227,4,-1.0
148,228,4,-1.0
148,229,4,-1.0
148,230,4,-1.0
148,231,4,-1.0
148,232,4,-1.0
148,233,4,-1.0
148,234,4,-1.0
148,235,4,-1.0
148,236,4,-1.0
148,237,4,-1.0
148,238,4,-1.0
148,239,4,-1.0
148,240,4,-1.0
148,241,4,-1.0
148,242,4,-1.0
148,243,4,-1.0
148,244,4,-1.0
148,245,4,-1.0
148,246,4,-1.0
148,247,4,-1.0
148,248,4,-1.0
148,249,4,-1.0
148,250,4,-1.0
149,0,2,493.74367
149,1,2,493.81076
149,2,2,494.01216
149,3,2,494.34822
149,4,2,494.81959
149,5,2,495.42712
149,6,2,496.17135
149,7,2,497.05387
149,8,2,498.07659
149,9,2,499.24142
149,10,2,500.55016
149,11,2,502.00455
149,12,2,503.60844
149,13,2,505.36428
149,14,2,507.27477
149,15,2,509.34501
149,16,2,511.57679
149,17,2,513.97682
149,18,2,516.54753
149,19,2,519.29624
149,20,2,522.22657
149,21,2,525.34593
149,22,2,528.66093
149,23,2,532.17716
149,24,2,535.90384
149,25,2,539.84916
149,26,2,544.02192
149,27,2,548.43108
149,28,2,553.08812
149,29,2,558.00443
149,30,2,563.19238
149,31,2,568.66544
149,32,2,574.43821
149,33,2,580.52661
149,34,2,586.94798
149,35,2,593.72122
149,36,2,600.86697
149,37,2,608.40653
149,38,2,616.36552
149,39,2,624.77106
149,40,2,633.65247
149,41,2,643.04081
149,42,2,652.97388
149,43,2,663.48934
149,44,2,674.632
149,45,2,686.44923
149,46,2,698.99619
149,47,2,712.33049
149,48,2,726.52143
149,49,2,741.64379
149,50,2,757.78011
149,51,2,775.02769
149,52,2,793.49449
149,53,2,813.30343
149,54,2,834.59499
149,55,2,857.53048
149,56,2,882.29604
149,57,2,909.10752
149,58,2,938.21671
149,59,2,969.91824
149,60,2,1004.559
149,61,2,1042.556
149,62,2,1084.4048
149,63,2,1130.7046
149,64,2,1182.1906
149,65,2,1239.7646
149,66,2,1304.5549
149,67,2,1377.9897
149,68,2,1461.896
149,69,2,1558.6585
149,70,2,1671.452
149,71,2,1804.5874
149,72,2,1964.0764
149,73,2,2158.5615
149,74,2,2400.9323
149,75,2,2711.2933
149,76,2,3122.845
149,77,2,3694.6365
149,78,2,4542.7423
149,79,2,5930.972
149,80,2,8616.1939
149,81,2,16007.577
149,82,2,128095.98
149,83,1,-1.0
149,84,1,-1.0
149,85,1,-1.0
149,86,1,-1.0
149,87,1,-1.0
149,88,1,-1.0
149,89,1,-1.0
149,90,1,-1.0
149,91,1,-1.0
149,92,1,-1.0
149,93,1,-1.0
149,94,1,-1.0
149,95,1,-1.0
149,96,1,-1.0
149,97,1,-1.0
149,98,1,-1.0
149,99,1,-1.0
149,100,1,-1.0
149,101,1,-1.0
149,102,1,-1.0
149,103,1,-1.0
149,104,1,-1.0
149,105,1,-1.0
149,106,1,-1.0
149,107,1,-1.0
149,108,1,-1.0
149,109,1,-1.0
149,110,1,-1.0
149,111,1,-1.0
149,112,1,-1.0
149,113,1,-1.0
149,114,1,-1.0
149,115,1,-1.0
149,116,1,-1.0
149,117,1,-1.0
149,118,1,-1.0
149,119,1,-1.0
149,120,1,-1.0
149,121,1,-1.0
149,122,1,-1.0
149,123,1,-1.0
149,124,1,-1.0
149,125,1,-1.0
149,126,1,-1.0
149,127,1,-1.0
149,128,1,-1.0
149,129,1,-1.0
149,130,1,-1.0
149,131,1,-1.0
149,132,1,-1.0
149,133,1,-1.0
149,134,1,-1.0
149,135,1,-1.0
149,136,1,-1.0
149,137,1,-1.0
149,138,1,-1.0
149,139,1,-1.0
149,140,1,-1.0
149,141,1,-1.0
149,142,1,-1.0
149,143,1,-1.0
149,144,1,-1.0
149,145,1,-1.0
149,146,1,-1.0
149,147,1,-1.0
149,148,1,-1.0
149,149,1,-1.0
149,150,1,-1.0
149,151,1,-1.0
149,152,1,-1.0
149,153,1,-1.0
149,154,1,-1.0
149,155,1,-1.0
149,156,1,-1.0
149,157,1,-1.0
149,158,1,-1.0
149,159,1,-1.0
149,160,1,-1.0
149,161,1,-1.0
149,162,1,-1.0
149,163,4,-1.0
149,164,4,-1.0
149,165,4,-1.0
149,166,4,-1.0
149,167,4,-1.0
149,168,4,-1.0
149,169,4,-1.0
149,170,4,-1.0
149,171,4,-1.0
149,172,4,-1.0
149,173,4,-1.0
149,174,4,-1.0
149,175,4,-1.0
149,176,4,-1.0
149,177,4,-1.0
149,178,4,-1.0
149,179,4,-1.0
149,180,4,-1.0
149,181,4,-1.0
149,182,4,-1.0
149,183,4,-1.0
149,184,4,-1.0
149,185,4,-1.0
149,186,4,-1.0
149,187,4,-1.0
149,188,4,-1.0
149,189,4,-1.0
149,190,4,-1.0
149,191,4,-1.0
149,192,4,-1.0
149,193,4,-1.0
149,194,4,-1.0
149,195,4,-1.0
149,196,4,-1.0
149,197,4,-1.0
149,198,4,-1.0
149,199,4,-1.0
149,200,4,-1.0
149,201,4,-1.0
149,202,4,-1.0
149,203,4,-1.0
149,204,4,-1.0
149,205,4,-1.0
149,206,4,-1.0
149,207,4,-1.0
149,208,4,-1.0
149,209,4,-1.0
149,210,4,-1.0
149,211,4,-1.0
149,212,4,-1.0
149,213,4,-1.0
149,214,4,-1.0
149,215,4,-1.0
149,216,4,-1.0
149,217,4,-1.0
149,218,4,-1.0
149,219,4,-1.0
149,220,4,-1.0
149,221,4,-1.0
149,222,4,-1.0
149,223,4,-1.0
149,224,4,-1.0
149,225,4,-1.0
149,226,4,-1.0
149,227,4,-1.0
149,228,4,-1.0
149,229,4,-1.0
149,230,4,-1.0
149,231,4,-1.0
149,232,4,-1.0
149,233,4,-1.0
149,234,4,-1.0
149,235,4,-1.0
149,236,4,-1.0
149,237,4,-1.0
149,238,4,-1.0
149,239,4,-1.0
149,240,4,-1.0
149,241,4,-1.0
149,242,4,-1.0
149,243,4,-1.0
149,244,4,-1.0
149,245,4,-1.0
149,246,4,-1.0
149,247,4,-1.0
149,248,4,-1.0
149,249,4,-1.0
149,250,4,-1.0
150,0,2,472.76868
150,1,2,472.82993
150,2,2,473.01381
150,3,2,473.32053
150,4,2,473.75034
150,5,2,474.30425
150,6,2,474.98326
150,7,2,475.78858
150,8,2,476.72166
150,9,2,477.78369
150,10,2,478.97625
150,11,2,480.30223
150,12,2,481.76381
150,13,2,483.36248
150,14,2,485.10263
150,15,2,486.98617
150,16,2,489.01729
150,17,2,491.19932
150,18,2,493.53668
150,19,2,496.03328
150,20,2,498.69506
150,21,2,501.52533
150,22,2,504.53148
150,23,2,507.71949
150,24,2,511.09449
150,25,2,514.66497
150,26,2,518.43855
150,27,2,522.42347
150,28,2,526.62866
150,29,2,531.06349
150,30,2,535.7388
150,31,2,540.66613
150,32,2,545.85783
150,33,2,551.32734
150,34,2,557.08897
150,35,2,563.15834
150,36,2,569.55297
150,37,2,576.2917
150,38,2,583.39506
150,39,2,590.88485
150,40,2,598.78494
150,41,2,607.12334
150,42,2,615.92816
150,43,2,625.23199
150,44,2,635.0705
150,45,2,645.48239
150,46,2,656.51107
150,47,2,668.20565
150,48,2,680.6171
150,49,2,693.80718
150,50,2,707.84236
150,51,2,722.79725
150,52,2,738.75541
150,53,2,755.81238
150,54,2,774.07642
150,55,2,793.67043
150,56,2,814.73502
150,57,2,837.43048
150,58,2,861.94425
150,59,2,888.49302
150,60,2,917.32989
150,61,2,948.74861
150,62,2,983.10303
150,63,2,1020.8094
150,64,2,1062.3705
150,65,2,1108.3924
150,66,2,1159.6213
150,67,2,1216.9742
150,68,2,1281.6005
150,69,2,1354.9602
150,70,2,1438.9301
150,71,2,1535.9678
150,72,2,1649.3557
150,73,2,1783.5781
150,74,2,1944.9268
150,75,2,2142.5041
150,76,2,2390.0222
150,77,2,2709.1088
150,78,2,3135.9573
150,79,2,3736.2103
150,80,2,4642.2906
150,81,2,6167.7399
150,82,2,9276.8209
150,83,2,19096.476
150,84,1,-1.0
150,85,1,-1.0
150,86,1,-1.0
150,87,1,-1.0
150,88,1,-1.0
150,89,1,-1.0
150,90,1,-1.0
150,91,1,-1.0
150,92,1,-1.0
150,93,1,-1.0
150,94,1,-1.0
150,95,1,-1.0
150,96,1,-1.0
150,97,1,-1.0
150,98,1,-1.0
150,99,1,-1.0
150,100,1,-1.0
150,101,1,-1.0
150,102,1,-1.0
150,103,1,-1.0
150,104,1,-1.0
150,105,1,-1.0
150,106,1,-1.0
150,107,1,-1.0
150,108,1,-1.0
150,109,1,-1.0
150,110,1,-1.0
150,111,1,-1.0
150,112,1,-1.0
150,113,1,-1.0
150,114,1,-1.0
150,115,1,-1.0
150,116,1,-1.0
150,117,1,-1.0
150,118,1,-1.0
150,119,1,-1.0
150,120,1,-1.0
150,121,1,-1.0
150,122,1,-1.0
150,123,1,-1.0
150,124,1,-1.0
150,125,1,-1.0
150,126,1,-1.0
150,127,1,-1.0
150,128,1,-1.0
150,129,1,-1.0
150,130,1,-1.0
150,131,1,-1.0
150,132,1,-1.0
150,133,1,-1.0
150,134,1,-1.0
150,135,1,-1.0
150,136,1,-1.0
150,137,1,-1.0
150,138,1,-1.0
150,139,1,-1.0
150,140,1,-1.0
150,141,1,-1.0
150,142,1,-1.0
150,143,1,-1.0
150,144,1,-1.0
150,145,1,-1.0
150,146,1,-1.0
150,147,1,-1.0
150,148,1,-1.0
150,149,1,-1.0
150,150,1,-1.0
150,151,1,-1.0
150,152,1,-1.0
150,153,1,-1.0
150,154,1,-1.0
150,155,1,-1.0
150,156,1,-1.0
150,157,1,-1.0
150,158,1,-1.0
150,159,1,-1.0
150,160,1,-1.0
150,161,1,-1.0
150,162,1,-1.0
150,163,1,-1.0
150,164,4,-1.0
150,165,4,-1.0
150,166,4,-1.0
150,167,4,-1.0
150,168,4,-1.0
150,169,4,-1.0
150,170,4,-1.0
150,171,4,-1.0
150,172,4,-1.0
150,173,4,-1.0
150,174,4,-1.0
150,175,4,-1.0
150,176,4,-1.0
150,177,4,-1.0
150,178,4,-1.0
150,179,4,-1.0
150,180,4,-1.0
150,181,4,-1.0
150,182,4,-1.0
150,183,4,-1.0
150,184,4,-1.0
150,185,4,-1.0
150,186,4,-1.0
150,187,4,-1.0
150,188,4,-1.0
150,189,4,-1.0
150,190,4,-1.0
150,191,4,-1.0
150,192,4,-1.0
150,193,4,-1.0
150,194,4,-1.0
150,195,4,-1.0
150,196,4,-1.0
150,197,4,-1.0
150,198,4,-1.0
150,199,4,-1.0
150,200,4,-1.0
150,201,4,-1.0
150,202,4,-1.0
150,203,4,-1.0
150,204,4,-1.0
150,205,4,-1.0
150,206,4,-1.0
150,207,4,-1.0
150,208,4,-1.0
150,209,4,-1.0
150,210,4,-1.0
150,211,4,-1.0
150,212,4,-1.0
150,213,4,-1.0
150,214,4,-1.0
150,215,4,-1.0
150,216,4,-1.0
150,217,4,-1.0
150,218,4,-1.0
150,219,4,-1.0
150,220,4,-1.0
150,221,4,-1.0
150,222,4,-1.0
150,223,4,-1.0
150,224,4,-1.0
150,225,4,-1.0
150,226,4,-1.0
150,227,4,-1.0
150,228,4,-1.0
150,229,4,-1.0
150,230,4,-1.0
150,231,4,-1.0
150,232,4,-1.0
150,233,4,-1.0
150,234,4,-1.0
150,235,4,-1.0
150,236,4,-1.0
150,237,4,-1.0
150,238,4,-1.0
150,239,4,-1.0
150,240,4,-1.0
150,241,4,-1.0
150,242,4,-1.0
150,243,4,-1.0
150,244,4,-1.0
150,245,4,-1.0
150,246,4,-1.0
150,247,4,-1.0
150,248,4,-1.0
150,249,4,-1.0
150,250,4,-1.0
151,0,2,452.92034
151,1,2,452.97624
151,2,2,453.14405
151,3,2,453.42404
151,4,2,453.8167
151,5,2,454.32269
151,6,2,454.94288
151,7,2,455.67834
151,8,2,456.5301
151,9,2,457.49897
151,10,2,458.58742
151,11,2,459.79737
151,12,2,461.12975
151,13,2,462.58766
151,14,2,464.17382
151,15,2,465.88968
151,16,2,467.74001
151,17,2,469.72602
151,18,2,471.85335
151,19,2,474.12383
151,20,2,476.54327
151,21,2,479.11541
151,22,2,481.84488
151,23,2,484.73775
151,24,2,487.79938
151,25,2,491.03511
151,26,2,494.45246
151,27,2,498.0585
151,28,2,501.86085
151,29,2,505.86776
151,30,2,510.08817
151,31,2,514.53173
151,32,2,519.20892
151,33,2,524.13108
151,34,2,529.3105
151,35,2,534.76054
151,36,2,540.4957
151,37,2,546.53173
151,38,2,552.88549
151,39,2,559.5747
151,40,2,566.62081
151,41,2,574.04571
151,42,2,581.87224
151,43,2,590.12886
151,44,2,598.84219
151,45,2,608.04662
151,46,2,617.77472
151,47,2,628.0673
151,48,2,638.96704
151,49,2,650.52005
151,50,2,662.78089
151,51,2,675.80858
151,52,2,689.66921
151,53,2,704.43705
151,54,2,720.19583
151,55,2,737.04025
151,56,2,755.07789
151,57,2,774.43137
151,58,2,795.24114
151,59,2,817.66871
151,60,2,841.89801
151,61,2,868.14838
151,62,2,896.6717
151,63,2,927.76511
151,64,2,961.78146
151,65,2,999.14187
151,66,2,1040.349
151,67,2,1086.0192
151,68,2,1136.9041
151,69,2,1193.935
151,70,2,1258.2806
151,71,2,1331.4269
151,72,2,1415.2935
151,73,2,1512.4031
151,74,2,1626.1398
151,75,2,1761.1471
151,76,2,1923.9748
151,77,2,2124.1902
151,78,2,2376.2844
151,79,2,2703.4035
151,80,2,3144.8096
151,81,2,3773.0311
151,82,2,4738.406
151,83,2,6411.7324
151,84,2,10022.237
151,85,2,23556.778
151,86,1,-1.0
151,87,1,-1.0
151,88,1,-1.0
151,89,1,-1.0
151,90,1,-1.0
151,91,1,-1.0
151,92,1,-1.0
151,93,1,-1.0
151,94,1,-1.0
151,95,1,-1.0
151,96,1,-1.0
151,97,1,-1.0
151,98,1,-1.0
151,99,1,-1.0
151,100,1,-1.0
151,101,1,-1.0
151,102,1,-1.0
151,103,1,-1.0
151,104,1,-1.0
151,105,1,-1.0
151,106,1,-1.0
151,107,1,-1.0
151,108,1,-1.0
151,109,1,-1.0
151,110,1,-1.0
151,111,1,-1.0
151,112,1,-1.0
151,113,1,-1.0
151,114,1,-1.0
151,115,1,-1.0
151,116,1,-1.0
151,117,1,-1.0
151,118,1,-1.0
151,119,1,-1.0
151,120,1,-1.0
151,121,1,-1.0
151,122,1,-1.0
151,123,1,-1.0
151,124,1,-1.0
151,125,1,-1.0
151,126,1,-1.0
151,127,1,-1.0
151,128,1,-1.0
151,129,1,-1.0
151,130,1,-1.0
151,131,1,-1.0
151,132,1,-1.0
151,133,1,-1.0
151,134,1,-1.0
151,135,1,-1.0
151,136,1,-1.0
151,137,1,-1.0
151,138,1,-1.0
151,139,1,-1.0
151,140,1,-1.0
151,141,1,-1.0
151,142,1,-1.0
151,143,1,-1.0
151,144,1,-1.0
151,145,1,-1.0
151,146,1,-1.0
151,147,1,-1.0
151,148,1,-1.0
151,149,1,-1.0
151,150,1,-1.0
151,151,1,-1.0
151,152,1,-1.0
151,153,1,-1.0
151,154,1,-1.0
151,155,1,-1.0
151,156,1,-1.0
151,157,1,-1.0
151,158,1,-1.0
151,159,1,-1.0
151,160,1,-1.0
151,161,1,-1.0
151,162,1,-1.0
151,163,1,-1.0
151,164,4,-1.0
151,165,4,-1.0
151,166,4,-1.0
151,167,4,-1.0
151,168,4,-1.0
151,169,4,-1.0
151,170,4,-1.0
151,171,4,-1.0
151,172,4,-1.0
151,173,4,-1.0
151,174,4,-1.0
151,175,4,-1.0
151,176,4,-1.0
151,177,4,-1.0
151,178,4,-1.0
151,179,4,-1.0
151,180,4,-1.0
151,181,4,-1.0
151,182,4,-1.0
151,183,4,-1.0
151,184,4,-1.0
151,185,4,-1.0
151,186,4,-1.0
151,187,4,-1.0
151,188,4,-1.0
151,189,4,-1.0
151,190,4,-1.0
151,191,4,-1.0
151,192,4,-1.0
151,193,4,-1.0
151,194,4,-1.0
151,195,4,-1.0
151,196,4,-1.0
151,197,4,-1.0
151,198,4,-1.0
151,199,4,-1.0
151,200,4,-1.0
151,201,4,-1.0
151,202,4,-1.0
151,203,4,-1.0
151,204,4,-1.0
151,205,4,-1.0
151,206,4,-1.0
151,207,4,-1.0
151,208,4,-1.0
151,209,4,-1.0
151,210,4,-1.0
151,211,4,-1.0
151,212,4,-1.0
151,213,4,-1.0
151,214,4,-1.0
151,215,4,-1.0
151,216,4,-1.0
151,217,4,-1.0
151,218,4,-1.0
151,219,4,-1.0
151,220,4,-1.0
151,221,4,-1.0
151,222,4,-1.0
151,223,4,-1.0
151,224,4,-1.0
151,225,4,-1.0
151,226,4,-1.0
151,227,4,-1.0
151,228,4,-1.0
151,229,4,-1.0
151,230,4,-1.0
151,231,4,-1.0
151,232,4,-1.0
151,233,4,-1.0
151,234,4,-1.0
151,235,4,-1.0
151,236,4,-1.0
151,237,4,-1.0
151,238,4,-1.0
151,239,4,-1.0
151,240,4,-1.0
151,241,4,-1.0
151,242,4,-1.0
151,243,4,-1.0
151,244,4,-1.0
151,245,4,-1.0
151,246,4,-1.0
151,247,4,-1.0
151,248,4,-1.0
151,249,4,-1.0
151,250,4,-1.0
152,0,2,434.12484
152,1,2,434.17596
152,2,2,434.32939
152,3,2,434.58539
152,4,2,434.94438
152,5,2,435.40694
152,6,2,435.97384
152,7,2,436.64601
152,8,2,437.42391
152,9,2,438.30908
152,10,2,439.30331
152,11,2,440.40815
152,12,2,441.62424
152,13,2,442.9549
152,14,2,444.40172
152,15,2,445.96679
152,16,2,447.65353
152,17,2,449.46357
152,18,2,451.40123
152,19,2,453.46881
152,20,2,455.67053
152,21,2,458.01051
152,22,2,460.4918
152,23,2,463.12015
152,24,2,465.90036
152,25,2,468.83686
152,26,2,471.93581
152,27,2,475.20355
152,28,2,478.64659
152,29,2,482.27199
152,30,2,486.08738
152,31,2,490.10097
152,32,2,494.32167
152,33,2,498.75911
152,34,2,503.42369
152,35,2,508.32669
152,36,2,513.48033
152,37,2,518.89788
152,38,2,524.59283
152,39,2,530.58113
152,40,2,536.88015
152,41,2,543.50744
152,42,2,550.48306
152,43,2,557.82958
152,44,2,565.56941
152,45,2,573.73018
152,46,2,582.33946
152,47,2,591.42913
152,48,2,601.03458
152,49,2,611.19316
152,50,2,621.94759
152,51,2,633.34557
152,52,2,645.43951
152,53,2,658.28799
152,54,2,671.95662
152,55,2,686.51921
152,56,2,702.05898
152,57,2,718.67015
152,58,2,736.45981
152,59,2,755.5485
152,60,2,776.07675
152,61,2,798.20628
152,62,2,822.11991
152,63,2,848.03733
152,64,2,876.20754
152,65,2,906.93143
152,66,2,940.56102
152,67,2,977.51612
152,68,2,1018.3066
152,69,2,1063.5497
152,70,2,1114.0036
152,71,2,1170.6101
152,72,2,1234.5533
152,73,2,1307.3433
152,74,2,1390.9317
152,75,2,1487.9019
152,76,2,1601.7261
152,77,2,1737.1899
152,78,2,1901.0954
152,79,2,2103.4202
152,80,2,2359.4295
152,81,2,2693.7338
152,82,2,3148.6875
152,83,2,3803.929
152,84,2,4828.9809
152,85,2,6659.9029
152,86,2,10862.39
152,87,2,30513.0
152,88,1,-1.0
152,89,1,-1.0
152,90,1,-1.0
152,91,1,-1.0
152,92,1,-1.0
152,93,1,-1.0
152,94,1,-1.0
152,95,1,-1.0
152,96,1,-1.0
152,97,1,-1.0
152,98,1,-1.0
152,99,1,-1.0
152,100,1,-1.0
152,101,1,-1.0
152,102,1,-1.0
152,103,1,-1.0
152,104,1,-1.0
152,105,1,-1.0
152,106,1,-1.0
152,107,1,-1.0
152,108,1,-1.0
152,109,1,-1.0
152,110,1,-1.0
152,111,1,-1.0
152,112,1,-1.0
152,113,1,-1.0
152,114,1,-1.0
152,115,1,-1.0
152,116,1,-1.0
152,117,1,-1.0
152,118,1,-1.0
152,119,1,-1.0
152,120,1,-1.0
152,121,1,-1.0
152,122,1,-1.0
152,123,1,-1.0
152,124,1,-1.0
152,125,1,-1.0
152,126,1,-1.0
152,127,1,-1.0
152,128,1,-1.0
152,129,1,-1.0
152,130,1,-1.0
152,131,1,-1.0
152,132,1,-1.0
152,133,1,-1.0
152,134,1,-1.0
152,135,1,-1.0
152,136,1,-1.0
152,137,1,-1.0
152,138,1,-1.0
152,139,1,-1.0
152,140,1,-1.0
152,141,1,-1.0
152,142,1,-1.0
152,143,1,-1.0
152,144,1,-1.0
152,145,1,-1.0
152,146,1,-1.0
152,147,1,-1.0
152,148,1,-1.0
152,149,1,-1.0
152,150,1,-1.0
152,151,1,-1.0
152,152,1,-1.0
152,153,1,-1.0
152,154,1,-1.0
152,155,1,-1.0
152,156,1,-1.0
152,157,1,-1.0
152,158,1,-1.0
152,159,1,-1.0
152,160,1,-1.0
152,161,1,-1.0
152,162,1,-1.0
152,163,1,-1.0
152,164,4,-1.0
152,165,4,-1.0
152,166,4,-1.0
152,167,4,-1.0
152,168,4,-1.0
152,169,4,-1.0
152,170,4,-1.0
152,171,4,-1.0
152,172,4,-1.0
152,173,4,-1.0
152,174,4,-1.0
152,175,4,-1.0
152,176,4,-1.0
152,177,4,-1.0
152,178,4,-1.0
152,179,4,-1.0
152,180,4,-1.0
152,181,4,-1.0
152,182,4,-1.0
152,183,4,-1.0
152,184,4,-1.0
152,185,4,-1.0
152,186,4,-1.0
152,187,4,-1.0
152,188,4,-1.0
152,189,4,-1.0
152,190,4,-1.0
152,191,4,-1.0
152,192,4,-1.0
152,193,4,-1.0
152,194,4,-1.0
152,195,4,-1.0
152,196,4,-1.0
152,197,4,-1.0
152,198,4,-1.0
152,199,4,-1.0
152,200,4,-1.0
152,201,4,-1.0
152,202,4,-1.0
152,203,4,-1.0
152,204,4,-1.0
152,205,4,-1.0
152,206,4,-1.0
152,207,4,-1.0
152,208,4,-1.0
152,209,4,-1.0
152,210,4,-1.0
152,211,4,-1.0
152,212,4,-1.0
152,213,4,-1.0
152,214,4,-1.0
152,215,4,-1.0
152,216,4,-1.0
152,217,4,-1.0
152,218,4,-1.0
152,219,4,-1.0
152,220,4,-1.0
152,221,4,-1.0
152,222,4,-1.0
152,223,4,-1.0
152,224,4,-1.0
152,225,4,-1.0
152,226,4,-1.0
152,227,4,-1.0
152,228,4,-1.0
152,229,4,-1.0
152,230,4,-1.0
152,231,4,-1.0
152,232,4,-1.0
152,233,4,-1.0
152,234,4,-1.0
152,235,4,-1.0
152,236,4,-1.0
152,237,4,-1.0
152,238,4,-1.0
152,239,4,-1.0
152,240,4,-1.0
152,241,4,-1.0
152,242,4,-1.0
152,243,4,-1.0
152,244,4,-1.0
152,245,4,-1.0
152,246,4,-1.0
152,247,4,-1.0
152,248,4,-1.0
152,249,4,-1.0
152,250,4,-1.0
153,0,2,416.31439
153,1,2,416.36116
153,2,2,416.50155
153,3,2,416.73577
153,4,2,417.06421
153,5,2,417.48736
153,6,2,418.00592
153,7,2,418.62068
153,8,2,419.33202
153,9,2,420.14133
153,10,2,421.05015
153,11,2,422.05987
153,12,2,423.17098
153,13,2,424.38645
153,14,2,425.70763
153,15,2,427.13633
153,16,2,428.67557
153,17,2,430.3267
153,18,2,432.09357
153,19,2,433.97809
153,20,2,435.98397
153,21,2,438.11479
153,22,2,440.37311
153,23,2,442.76401
153,24,2,445.29159
153,25,2,447.95962
153,26,2,450.77347
153,27,2,453.73857
153,28,2,456.86052
153,29,2,460.14536
153,30,2,463.59961
153,31,2,467.23029
153,32,2,471.04499
153,33,2,475.0519
153,34,2,479.25986
153,35,2,483.67842
153,36,2,488.31793
153,37,2,493.18956
153,38,2,498.30465
153,39,2,503.67653
153,40,2,509.31984
153,41,2,515.24917
153,42,2,521.48114
153,43,2,528.0346
153,44,2,534.92789
153,45,2,542.18396
153,46,2,549.82526
153,47,2,557.87793
153,48,2,566.37083
153,49,2,575.33414
153,50,2,584.80236
153,51,2,594.81385
153,52,2,605.41051
153,53,2,616.63891
153,54,2,628.55095
153,55,2,641.20466
153,56,2,654.6651
153,57,2,669.00545
153,58,2,684.3083
153,59,2,700.66556
153,60,2,718.18443
153,61,2,736.98658
153,62,2,757.20792
153,63,2,779.01145
153,64,2,802.57868
153,65,2,828.12719
153,66,2,855.90877
153,67,2,886.21878
153,68,2,919.41075
153,69,2,955.90676
153,70,2,996.21563
153,71,2,1040.9571
153,72,2,1090.8938
153,73,2,1146.9716
153,74,2,1210.3883
153,75,2,1282.6733
153,76,2,1365.8051
153,77,2,1462.4173
153,78,2,1576.0512
153,79,2,1711.6298
153,80,2,1876.1681
153,81,2,2080.0308
153,82,2,2339.2035
153,83,2,2679.7011
153,84,2,3146.8961
153,85,2,3827.6367
153,86,2,4911.6775
153,87,2,6908.2498
153,88,2,11807.052
153,89,2,42770.634
153,90,1,-1.0
153,91,1,-1.0
153,92,1,-1.0
153,93,1,-1.0
153,94,1,-1.0
153,95,1,-1.0
153,96,1,-1.0
153,97,1,-1.0
153,98,1,-1.0
153,99,1,-1.0
153,100,1,-1.0
153,101,1,-1.0
153,102,1,-1.0
153,103,1,-1.0
153,104,1,-1.0
153,105,1,-1.0
153,106,1,-1.0
153,107,1,-1.0
153,108,1,-1.0
153,109,1,-1.0
153,110,1,-1.0
153,111,1,-1.0
153,112,1,-1.0
153,113,1,-1.0
153,114,1,-1.0
153,115,1,-1.0
153,116,1,-1.0
153,117,1,-1.0
153,118,1,-1.0
153,119,1,-1.0
153,120,1,-1.0
153,121,1,-1.0
153,122,1,-1.0
153,123,1,-1.0
153,124,1,-1.0
153,125,1,-1.0
153,126,1,-1.0
153,127,1,-1.0
153,128,1,-1.0
153,129,1,-1.0
153,130,1,-1.0
153,131,1,-1.0
153,132,1,-1.0
153,133,1,-1.0
153,134,1,-1.0
153,135,1,-1.0
153,136,1,-1.0
153,137,1,-1.0
153,138,1,-1.0
153,139,1,-1.0
153,140,1,-1.0
153,141,1,-1.0
153,142,1,-1.0
153,143,1,-1.0
153,144,1,-1.0
153,145,1,-1.0
153,146,1,-1.0
153,147,1,-1.0
153,148,1,-1.0
153,149,1,-1.0
153,150,1,-1.0
153,151,1,-1.0
153,152,1,-1.0
153,153,1,-1.0
153,154,1,-1.0
153,155,1,-1.0
153,156,1,-1.0
153,157,1,-1.0
153,158,1,-1.0
153,159,1,-1.0
153,160,1,-1.0
153,161,1,-1.0
153,162,1,-1.0
153,163,1,-1.0
153,164,4,-1.0
153,165,4,-1.0
153,166,4,-1.0
153,167,4,-1.0
153,168,4,-1.0
153,169,4,-1.0
153,170,4,-1.0
153,171,4,-1.0
153,172,4,-1.0
153,173,4,-1.0
153,174,4,-1.0
153,175,4,-1.0
153,176,4,-1.0
153,177,4,-1.0
153,178,4,-1.0
153,179,4,-1.0
153,180,4,-1.0
153,181,4,-1.0
153,182,4,-1.0
153,183,4,-1.0
153,184,4,-1.0
153,185,4,-1.0
153,186,4,-1.0
153,187,4,-1.0
153,188,4,-1.0
153,189,4,-1.0
153,190,4,-1.0
153,191,4,-1.0
153,192,4,-1.0
153,193,4,-1.0
153,194,4,-1.0
153,195,4,-1.0
153,196,4,-1.0
153,197,4,-1.0
153,198,4,-1.0
153,199,4,-1.0
153,200,4,-1.0
153,201,4,-1.0
153,202,4,-1.0
153,203,4,-1.0
153,204,4,-1.0
153,205,4,-1.0
153,206,4,-1.0
153,207,4,-1.0
153,208,4,-1.0
153,209,4,-1.0
153,210,4,-1.0
153,211,4,-1.0
153,212,4,-1.0
153,213,4,-1.0
153,214,4,-1.0
153,215,4,-1.0
153,216,4,-1.0
153,217,4,-1.0
153,218,4,-1.0
153,219,4,-1.0
153,220,4,-1.0
153,221,4,-1.0
153,222,4,-1.0
153,223,4,-1.0
153,224,4,-1.0
153,225,4,-1.0
153,226,4,-1.0
153,227,4,-1.0
153,228,4,-1.0
153,229,4,-1.0
153,230,4,-1.0
153,231,4,-1.0
153,232,4,-1.0
153,233,4,-1.0
153,234,4,-1.0
153,235,4,-1.0
153,236,4,-1.0
153,237,4,-1.0
153,238,4,-1.0
153,239,4,-1.0
153,240,4,-1.0
153,241,4,-1.0
153,242,4,-1.0
153,243,4,-1.0
153,244,4,-1.0
153,245,4,-1.0
153,246,4,-1.0
153,247,4,-1.0
153,248,4,-1.0
153,249,4,-1.0
153,250,4,-1.0
154,0,3,399.42599
154,1,3,399.46881
154,2,3,399.59735
154,3,3,399.8118
154,4,3,400.11247
154,5,3,400.49984
154,6,3,400.97448
154,7,3,401.53713
154,8,3,402.18843
154,9,3,402.92887
154,10,3,403.76022
154,11,3,404.68377
154,12,3,405.69998
154,13,3,406.81104
154,14,3,408.01879
154,15,2,409.32401
154,16,2,410.7301
154,17,2,412.23756
154,18,2,413.85043
154,19,2,415.56955
154,20,2,417.39903
154,21,2,419.34113
154,22,2,421.39885
154,23,2,423.57625
154,24,2,425.87668
154,25,2,428.30347
154,26,2,430.86158
154,27,2,433.55547
154,28,2,436.38995
154,29,2,439.37021
154,30,2,442.50182
154,31,2,445.79081
154,32,2,449.24364
154,33,2,452.86731
154,34,2,456.66935
154,35,2,460.65788
154,36,2,464.84165
154,37,2,469.23016
154,38,2,473.83344
154,39,2,478.66166
154,40,2,483.72771
154,41,2,489.04432
154,42,2,494.62421
154,43,2,500.48411
154,44,2,506.6386
154,45,2,513.10733
154,46,2,519.90769
154,47,2,527.0625
154,48,2,534.59464
154,49,2,542.52838
154,50,2,550.89269
154,51,2,559.71813
154,52,2,569.0384
154,53,2,578.89081
154,54,2,589.31674
154,55,2,600.36221
154,56,2,612.07855
154,57,2,624.52313
154,58,2,637.76034
154,59,2,651.862
154,60,2,666.90896
154,61,2,682.99501
154,62,2,700.22328
154,63,2,718.71519
154,64,2,738.6062
154,65,2,760.05649
154,66,2,783.24864
154,67,2,808.39542
154,68,2,835.74847
154,69,2,865.60321
154,70,2,898.31088
154,71,2,934.29233
154,72,2,974.05617
154,73,2,1018.2202
154,74,2,1067.5503
154,75,2,1122.9996
154,76,2,1185.7659
154,77,2,1257.3948
154,78,2,1339.8888
154,79,2,1435.9112
154,80,2,1549.075
154,81,2,1684.4043
154,82,2,1849.1025
154,83,2,2053.8777
154,84,2,2315.3683
154,85,2,2660.9093
154,86,2,3138.7573
154,87,2,3842.8953
154,88,2,4983.9625
154,89,2,7151.5113
154,90,2,12863.721
154,91,2,69813.037
154,92,1,-1.0
154,93,1,-1.0
154,94,1,-1.0
154,95,1,-1.0
154,96,1,-1.0
154,97,1,-1.0
154,98,1,-1.0
154,99,1,-1.0
154,100,1,-1.0
154,101,1,-1.0
154,102,1,-1.0
154,103,1,-1.0
154,104,1,-1.0
154,105,1,-1.0
154,106,1,-1.0
154,107,1,-1.0
154,108,1,-1.0
154,109,1,-1.0
154,110,1,-1.0
154,111,1,-1.0
154,112,1,-1.0
154,113,1,-1.0
154,114,1,-1.0
154,115,1,-1.0
154,116,1,-1.0
154,117,1,-1.0
154,118,1,-1.0
154,119,1,-1.0
154,120,1,-1.0
154,121,1,-1.0
154,122,1,-1.0
154,123,1,-1.0
154,124,1,-1.0
154,125,1,-1.0
154,126,1,-1.0
154,127,1,-1.0
154,128,1,-1.0
154,129,1,-1.0
154,130,1,-1.0
154,131,1,-1.0
154,132,1,-1.0
154,133,1,-1.0
154,134,1,-1.0
154,135,1,-1.0
154,136,1,-1.0
154,137,1,-1.0
154,138,1,-1.0
154,139,1,-1.0
154,140,1,-1.0
154,141,1,-1.0
154,142,1,-1.0
154,143,1,-1.0
154,144,1,-1.0
154,145,1,-1.0
154,146,1,-1.0
154,147,1,-1.0
154,148,1,-1.0
154,149,1,-1.0
154,150,1,-1.0
154,151,1,-1.0
154,152,1,-1.0
154,153,1,-1.0
154,154,1,-1.0
154,155,1,-1.0
154,156,1,-1.0
154,157,1,-1.0
154,158,1,-1.0
154,159,1,-1.0
154,160,1,-1.0
154,161,1,-1.0
154,162,1,-1.0
154,163,1,-1.0
154,164,1,-1.0
154,165,4,-1.0
154,166,4,-1.0
154,167,4,-1.0
154,168,4,-1.0
154,169,4,-1.0
154,170,4,-1.0
154,171,4,-1.0
154,172,4,-1.0
154,173,4,-1.0
154,174,4,-1.0
154,175,4,-1.0
154,176,4,-1.0
154,177,4,-1.0
154,178,4,-1.0
154,179,4,-1.0
154,180,4,-1.0
154,181,4,-1.0
154,182,4,-1.0
154,183,4,-1.0
154,184,4,-1.0
154,185,4,-1.0
154,186,4,-1.0
154,187,4,-1.0
154,188,4,-1.0
154,189,4,-1.0
154,190,4,-1.0
154,191,4,-1.0
154,192,4,-1.0
154,193,4,-1.0
154,194,4,-1.0
154,195,4,-1.0
154,196,4,-1.0
154,197,4,-1.0
154,198,4,-1.0
154,199,4,-1.0
154,200,4,-1.0
154,201,4,-1.0
154,202,4,-1.0
154,203,4,-1.0
154,204,4,-1.0
154,205,4,-1.0
154,206,4,-1.0
154,207,4,-1.0
154,208,4,-1.0
154,209,4,-1.0
154,210,4,-1.0
154,211,4,-1.0
154,212,4,-1.0
154,213,4,-1.0
154,214,4,-1.0
154,215,4,-1.0
154,216,4,-1.0
154,217,4,-1.0
154,218,4,-1.0
154,219,4,-1.0
154,220,4,-1.0
154,221,4,-1.0
154,222,4,-1.0
154,223,4,-1.0
154,224,4,-1.0
154,225,4,-1.0
154,226,4,-1.0
154,227,4,-1.0
154,228,4,-1.0
154,229,4,-1.0
154,230,4,-1.0
154,231,4,-1.0
154,232,4,-1.0
154,233,4,-1.0
154,234,4,-1.0
154,235,4,-1.0
154,236,4,-1.0
154,237,4,-1.0
154,238,4,-1.0
154,239,4,-1.0
154,240,4,-1.0
154,241,4,-1.0
154,242,4,-1.0
154,243,4,-1.0
154,244,4,-1.0
154,245,4,-1.0
154,246,4,-1.0
154,247,4,-1.0
154,248,4,-1.0
154,249,4,-1.0
154,250,4,-1.0
155,0,3,383.40115
155,1,3,383.44044
155,2,3,383.55835
155,3,3,383.75498
155,4,3,384.03042
155,5,3,384.38524
155,6,3,384.81997
155,7,3,385.33524
155,8,3,385.93182
155,9,3,386.61021
155,10,3,387.37119
155,11,3,388.2164
155,12,3,389.14691
155,13,3,390.16325
155,14,3,391.26796
155,15,3,392.46175
155,16,3,393.74686
155,17,3,395.12488
155,18,3,396.59805
155,19,3,398.16822
155,20,3,399.83851
155,21,3,401.61017
155,22,3,403.48717
155,23,3,405.47229
155,24,3,407.56774
155,25,2,409.77787
155,26,2,412.10623
155,27,2,414.55668
155,28,2,417.13335
155,29,2,419.8404
155,30,2,422.68304
155,31,2,425.66644
155,32,2,428.79616
155,33,2,432.07819
155,34,2,435.51889
155,35,2,439.1248
155,36,2,442.90367
155,37,2,446.86354
155,38,2,451.01309
155,39,2,455.36137
155,40,2,459.91777
155,41,2,464.69406
155,42,2,469.70123
155,43,2,474.9519
155,44,2,480.46006
155,45,2,486.24003
155,46,2,492.30814
155,47,2,498.68236
155,48,2,505.38037
155,49,2,512.42426
155,50,2,519.83666
155,51,2,527.64238
155,52,2,535.86857
155,53,2,544.54543
155,54,2,553.70651
155,55,2,563.38861
155,56,2,573.63211
155,57,2,584.48244
155,58,2,595.99037
155,59,2,608.21257
155,60,2,621.21185
155,61,2,635.05897
155,62,2,649.83569
155,63,2,665.63087
155,64,2,682.55012
155,65,2,700.71077
155,66,2,720.24812
155,67,2,741.31966
155,68,2,764.10671
155,69,2,788.82081
155,70,2,815.71029
155,71,2,845.06856
155,72,2,877.24485
155,73,2,912.65811
155,74,2,951.812
155,75,2,995.32763
155,76,2,1043.9659
155,77,2,1098.6811
155,78,2,1160.6748
155,79,2,1231.4969
155,80,2,1313.1668
155,81,2,1408.3723
155,82,2,1520.7716
155,83,2,1655.4741
155,84,2,1819.8395
155,85,2,2024.8661
155,86,2,2287.7574
155,87,2,2637.0459
155,88,2,3123.6633
155,89,2,3848.4739
155,90,2,5043.0587
155,91,2,7383.2147
155,92,2,14035.796
155,93,2,176812.02
155,94,1,-1.0
155,95,1,-1.0
155,96,1,-1.0
155,97,1,-1.0
155,98,1,-1.0
155,99,1,-1.0
155,100,1,-1.0
155,101,1,-1.0
155,102,1,-1.0
155,103,1,-1.0
155,104,1,-1.0
155,105,1,-1.0
155,106,1,-1.0
155,107,1,-1.0
155,108,1,-1.0
155,109,1,-1.0
155,110,1,-1.0
155,111,1,-1.0
155,112,1,-1.0
155,113,1,-1.0
155,114,1,-1.0
155,115,1,-1.0
155,116,1,-1.0
155,117,1,-1.0
155,118,1,-1.0
155,119,1,-1.0
155,120,1,-1.0
155,121,1,-1.0
155,122,1,-1.0
155,123,1,-1.0
155,124,1,-1.0
155,125,1,-1.0
155,126,1,-1.0
155,127,1,-1.0
155,128,1,-1.0
155,129,1,-1.0
155,130,1,-1.0
155,131,1,-1.0
155,132,1,-1.0
155,133,1,-1.0
155,134,1,-1.0
155,135,1,-1.0
155,136,1,-1.0
155,137,1,-1.0
155,138,1,-1.0
155,139,1,-1.0
155,140,1,-1.0
155,141,1,-1.0
155,142,1,-1.0
155,143,1,-1.0
155,144,1,-1.0
155,145,1,-1.0
155,146,1,-1.0
155,147,1,-1.0
155,148,1,-1.0
155,149,1,-1.0
155,150,1,-1.0
155,151,1,-1.0
155,152,1,-1.0
155,153,1,-1.0
155,154,1,-1.0
155,155,1,-1.0
155,156,1,-1.0
155,157,1,-1.0
155,158,1,-1.0
155,159,1,-1.0
155,160,1,-1.0
155,161,1,-1.0
155,162,1,-1.0
155,163,1,-1.0
155,164,1,-1.0
155,165,4,-1.0
155,166,4,-1.0
155,167,4,-1.0
155,168,4,-1.0
155,169,4,-1.0
155,170,4,-1.0
155,171,4,-1.0
155,172,4,-1.0
155,173,4,-1.0
155,174,4,-1.0
155,175,4,-1.0
155,176,4,-1.0
155,177,4,-1.0
155,178,4,-1.0
155,179,4,-1.0
155,180,4,-1.0
155,181,4,-1.0
155,182,4,-1.0
155,183,4,-1.0
155,184,4,-1.0
155,185,4,-1.0
155,186,4,-1.0
155,187,4,-1.0
155,188,4,-1.0
155,189,4,-1.0
155,190,4,-1.0
155,191,4,-1.0
155,192,4,-1.0
155,193,4,-1.0
155,194,4,-1.0
155,195,4,-1.0
155,196,4,-1.0
155,197,4,-1.0
155,198,4,-1.0
155,199,4,-1.0
155,200,4,-1.0
155,201,4,-1.0
155,202,4,-1.0
155,203,4,-1.0
155,204,4,-1.0
155,205,4,-1.0
155,206,4,-1.0
155,207,4,-1.0
155,208,4,-1.0
155,209,4,-1.0
155,210,4,-1.0
155,211,4,-1.0
155,212,4,-1.0
155,213,4,-1.0
155,214,4,-1.0
155,215,4,-1.0
155,216,4,-1.0
155,217,4,-1.0
155,218,4,-1.0
155,219,4,-1.0
155,220,4,-1.0
155,221,4,-1.0
155,222,4,-1.0
155,223,4,-1.0
155,224,4,-1.0
155,225,4,-1.0
155,226,4,-1.0
155,227,4,-1.0
155,228,4,-1.0
155,229,4,-1.0
155,230,4,-1.0
155,231,4,-1.0
155,232,4,-1.0
155,233,4,-1.0
155,234,4,-1.0
155,235,4,-1.0
155,236,4,-1.0
155,237,4,-1.0
155,238,4,-1.0
155,239,4,-1.0
155,240,4,-1.0
155,241,4,-1.0
155,242,4,-1.0
155,243,4,-1.0
155,244,4,-1.0
155,245,4,-1.0
155,246,4,-1.0
155,247,4,-1.0
155,248,4,-1.0
155,249,4,-1.0
155,250,4,-1.0
156,0,3,368.18598
156,1,3,368.22199
156,2,3,368.33008
156,3,3,368.5104
156,4,3,368.7632
156,5,3,369.08884
156,6,3,369.4874
156,7,3,369.95956
156,8,3,370.50616
156,9,3,371.12797
156,10,3,371.82563
156,11,3,372.59963
156,12,3,373.45177
156,13,3,374.38289
156,14,3,375.39383
156,15,3,376.48693
156,16,3,377.66237
156,17,3,378.9232
156,18,3,380.26983
156,19,3,381.70551
156,20,3,383.23101
156,21,3,384.8495
156,22,3,386.56328
156,23,3,388.37412
156,24,3,390.28562
156,25,3,392.30065
156,26,3,394.42213
156,27,3,396.65315
156,28,3,398.99779
156,29,3,401.4599
156,30,3,404.0436
156,31,3,406.75333
156,32,3,409.59386
156,33,2,412.57031
156,34,2,415.68818
156,35,2,418.95339
156,36,2,422.37231
156,37,2,425.95123
156,38,2,429.69772
156,39,2,433.61992
156,40,2,437.72631
156,41,2,442.02489
156,42,2,446.52677
156,43,2,451.2417
156,44,2,456.18147
156,45,2,461.35816
156,46,2,466.78565
156,47,2,472.47748
156,48,2,478.45049
156,49,2,484.72164
156,50,2,491.30871
156,51,2,498.23301
156,52,2,505.51682
156,53,2,513.18457
156,54,2,521.26312
156,55,2,529.78211
156,56,2,538.77426
156,57,2,548.27577
156,58,2,558.32681
156,59,2,568.97083
156,60,2,580.25873
156,61,2,592.24604
156,62,2,604.99359
156,63,2,618.57327
156,64,2,633.06234
156,65,2,648.5516
156,66,2,665.14315
156,67,2,682.95291
156,68,2,702.11466
156,69,2,722.78346
156,70,2,745.13854
156,71,2,769.38921
156,72,2,795.78
156,73,2,824.60208
156,74,2,856.20196
156,75,2,890.99294
156,76,2,929.47899
156,77,2,972.27275
156,78,2,1020.1353
156,79,2,1074.0153
156,80,2,1135.1146
156,81,2,1204.9819
156,82,2,1285.6421
156,83,2,1379.7963
156,84,2,1491.1342
156,85,2,1624.8264
156,86,2,1788.3425
156,87,2,1992.9216
156,88,2,2256.2351
156,89,2,2607.8372
156,90,2,3101.086
156,91,2,3843.2034
156,92,2,5086.1827
156,93,2,7595.6288
156,94,2,15318.798
156,95,1,-1.0
156,96,1,-1.0
156,97,1,-1.0
156,98,1,-1.0
156,99,1,-1.0
156,100,1,-1.0
156,101,1,-1.0
156,102,1,-1.0
156,103,1,-1.0
156,104,1,-1.0
156,105,1,-1.0
156,106,1,-1.0
156,107,1,-1.0
156,108,1,-1.0
156,109,1,-1.0
156,110,1,-1.0
156,111,1,-1.0
156,112,1,-1.0
156,113,1,-1.0
156,114,1,-1.0
156,115,1,-1.0
156,116,1,-1.0
156,117,1,-1.0
156,118,1,-1.0
156,119,1,-1.0
156,120,1,-1.0
156,121,1,-1.0
156,122,1,-1.0
156,123,1,-1.0
156,124,1,-1.0
156,125,1,-1.0
156,126,1,-1.0
156,127,1,-1.0
156,128,1,-1.0
156,129,1,-1.0
156,130,1,-1.0
156,131,1,-1.0
156,132,1,-1.0
156,133,1,-1.0
156,134,1,-1.0
156,135,1,-1.0
156,136,1,-1.0
156,137,1,-1.0
156,138,1,-1.0
156,139,1,-1.0
156,140,1,-1.0
156,141,1,-1.0
156,142,1,-1.0
156,143,1,-1.0
156,144,1,-1.0
156,145,1,-1.0
156,146,1,-1.0
156,147,1,-1.0
156,148,1,-1.0
156,149,1,-1.0
156,150,1,-1.0
156,151,1,-1.0
156,152,1,-1.0
156,153,1,-1.0
156,154,1,-1.0
156,155,1,-1.0
156,156,1,-1.0
156,157,1,-1.0
156,158,1,-1.0
156,159,1,-1.0
156,160,1,-1.0
156,161,1,-1.0
156,162,1,-1.0
156,163,1,-1.0
156,164,1,-1.0
156,165,4,-1.0
156,166,4,-1.0
156,167,4,-1.0
156,168,4,-1.0
156,169,4,-1.0
156,170,4,-1.0
156,171,4,-1.0
156,172,4,-1.0
156,173,4,-1.0
156,174,4,-1.0
156,175,4,-1.0
156,176,4,-1.0
156,177,4,-1.0
156,178,4,-1.0
156,179,4,-1.0
156,180,4,-1.0
156,181,4,-1.0
156,182,4,-1.0
156,183,4,-1.0
156,184,4,-1.0
156,185,4,-1.0
156,186,4,-1.0
156,187,4,-1.0
156,188,4,-1.0
156,189,4,-1.0
156,190,4,-1.0
156,191,4,-1.0
156,192,4,-1.0
156,193,4,-1.0
156,194,4,-1.0
156,195,4,-1.0
156,196,4,-1.0
156,197,4,-1.0
156,198,4,-1.0
156,199,4,-1.0
156,200,4,-1.0
156,201,4,-1.0
156,202,4,-1.0
156,203,4,-1.0
156,204,4,-1.0
156,205,4,-1.0
156,206,4,-1.0
156,207,4,-1.0
156,208,4,-1.0
156,209,4,-1.0
156,210,4,-1.0
156,211,4,-1.0
156,212,4,-1.0
156,213,4,-1.0
156,214,4,-1.0
156,215,4,-1.0
156,216,4,-1.0
156,217,4,-1.0
156,218,4,-1.0
156,219,4,-1.0
156,220,4,-1.0
156,221,4,-1.0
156,222,4,-1.0
156,223,4,-1.0
156,224,4,-1.0
156,225,4,-1.0
156,226,4,-1.0
156,227,4,-1.0
156,228,4,-1.0
156,229,4,-1.0
156,230,4,-1.0
156,231,4,-1.0
156,232,4,-1.0
156,233,4,-1.0
156,234,4,-1.0
156,235,4,-1.0
156,236,4,-1.0
156,237,4,-1.0
156,238,4,-1.0
156,239,4,-1.0
156,240,4,-1.0
156,241,4,-1.0
156,242,4,-1.0
156,243,4,-1.0
156,244,4,-1.0
156,245,4,-1.0
156,246,4,-1.0
156,247,4,-1.0
156,248,4,-1.0
156,249,4,-1.0
156,250,4,-1.0
157,0,3,353.73118
157,1,3,353.76421
157,2,3,353.86335
157,3,3,354.02873
157,4,3,354.26058
157,5,3,354.55921
157,6,3,354.92502
157,7,3,355.35851
157,8,3,355.85992
157,9,3,356.42989
157,10,3,357.06951
157,11,3,357.77968
157,12,3,358.56041
157,13,3,359.41361
157,14,3,360.34025
157,15,3,361.34093
157,16,3,362.418
157,17,3,363.57156
157,18,3,364.80456
157,19,3,366.11738
157,20,3,367.51284
157,21,3,368.99242
157,22,3,370.55801
157,23,3,372.21241
157,24,3,373.95772
157,25,3,375.79608
157,26,3,377.73081
157,27,3,379.76478
157,28,3,381.90108
157,29,3,384.14303
157,30,3,386.49418
157,31,3,388.95835
157,32,3,391.53965
157,33,3,394.24247
157,34,3,397.07153
157,35,3,400.0319
157,36,3,403.12901
157,37,3,406.36873
157,38,3,409.75732
157,39,2,413.30095
157,40,2,417.00695
157,41,2,420.88353
157,42,2,424.93814
157,43,2,429.18022
157,44,2,433.61923
157,45,2,438.26546
157,46,2,443.13002
157,47,2,448.22563
157,48,2,453.56405
157,49,2,459.16069
157,50,2,465.03086
157,51,2,471.19124
157,52,2,477.65973
157,53,2,484.45671
157,54,2,491.60415
157,55,2,499.12606
157,56,2,507.04884
157,57,2,515.40099
157,58,2,524.21496
157,59,2,533.5264
157,60,2,543.37482
157,61,2,553.80243
157,62,2,564.85966
157,63,2,576.59965
157,64,2,589.08484
157,65,2,602.38203
157,66,2,616.57047
157,67,2,631.73794
157,68,2,647.98452
157,69,2,665.4247
157,70,2,684.19015
157,71,2,704.43301
157,72,2,726.33
157,73,2,750.08759
157,74,2,775.94786
157,75,2,804.19621
157,76,2,835.17608
157,77,2,869.29571
157,78,2,907.05323
157,79,2,949.05753
157,80,2,996.06113
157,81,2,1049.0066
157,82,2,1109.0906
157,83,2,1177.8555
157,84,2,1257.324
157,85,2,1350.1965
157,86,2,1460.1775
157,87,2,1592.4643
157,88,2,1754.6128
157,89,2,1958.0187
157,90,2,2220.728
157,91,2,2573.1172
157,92,2,3070.5899
157,93,2,3826.0437
157,94,2,5110.5682
157,95,2,7779.907
157,96,2,16694.327
157,97,1,-1.0
157,98,1,-1.0
157,99,1,-1.0
157,100,1,-1.0
157,101,1,-1.0
157,102,1,-1.0
157,103,1,-1.0
157,104,1,-1.0
157,105,1,-1.0
157,106,1,-1.0
157,107,1,-1.0
157,108,1,-1.0
157,109,1,-1.0
157,110,1,-1.0
157,111,1,-1.0
157,112,1,-1.0
157,113,1,-1.0
157,114,1,-1.0
157,115,1,-1.0
157,116,1,-1.0
157,117,1,-1.0
157,118,1,-1.0
157,119,1,-1.0
157,120,1,-1.0
157,121,1,-1.0
157,122,1,-1.0
157,123,1,-1.0
157,124,1,-1.0
157,125,1,-1.0
157,126,1,-1.0
157,127,1,-1.0
157,128,1,-1.0
157,129,1,-1.0
157,130,1,-1.0
157,131,1,-1.0
157,132,1,-1.0
157,133,1,-1.0
157,134,1,-1.0
157,135,1,-1.0
157,136,1,-1.0
157,137,1,-1.0
157,138,1,-1.0
157,139,1,-1.0
157,140,1,-1.0
157,141,1,-1.0
157,142,1,-1.0
157,143,1,-1.0
157,144,1,-1.0
157,145,1,-1.0
157,146,1,-1.0
157,147,1,-1.0
157,148,1,-1.0
157,149,1,-1.0
157,150,1,-1.0
157,151,1,-1.0
157,152,1,-1.0
157,153,1,-1.0
157,154,1,-1.0
157,155,1,-1.0
157,156,1,-1.0
157,157,1,-1.0
157,158,1,-1.0
157,159,1,-1.0
157,160,1,-1.0
157,161,1,-1.0
157,162,1,-1.0
157,163,1,-1.0
157,164,1,-1.0
157,165,1,-1.0
157,166,4,-1.0
157,167,4,-1.0
157,168,4,-1.0
157,169,4,-1.0
157,170,4,-1.0
157,171,4,-1.0
157,172,4,-1.0
157,173,4,-1.0
157,174,4,-1.0
157,175,4,-1.0
157,176,4,-1.0
157,177,4,-1.0
157,178,4,-1.0
157,179,4,-1.0
157,180,4,-1.0
157,181,4,-1.0
157,182,4,-1.0
157,183,4,-1.0
157,184,4,-1.0
157,185,4,-1.0
157,186,4,-1.0
157,187,4,-1.0
157,188,4,-1.0
157,189,4,-1.0
157,190,4,-1.0
157,191,4,-1.0
157,192,4,-1.0
157,193,4,-1.0
157,194,4,-1.0
157,195,4,-1.0
157,196,4,-1.0
157,197,4,-1.0
157,198,4,-1.0
157,199,4,-1.0
157,200,4,-1.0
157,201,4,-1.0
157,202,4,-1.0
157,203,4,-1.0
157,204,4,-1.0
157,205,4,-1.0
157,206,4,-1.0
157,207,4,-1.0
157,208,4,-1.0
157,209,4,-1.0
157,210,4,-1.0
157,211,4,-1.0
157,212,4,-1.0
157,213,4,-1.0
157,214,4,-1.0
157,215,4,-1.0
157,216,4,-1.0
157,217,4,-1.0
157,218,4,-1.0
157,219,4,-1.0
157,220,4,-1.0
157,221,4,-1.0
157,222,4,-1.0
157,223,4,-1.0
157,224,4,-1.0
157,225,4,-1.0
157,226,4,-1.0
157,227,4,-1.0
157,228,4,-1.0
157,229,4,-1.0
157,230,4,-1.0
157,231,4,-1.0
157,232,4,-1.0
157,233,4,-1.0
157,234,4,-1.0
157,235,4,-1.0
157,236,4,-1.0
157,237,4,-1.0
157,238,4,-1.0
157,239,4,-1.0
157,240,4,-1.0
157,241,4,-1.0
157,242,4,-1.0
157,243,4,-1.0
157,244,4,-1.0
157,245,4,-1.0
157,246,4,-1.0
157,247,4,-1.0
157,248,4,-1.0
157,249,4,-1.0
157,250,4,-1.0
158,0,3,339.98977
158,1,3,340.02013
158,2,3,340.11123
158,3,3,340.2632
158,4,3,340.47624
158,5,3,340.75057
158,6,3,341.08618
158,7,3,341.48385
158,8,3,341.9441
158,9,3,342.46755
158,10,3,343.0545
158,11,3,343.7056
158,12,3,344.42216
158,13,3,345.20467
158,14,3,346.05398
158,15,3,346.97185
158,16,3,347.95824
158,17,3,349.01577
158,18,3,350.14445
158,19,3,351.34701
158,20,3,352.62392
158,21,3,353.97763
158,22,3,355.40992
158,23,3,356.922
158,24,3,358.51675
158,25,3,360.1963
158,26,3,361.96277
158,27,3,363.81855
158,28,3,365.76672
158,29,3,367.81014
158,30,3,369.9519
158,31,3,372.19528
158,32,3,374.54382
158,33,3,377.00131
158,34,3,379.57182
158,35,3,382.25968
158,36,3,385.06957
158,37,3,388.00641
158,38,3,391.07499
158,39,3,394.28159
158,40,3,397.63241
158,41,3,401.1334
158,42,3,404.79179
158,43,3,408.61554
158,44,2,412.61174
158,45,2,416.79027
158,46,2,421.15943
158,47,2,425.73009
158,48,2,430.51324
158,49,2,435.51978
158,50,2,440.76342
158,51,2,446.25795
158,52,2,452.01839
158,53,2,458.06111
158,54,2,464.40399
158,55,2,471.0666
158,56,2,478.07035
158,57,2,485.4388
158,58,2,493.19782
158,59,2,501.37597
158,60,2,510.00416
158,61,2,519.11695
158,62,2,528.7538
158,63,2,538.95566
158,64,2,549.77205
158,65,2,561.25497
158,66,2,573.46469
158,67,2,586.46882
158,68,2,600.34327
158,69,2,615.17422
158,70,2,631.05994
158,71,2,648.11293
158,72,2,666.46258
158,73,2,686.25852
158,74,2,707.67394
158,75,2,730.91074
158,76,2,756.20864
158,77,2,783.848
158,78,2,814.16583
158,79,2,847.56668
158,80,2,884.54062
158,81,2,925.68825
158,82,2,971.75372
158,83,2,1023.6703
158,84,2,1082.6243
158,85,2,1150.1426
158,86,2,1228.2396
158,87,2,1319.6028
158,88,2,1427.93
158,89,2,1558.4272
158,90,2,1718.678
158,91,2,1920.1745
158,92,2,2181.2079
158,93,2,2532.7693
158,94,2,3031.8693
158,95,2,3796.1659
158,96,2,5113.7026
158,97,2,7926.5741
158,98,2,18123.776
158,99,1,-1.0
158,100,1,-1.0
158,101,1,-1.0
158,102,1,-1.0
158,103,1,-1.0
158,104,1,-1.0
158,105,1,-1.0
158,106,1,-1.0
158,107,1,-1.0
158,108,1,-1.0
158,109,1,-1.0
158,110,1,-1.0
158,111,1,-1.0
158,112,1,-1.0
158,113,1,-1.0
158,114,1,-1.0
158,115,1,-1.0
158,116,1,-1.0
158,117,1,-1.0
158,118,1,-1.0
158,119,1,-1.0
158,120,1,-1.0
158,121,1,-1.0
158,122,1,-1.0
158,123,1,-1.0
158,124,1,-1.0
158,125,1,-1.0
158,126,1,-1.0
158,127,1,-1.0
158,128,1,-1.0
158,129,1,-1.0
158,130,1,-1.0
158,131,1,-1.0
158,132,1,-1.0
158,133,1,-1.0
158,134,1,-1.0
158,135,1,-1.0
158,136,1,-1.0
158,137,1,-1.0
158,138,1,-1.0
158,139,1,-1.0
158,140,1,-1.0
158,141,1,-1.0
158,142,1,-1.0
158,143,1,-1.0
158,144,1,-1.0
158,145,1,-1.0
158,146,1,-1.0
158,147,1,-1.0
158,148,1,-1.0
158,149,1,-1.0
158,150,1,-1.0
158,151,1,-1.0
158,152,1,-1.0
158,153,1,-1.0
158,154,1,-1.0
158,155,1,-1.0
158,156,1,-1.0
158,157,1,-1.0
158,158,1,-1.0
158,159,1,-1.0
158,160,1,-1.0
158,161,1,-1.0
158,162,1,-1.0
158,163,1,-1.0
158,164,1,-1.0
158,165,1,-1.0
158,166,4,-1.0
158,167,4,-1.0
158,168,4,-1.0
158,169,4,-1.0
158,170,4,-1.0
158,171,4,-1.0
158,172,4,-1.0
158,173,4,-1.0
158,174,4,-1.0
158,175,4,-1.0
158,176,4,-1.0
158,177,4,-1.0
158,178,4,-1.0
158,179,4,-1.0
158,180,4,-1.0
158,181,4,-1.0
158,182,4,-1.0
158,183,4,-1.0
158,184,4,-1.0
158,185,4,-1.0
158,186,4,-1.0
158,187,4,-1.0
158,188,4,-1.0
158,189,4,-1.0
158,190,4,-1.0
158,191,4,-1.0
158,192,4,-1.0
158,193,4,-1.0
158,194,4,-1.0
158,195,4,-1.0
158,196,4,-1.0
158,197,4,-1.0
158,198,4,-1.0
158,199,4,-1.0
158,200,4,-1.0
158,201,4,-1.0
158,202,4,-1.0
158,203,4,-1.0
158,204,4,-1.0
158,205,4,-1.0
158,206,4,-1.0
158,207,4,-1.0
158,208,4,-1.0
158,209,4,-1.0
158,210,4,-1.0
158,211,4,-1.0
158,212,4,-1.0
158,213,4,-1.0
158,214,4,-1.0
158,215,4,-1.0
158,216,4,-1.0
158,217,4,-1.0
158,218,4,-1.0
158,219,4,-1.0
158,220,4,-1.0
158,221,4,-1.0
158,222,4,-1.0
158,223,4,-1.0
158,224,4,-1.0
158,225,4,-1.0
158,226,4,-1.0
158,227,4,-1.0
158,228,4,-1.0
158,229,4,-1.0
158,230,4,-1.0
158,231,4,-1.0
158,232,4,-1.0
158,233,4,-1.0
158,234,4,-1.0
158,235,4,-1.0
158,236,4,-1.0
158,237,4,-1.0
158,238,4,-1.0
158,239,4,-1.0
158,240,4,-1.0
158,241,4,-1.0
158,242,4,-1.0
158,243,4,-1.0
158,244,4,-1.0
158,245,4,-1.0
158,246,4,-1.0
158,247,4,-1.0
158,248,4,-1.0
158,249,4,-1.0
158,250,4,-1.0
159,0,3,326.91954
159,1,3,326.9474
159,2,3,327.03105
159,3,3,327.17057
159,4,3,327.36614
159,5,3,327.61802
159,6,3,327.92651
159,7,3,328.29201
159,8,3,328.71499
159,9,3,329.19538
159,10,3,329.73423
159,11,3,330.33232
159,12,3,330.99001
159,13,3,331.70798
159,14,3,332.48768
159,15,3,333.32914
159,16,3,334.23423
159,17,3,335.20344
159,18,3,336.23844
159,19,3,337.33996
159,20,3,338.51018
159,21,3,339.74945
159,22,3,341.06034
159,23,3,342.44443
159,24,3,343.90279
159,25,3,345.43809
159,26,3,347.05235
159,27,3,348.74772
159,28,3,350.52633
159,29,3,352.39074
159,30,3,354.34382
159,31,3,356.38843
159,32,3,358.52761
159,33,3,360.76463
159,34,3,363.103
159,35,3,365.54645
159,36,3,368.09874
159,37,3,370.76411
159,38,3,373.54735
159,39,3,376.4534
159,40,3,379.48726
159,41,3,382.65406
159,42,3,385.96057
159,43,3,389.41249
159,44,3,393.01701
159,45,3,396.78133
159,46,3,400.71354
159,47,3,404.82169
159,48,3,409.11567
159,49,2,413.60469
159,50,2,418.29955
159,51,2,423.2121
159,52,2,428.35478
159,53,2,433.74109
159,54,2,439.38572
159,55,2,445.30471
159,56,2,451.51556
159,57,2,458.03742
159,58,2,464.89129
159,59,2,472.10021
159,60,2,479.68894
159,61,2,487.6852
159,62,2,496.12046
159,63,2,505.02701
159,64,2,514.44409
159,65,2,524.41195
159,66,2,534.97805
159,67,2,546.19449
159,68,2,558.11954
159,69,2,570.81889
159,70,2,584.36688
159,71,2,598.84792
159,72,2,614.35831
159,73,2,631.00833
159,74,2,648.9249
159,75,2,668.25296
159,76,2,689.16394
159,77,2,711.855
159,78,2,736.56109
159,79,2,763.55843
159,80,2,793.17654
159,81,2,825.81302
159,82,2,861.94958
159,83,2,902.17745
159,84,2,947.23017
159,85,2,998.02717
159,86,2,1055.7373
159,87,2,1121.8735
159,88,2,1198.4248
159,89,2,1288.06
159,90,2,1394.4471
159,91,2,1522.7702
159,92,2,1680.6019
159,93,2,1879.4579
159,94,2,2137.7348
159,95,2,2486.8011
159,96,2,2984.7812
159,97,2,3752.9599
159,98,2,5093.4008
159,99,2,8025.9616
159,100,2,19540.853
159,101,1,-1.0
159,102,1,-1.0
159,103,1,-1.0
159,104,1,-1.0
159,105,1,-1.0
159,106,1,-1.0
159,107,1,-1.0
159,108,1,-1.0
159,109,1,-1.0
159,110,1,-1.0
159,111,1,-1.0
159,112,1,-1.0
159,113,1,-1.0
159,114,1,-1.0
159,115,1,-1.0
159,116,1,-1.0
159,117,1,-1.0
159,118,1,-1.0
159,119,1,-1.0
159,120,1,-1.0
159,121,1,-1.0
159,122,1,-1.0
159,123,1,-1.0
159,124,1,-1.0
159,125,1,-1.0
159,126,1,-1.0
159,127,1,-1.0
159,128,1,-1.0
159,129,1,-1.0
159,130,1,-1.0
159,131,1,-1.0
159,132,1,-1.0
159,133,1,-1.0
159,134,1,-1.0
159,135,1,-1.0
159,136,1,-1.0
159,137,1,-1.0
159,138,1,-1.0
159,139,1,-1.0
159,140,1,-1.0
159,141,1,-1.0
159,142,1,-1.0
159,143,1,-1.0
159,144,1,-1.0
159,145,1,-1.0
159,146,1,-1.0
159,147,1,-1.0
159,148,1,-1.0
159,149,1,-1.0
159,150,1,-1.0
159,151,1,-1.0
159,152,1,-1.0
159,153,1,-1.0
159,154,1,-1.0
159,155,1,-1.0
159,156,1,-1.0
159,157,1,-1.0
159,158,1,-1.0
159,159,1,-1.0
159,160,1,-1.0
159,161,1,-1.0
159,162,1,-1.0
159,163,1,-1.0
159,164,1,-1.0
159,165,1,-1.0
159,166,4,-1.0
159,167,4,-1.0
159,168,4,-1.0
159,169,4,-1.0
159,170,4,-1.0
159,171,4,-1.0
159,172,4,-1.0
159,173,4,-1.0
159,174,4,-1.0
159,175,4,-1.0
159,176,4,-1.0
159,177,4,-1.0
159,178,4,-1.0
159,179,4,-1.0
159,180,4,-1.0
159,181,4,-1.0
159,182,4,-1.0
159,183,4,-1.0
159,184,4,-1.0
159,185,4,-1.0
159,186,4,-1.0
159,187,4,-1.0
159,188,4,-1.0
159,189,4,-1.0
159,190,4,-1.0
159,191,4,-1.0
159,192,4,-1.0
159,193,4,-1.0
159,194,4,-1.0
159,195,4,-1.0
159,196,4,-1.0
159,197,4,-1.0
159,198,4,-1.0
159,199,4,-1.0
159,200,4,-1.0
159,201,4,-1.0
159,202,4,-1.0
159,203,4,-1.0
159,204,4,-1.0
159,205,4,-1.0
159,206,4,-1.0
159,207,4,-1.0
159,208,4,-1.0
159,209,4,-1.0
159,210,4,-1.0
159,211,4,-1.0
159,212,4,-1.0
159,213,4,-1.0
159,214,4,-1.0
159,215,4,-1.0
159,216,4,-1.0
159,217,4,-1.0
159,218,4,-1.0
159,219,4,-1.0
159,220,4,-1.0
159,221,4,-1.0
159,222,4,-1.0
159,223,4,-1.0
159,224,4,-1.0
159,225,4,-1.0
159,226,4,-1.0
159,227,4,-1.0
159,228,4,-1.0
159,229,4,-1.0
159,230,4,-1.0
159,231,4,-1.0
159,232,4,-1.0
159,233,4,-1.0
159,234,4,-1.0
159,235,4,-1.0
159,236,4,-1.0
159,237,4,-1.0
159,238,4,-1.0
159,239,4,-1.0
159,240,4,-1.0
159,241,4,-1.0
159,242,4,-1.0
159,243,4,-1.0
159,244,4,-1.0
159,245,4,-1.0
159,246,4,-1.0
159,247,4,-1.0
159,248,4,-1.0
159,249,4,-1.0
159,250,4,-1.0
160,0,3,314.4796
160,1,3,314.50523
160,2,3,314.58217
160,3,3,314.71051
160,4,3,314.89039
160,5,3,315.12205
160,6,3,315.40576
160,7,3,315.74182
160,8,3,316.13018
160,9,3,316.57174
160,10,3,317.06707
160,11,3,317.61656
160,12,3,318.22045
160,13,3,318.88007
160,14,3,319.59578
160,15,3,320.36836
160,16,3,321.19912
160,17,3,322.08829
160,18,3,323.03776
160,19,3,324.04787
160,20,3,325.12041
160,21,3,326.2565
160,22,3,327.45721
160,23,3,328.7246
160,24,3,330.05997
160,25,3,331.46468
160,26,3,332.94104
160,27,3,334.49091
160,28,3,336.1163
160,29,3,337.81938
160,30,3,339.60225
160,31,3,341.46764
160,32,3,343.4182
160,33,3,345.45678
160,34,3,347.58638
160,35,3,349.80999
160,36,3,352.13116
160,37,3,354.55361
160,38,3,357.08131
160,39,3,359.71848
160,40,3,362.46908
160,41,3,365.33809
160,42,3,368.33101
160,43,3,371.45238
160,44,3,374.70884
160,45,3,378.10604
160,46,3,381.65117
160,47,3,385.35069
160,48,3,389.21313
160,49,3,393.2462
160,50,3,397.45883
160,51,3,401.861
160,52,3,406.46304
160,53,3,411.27613
160,54,2,416.31242
160,55,2,421.58511
160,56,2,427.10856
160,57,2,432.89846
160,58,2,438.97191
160,59,2,445.34764
160,60,2,452.04615
160,61,2,459.08875
160,62,2,466.50123
160,63,2,474.30991
160,64,2,482.54496
160,65,2,491.23888
160,66,2,500.42898
160,67,2,510.15541
160,68,2,520.46338
160,69,2,531.40411
160,70,2,543.03455
160,71,2,555.41891
160,72,2,568.62986
160,73,2,582.74933
160,74,2,597.8713
160,75,2,614.10408
160,76,2,631.56988
160,77,2,650.41321
160,78,2,670.79811
160,79,2,692.92016
160,80,2,717.00754
160,81,2,743.33074
160,82,2,772.21286
160,83,2,804.04306
160,84,2,839.29372
160,85,2,878.54327
160,86,2,922.5129
160,87,2,972.10357
160,88,2,1028.4662
160,89,2,1093.0887
160,90,2,1167.93
160,91,2,1255.6239
160,92,2,1359.7957
160,93,2,1485.5748
160,94,2,1640.4811
160,95,2,1835.9662
160,96,2,2090.417
160,97,2,2435.301
160,98,2,2929.3338
160,99,2,3696.1254
160,100,2,5048.061
160,101,2,8069.2266
160,102,2,20846.142
160,103,1,-1.0
160,104,1,-1.0
160,105,1,-1.0
160,106,1,-1.0
160,107,1,-1.0
160,108,1,-1.0
160,109,1,-1.0
160,110,1,-1.0
160,111,1,-1.0
160,112,1,-1.0
160,113,1,-1.0
160,114,1,-1.0
160,115,1,-1.0
160,116,1,-1.0
160,117,1,-1.0
160,118,1,-1.0
160,119,1,-1.0
160,120,1,-1.0
160,121,1,-1.0
160,122,1,-1.0
160,123,1,-1.0
160,124,1,-1.0
160,125,1,-1.0
160,126,1,-1.0
160,127,1,-1.0
160,128,1,-1.0
160,129,1,-1.0
160,130,1,-1.0
160,131,1,-1.0
160,132,1,-1.0
160,133,1,-1.0
160,134,1,-1.0
160,135,1,-1.0
160,136,1,-1.0
160,137,1,-1.0
160,138,1,-1.0
160,139,1,-1.0
160,140,1,-1.0
160,141,1,-1.0
160,142,1,-1.0
160,143,1,-1.0
160,144,1,-1.0
160,145,1,-1.0
160,146,1,-1.0
160,147,1,-1.0
160,148,1,-1.0
160,149,1,-1.0
160,150,1,-1.0
160,151,1,-1.0
160,152,1,-1.0
160,153,1,-1.0
160,154,1,-1.0
160,155,1,-1.0
160,156,1,-1.0
160,157,1,-1.0
160,158,1,-1.0
160,159,1,-1.0
160,160,1,-1.0
160,161,1,-1.0
160,162,1,-1.0
160,163,1,-1.0
160,164,1,-1.0
160,165,1,-1.0
160,166,1,-1.0
160,167,4,-1.0
160,168,4,-1.0
160,169,4,-1.0
160,170,4,-1.0
160,171,4,-1.0
160,172,4,-1.0
160,173,4,-1.0
160,174,4,-1.0
160,175,4,-1.0
160,176,4,-1.0
160,177,4,-1.0
160,178,4,-1.0
160,179,4,-1.0
160,180,4,-1.0
160,181,4,-1.0
160,182,4,-1.0
160,183,4,-1.0
160,184,4,-1.0
160,185,4,-1.0
160,186,4,-1.0
160,187,4,-1.0
160,188,4,-1.0
160,189,4,-1.0
160,190,4,-1.0
160,191,4,-1.0
160,192,4,-1.0
160,193,4,-1.0
160,194,4,-1.0
160,195,4,-1.0
160,196,4,-1.0
160,197,4,-1.0
160,198,4,-1.0
160,199,4,-1.0
160,200,4,-1.0
160,201,4,-1.0
160,202,4,-1.0
160,203,4,-1.0
160,204,4,-1.0
160,205,4,-1.0
160,206,4,-1.0
160,207,4,-1.0
160,208,4,-1.0
160,209,4,-1.0
160,210,4,-1.0
160,211,4,-1.0
160,212,4,-1.0
160,213,4,-1.0
160,214,4,-1.0
160,215,4,-1.0
160,216,4,-1.0
160,217,4,-1.0
160,218,4,-1.0
160,219,4,-1.0
160,220,4,-1.0
160,221,4,-1.0
160,222,4,-1.0
160,223,4,-1.0
160,224,4,-1.0
160,225,4,-1.0
160,226,4,-1.0
160,227,4,-1.0
160,228,4,-1.0
160,229,4,-1.0
160,230,4,-1.0
160,231,4,-1.0
160,232,4,-1.0
160,233,4,-1.0
160,234,4,-1.0
160,235,4,-1.0
160,236,4,-1.0
160,237,4,-1.0
160,238,4,-1.0
160,239,4,-1.0
160,240,4,-1.0
160,241,4,-1.0
160,242,4,-1.0
160,243,4,-1.0
160,244,4,-1.0
160,245,4,-1.0
160,246,4,-1.0
160,247,4,-1.0
160,248,4,-1.0
160,249,4,-1.0
160,250,4,-1.0
161,0,3,302.63359
161,1,3,302.65718
161,2,3,302.72799
161,3,3,302.84609
161,4,3,303.01162
161,5,3,303.22479
161,6,3,303.48583
161,7,3,303.7946
161,8,3,304.15184
161,9,3,304.558
161,10,3,305.01354
161,11,3,305.51842
161,12,3,306.07362
161,13,3,306.67996
161,14,3,307.33733
161,15,3,308.0472
161,16,3,308.80998
161,17,3,309.62659
161,18,3,310.49799
161,19,3,311.42514
161,20,3,312.40897
161,21,3,313.45111
161,22,3,314.55184
161,23,3,315.71331
161,24,3,316.93684
161,25,3,318.2233
161,26,3,319.57474
161,27,3,320.99288
161,28,3,322.47947
161,29,3,324.03638
161,30,3,325.66561
161,31,3,327.3692
161,32,3,329.14959
161,33,3,331.00926
161,34,3,332.95074
161,35,3,334.97673
161,36,3,337.09027
161,37,3,339.29454
161,38,3,341.59295
161,39,3,343.98913
161,40,3,346.48646
161,41,3,349.08919
161,42,3,351.80204
161,43,3,354.62894
161,44,3,357.57538
161,45,3,360.6464
161,46,3,363.84777
161,47,3,367.18531
161,48,3,370.6661
161,49,3,374.29622
161,50,3,378.08382
161,51,3,382.03698
161,52,3,386.16431
161,53,3,390.47502
161,54,3,394.97918
161,55,3,399.68798
161,56,3,404.61326
161,57,3,409.76779
161,58,2,415.16538
161,59,2,420.82149
161,60,2,426.75284
161,61,2,432.97757
161,62,2,439.51465
161,63,2,446.38702
161,64,2,453.61741
161,65,2,461.23323
161,66,2,469.26223
161,67,2,477.73734
161,68,2,486.69409
161,69,2,496.17194
161,70,2,506.21495
161,71,2,516.8725
161,72,2,528.20012
161,73,2,540.2604
161,74,2,553.12424
161,75,2,566.87123
161,76,2,581.59312
161,77,2,597.39459
161,78,2,614.39634
161,79,2,632.73643
161,80,2,652.57766
161,81,2,674.1091
161,82,2,697.55347
161,83,2,723.17492
161,84,2,751.28805
161,85,2,782.27281
161,86,2,816.59123
161,87,2,854.80878
161,88,2,897.62832
161,89,2,945.93391
161,90,2,1000.8512
161,91,2,1063.8381
161,92,2,1136.8155
161,93,2,1222.3677
161,94,2,1324.061
161,95,2,1446.9463
161,96,2,1598.4348
161,97,2,1789.8555
161,98,2,2039.4331
161,99,2,2378.481
161,100,2,2865.7168
161,101,2,3625.6857
161,102,2,4976.7749
161,103,2,8048.9822
161,104,2,21910.333
161,105,1,-1.0
161,106,1,-1.0
161,107,1,-1.0
161,108,1,-1.0
161,109,1,-1.0
161,110,1,-1.0
161,111,1,-1.0
161,112,1,-1.0
161,113,1,-1.0
161,114,1,-1.0
161,115,1,-1.0
161,116,1,-1.0
161,117,1,-1.0
161,118,1,-1.0
161,119,1,-1.0
161,120,1,-1.0
161,121,1,-1.0
161,122,1,-1.0
161,123,1,-1.0
161,124,1,-1.0
161,125,1,-1.0
161,126,1,-1.0
161,127,1,-1.0
161,128,1,-1.0
161,129,1,-1.0
161,130,1,-1.0
161,131,1,-1.0
161,132,1,-1.0
161,133,1,-1.0
161,134,1,-1.0
161,135,1,-1.0
161,136,1,-1.0
161,137,1,-1.0
161,138,1,-1.0
161,139,1,-1.0
161,140,1,-1.0
161,141,1,-1.0
161,142,1,-1.0
161,143,1,-1.0
161,144,1,-1.0
161,145,1,-1.0
161,146,1,-1.0
161,147,1,-1.0
161,148,1,-1.0
161,149,1,-1.0
161,150,1,-1.0
161,151,1,-1.0
161,152,1,-1.0
161,153,1,-1.0
161,154,1,-1.0
161,155,1,-1.0
161,156,1,-1.0
161,157,1,-1.0
161,158,1,-1.0
161,159,1,-1.0
161,160,1,-1.0
161,161,1,-1.0
161,162,1,-1.0
161,163,1,-1.0
161,164,1,-1.0
161,165,1,-1.0
161,166,1,-1.0
161,167,4,-1.0
161,168,4,-1.0
161,169,4,-1.0
161,170,4,-1.0
161,171,4,-1.0
161,172,4,-1.0
161,173,4,-1.0
161,174,4,-1.0
161,175,4,-1.0
161,176,4,-1.0
161,177,4,-1.0
161,178,4,-1.0
161,179,4,-1.0
161,180,4,-1.0
161,181,4,-1.0
161,182,4,-1.0
161,183,4,-1.0
161,184,4,-1.0
161,185,4,-1.0
161,186,4,-1.0
161,187,4,-1.0
161,188,4,-1.0
161,189,4,-1.0
161,190,4,-1.0
161,191,4,-1.0
161,192,4,-1.0
161,193,4,-1.0
161,194,4,-1.0
161,195,4,-1.0
161,196,4,-1.0
161,197,4,-1.0
161,198,4,-1.0
161,199,4,-1.0
161,200,4,-1.0
161,201,4,-1.0
161,202,4,-1.0
161,203,4,-1.0
161,204,4,-1.0
161,205,4,-1.0
161,206,4,-1.0
161,207,4,-1.0
161,208,4,-1.0
161,209,4,-1.0
161,210,4,-1.0
161,211,4,-1.0
161,212,4,-1.0
161,213,4,-1.0
161,214,4,-1.0
161,215,4,-1.0
161,216,4,-1.0
161,217,4,-1.0
161,218,4,-1.0
161,219,4,-1.0
161,220,4,-1.0
161,221,4,-1.0
161,222,4,-1.0
161,223,4,-1.0
161,224,4,-1.0
161,225,4,-1.0
161,226,4,-1.0
161,227,4,-1.0
161,228,4,-1.0
161,229,4,-1.0
161,230,4,-1.0
161,231,4,-1.0
161,232,4,-1.0
161,233,4,-1.0
161,234,4,-1.0
161,235,4,-1.0
161,236,4,-1.0
161,237,4,-1.0
161,238,4,-1.0
161,239,4,-1.0
161,240,4,-1.0
161,241,4,-1.0
161,242,4,-1.0
161,243,4,-1.0
161,244,4,-1.0
161,245,4,-1.0
161,246,4,-1.0
161,247,4,-1.0
161,248,4,-1.0
161,249,4,-1.0
161,250,4,-1.0
162,0,3,291.34682
162,1,3,291.36854
162,2,3,291.43373
162,3,3,291.54246
162,4,3,291.69486
162,5,3,291.89109
162,6,3,292.13122
162,7,3,292.41541
162,8,3,292.74419
162,9,3,293.11793
162,10,3,293.53708
162,11,3,294.00141
162,12,3,294.51208
162,13,3,295.0697
162,14,3,295.67402
162,15,3,296.32659
162,16,3,297.02754
162,17,3,297.77789
162,18,3,298.57829
162,19,3,299.42976
162,20,3,300.33295
162,21,3,301.28942
162,22,3,302.29936
162,23,3,303.36465
162,24,3,304.48648
162,25,3,305.66556
162,26,3,306.90372
162,27,3,308.20246
162,28,3,309.56332
162,29,3,310.9879
162,30,3,312.4779
162,31,3,314.03515
162,32,3,315.66179
162,33,3,317.35994
162,34,3,319.13187
162,35,3,320.97987
162,36,3,322.90644
162,37,3,324.91442
162,38,3,327.00674
162,39,3,329.18653
162,40,3,331.45699
162,41,3,333.82115
162,42,3,336.28338
162,43,3,338.84739
162,44,3,341.51711
162,45,3,344.29766
162,46,3,347.19302
162,47,3,350.20913
162,48,3,353.35102
162,49,3,356.62459
162,50,3,360.03654
162,51,3,363.59343
162,52,3,367.30217
162,53,3,371.17106
162,54,3,375.20849
162,55,3,379.42355
162,56,3,383.82605
162,57,3,388.42664
162,58,3,393.23689
162,59,3,398.26936
162,60,3,403.53705
162,61,3,409.05529
162,62,3,414.84044
162,63,2,420.90915
162,64,2,427.28165
162,65,2,433.97813
162,66,2,441.02266
162,67,2,448.43995
162,68,2,456.25839
162,69,2,464.50934
162,70,2,473.22723
162,71,2,482.45045
162,72,2,492.2219
162,73,2,502.58964
162,74,2,513.60771
162,75,2,525.33575
162,76,2,537.8437
162,77,2,551.20862
162,78,2,565.52015
162,79,2,580.87856
162,80,2,597.40188
162,81,2,615.22519
162,82,2,634.50566
162,83,2,655.42734
162,84,2,678.207
162,85,2,703.09999
162,86,2,730.41508
162,87,2,760.51963
162,88,2,793.86421
162,89,2,830.99976
162,90,2,872.61071
162,91,2,919.55802
162,92,2,972.93992
162,93,2,1034.178
162,94,2,1105.1477
162,95,2,1188.3749
162,96,2,1287.3453
162,97,2,1407.0054
162,98,2,1554.6207
162,99,2,1741.3156
162,100,2,1985.0175
162,101,2,2316.6283
162,102,2,2794.2909
162,103,2,3541.9968
162,104,2,4879.4823
162,105,2,7960.5149
162,106,2,22590.174
162,107,1,-1.0
162,108,1,-1.0
162,109,1,-1.0
162,110,1,-1.0
162,111,1,-1.0
162,112,1,-1.0
162,113,1,-1.0
162,114,1,-1.0
162,115,1,-1.0
162,116,1,-1.0
162,117,1,-1.0
162,118,1,-1.0
162,119,1,-1.0
162,120,1,-1.0
162,121,1,-1.0
162,122,1,-1.0
162,123,1,-1.0
162,124,1,-1.0
162,125,1,-1.0
162,126,1,-1.0
162,127,1,-1.0
162,128,1,-1.0
162,129,1,-1.0
162,130,1,-1.0
162,131,1,-1.0
162,132,1,-1.0
162,133,1,-1.0
162,134,1,-1.0
162,135,1,-1.0
162,136,1,-1.0
162,137,1,-1.0
162,138,1,-1.0
162,139,1,-1.0
162,140,1,-1.0
162,141,1,-1.0
162,142,1,-1.0
162,143,1,-1.0
162,144,1,-1.0
162,145,1,-1.0
162,146,1,-1.0
162,147,1,-1.0
162,148,1,-1.0
162,149,1,-1.0
162,150,1,-1.0
162,151,1,-1.0
162,152,1,-1.0
162,153,1,-1.0
162,154,1,-1.0
162,155,1,-1.0
162,156,1,-1.0
162,157,1,-1.0
162,158,1,-1.0
162,159,1,-1.0
162,160,1,-1.0
162,161,1,-1.0
162,162,1,-1.0
162,163,1,-1.0
162,164,1,-1.0
162,165,1,-1.0
162,166,1,-1.0
162,167,1,-1.0
162,168,4,-1.0
162,169,4,-1.0
162,170,4,-1.0
162,171,4,-1.0
162,172,4,-1.0
162,173,4,-1.0
162,174,4,-1.0
162,175,4,-1.0
162,176,4,-1.0
162,177,4,-1.0
162,178,4,-1.0
162,179,4,-1.0
162,180,4,-1.0
162,181,4,-1.0
162,182,4,-1.0
162,183,4,-1.0
162,184,4,-1.0
162,185,4,-1.0
162,186,4,-1.0
162,187,4,-1.0
162,188,4,-1.0
162,189,4,-1.0
162,190,4,-1.0
162,191,4,-1.0
162,192,4,-1.0
162,193,4,-1.0
162,194,4,-1.0
162,195,4,-1.0
162,196,4,-1.0
162,197,4,-1.0
162,198,4,-1.0
162,199,4,-1.0
162,200,4,-1.0
162,201,4,-1.0
162,202,4,-1.0
162,203,4,-1.0
162,204,4,-1.0
162,205,4,-1.0
162,206,4,-1.0
162,207,4,-1.0
162,208,4,-1.0
162,209,4,-1.0
162,210,4,-1.0
162,211,4,-1.0
162,212,4,-1.0
162,213,4,-1.0
162,214,4,-1.0
162,215,4,-1.0
162,216,4,-1.0
162,217,4,-1.0
162,218,4,-1.0
162,219,4,-1.0
162,220,4,-1.0
162,221,4,-1.0
162,222,4,-1.0
162,223,4,-1.0
162,224,4,-1.0
162,225,4,-1.0
162,226,4,-1.0
162,227,4,-1.0
162,228,4,-1.0
162,229,4,-1.0
162,230,4,-1.0
162,231,4,-1.0
162,232,4,-1.0
162,233,4,-1.0
162,234,4,-1.0
162,235,4,-1.0
162,236,4,-1.0
162,237,4,-1.0
162,238,4,-1.0
162,239,4,-1.0
162,240,4,-1.0
162,241,4,-1.0
162,242,4,-1.0
162,243,4,-1.0
162,244,4,-1.0
162,245,4,-1.0
162,246,4,-1.0
162,247,4,-1.0
162,248,4,-1.0
162,249,4,-1.0
162,250,4,-1.0
163,0,3,280.58705
163,1,3,280.60706
163,2,3,280.6671
163,3,3,280.76724
163,4,3,280.9076
163,5,3,281.08832
163,6,3,281.3095
163,7,3,281.57118
163,8,3,281.87389
163,9,3,282.21796
163,10,3,282.60379
163,11,3,283.03121
163,12,3,283.50114
163,13,3,284.01421
163,14,3,284.57019
163,15,3,285.17038
163,16,3,285.81503
163,17,3,286.50483
163,18,3,287.2406
163,19,3,288.02298
163,20,3,288.85279
163,21,3,289.73119
163,22,3,290.65848
163,23,3,291.63633
163,24,3,292.66563
163,25,3,293.74707
163,26,3,294.88238
163,27,3,296.07278
163,28,3,297.31959
163,29,3,298.62409
163,30,3,299.98784
163,31,3,301.41263
163,32,3,302.90017
163,33,3,304.45231
163,34,3,306.071
163,35,3,307.75833
163,36,3,309.51655
163,37,3,311.34771
163,38,3,313.2545
163,39,3,315.23967
163,40,3,317.30611
163,41,3,319.45659
163,42,3,321.69412
163,43,3,324.02264
163,44,3,326.44518
163,45,3,328.96596
163,46,3,331.5889
163,47,3,334.31853
163,48,3,337.15919
163,49,3,340.11644
163,50,3,343.19501
163,51,3,346.40087
163,52,3,349.74031
163,53,3,353.21986
163,54,3,356.84653
163,55,3,360.62788
163,56,3,364.57209
163,57,3,368.68798
163,58,3,372.98513
163,59,3,377.47389
163,60,3,382.16553
163,61,3,387.07225
163,62,3,392.20661
163,63,3,397.58348
163,64,3,403.2184
163,65,3,409.12812
163,66,3,415.3315
163,67,2,421.84924
163,68,2,428.70297
163,69,2,435.91798
163,70,2,443.52153
163,71,2,451.54374
163,72,2,460.01806
163,73,2,468.98177
163,74,2,478.47655
163,75,2,488.54812
163,76,2,499.2495
163,77,2,510.63929
163,78,2,522.78381
163,79,2,535.75842
163,80,2,549.64956
163,81,2,564.55552
163,82,2,580.58953
163,83,2,597.88266
163,84,2,616.58749
163,85,2,636.88271
163,86,2,658.97697
163,87,2,683.12098
163,88,2,709.61017
163,89,2,738.80408
163,90,2,771.13815
163,91,2,807.14737
163,92,2,847.49657
163,93,2,893.01965
163,94,2,944.78556
163,95,2,1004.1724
163,96,2,1073.005
163,97,2,1153.7391
163,98,2,1249.7652
163,99,2,1365.8982
163,100,2,1509.2167
163,101,2,1690.57
163,102,2,1927.4705
163,103,2,2250.1381
163,104,2,2715.5886
163,105,2,3445.7916
163,106,2,4756.999
163,107,2,7802.5531
163,108,2,22759.586
163,109,1,-1.0
163,110,1,-1.0
163,111,1,-1.0
163,112,1,-1.0
163,113,1,-1.0
163,114,1,-1.0
163,115,1,-1.0
163,116,1,-1.0
163,117,1,-1.0
163,118,1,-1.0
163,119,1,-1.0
163,120,1,-1.0
163,121,1,-1.0
163,122,1,-1.0
163,123,1,-1.0
163,124,1,-1.0
163,125,1,-1.0
163,126,1,-1.0
163,127,1,-1.0
163,128,1,-1.0
163,129,1,-1.0
163,130,1,-1.0
163,131,1,-1.0
163,132,1,-1.0
163,133,1,-1.0
163,134,1,-1.0
163,135,1,-1.0
163,136,1,-1.0
163,137,1,-1.0
163,138,1,-1.0
163,139,1,-1.0
163,140,1,-1.0
163,141,1,-1.0
163,142,1,-1.0
163,143,1,-1.0
163,144,1,-1.0
163,145,1,-1.0
163,146,1,-1.0
163,147,1,-1.0
163,148,1,-1.0
163,149,1,-1.0
163,150,1,-1.0
163,151,1,-1.0
163,152,1,-1.0
163,153,1,-1.0
163,154,1,-1.0
163,155,1,-1.0
163,156,1,-1.0
163,157,1,-1.0
163,158,1,-1.0
163,159,1,-1.0
163,160,1,-1.0
163,161,1,-1.0
163,162,1,-1.0
163,163,1,-1.0
163,164,1,-1.0
163,165,1,-1.0
163,166,1,-1.0
163,167,1,-1.0
163,168,4,-1.0
163,169,4,-1.0
163,170,4,-1.0
163,171,4,-1.0
163,172,4,-1.0
163,173,4,-1.0
163,174,4,-1.0
163,175,4,-1.0
163,176,4,-1.0
163,177,4,-1.0
163,178,4,-1.0
163,179,4,-1.0
163,180,4,-1.0
163,181,4,-1.0
163,182,4,-1.0
163,183,4,-1.0
163,184,4,-1.0
163,185,4,-1.0
163,186,4,-1.0
163,187,4,-1.0
163,188,4,-1.0
163,189,4,-1.0
163,190,4,-1.0
163,191,4,-1.0
163,192,4,-1.0
163,193,4,-1.0
163,194,4,-1.0
163,195,4,-1.0
163,196,4,-1.0
163,197,4,-1.0
163,198,4,-1.0
163,199,4,-1.0
163,200,4,-1.0
163,201,4,-1.0
163,202,4,-1.0
163,203,4,-1.0
163,204,4,-1.0
163,205,4,-1.0
163,206,4,-1.0
163,207,4,-1.0
163,208,4,-1.0
163,209,4,-1.0
163,210,4,-1.0
163,211,4,-1.0
163,212,4,-1.0
163,213,4,-1.0
163,214,4,-1.0
163,215,4,-1.0
163,216,4,-1.0
163,217,4,-1.0
163,218,4,-1.0
163,219,4,-1.0
163,220,4,-1.0
163,221,4,-1.0
163,222,4,-1.0
163,223,4,-1.0
163,224,4,-1.0
163,225,4,-1.0
163,226,4,-1.0
163,227,4,-1.0
163,228,4,-1.0
163,229,4,-1.0
163,230,4,-1.0
163,231,4,-1.0
163,232,4,-1.0
163,233,4,-1.0
163,234,4,-1.0
163,235,4,-1.0
163,236,4,-1.0
163,237,4,-1.0
163,238,4,-1.0
163,239,4,-1.0
163,240,4,-1.0
163,241,4,-1.0
163,242,4,-1.0
163,243,4,-1.0
163,244,4,-1.0
163,245,4,-1.0
163,246,4,-1.0
163,247,4,-1.0
163,248,4,-1.0
163,249,4,-1.0
163,250,4,-1.0
164,0,3,270.3243
164,1,3,270.34273
164,2,3,270.39805
164,3,3,270.49032
164,4,3,270.61964
164,5,3,270.78613
164,6,3,270.98999
164,7,3,271.23119
164,8,3,271.51
164,9,3,271.82689
164,10,3,272.18218
164,11,3,272.57599
164,12,3,273.00861
164,13,3,273.48086
164,14,3,273.99283
164,15,3,274.54507
164,16,3,275.13842
164,17,3,275.77284
164,18,3,276.44974
164,19,3,277.16896
164,20,3,277.93195
164,21,3,278.73902
164,22,3,279.59112
164,23,3,280.48941
164,24,3,281.43423
164,25,3,282.42699
164,26,3,283.46882
164,27,3,284.5608
164,28,3,285.70373
164,29,3,286.89922
164,30,3,288.14862
164,31,3,289.45335
164,32,3,290.81489
164,33,3,292.23485
164,34,3,293.71493
164,35,3,295.25694
164,36,3,296.86281
164,37,3,298.5346
164,38,3,300.2745
164,39,3,302.08439
164,40,3,303.96709
164,41,3,305.92526
164,42,3,307.96154
164,43,3,310.07846
164,44,3,312.27977
164,45,3,314.56814
164,46,3,316.94758
164,47,3,319.42138
164,48,3,321.99407
164,49,3,324.66908
164,50,3,327.4517
164,51,3,330.34667
164,52,3,333.35858
164,53,3,336.49348
164,54,3,339.75729
164,55,3,343.15634
164,56,3,346.69745
164,57,3,350.388
164,58,3,354.23592
164,59,3,358.24982
164,60,3,362.43898
164,61,3,366.81309
164,62,3,371.38305
164,63,3,376.161
164,64,3,381.15902
164,65,3,386.39154
164,66,3,391.87312
164,67,3,397.62089
164,68,3,403.65213
164,69,3,409.98696
164,70,3,416.64716
164,71,2,423.65656
164,72,2,431.04148
164,73,2,438.83113
164,74,2,447.05795
164,75,2,455.75797
164,76,2,464.97066
164,77,2,474.74203
164,78,2,485.12158
164,79,2,496.16706
164,80,2,507.94182
164,81,2,520.5192
164,82,2,533.98247
164,83,2,548.42683
164,84,2,563.96191
164,85,2,580.71385
164,86,2,598.8304
164,87,2,618.48417
164,88,2,639.8777
164,89,2,663.25137
164,90,2,688.89316
164,91,2,717.14933
164,92,2,748.44123
164,93,2,783.28499
164,94,2,822.32457
164,95,2,866.36688
164,96,2,916.44381
164,97,2,973.89099
164,98,2,1040.4718
164,99,2,1118.5633
164,100,2,1211.4445
164,101,2,1323.7805
164,102,2,1462.4231
164,103,2,1637.8827
164,104,2,1867.1325
164,105,2,2179.4813
164,106,2,2630.2865
164,107,2,3338.1053
164,108,2,4611.0384
164,109,2,7577.4054
164,110,2,22348.793
164,111,1,-1.0
164,112,1,-1.0
164,113,1,-1.0
164,114,1,-1.0
164,115,1,-1.0
164,116,1,-1.0
164,117,1,-1.0
164,118,1,-1.0
164,119,1,-1.0
164,120,1,-1.0
164,121,1,-1.0
164,122,1,-1.0
164,123,1,-1.0
164,124,1,-1.0
164,125,1,-1.0
164,126,1,-1.0
164,127,1,-1.0
164,128,1,-1.0
164,129,1,-1.0
164,130,1,-1.0
164,131,1,-1.0
164,132,1,-1.0
164,133,1,-1.0
164,134,1,-1.0
164,135,1,-1.0
164,136,1,-1.0
164,137,1,-1.0
164,138,1,-1.0
164,139,1,-1.0
164,140,1,-1.0
164,141,1,-1.0
164,142,1,-1.0
164,143,1,-1.0
164,144,1,-1.0
164,145,1,-1.0
164,146,1,-1.0
164,147,1,-1.0
164,148,1,-1.0
164,149,1,-1.0
164,150,1,-1.0
164,151,1,-1.0
164,152,1,-1.0
164,153,1,-1.0
164,154,1,-1.0
164,155,1,-1.0
164,156,1,-1.0
164,157,1,-1.0
164,158,1,-1.0
164,159,1,-1.0
164,160,1,-1.0
164,161,1,-1.0
164,162,1,-1.0
164,163,1,-1.0
164,164,1,-1.0
164,165,1,-1.0
164,166,1,-1.0
164,167,1,-1.0
164,168,1,-1.0
164,169,4,-1.0
164,170,4,-1.0
164,171,4,-1.0
164,172,4,-1.0
164,173,4,-1.0
164,174,4,-1.0
164,175,4,-1.0
164,176,4,-1.0
164,177,4,-1.0
164,178,4,-1.0
164,179,4,-1.0
164,180,4,-1.0
164,181,4,-1.0
164,182,4,-1.0
164,183,4,-1.0
164,184,4,-1.0
164,185,4,-1.0
164,186,4,-1.0
164,187,4,-1.0
164,188,4,-1.0
164,189,4,-1.0
164,190,4,-1.0
164,191,4,-1.0
164,192,4,-1.0
164,193,4,-1.0
164,194,4,-1.0
164,195,4,-1.0
164,196,4,-1.0
164,197,4,-1.0
164,198,4,-1.0
164,199,4,-1.0
164,200,4,-1.0
164,201,4,-1.0
164,202,4,-1.0
164,203,4,-1.0
164,204,4,-1.0
164,205,4,-1.0
164,206,4,-1.0
164,207,4,-1.0
164,208,4,-1.0
164,209,4,-1.0
164,210,4,-1.0
164,211,4,-1.0
164,212,4,-1.0
164,213,4,-1.0
164,214,4,-1.0
164,215,4,-1.0
164,216,4,-1.0
164,217,4,-1.0
164,218,4,-1.0
164,219,4,-1.0
164,220,4,-1.0
164,221,4,-1.0
164,222,4,-1.0
164,223,4,-1.0
164,224,4,-1.0
164,225,4,-1.0
164,226,4,-1.0
164,227,4,-1.0
164,228,4,-1.0
164,229,4,-1.0
164,230,4,-1.0
164,231,4,-1.0
164,232,4,-1.0
164,233,4,-1.0
164,234,4,-1.0
164,235,4,-1.0
164,236,4,-1.0
164,237,4,-1.0
164,238,4,-1.0
164,239,4,-1.0
164,240,4,-1.0
164,241,4,-1.0
164,242,4,-1.0
164,243,4,-1.0
164,244,4,-1.0
164,245,4,-1.0
164,246,4,-1.0
164,247,4,-1.0
164,248,4,-1.0
164,249,4,-1.0
164,250,4,-1.0
165,0,3,260.53063
165,1,3,260.54762
165,2,3,260.59861
165,3,3,260.68365
165,4,3,260.80283
165,5,3,260.95628
165,6,3,261.14414
165,7,3,261.36662
165,8,3,261.62374
165,9,3,261.91568
165,10,3,262.24298
165,11,3,262.60598
165,12,3,263.00458
165,13,3,263.43944
165,14,3,263.9112
165,15,3,264.41958
165,16,3,264.9658
165,17,3,265.54989
165,18,3,266.17269
165,19,3,266.83456
165,20,3,267.53643
165,21,3,268.2785
165,22,3,269.06211
165,23,3,269.88746
165,24,3,270.75565
165,25,3,271.6677
165,26,3,272.62433
165,27,3,273.62635
165,28,3,274.67513
165,29,3,275.77173
165,30,3,276.91731
165,31,3,278.11309
165,32,3,279.36036
165,33,3,280.66052
165,34,3,282.01506
165,35,3,283.42554
165,36,3,284.89363
165,37,3,286.42113
165,38,3,288.00993
165,39,3,289.66205
165,40,3,291.37964
165,41,3,293.16439
165,42,3,295.01922
165,43,3,296.94673
165,44,3,298.94892
165,45,3,301.02927
165,46,3,303.19043
165,47,3,305.43576
165,48,3,307.76845
165,49,3,310.19258
165,50,3,312.71119
165,51,3,315.3291
165,52,3,318.05061
165,53,3,320.88017
165,54,3,323.82274
165,55,3,326.88389
165,56,3,330.06937
165,57,3,333.3853
165,58,3,336.83834
165,59,3,340.43562
165,60,3,344.18483
165,61,3,348.09383
165,62,3,352.17202
165,63,3,356.42918
165,64,3,360.87511
165,65,3,365.52175
165,66,3,370.38096
165,67,3,375.46665
165,68,3,380.79251
165,69,3,386.37519
165,70,3,392.23195
165,71,3,398.38178
165,72,3,404.84556
165,73,3,411.64634
165,74,3,418.8096
165,75,2,426.3636
165,76,2,434.33974
165,77,2,442.77198
165,78,2,451.69997
165,79,2,461.16629
165,80,2,471.22031
165,81,2,481.91645
165,82,2,493.31643
165,83,2,505.49101
165,84,2,518.52035
165,85,2,532.49568
165,86,2,547.52328
165,87,2,563.7254
165,88,2,581.24328
165,89,2,600.24357
165,90,2,620.92191
165,91,2,643.50998
165,92,2,668.28485
165,93,2,695.58062
165,94,2,725.80216
165,95,2,759.44913
165,96,2,797.13889
165,97,2,839.65114
165,98,2,887.97881
165,99,2,943.40834
165,100,2,1007.6374
165,101,2,1082.9555
165,102,2,1172.5213
165,103,2,1280.8218
165,104,2,1414.4546
165,105,2,1583.5338
165,106,2,1804.3882
165,107,2,2105.2089
165,108,2,2539.2007
165,109,2,3220.2708
165,110,2,4444.0813
165,111,2,7291.2044
165,112,2,21372.389
165,113,1,-1.0
165,114,1,-1.0
165,115,1,-1.0
165,116,1,-1.0
165,117,1,-1.0
165,118,1,-1.0
165,119,1,-1.0
165,120,1,-1.0
165,121,1,-1.0
165,122,1,-1.0
165,123,1,-1.0
165,124,1,-1.0
165,125,1,-1.0
165,126,1,-1.0
165,127,1,-1.0
165,128,1,-1.0
165,129,1,-1.0
165,130,1,-1.0
165,131,1,-1.0
165,132,1,-1.0
165,133,1,-1.0
165,134,1,-1.0
165,135,1,-1.0
165,136,1,-1.0
165,137,1,-1.0
165,138,1,-1.0
165,139,1,-1.0
165,140,1,-1.0
165,141,1,-1.0
165,142,1,-1.0
165,143,1,-1.0
165,144,1,-1.0
165,145,1,-1.0
165,146,1,-1.0
165,147,1,-1.0
165,148,1,-1.0
165,149,1,-1.0
165,150,1,-1.0
165,151,1,-1.0
165,152,1,-1.0
165,153,1,-1.0
165,154,1,-1.0
165,155,1,-1.0
165,156,1,-1.0
165,157,1,-1.0
165,158,1,-1.0
165,159,1,-1.0
165,160,1,-1.0
165,161,1,-1.0
165,162,1,-1.0
165,163,1,-1.0
165,164,1,-1.0
165,165,1,-1.0
165,166,1,-1.0
165,167,1,-1.0
165,168,1,-1.0
165,169,4,-1.0
165,170,4,-1.0
165,171,4,-1.0
165,172,4,-1.0
165,173,4,-1.0
165,174,4,-1.0
165,175,4,-1.0
165,176,4,-1.0
165,177,4,-1.0
165,178,4,-1.0
165,179,4,-1.0
165,180,4,-1.0
165,181,4,-1.0
165,182,4,-1.0
165,183,4,-1.0
165,184,4,-1.0
165,185,4,-1.0
165,186,4,-1.0
165,187,4,-1.0
165,188,4,-1.0
165,189,4,-1.0
165,190,4,-1.0
165,191,4,-1.0
165,192,4,-1.0
165,193,4,-1.0
165,194,4,-1.0
165,195,4,-1.0
165,196,4,-1.0
165,197,4,-1.0
165,198,4,-1.0
165,199,4,-1.0
165,200,4,-1.0
165,201,4,-1.0
165,202,4,-1.0
165,203,4,-1.0
165,204,4,-1.0
165,205,4,-1.0
165,206,4,-1.0
165,207,4,-1.0
165,208,4,-1.0
165,209,4,-1.0
165,210,4,-1.0
165,211,4,-1.0
165,212,4,-1.0
165,213,4,-1.0
165,214,4,-1.0
165,215,4,-1.0
165,216,4,-1.0
165,217,4,-1.0
165,218,4,-1.0
165,219,4,-1.0
165,220,4,-1.0
165,221,4,-1.0
165,222,4,-1.0
165,223,4,-1.0
165,224,4,-1.0
165,225,4,-1.0
165,226,4,-1.0
165,227,4,-1.0
165,228,4,-1.0
165,229,4,-1.0
165,230,4,-1.0
165,231,4,-1.0
165,232,4,-1.0
165,233,4,-1.0
165,234,4,-1.0
165,235,4,-1.0
165,236,4,-1.0
165,237,4,-1.0
165,238,4,-1.0
165,239,4,-1.0
165,240,4,-1.0
165,241,4,-1.0
165,242,4,-1.0
165,243,4,-1.0
165,244,4,-1.0
165,245,4,-1.0
165,246,4,-1.0
165,247,4,-1.0
165,248,4,-1.0
165,249,4,-1.0
165,250,4,-1.0
166,0,3,251.1798
166,1,3,251.19549
166,2,3,251.24258
166,3,3,251.32109
166,4,3,251.43097
166,5,3,251.57243
166,6,3,251.74561
166,7,3,251.95068
166,8,3,252.18786
166,9,3,252.45733
166,10,3,252.75893
166,11,3,253.0934
166,12,3,253.46106
166,13,3,253.86181
166,14,3,254.29629
166,15,3,254.76507
166,16,3,255.26795
166,17,3,255.80616
166,18,3,256.3794
166,19,3,256.98899
166,20,3,257.63465
166,21,3,258.31777
166,22,3,259.0384
166,23,3,259.7975
166,24,3,260.59596
166,25,3,261.43404
166,26,3,262.31289
166,27,3,263.23345
166,28,3,264.19661
166,29,3,265.20315
166,30,3,266.2541
166,31,3,267.35071
166,32,3,268.49411
166,33,3,269.68552
166,34,3,270.92623
166,35,3,272.21759
166,36,3,273.56108
166,37,3,274.95824
166,38,3,276.4107
166,39,3,277.91987
166,40,3,279.48788
166,41,3,281.11672
166,42,3,282.80849
166,43,3,284.56474
166,44,3,286.38843
166,45,3,288.2818
166,46,3,290.24716
166,47,3,292.28772
166,48,3,294.40585
166,49,3,296.60507
166,50,3,298.88858
166,51,3,301.25953
166,52,3,303.72211
166,53,3,306.28021
166,54,3,308.93788
166,55,3,311.6996
166,56,3,314.5704
166,57,3,317.55545
166,58,3,320.6603
166,59,3,323.89092
166,60,3,327.25371
166,61,3,330.75521
166,62,3,334.40319
166,63,3,338.20575
166,64,3,342.17117
166,65,3,346.30879
166,66,3,350.62896
166,67,3,355.14222
166,68,3,359.8606
166,69,3,364.7972
166,70,3,369.9657
166,71,3,375.38144
166,72,3,381.0614
166,73,3,387.0239
166,74,3,393.28916
166,75,3,399.87936
166,76,3,406.81859
166,77,3,414.13455
166,78,2,421.85725
166,79,2,430.01962
166,80,2,438.65944
166,81,2,447.81848
166,82,2,457.54305
166,83,2,467.88618
166,84,2,478.90762
166,85,2,490.6748
166,86,2,503.26473
166,87,2,516.7663
166,88,2,531.2804
166,89,2,546.92522
166,90,2,563.83629
166,91,2,582.1739
166,92,2,602.12608
166,93,2,623.91531
166,94,2,647.8076
166,95,2,674.12445
166,96,2,703.25425
166,97,2,735.67614
166,98,2,771.98438
166,99,2,812.92625
166,100,2,859.45293
166,101,2,912.8009
166,102,2,974.5957
166,103,2,1047.0319
166,104,2,1133.1358
166,105,2,1237.2018
166,106,2,1365.5452
166,107,2,1527.8308
166,108,2,1739.6557
166,109,2,2027.9067
166,110,2,2443.2465
166,111,2,3093.8311
166,112,2,4259.283
166,113,2,6953.1369
166,114,2,19929.594
166,115,1,-1.0
166,116,1,-1.0
166,117,1,-1.0
166,118,1,-1.0
166,119,1,-1.0
166,120,1,-1.0
166,121,1,-1.0
166,122,1,-1.0
166,123,1,-1.0
166,124,1,-1.0
166,125,1,-1.0
166,126,1,-1.0
166,127,1,-1.0
166,128,1,-1.0
166,129,1,-1.0
166,130,1,-1.0
166,131,1,-1.0
166,132,1,-1.0
166,133,1,-1.0
166,134,1,-1.0
166,135,1,-1.0
166,136,1,-1.0
166,137,1,-1.0
166,138,1,-1.0
166,139,1,-1.0
166,140,1,-1.0
166,141,1,-1.0
166,142,1,-1.0
166,143,1,-1.0
166,144,1,-1.0
166,145,1,-1.0
166,146,1,-1.0
166,147,1,-1.0
166,148,1,-1.0
166,149,1,-1.0
166,150,1,-1.0
166,151,1,-1.0
166,152,1,-1.0
166,153,1,-1.0
166,154,1,-1.0
166,155,1,-1.0
166,156,1,-1.0
166,157,1,-1.0
166,158,1,-1.0
166,159,1,-1.0
166,160,1,-1.0
166,161,1,-1.0
166,162,1,-1.0
166,163,1,-1.0
166,164,1,-1.0
166,165,1,-1.0
166,166,1,-1.0
166,167,1,-1.0
166,168,1,-1.0
166,169,4,-1.0
166,170,4,-1.0
166,171,4,-1.0
166,172,4,-1.0
166,173,4,-1.0
166,174,4,-1.0
166,175,4,-1.0
166,176,4,-1.0
166,177,4,-1.0
166,178,4,-1.0
166,179,4,-1.0
166,180,4,-1.0
166,181,4,-1.0
166,182,4,-1.0
166,183,4,-1.0
166,184,4,-1.0
166,185,4,-1.0
166,186,4,-1.0
166,187,4,-1.0
166,188,4,-1.0
166,189,4,-1.0
166,190,4,-1.0
166,191,4,-1.0
166,192,4,-1.0
166,193,4,-1.0
166,194,4,-1.0
166,195,4,-1.0
166,196,4,-1.0
166,197,4,-1.0
166,198,4,-1.0
166,199,4,-1.0
166,200,4,-1.0
166,201,4,-1.0
166,202,4,-1.0
166,203,4,-1.0
166,204,4,-1.0
166,205,4,-1.0
166,206,4,-1.0
166,207,4,-1.0
166,208,4,-1.0
166,209,4,-1.0
166,210,4,-1.0
166,211,4,-1.0
166,212,4,-1.0
166,213,4,-1.0
166,214,4,-1.0
166,215,4,-1.0
166,216,4,-1.0
166,217,4,-1.0
166,218,4,-1.0
166,219,4,-1.0
166,220,4,-1.0
166,221,4,-1.0
166,222,4,-1.0
166,223,4,-1.0
166,224,4,-1.0
166,225,4,-1.0
166,226,4,-1.0
166,227,4,-1.0
166,228,4,-1.0
166,229,4,-1.0
166,230,4,-1.0
166,231,4,-1.0
166,232,4,-1.0
166,233,4,-1.0
166,234,4,-1.0
166,235,4,-1.0
166,236,4,-1.0
166,237,4,-1.0
166,238,4,-1.0
166,239,4,-1.0
166,240,4,-1.0
166,241,4,-1.0
166,242,4,-1.0
166,243,4,-1.0
166,244,4,-1.0
166,245,4,-1.0
166,246,4,-1.0
166,247,4,-1.0
166,248,4,-1.0
166,249,4,-1.0
166,250,4,-1.0
167,0,3,242.2472
167,1,3,242.26167
167,2,3,242.3051
167,3,3,242.37754
167,4,3,242.47905
167,5,3,242.60972
167,6,3,242.76969
167,7,3,242.95879
167,8,3,243.17746
167,9,3,243.42593
167,10,3,243.70443
167,11,3,244.01292
167,12,3,244.35175
167,13,3,244.72148
167,14,3,245.12207
167,15,3,245.55396
167,16,3,246.01781
167,17,3,246.51339
167,18,3,247.04193
167,19,3,247.60301
167,20,3,248.19798
167,21,3,248.82665
167,22,3,249.49008
167,23,3,250.18876
167,24,3,250.92301
167,25,3,251.69394
167,26,3,252.50222
167,27,3,253.34815
167,28,3,254.23294
167,29,3,255.15744
167,30,3,256.12252
167,31,3,257.12911
167,32,3,258.1782
167,33,3,259.27085
167,34,3,260.40818
167,35,3,261.59138
167,36,3,262.82171
167,37,3,264.10053
167,38,3,265.42926
167,39,3,266.80943
167,40,3,268.24265
167,41,3,269.73062
167,42,3,271.27462
167,43,3,272.87705
167,44,3,274.53996
167,45,3,276.26479
167,46,3,278.05448
167,47,3,279.91089
167,48,3,281.83687
167,49,3,283.83467
167,50,3,285.90764
167,51,3,288.05808
167,52,3,290.28966
167,53,3,292.60575
167,54,3,295.00987
167,55,3,297.50556
167,56,3,300.09723
167,57,3,302.78922
167,58,3,305.58619
167,59,3,308.49315
167,60,3,311.51547
167,61,3,314.6588
167,62,3,317.92916
167,63,3,321.33348
167,64,3,324.87901
167,65,3,328.57281
167,66,3,332.42383
167,67,3,336.44055
167,68,3,340.63321
167,69,3,345.01149
167,70,3,349.58748
167,71,3,354.37346
167,72,3,359.38285
167,73,3,364.63034
167,74,3,370.13204
167,75,3,375.90563
167,76,3,381.9706
167,77,3,388.34843
167,78,3,395.06235
167,79,3,402.13854
167,80,3,409.60596
167,81,3,417.49689
167,82,2,425.84648
167,83,2,434.69538
167,84,2,444.08846
167,85,2,454.07635
167,86,2,464.71639
167,87,2,476.07285
167,88,2,488.22056
167,89,2,501.24372
167,90,2,515.24021
167,91,2,530.3222
167,92,2,546.6206
167,93,2,564.28836
167,94,2,583.50568
167,95,2,604.48661
167,96,2,627.48489
167,97,2,652.8084
167,98,2,680.82969
167,99,2,712.00646
167,100,2,746.90732
167,101,2,786.246
167,102,2,830.93362
167,103,2,882.14749
167,104,2,941.44269
167,105,2,1010.9097
167,106,2,1093.4346
167,107,2,1193.1062
167,108,2,1315.9303
167,109,2,1471.0897
167,110,2,1673.3715
167,111,2,1948.2118
167,112,2,2343.3964
167,113,2,2960.5001
167,114,2,4060.2243
167,115,2,6574.643
167,116,2,18174.756
167,117,1,-1.0
167,118,1,-1.0
167,119,1,-1.0
167,120,1,-1.0
167,121,1,-1.0
167,122,1,-1.0
167,123,1,-1.0
167,124,1,-1.0
167,125,1,-1.0
167,126,1,-1.0
167,127,1,-1.0
167,128,1,-1.0
167,129,1,-1.0
167,130,1,-1.0
167,131,1,-1.0
167,132,1,-1.0
167,133,1,-1.0
167,134,1,-1.0
167,135,1,-1.0
167,136,1,-1.0
167,137,1,-1.0
167,138,1,-1.0
167,139,1,-1.0
167,140,1,-1.0
167,141,1,-1.0
167,142,1,-1.0
167,143,1,-1.0
167,144,1,-1.0
167,145,1,-1.0
167,146,1,-1.0
167,147,1,-1.0
167,148,1,-1.0
167,149,1,-1.0
167,150,1,-1.0
167,151,1,-1.0
167,152,1,-1.0
167,153,1,-1.0
167,154,1,-1.0
167,155,1,-1.0
167,156,1,-1.0
167,157,1,-1.0
167,158,1,-1.0
167,159,1,-1.0
167,160,1,-1.0
167,161,1,-1.0
167,162,1,-1.0
167,163,1,-1.0
167,164,1,-1.0
167,165,1,-1.0
167,166,1,-1.0
167,167,1,-1.0
167,168,1,-1.0
167,169,1,-1.0
167,170,4,-1.0
167,171,4,-1.0
167,172,4,-1.0
167,173,4,-1.0
167,174,4,-1.0
167,175,4,-1.0
167,176,4,-1.0
167,177,4,-1.0
167,178,4,-1.0
167,179,4,-1.0
167,180,4,-1.0
167,181,4,-1.0
167,182,4,-1.0
167,183,4,-1.0
167,184,4,-1.0
167,185,4,-1.0
167,186,4,-1.0
167,187,4,-1.0
167,188,4,-1.0
167,189,4,-1.0
167,190,4,-1.0
167,191,4,-1.0
167,192,4,-1.0
167,193,4,-1.0
167,194,4,-1.0
167,195,4,-1.0
167,196,4,-1.0
167,197,4,-1.0
167,198,4,-1.0
167,199,4,-1.0
167,200,4,-1.0
167,201,4,-1.0
167,202,4,-1.0
167,203,4,-1.0
167,204,4,-1.0
167,205,4,-1.0
167,206,4,-1.0
167,207,4,-1.0
167,208,4,-1.0
167,209,4,-1.0
167,210,4,-1.0
167,211,4,-1.0
167,212,4,-1.0
167,213,4,-1.0
167,214,4,-1.0
167,215,4,-1.0
167,216,4,-1.0
167,217,4,-1.0
167,218,4,-1.0
167,219,4,-1.0
167,220,4,-1.0
167,221,4,-1.0
167,222,4,-1.0
167,223,4,-1.0
167,224,4,-1.0
167,225,4,-1.0
167,226,4,-1.0
167,227,4,-1.0
167,228,4,-1.0
167,229,4,-1.0
167,230,4,-1.0
167,231,4,-1.0
167,232,4,-1.0
167,233,4,-1.0
167,234,4,-1.0
167,235,4,-1.0
167,236,4,-1.0
167,237,4,-1.0
167,238,4,-1.0
167,239,4,-1.0
167,240,4,-1.0
167,241,4,-1.0
167,242,4,-1.0
167,243,4,-1.0
167,244,4,-1.0
167,245,4,-1.0
167,246,4,-1.0
167,247,4,-1.0
167,248,4,-1.0
167,249,4,-1.0
167,250,4,-1.0
168,0,3,233.71054
168,1,3,233.72389
168,2,3,233.76396
168,3,3,233.83078
168,4,3,233.92441
168,5,3,234.04495
168,6,3,234.19251
168,7,3,234.36722
168,8,3,234.56924
168,9,3,234.79856
168,10,3,235.05535
168,11,3,235.34007
168,12,3,235.65297
168,13,3,235.99377
168,14,3,236.36332
168,15,3,236.76181
168,16,3,237.18922
168,17,3,237.64652
168,18,3,238.1333
168,19,3,238.65081
168,20,3,239.19865
168,21,3,239.77805
168,22,3,240.38892
168,23,3,241.03212
168,24,3,241.70834
168,25,3,242.41756
168,26,3,243.16097
168,27,3,243.93921
168,28,3,244.75285
168,29,3,245.60243
168,30,3,246.48904
168,31,3,247.41347
168,32,3,248.3766
168,33,3,249.37935
168,34,3,250.42269
168,35,3,251.50767
168,36,3,252.63538
168,37,3,253.80701
168,38,3,255.02379
168,39,3,256.28705
168,40,3,257.59819
168,41,3,258.95829
168,42,3,260.36924
168,43,3,261.83273
168,44,3,263.35028
168,45,3,264.92358
168,46,3,266.55501
168,47,3,268.24589
168,48,3,269.99911
168,49,3,271.81624
168,50,3,273.70036
168,51,3,275.65343
168,52,3,277.67849
168,53,3,279.7785
168,54,3,281.95633
168,55,3,284.21512
168,56,3,286.55857
168,57,3,288.99034
168,58,3,291.51436
168,59,3,294.13483
168,60,3,296.85626
168,61,3,299.68349
168,62,3,302.62172
168,63,3,305.67606
168,64,3,308.85288
168,65,3,312.15869
168,66,3,315.59972
168,67,3,319.18405
168,68,3,322.91905
168,69,3,326.81393
168,70,3,330.87741
168,71,3,335.11986
168,72,3,339.55232
168,73,3,344.18663
168,74,3,349.03571
168,75,3,354.11372
168,76,3,359.43619
168,77,3,365.02016
168,78,3,370.88401
168,79,3,377.04823
168,80,3,383.53581
168,81,3,390.37116
168,82,3,397.58231
168,83,3,405.20013
168,84,3,413.25879
168,85,3,421.79662
168,86,2,430.85672
168,87,2,440.48771
168,88,2,450.74461
168,89,2,461.68868
168,90,2,473.39185
168,91,2,485.93462
168,92,2,499.41002
168,93,2,513.92612
168,94,2,529.60777
168,95,2,546.60113
168,96,2,565.07916
168,97,2,585.24428
168,98,2,607.34091
168,99,2,631.66173
168,100,2,658.56261
168,101,2,688.47963
168,102,2,721.95473
168,103,2,759.66762
168,104,2,802.48528
168,105,2,851.52894
168,106,2,908.27413
168,107,2,974.70871
168,108,2,1053.5663
168,109,2,1148.7223
168,110,2,1265.8542
168,111,2,1413.6325
168,112,2,1605.9775
168,113,2,1866.7706
168,114,2,2240.678
168,115,2,2822.0582
168,116,2,3850.7583
168,117,2,6168.147
168,118,2,16274.477
168,119,1,-1.0
168,120,1,-1.0
168,121,1,-1.0
168,122,1,-1.0
168,123,1,-1.0
168,124,1,-1.0
168,125,1,-1.0
168,126,1,-1.0
168,127,1,-1.0
168,128,1,-1.0
168,129,1,-1.0
168,130,1,-1.0
168,131,1,-1.0
168,132,1,-1.0
168,133,1,-1.0
168,134,1,-1.0
168,135,1,-1.0
168,136,1,-1.0
168,137,1,-1.0
168,138,1,-1.0
168,139,1,-1.0
168,140,1,-1.0
168,141,1,-1.0
168,142,1,-1.0
168,143,1,-1.0
168,144,1,-1.0
168,145,1,-1.0
168,146,1,-1.0
168,147,1,-1.0
168,148,1,-1.0
168,149,1,-1.0
168,150,1,-1.0
168,151,1,-1.0
168,152,1,-1.0
168,153,1,-1.0
168,154,1,-1.0
168,155,1,-1.0
168,156,1,-1.0
168,157,1,-1.0
168,158,1,-1.0
168,159,1,-1.0
168,160,1,-1.0
168,161,1,-1.0
168,162,1,-1.0
168,163,1,-1.0
168,164,1,-1.0
168,165,1,-1.0
168,166,1,-1.0
168,167,1,-1.0
168,168,1,-1.0
168,169,1,-1.0
168,170,4,-1.0
168,171,4,-1.0
168,172,4,-1.0
168,173,4,-1.0
168,174,4,-1.0
168,175,4,-1.0
168,176,4,-1.0
168,177,4,-1.0
168,178,4,-1.0
168,179,4,-1.0
168,180,4,-1.0
168,181,4,-1.0
168,182,4,-1.0
168,183,4,-1.0
168,184,4,-1.0
168,185,4,-1.0
168,186,4,-1.0
168,187,4,-1.0
168,188,4,-1.0
168,189,4,-1.0
168,190,4,-1.0
168,191,4,-1.0
168,192,4,-1.0
168,193,4,-1.0
168,194,4,-1.0
168,195,4,-1.0
168,196,4,-1.0
168,197,4,-1.0
168,198,4,-1.0
168,199,4,-1.0
168,200,4,-1.0
168,201,4,-1.0
168,202,4,-1.0
168,203,4,-1.0
168,204,4,-1.0
168,205,4,-1.0
168,206,4,-1.0
168,207,4,-1.0
168,208,4,-1.0
168,209,4,-1.0
168,210,4,-1.0
168,211,4,-1.0
168,212,4,-1.0
168,213,4,-1.0
168,214,4,-1.0
168,215,4,-1.0
168,216,4,-1.0
168,217,4,-1.0
168,218,4,-1.0
168,219,4,-1.0
168,220,4,-1.0
168,221,4,-1.0
168,222,4,-1.0
168,223,4,-1.0
168,224,4,-1.0
168,225,4,-1.0
168,226,4,-1.0
168,227,4,-1.0
168,228,4,-1.0
168,229,4,-1.0
168,230,4,-1.0
168,231,4,-1.0
168,232,4,-1.0
168,233,4,-1.0
168,234,4,-1.0
168,235,4,-1.0
168,236,4,-1.0
168,237,4,-1.0
168,238,4,-1.0
168,239,4,-1.0
168,240,4,-1.0
168,241,4,-1.0
168,242,4,-1.0
168,243,4,-1.0
168,244,4,-1.0
168,245,4,-1.0
168,246,4,-1.0
168,247,4,-1.0
168,248,4,-1.0
168,249,4,-1.0
168,250,4,-1.0
169,0,3,225.54768
169,1,3,225.56002
169,2,3,225.59706
169,3,3,225.65883
169,4,3,225.74538
169,5,3,225.8568
169,6,3,225.99318
169,7,3,226.15446
169,8,3,226.34082
169,9,3,226.55254
169,10,3,226.78982
169,11,3,227.05271
169,12,3,227.34124
169,13,3,227.656
169,14,3,227.9971
169,15,3,228.36456
169,16,3,228.75915
169,17,3,229.18063
169,18,3,229.62984
169,19,3,230.10673
169,20,3,230.61208
169,21,3,231.14583
169,22,3,231.70899
169,23,3,232.30141
169,24,3,232.92402
169,25,3,233.57739
169,26,3,234.26159
169,27,3,234.97762
169,28,3,235.72611
169,29,3,236.50767
169,30,3,237.32281
169,31,3,238.17235
169,32,3,239.05716
169,33,3,239.97803
169,34,3,240.93582
169,35,3,241.93144
169,36,3,242.96585
169,37,3,244.04008
169,38,3,245.15521
169,39,3,246.31238
169,40,3,247.51261
169,41,3,248.75723
169,42,3,250.04772
169,43,3,251.38552
169,44,3,252.7718
169,45,3,254.20829
169,46,3,255.69692
169,47,3,257.23876
169,48,3,258.83642
169,49,3,260.49118
169,50,3,262.20578
169,51,3,263.98167
169,52,3,265.82175
169,53,3,267.72845
169,54,3,269.70388
169,55,3,271.75125
169,56,3,273.87347
169,57,3,276.07364
169,58,3,278.35507
169,59,3,280.7213
169,60,3,283.17612
169,61,3,285.7236
169,62,3,288.36809
169,63,3,291.11428
169,64,3,293.96704
169,65,3,296.93143
169,66,3,300.01363
169,67,3,303.2194
169,68,3,306.55551
169,69,3,310.02887
169,70,3,313.64752
169,71,3,317.41909
169,72,3,321.35294
169,73,3,325.45874
169,74,3,329.74693
169,75,3,334.2289
169,76,3,338.91712
169,77,3,343.82518
169,78,3,348.96803
169,79,3,354.36132
169,80,3,360.0236
169,81,3,365.97405
169,82,3,372.23474
169,83,3,378.82883
169,84,3,385.7834
169,85,3,393.12781
169,86,3,400.89486
169,87,3,409.12129
169,88,3,417.84827
169,89,2,427.12172
169,90,2,436.99486
169,91,2,447.52608
169,92,2,458.78363
169,93,2,470.84479
169,94,2,483.79842
169,95,2,497.74737
169,96,2,512.81056
169,97,2,529.12779
169,98,2,546.86263
169,99,2,566.20959
169,100,2,587.40018
169,101,2,610.71326
169,102,2,636.48637
169,103,2,665.13539
169,104,2,697.17365
169,105,2,733.24684
169,106,2,774.17616
169,107,2,821.02489
169,108,2,875.18857
169,109,2,938.54558
169,110,2,1013.6772
169,111,2,1104.234
169,112,2,1215.5567
169,113,2,1355.7769
169,114,2,1537.9182
169,115,2,1784.2278
169,116,2,2136.0955
169,117,2,2680.2972
169,118,2,3634.6995
169,119,2,5746.0139
169,120,2,14371.364
169,121,1,-1.0
169,122,1,-1.0
169,123,1,-1.0
169,124,1,-1.0
169,125,1,-1.0
169,126,1,-1.0
169,127,1,-1.0
169,128,1,-1.0
169,129,1,-1.0
169,130,1,-1.0
169,131,1,-1.0
169,132,1,-1.0
169,133,1,-1.0
169,134,1,-1.0
169,135,1,-1.0
169,136,1,-1.0
169,137,1,-1.0
169,138,1,-1.0
169,139,1,-1.0
169,140,1,-1.0
169,141,1,-1.0
169,142,1,-1.0
169,143,1,-1.0
169,144,1,-1.0
169,145,1,-1.0
169,146,1,-1.0
169,147,1,-1.0
169,148,1,-1.0
169,149,1,-1.0
169,150,1,-1.0
169,151,1,-1.0
169,152,1,-1.0
169,153,1,-1.0
169,154,1,-1.0
169,155,1,-1.0
169,156,1,-1.0
169,157,1,-1.0
169,158,1,-1.0
169,159,1,-1.0
169,160,1,-1.0
169,161,1,-1.0
169,162,1,-1.0
169,163,1,-1.0
169,164,1,-1.0
169,165,1,-1.0
169,166,1,-1.0
169,167,1,-1.0
169,168,1,-1.0
169,169,1,-1.0
169,170,1,-1.0
169,171,4,-1.0
169,172,4,-1.0
169,173,4,-1.0
169,174,4,-1.0
169,175,4,-1.0
169,176,4,-1.0
169,177,4,-1.0
169,178,4,-1.0
169,179,4,-1.0
169,180,4,-1.0
169,181,4,-1.0
169,182,4,-1.0
169,183,4,-1.0
169,184,4,-1.0
169,185,4,-1.0
169,186,4,-1.0
169,187,4,-1.0
169,188,4,-1.0
169,189,4,-1.0
169,190,4,-1.0
169,191,4,-1.0
169,192,4,-1.0
169,193,4,-1.0
169,194,4,-1.0
169,195,4,-1.0
169,196,4,-1.0
169,197,4,-1.0
169,198,4,-1.0
169,199,4,-1.0
169,200,4,-1.0
169,201,4,-1.0
169,202,4,-1.0
169,203,4,-1.0
169,204,4,-1.0
169,205,4,-1.0
169,206,4,-1.0
169,207,4,-1.0
169,208,4,-1.0
169,209,4,-1.0
169,210,4,-1.0
169,211,4,-1.0
169,212,4,-1.0
169,213,4,-1.0
169,214,4,-1.0
169,215,4,-1.0
169,216,4,-1.0
169,217,4,-1.0
169,218,4,-1.0
169,219,4,-1.0
169,220,4,-1.0
169,221,4,-1.0
169,222,4,-1.0
169,223,4,-1.0
169,224,4,-1.0
169,225,4,-1.0
169,226,4,-1.0
169,227,4,-1.0
169,228,4,-1.0
169,229,4,-1.0
169,230,4,-1.0
169,231,4,-1.0
169,232,4,-1.0
169,233,4,-1.0
169,234,4,-1.0
169,235,4,-1.0
169,236,4,-1.0
169,237,4,-1.0
169,238,4,-1.0
169,239,4,-1.0
169,240,4,-1.0
169,241,4,-1.0
169,242,4,-1.0
169,243,4,-1.0
169,244,4,-1.0
169,245,4,-1.0
169,246,4,-1.0
169,247,4,-1.0
169,248,4,-1.0
169,249,4,-1.0
169,250,4,-1.0
170,0,3,217.73927
170,1,3,217.75068
170,2,3,217.78493
170,3,3,217.84205
170,4,3,217.92204
170,5,3,218.02486
170,6,3,218.15071
170,7,3,218.29971
170,8,3,218.47199
170,9,3,218.66769
170,10,3,218.88676
170,11,3,219.1294
170,12,3,219.396
170,13,3,219.68671
170,14,3,220.0014
170,15,3,220.3408
170,16,3,220.70483
170,17,3,221.09387
170,18,3,221.50833
170,19,3,221.94826
170,20,3,222.4143
170,21,3,222.90657
170,22,3,223.42558
170,23,3,223.97189
170,24,3,224.54546
170,25,3,225.14727
170,26,3,225.7777
170,27,3,226.43688
170,28,3,227.12577
170,29,3,227.84492
170,30,3,228.59489
170,31,3,229.37625
170,32,3,230.18961
170,33,3,231.03584
170,34,3,231.91568
170,35,3,232.82993
170,36,3,233.77942
170,37,3,234.76505
170,38,3,235.78776
170,39,3,236.84854
170,40,3,237.94821
170,41,3,239.08809
170,42,3,240.26937
170,43,3,241.49331
170,44,3,242.76094
170,45,3,244.07369
170,46,3,245.43329
170,47,3,246.84073
170,48,3,248.29807
170,49,3,249.80669
170,50,3,251.36863
170,51,3,252.98542
170,52,3,254.65951
170,53,3,256.39255
170,54,3,258.18698
170,55,3,260.04528
170,56,3,261.96991
170,57,3,263.96342
170,58,3,266.0286
170,59,3,268.16861
170,60,3,270.38664
170,61,3,272.68613
170,62,3,275.07062
170,63,3,277.54394
170,64,3,280.11041
170,65,3,282.77453
170,66,3,285.54092
170,67,3,288.4145
170,68,3,291.40124
170,69,3,294.50628
170,70,3,297.73661
170,71,3,301.09869
170,72,3,304.59975
170,73,3,308.24795
170,74,3,312.05178
170,75,3,316.02045
170,76,3,320.16401
170,77,3,324.4934
170,78,3,329.02057
170,79,3,333.75862
170,80,3,338.72116
170,81,3,343.9244
170,82,3,349.38491
170,83,3,355.12189
170,84,3,361.15546
170,85,3,367.50873
170,86,3,374.20704
170,87,3,381.27851
170,88,3,388.75453
170,89,3,396.6696
170,90,3,405.06363
170,91,3,413.98047
170,92,3,423.47036
170,93,2,433.58933
170,94,2,444.40213
170,95,2,455.98249
170,96,2,468.41451
170,97,2,481.79658
170,98,2,496.24175
170,99,2,511.88285
170,100,2,528.87531
170,101,2,547.4034
170,102,2,567.68718
170,103,2,589.99103
170,104,2,614.63533
170,105,2,642.01276
170,106,2,672.61019
170,107,2,707.03742
170,108,2,746.07137
170,109,2,790.71333
170,110,2,842.27976
170,111,2,902.53737
170,112,2,973.91146
170,113,2,1059.8252
170,114,2,1165.2728
170,115,2,1297.8398
170,116,2,1469.6263
170,117,2,1701.2118
170,118,2,2030.6395
170,119,2,2536.943
170,120,2,3415.7232
170,121,2,5319.5566
170,122,2,12566.719
170,123,1,-1.0
170,124,1,-1.0
170,125,1,-1.0
170,126,1,-1.0
170,127,1,-1.0
170,128,1,-1.0
170,129,1,-1.0
170,130,1,-1.0
170,131,1,-1.0
170,132,1,-1.0
170,133,1,-1.0
170,134,1,-1.0
170,135,1,-1.0
170,136,1,-1.0
170,137,1,-1.0
170,138,1,-1.0
170,139,1,-1.0
170,140,1,-1.0
170,141,1,-1.0
170,142,1,-1.0
170,143,1,-1.0
170,144,1,-1.0
170,145,1,-1.0
170,146,1,-1.0
170,147,1,-1.0
170,148,1,-1.0
170,149,1,-1.0
170,150,1,-1.0
170,151,1,-1.0
170,152,1,-1.0
170,153,1,-1.0
170,154,1,-1.0
170,155,1,-1.0
170,156,1,-1.0
170,157,1,-1.0
170,158,1,-1.0
170,159,1,-1.0
170,160,1,-1.0
170,161,1,-1.0
170,162,1,-1.0
170,163,1,-1.0
170,164,1,-1.0
170,165,1,-1.0
170,166,1,-1.0
170,167,1,-1.0
170,168,1,-1.0
170,169,1,-1.0
170,170,1,-1.0
170,171,1,-1.0
170,172,4,-1.0
170,173,4,-1.0
170,174,4,-1.0
170,175,4,-1.0
170,176,4,-1.0
170,177,4,-1.0
170,178,4,-1.0
170,179,4,-1.0
170,180,4,-1.0
170,181,4,-1.0
170,182,4,-1.0
170,183,4,-1.0
170,184,4,-1.0
170,185,4,-1.0
170,186,4,-1.0
170,187,4,-1.0
170,188,4,-1.0
170,189,4,-1.0
170,190,4,-1.0
170,191,4,-1.0
170,192,4,-1.0
170,193,4,-1.0
170,194,4,-1.0
170,195,4,-1.0
170,196,4,-1.0
170,197,4,-1.0
170,198,4,-1.0
170,199,4,-1.0
170,200,4,-1.0
170,201,4,-1.0
170,202,4,-1.0
170,203,4,-1.0
170,204,4,-1.0
170,205,4,-1.0
170,206,4,-1.0
170,207,4,-1.0
170,208,4,-1.0
170,209,4,-1.0
170,210,4,-1.0
170,211,4,-1.0
170,212,4,-1.0
170,213,4,-1.0
170,214,4,-1.0
170,215,4,-1.0
170,216,4,-1.0
170,217,4,-1.0
170,218,4,-1.0
170,219,4,-1.0
170,220,4,-1.0
170,221,4,-1.0
170,222,4,-1.0
170,223,4,-1.0
170,224,4,-1.0
170,225,4,-1.0
170,226,4,-1.0
170,227,4,-1.0
170,228,4,-1.0
170,229,4,-1.0
170,230,4,-1.0
170,231,4,-1.0
170,232,4,-1.0
170,233,4,-1.0
170,234,4,-1.0
170,235,4,-1.0
170,236,4,-1.0
170,237,4,-1.0
170,238,4,-1.0
170,239,4,-1.0
170,240,4,-1.0
170,241,4,-1.0
170,242,4,-1.0
170,243,4,-1.0
170,244,4,-1.0
170,245,4,-1.0
170,246,4,-1.0
170,247,4,-1.0
170,248,4,-1.0
170,249,4,-1.0
170,250,4,-1.0
171,0,3,210.26624
171,1,3,210.27677
171,2,3,210.30839
171,3,3,210.36111
171,4,3,210.43499
171,5,3,210.53008
171,6,3,210.64646
171,7,3,210.78424
171,8,3,210.94353
171,9,3,211.12423
171,10,3,211.32659
171,11,3,211.55088
171,12,3,211.7973
171,13,3,212.06557
171,14,3,212.35636
171,15,3,212.66985
171,16,3,213.00585
171,17,3,213.36517
171,18,3,213.74755
171,19,3,214.15373
171,20,3,214.5836
171,21,3,215.03792
171,22,3,215.5165
171,23,3,216.02026
171,24,3,216.54915
171,25,3,217.10376
171,26,3,217.68467
171,27,3,218.29206
171,28,3,218.92646
171,29,3,219.58855
171,30,3,220.27883
171,31,3,220.99785
171,32,3,221.74608
171,33,3,222.5242
171,34,3,223.33294
171,35,3,224.17301
171,36,3,225.04513
171,37,3,225.95008
171,38,3,226.88869
171,39,3,227.86183
171,40,3,228.8702
171,41,3,229.91494
171,42,3,230.9971
171,43,3,232.11776
171,44,3,233.27797
171,45,3,234.47867
171,46,3,235.72151
171,47,3,237.00758
171,48,3,238.33817
171,49,3,239.71505
171,50,3,241.1393
171,51,3,242.61297
171,52,3,244.13752
171,53,3,245.71477
171,54,3,247.34686
171,55,3,249.03559
171,56,3,250.78303
171,57,3,252.59167
171,58,3,254.46388
171,59,3,256.4022
171,60,3,258.40932
171,61,3,260.48815
171,62,3,262.64175
171,63,3,264.87344
171,64,3,267.18674
171,65,3,269.58537
171,66,3,272.07298
171,67,3,274.65429
171,68,3,277.33369
171,69,3,280.11588
171,70,3,283.00636
171,71,3,286.01061
171,72,3,289.13453
171,73,3,292.38488
171,74,3,295.76861
171,75,3,299.29319
171,76,3,302.96678
171,77,3,306.79821
171,78,3,310.79713
171,79,3,314.97402
171,80,3,319.34036
171,81,3,323.90832
171,82,3,328.69146
171,83,3,333.7047
171,84,3,338.9644
171,85,3,344.48795
171,86,3,350.29547
171,87,3,356.40866
171,88,3,362.85164
171,89,3,369.65126
171,90,3,376.83682
171,91,3,384.44235
171,92,3,392.50475
171,93,3,401.06645
171,94,3,410.17466
171,95,3,419.88302
171,96,2,430.25273
171,97,2,441.35391
171,98,2,453.26726
171,99,2,466.08451
171,100,2,479.91409
171,101,2,494.88137
171,102,2,511.13389
171,103,2,528.84636
171,104,2,548.22602
171,105,2,569.52345
171,106,2,593.04133
171,107,2,619.15051
171,108,2,648.30982
171,109,2,681.09438
171,110,2,718.23397
171,111,2,760.6703
171,112,2,809.63943
171,113,2,866.79612
171,114,2,934.40826
171,115,2,1015.6704
171,116,2,1115.2281
171,117,2,1240.1166
171,118,2,1401.5136
171,119,2,1618.3219
171,120,2,1925.2385
171,121,2,2393.6045
171,122,2,3197.1584
171,123,2,4898.5045
171,124,2,10919.77
171,125,1,-1.0
171,126,1,-1.0
171,127,1,-1.0
171,128,1,-1.0
171,129,1,-1.0
171,130,1,-1.0
171,131,1,-1.0
171,132,1,-1.0
171,133,1,-1.0
171,134,1,-1.0
171,135,1,-1.0
171,136,1,-1.0
171,137,1,-1.0
171,138,1,-1.0
171,139,1,-1.0
171,140,1,-1.0
171,141,1,-1.0
171,142,1,-1.0
171,143,1,-1.0
171,144,1,-1.0
171,145,1,-1.0
171,146,1,-1.0
171,147,1,-1.0
171,148,1,-1.0
171,149,1,-1.0
171,150,1,-1.0
171,151,1,-1.0
171,152,1,-1.0
171,153,1,-1.0
171,154,1,-1.0
171,155,1,-1.0
171,156,1,-1.0
171,157,1,-1.0
171,158,1,-1.0
171,159,1,-1.0
171,160,1,-1.0
171,161,1,-1.0
171,162,1,-1.0
171,163,1,-1.0
171,164,1,-1.0
171,165,1,-1.0
171,166,1,-1.0
171,167,1,-1.0
171,168,1,-1.0
171,169,1,-1.0
171,170,1,-1.0
171,171,1,-1.0
171,172,4,-1.0
171,173,4,-1.0
171,174,4,-1.0
171,175,4,-1.0
171,176,4,-1.0
171,177,4,-1.0
171,178,4,-1.0
171,179,4,-1.0
171,180,4,-1.0
171,181,4,-1.0
171,182,4,-1.0
171,183,4,-1.0
171,184,4,-1.0
171,185,4,-1.0
171,186,4,-1.0
171,187,4,-1.0
171,188,4,-1.0
171,189,4,-1.0
171,190,4,-1.0
171,191,4,-1.0
171,192,4,-1.0
171,193,4,-1.0
171,194,4,-1.0
171,195,4,-1.0
171,196,4,-1.0
171,197,4,-1.0
171,198,4,-1.0
171,199,4,-1.0
171,200,4,-1.0
171,201,4,-1.0
171,202,4,-1.0
171,203,4,-1.0
171,204,4,-1.0
171,205,4,-1.0
171,206,4,-1.0
171,207,4,-1.0
171,208,4,-1.0
171,209,4,-1.0
171,210,4,-1.0
171,211,4,-1.0
171,212,4,-1.0
171,213,4,-1.0
171,214,4,-1.0
171,215,4,-1.0
171,216,4,-1.0
171,217,4,-1.0
171,218,4,-1.0
171,219,4,-1.0
171,220,4,-1.0
171,221,4,-1.0
171,222,4,-1.0
171,223,4,-1.0
171,224,4,-1.0
171,225,4,-1.0
171,226,4,-1.0
171,227,4,-1.0
171,228,4,-1.0
171,229,4,-1.0
171,230,4,-1.0
171,231,4,-1.0
171,232,4,-1.0
171,233,4,-1.0
171,234,4,-1.0
171,235,4,-1.0
171,236,4,-1.0
171,237,4,-1.0
171,238,4,-1.0
171,239,4,-1.0
171,240,4,-1.0
171,241,4,-1.0
171,242,4,-1.0
171,243,4,-1.0
171,244,4,-1.0
171,245,4,-1.0
171,246,4,-1.0
171,247,4,-1.0
171,248,4,-1.0
171,249,4,-1.0
171,250,4,-1.0
172,0,3,203.11085
172,1,3,203.1206
172,2,3,203.14985
172,3,3,203.19862
172,4,3,203.26695
172,5,3,203.35491
172,6,3,203.46256
172,7,3,203.59
172,8,3,203.73714
172,9,3,203.90414
172,10,3,204.09125
172,11,3,204.29863
172,12,3,204.52621
172,13,3,204.77418
172,14,3,205.04294
172,15,3,205.33241
172,16,3,205.64287
172,17,3,205.97476
172,18,3,206.32782
172,19,3,206.70293
172,20,3,207.09966
172,21,3,207.51899
172,22,3,207.96061
172,23,3,208.42529
172,24,3,208.91322
172,25,3,209.4246
172,26,3,209.96013
172,27,3,210.52003
172,28,3,211.10457
172,29,3,211.71447
172,30,3,212.35017
172,31,3,213.01214
172,32,3,213.7008
172,33,3,214.41671
172,34,3,215.16055
172,35,3,215.93293
172,36,3,216.73448
172,37,3,217.5659
172,38,3,218.42788
172,39,3,219.32121
172,40,3,220.24665
172,41,3,221.20488
172,42,3,222.19695
172,43,3,223.22382
172,44,3,224.28651
172,45,3,225.38578
172,46,3,226.52282
172,47,3,227.699
172,48,3,228.91507
172,49,3,230.17268
172,50,3,231.47292
172,51,3,232.81736
172,52,3,234.20725
172,53,3,235.64451
172,54,3,237.13028
172,55,3,238.66667
172,56,3,240.25552
172,57,3,241.89872
172,58,3,243.59808
172,59,3,245.35604
172,60,3,247.17489
172,61,3,249.05708
172,62,3,251.00521
172,63,3,253.02206
172,64,3,255.1106
172,65,3,257.27369
172,66,3,259.51496
172,67,3,261.83806
172,68,3,264.24656
172,69,3,266.74456
172,70,3,269.3366
172,71,3,272.02707
172,72,3,274.82111
172,73,3,277.72425
172,74,3,280.7419
172,75,3,283.88041
172,76,3,287.14654
172,77,3,290.54749
172,78,3,294.09107
172,79,3,297.78575
172,80,3,301.64054
172,81,3,305.66538
172,82,3,309.87145
172,83,3,314.27006
172,84,3,318.87468
172,85,3,323.69868
172,86,3,328.75808
172,87,3,334.0698
172,88,3,339.65252
172,89,3,345.52694
172,90,3,351.71608
172,91,3,358.24524
172,92,3,365.1427
172,93,3,372.44037
172,94,3,380.17375
172,95,3,388.38231
172,96,3,397.11143
172,97,3,406.41191
172,98,3,416.34174
172,99,3,426.96769
172,100,2,438.36494
172,101,2,450.62191
172,102,2,463.84019
172,103,2,478.13856
172,104,2,493.65632
172,105,2,510.55811
172,106,2,529.04016
172,107,2,549.33815
172,108,2,571.73749
172,109,2,596.58605
172,110,2,624.3163
172,111,2,655.46749
172,112,2,690.72441
172,113,2,730.96858
172,114,2,777.35537
172,115,2,831.42827
172,116,2,895.29944
172,117,2,971.9339
172,118,2,1065.6354
172,119,2,1182.8913
172,120,2,1333.965
172,121,2,1536.1094
172,122,2,1820.7404
172,123,2,2251.7272
172,124,2,2981.8891
172,125,2,4490.5741
172,126,2,9455.8507
172,127,1,-1.0
172,128,1,-1.0
172,129,1,-1.0
172,130,1,-1.0
172,131,1,-1.0
172,132,1,-1.0
172,133,1,-1.0
172,134,1,-1.0
172,135,1,-1.0
172,136,1,-1.0
172,137,1,-1.0
172,138,1,-1.0
172,139,1,-1.0
172,140,1,-1.0
172,141,1,-1.0
172,142,1,-1.0
172,143,1,-1.0
172,144,1,-1.0
172,145,1,-1.0
172,146,1,-1.0
172,147,1,-1.0
172,148,1,-1.0
172,149,1,-1.0
172,150,1,-1.0
172,151,1,-1.0
172,152,1,-1.0
172,153,1,-1.0
172,154,1,-1.0
172,155,1,-1.0
172,156,1,-1.0
172,157,1,-1.0
172,158,1,-1.0
172,159,1,-1.0
172,160,1,-1.0
172,161,1,-1.0
172,162,1,-1.0
172,163,1,-1.0
172,164,1,-1.0
172,165,1,-1.0
172,166,1,-1.0
172,167,1,-1.0
172,168,1,-1.0
172,169,1,-1.0
172,170,1,-1.0
172,171,1,-1.0
172,172,1,-1.0
172,173,4,-1.0
172,174,4,-1.0
172,175,4,-1.0
172,176,4,-1.0
172,177,4,-1.0
172,178,4,-1.0
172,179,4,-1.0
172,180,4,-1.0
172,181,4,-1.0
172,182,4,-1.0
172,183,4,-1.0
172,184,4,-1.0
172,185,4,-1.0
172,186,4,-1.0
172,187,4,-1.0
172,188,4,-1.0
172,189,4,-1.0
172,190,4,-1.0
172,191,4,-1.0
172,192,4,-1.0
172,193,4,-1.0
172,194,4,-1.0
172,195,4,-1.0
172,196,4,-1.0
172,197,4,-1.0
172,198,4,-1.0
172,199,4,-1.0
172,200,4,-1.0
172,201,4,-1.0
172,202,4,-1.0
172,203,4,-1.0
172,204,4,-1.0
172,205,4,-1.0
172,206,4,-1.0
172,207,4,-1.0
172,208,4,-1.0
172,209,4,-1.0
172,210,4,-1.0
172,211,4,-1.0
172,212,4,-1.0
172,213,4,-1.0
172,214,4,-1.0
172,215,4,-1.0
172,216,4,-1.0
172,217,4,-1.0
172,218,4,-1.0
172,219,4,-1.0
172,220,4,-1.0
172,221,4,-1.0
172,222,4,-1.0
172,223,4,-1.0
172,224,4,-1.0
172,225,4,-1.0
172,226,4,-1.0
172,227,4,-1.0
172,228,4,-1.0
172,229,4,-1.0
172,230,4,-1.0
172,231,4,-1.0
172,232,4,-1.0
172,233,4,-1.0
172,234,4,-1.0
172,235,4,-1.0
172,236,4,-1.0
172,237,4,-1.0
172,238,4,-1.0
172,239,4,-1.0
172,240,4,-1.0
172,241,4,-1.0
172,242,4,-1.0
172,243,4,-1.0
172,244,4,-1.0
172,245,4,-1.0
172,246,4,-1.0
172,247,4,-1.0
172,248,4,-1.0
172,249,4,-1.0
172,250,4,-1.0
173,0,3,196.25681
173,1,3,196.26583
173,2,3,196.29289
173,3,3,196.33802
173,4,3,196.40124
173,5,3,196.48262
173,6,3,196.58221
173,7,3,196.70004
173,8,3,196.83604
173,9,3,196.99051
173,10,3,197.16356
173,11,3,197.35535
173,12,3,197.56564
173,13,3,197.7949
173,14,3,198.04337
173,15,3,198.31081
173,16,3,198.59774
173,17,3,198.90432
173,18,3,199.23052
173,19,3,199.57695
173,20,3,199.94336
173,21,3,200.33051
173,22,3,200.73822
173,23,3,201.16709
173,24,3,201.61735
173,25,3,202.08911
173,26,3,202.58306
173,27,3,203.09936
173,28,3,203.63824
173,29,3,204.20035
173,30,3,204.7861
173,31,3,205.39588
173,32,3,206.02996
173,33,3,206.689
173,34,3,207.37354
173,35,3,208.08409
173,36,3,208.82123
173,37,3,209.58555
173,38,3,210.37766
173,39,3,211.19825
173,40,3,212.04801
173,41,3,212.92768
173,42,3,213.83785
173,43,3,214.77945
173,44,3,215.75342
173,45,3,216.76067
173,46,3,217.80189
173,47,3,218.8782
173,48,3,219.99086
173,49,3,221.14042
173,50,3,222.32861
173,51,3,223.55617
173,52,3,224.82484
173,53,3,226.13539
173,54,3,227.48978
173,55,3,228.88923
173,56,3,230.33524
173,57,3,231.82968
173,58,3,233.37429
173,59,3,234.97089
173,60,3,236.62139
173,61,3,238.32786
173,62,3,240.09262
173,63,3,241.91798
173,64,3,243.80634
173,65,3,245.76043
173,66,3,247.78313
173,67,3,249.87748
173,68,3,252.04652
173,69,3,254.2936
173,70,3,256.62273
173,71,3,259.03717
173,72,3,261.54171
173,73,3,264.14037
173,74,3,266.83803
173,75,3,269.63993
173,76,3,272.55151
173,77,3,275.57861
173,78,3,278.7276
173,79,3,282.00534
173,80,3,285.41932
173,81,3,288.97763
173,82,3,292.68911
173,83,3,296.56272
173,84,3,300.6094
173,85,3,304.83979
173,86,3,309.26663
173,87,3,313.90318
173,88,3,318.76401
173,89,3,323.86533
173,90,3,329.22484
173,91,3,334.86231
173,92,3,340.79965
173,93,3,347.06074
173,94,3,353.67268
173,95,3,360.66509
173,96,3,368.07194
173,97,3,375.9309
173,98,3,384.28464
173,99,3,393.18123
173,100,3,402.67551
173,101,3,412.83023
173,102,3,423.71726
173,103,2,435.41928
173,104,2,448.03233
173,105,2,461.66868
173,106,2,476.4588
173,107,2,492.55852
173,108,2,510.15216
173,109,2,529.4612
173,110,2,550.75279
173,111,2,574.35484
173,112,2,600.67105
173,113,2,630.20668
173,114,2,663.60095
173,115,2,701.67667
173,116,2,745.50939
173,117,2,796.53378
173,118,2,856.70721
173,119,2,928.7713
173,120,2,1016.6919
173,121,2,1126.4211
173,122,2,1267.3312
173,123,2,1455.0737
173,124,2,1717.9052
173,125,2,2112.5737
173,126,2,2772.3415
173,127,2,4101.4887
173,128,2,8177.3047
173,129,1,-1.0
173,130,1,-1.0
173,131,1,-1.0
173,132,1,-1.0
173,133,1,-1.0
173,134,1,-1.0
173,135,1,-1.0
173,136,1,-1.0
173,137,1,-1.0
173,138,1,-1.0
173,139,1,-1.0
173,140,1,-1.0
173,141,1,-1.0
173,142,1,-1.0
173,143,1,-1.0
173,144,1,-1.0
173,145,1,-1.0
173,146,1,-1.0
173,147,1,-1.0
173,148,1,-1.0
173,149,1,-1.0
173,150,1,-1.0
173,151,1,-1.0
173,152,1,-1.0
173,153,1,-1.0
173,154,1,-1.0
173,155,1,-1.0
173,156,1,-1.0
173,157,1,-1.0
173,158,1,-1.0
173,159,1,-1.0
173,160,1,-1.0
173,161,1,-1.0
173,162,1,-1.0
173,163,1,-1.0
173,164,1,-1.0
173,165,1,-1.0
173,166,1,-1.0
173,167,1,-1.0
173,168,1,-1.0
173,169,1,-1.0
173,170,1,-1.0
173,171,1,-1.0
173,172,1,-1.0
173,173,4,-1.0
173,174,4,-1.0
173,175,4,-1.0
173,176,4,-1.0
173,177,4,-1.0
173,178,4,-1.0
173,179,4,-1.0
173,180,4,-1.0
173,181,4,-1.0
173,182,4,-1.0
173,183,4,-1.0
173,184,4,-1.0
173,185,4,-1.0
173,186,4,-1.0
173,187,4,-1.0
173,188,4,-1.0
173,189,4,-1.0
173,190,4,-1.0
173,191,4,-1.0
173,192,4,-1.0
173,193,4,-1.0
173,194,4,-1.0
173,195,4,-1.0
173,196,4,-1.0
173,197,4,-1.0
173,198,4,-1.0
173,199,4,-1.0
173,200,4,-1.0
173,201,4,-1.0
173,202,4,-1.0
173,203,4,-1.0
173,204,4,-1.0
173,205,4,-1.0
173,206,4,-1.0
173,207,4,-1.0
173,208,4,-1.0
173,209,4,-1.0
173,210,4,-1.0
173,211,4,-1.0
173,212,4,-1.0
173,213,4,-1.0
173,214,4,-1.0
173,215,4,-1.0
173,216,4,-1.0
173,217,4,-1.0
173,218,4,-1.0
173,219,4,-1.0
173,220,4,-1.0
173,221,4,-1.0
173,222,4,-1.0
173,223,4,-1.0
173,224,4,-1.0
173,225,4,-1.0
173,226,4,-1.0
173,227,4,-1.0
173,228,4,-1.0
173,229,4,-1.0
173,230,4,-1.0
173,231,4,-1.0
173,232,4,-1.0
173,233,4,-1.0
173,234,4,-1.0
173,235,4,-1.0
173,236,4,-1.0
173,237,4,-1.0
173,238,4,-1.0
173,239,4,-1.0
173,240,4,-1.0
173,241,4,-1.0
173,242,4,-1.0
173,243,4,-1.0
173,244,4,-1.0
173,245,4,-1.0
173,246,4,-1.0
173,247,4,-1.0
173,248,4,-1.0
173,249,4,-1.0
173,250,4,-1.0
174,0,3,189.68855
174,1,3,189.6969
174,2,3,189.72194
174,3,3,189.7637
174,4,3,189.82221
174,5,3,189.89751
174,6,3,189.98967
174,7,3,190.09861
174,8,3,190.22444
174,9,3,190.36734
174,10,3,190.52742
174,11,3,190.70481
174,12,3,190.89925
174,13,3,191.11127
174,14,3,191.34102
174,15,3,191.58824
174,16,3,191.85349
174,17,3,192.13684
174,18,3,192.43829
174,19,3,192.75839
174,20,3,193.09688
174,21,3,193.45449
174,22,3,193.83099
174,23,3,194.22699
174,24,3,194.64261
174,25,3,195.07804
174,26,3,195.53386
174,27,3,196.01009
174,28,3,196.50712
174,29,3,197.02546
174,30,3,197.56545
174,31,3,198.1273
174,32,3,198.71148
174,33,3,199.3185
174,34,3,199.9488
174,35,3,200.60285
174,36,3,201.28113
174,37,3,201.98417
174,38,3,202.71251
174,39,3,203.46673
174,40,3,204.24745
174,41,3,205.05532
174,42,3,205.89103
174,43,3,206.75524
174,44,3,207.64851
174,45,3,208.57187
174,46,3,209.52616
174,47,3,210.51207
174,48,3,211.53047
174,49,3,212.58261
174,50,3,213.669
174,51,3,214.79119
174,52,3,215.94984
174,53,3,217.14658
174,54,3,218.38204
174,55,3,219.65803
174,56,3,220.97576
174,57,3,222.3364
174,58,3,223.74176
174,59,3,225.1934
174,60,3,226.69296
174,61,3,228.24221
174,62,3,229.84301
174,63,3,231.49736
174,64,3,233.20737
174,65,3,234.97531
174,66,3,236.80358
174,67,3,238.69476
174,68,3,240.65157
174,69,3,242.67648
174,70,3,244.77304
174,71,3,246.94421
174,72,3,249.19357
174,73,3,251.5247
174,74,3,253.94184
174,75,3,256.44879
174,76,3,259.05034
174,77,3,261.7514
174,78,3,264.55715
174,79,3,267.47319
174,80,3,270.50561
174,81,3,273.66098
174,82,3,276.94643
174,83,3,280.3692
174,84,3,283.93806
174,85,3,287.66177
174,86,3,291.55028
174,87,3,295.61389
174,88,3,299.86458
174,89,3,304.31497
174,90,3,308.97896
174,91,3,313.87189
174,92,3,319.01071
174,93,3,324.41383
174,94,3,330.10193
174,95,3,336.09789
174,96,3,342.42725
174,97,3,349.1182
174,98,3,356.20243
174,99,3,363.71567
174,100,3,371.6983
174,101,3,380.19588
174,102,3,389.25995
174,103,3,398.94952
174,104,3,409.33247
174,105,3,420.48679
174,106,3,432.50232
174,107,2,445.48504
174,108,2,459.5579
174,109,2,474.86628
174,110,2,491.58339
174,111,2,509.91706
174,112,2,530.1173
174,113,2,552.49029
174,114,2,577.41295
174,115,2,605.357
174,116,2,636.91733
174,117,2,672.85832
174,118,2,714.17847
174,119,2,762.20508
174,120,2,818.74513
174,121,2,886.32362
174,122,2,968.57587
174,123,2,1070.9395
174,124,2,1201.9271
174,125,2,1375.6582
174,126,2,1617.3917
174,127,2,1977.1996
174,128,2,2570.4003
174,129,2,3735.758
174,130,2,7107.24
174,131,2,132982.92
174,132,1,-1.0
174,133,1,-1.0
174,134,1,-1.0
174,135,1,-1.0
174,136,1,-1.0
174,137,1,-1.0
174,138,1,-1.0
174,139,1,-1.0
174,140,1,-1.0
174,141,1,-1.0
174,142,1,-1.0
174,143,1,-1.0
174,144,1,-1.0
174,145,1,-1.0
174,146,1,-1.0
174,147,1,-1.0
174,148,1,-1.0
174,149,1,-1.0
174,150,1,-1.0
174,151,1,-1.0
174,152,1,-1.0
174,153,1,-1.0
174,154,1,-1.0
174,155,1,-1.0
174,156,1,-1.0
174,157,1,-1.0
174,158,1,-1.0
174,159,1,-1.0
174,160,1,-1.0
174,161,1,-1.0
174,162,1,-1.0
174,163,1,-1.0
174,164,1,-1.0
174,165,1,-1.0
174,166,1,-1.0
174,167,1,-1.0
174,168,1,-1.0
174,169,1,-1.0
174,170,1,-1.0
174,171,1,-1.0
174,172,1,-1.0
174,173,1,-1.0
174,174,4,-1.0
174,175,4,-1.0
174,176,4,-1.0
174,177,4,-1.0
174,178,4,-1.0
174,179,4,-1.0
174,180,4,-1.0
174,181,4,-1.0
174,182,4,-1.0
174,183,4,-1.0
174,184,4,-1.0
174,185,4,-1.0
174,186,4,-1.0
174,187,4,-1.0
174,188,4,-1.0
174,189,4,-1.0
174,190,4,-1.0
174,191,4,-1.0
174,192,4,-1.0
174,193,4,-1.0
174,194,4,-1.0
174,195,4,-1.0
174,196,4,-1.0
174,197,4,-1.0
174,198,4,-1.0
174,199,4,-1.0
174,200,4,-1.0
174,201,4,-1.0
174,202,4,-1.0
174,203,4,-1.0
174,204,4,-1.0
174,205,4,-1.0
174,206,4,-1.0
174,207,4,-1.0
174,208,4,-1.0
174,209,4,-1.0
174,210,4,-1.0
174,211,4,-1.0
174,212,4,-1.0
174,213,4,-1.0
174,214,4,-1.0
174,215,4,-1.0
174,216,4,-1.0
174,217,4,-1.0
174,218,4,-1.0
174,219,4,-1.0
174,220,4,-1.0
174,221,4,-1.0
174,222,4,-1.0
174,223,4,-1.0
174,224,4,-1.0
174,225,4,-1.0
174,226,4,-1.0
174,227,4,-1.0
174,228,4,-1.0
174,229,4,-1.0
174,230,4,-1.0
174,231,4,-1.0
174,232,4,-1.0
174,233,4,-1.0
174,234,4,-1.0
174,235,4,-1.0
174,236,4,-1.0
174,237,4,-1.0
174,238,4,-1.0
174,239,4,-1.0
174,240,4,-1.0
174,241,4,-1.0
174,242,4,-1.0
174,243,4,-1.0
174,244,4,-1.0
174,245,4,-1.0
174,246,4,-1.0
174,247,4,-1.0
174,248,4,-1.0
174,249,4,-1.0
174,250,4,-1.0
175,0,3,183.39147
175,1,3,183.3992
175,2,3,183.42238
175,3,3,183.46103
175,4,3,183.51518
175,5,3,183.58487
175,6,3,183.67016
175,7,3,183.77098
175,8,3,183.88741
175,9,3,184.01963
175,10,3,184.16775
175,11,3,184.33186
175,12,3,184.51175
175,13,3,184.70785
175,14,3,184.92033
175,15,3,185.14899
175,16,3,185.39423
175,17,3,185.65624
175,18,3,185.93487
175,19,3,186.23079
175,20,3,186.54356
175,21,3,186.87405
175,22,3,187.2218
175,23,3,187.58764
175,24,3,187.97137
175,25,3,188.37345
175,26,3,188.79428
175,27,3,189.23366
175,28,3,189.69232
175,29,3,190.17053
175,30,3,190.66845
175,31,3,191.1864
175,32,3,191.72489
175,33,3,192.28428
175,34,3,192.86494
175,35,3,193.4673
175,36,3,194.09176
175,37,3,194.73879
175,38,3,195.40886
175,39,3,196.10248
175,40,3,196.8202
175,41,3,197.56257
175,42,3,198.3302
175,43,3,199.12372
175,44,3,199.94379
175,45,3,200.791
175,46,3,201.66597
175,47,3,202.56968
175,48,3,203.50291
175,49,3,204.46611
175,50,3,205.46063
175,51,3,206.48702
175,52,3,207.54646
175,53,3,208.63978
175,54,3,209.76826
175,55,3,210.93264
175,56,3,212.13448
175,57,3,213.37486
175,58,3,214.65489
175,59,3,215.97619
175,60,3,217.34016
175,61,3,218.7483
175,62,3,220.2022
175,63,3,221.70355
175,64,3,223.25414
175,65,3,224.85589
175,66,3,226.51082
175,67,3,228.22112
175,68,3,229.9891
175,69,3,231.81704
175,70,3,233.70744
175,71,3,235.66335
175,72,3,237.68723
175,73,3,239.78263
175,74,3,241.95237
175,75,3,244.2004
175,76,3,246.53033
175,77,3,248.94598
175,78,3,251.4519
175,79,3,254.0527
175,80,3,256.75331
175,81,3,259.55911
175,82,3,262.47588
175,83,3,265.50964
175,84,3,268.6672
175,85,3,271.95608
175,86,3,275.38355
175,87,3,278.95876
175,88,3,282.69059
175,89,3,286.58918
175,90,3,290.66566
175,91,3,294.93204
175,92,3,299.40153
175,93,3,304.08863
175,94,3,309.00898
175,95,3,314.18074
175,96,3,319.62273
175,97,3,325.35701
175,98,3,331.40743
175,99,3,337.80068
175,100,3,344.56677
175,101,3,351.73948
175,102,3,359.35633
175,103,3,367.46067
175,104,3,376.10081
175,105,3,385.33238
175,106,3,395.21876
175,107,3,405.83356
175,108,3,417.26138
175,109,3,429.60098
175,110,2,442.96777
175,111,2,457.49816
175,112,2,473.35393
175,113,2,490.7289
175,114,2,509.8567
175,115,2,531.02273
175,116,2,554.57803
175,117,2,580.96039
175,118,2,610.72253
175,119,2,644.57201
175,120,2,683.43162
175,121,2,728.52614
175,122,2,781.51638
175,123,2,844.71738
175,124,2,921.4488
175,125,2,1016.6546
175,126,2,1138.0288
175,127,2,1298.2424
175,128,2,1519.7449
175,129,2,1846.4564
175,130,2,2378.6666
175,131,2,3407.8586
175,132,2,6241.2572
175,133,2,49257.056
175,134,1,-1.0
175,135,1,-1.0
175,136,1,-1.0
175,137,1,-1.0
175,138,1,-1.0
175,139,1,-1.0
175,140,1,-1.0
175,141,1,-1.0
175,142,1,-1.0
175,143,1,-1.0
175,144,1,-1.0
175,145,1,-1.0
175,146,1,-1.0
175,147,1,-1.0
175,148,1,-1.0
175,149,1,-1.0
175,150,1,-1.0
175,151,1,-1.0
175,152,1,-1.0
175,153,1,-1.0
175,154,1,-1.0
175,155,1,-1.0
175,156,1,-1.0
175,157,1,-1.0
175,158,1,-1.0
175,159,1,-1.0
175,160,1,-1.0
175,161,1,-1.0
175,162,1,-1.0
175,163,1,-1.0
175,164,1,-1.0
175,165,1,-1.0
175,166,1,-1.0
175,167,1,-1.0
175,168,1,-1.0
175,169,1,-1.0
175,170,1,-1.0
175,171,1,-1.0
175,172,1,-1.0
175,173,1,-1.0
175,174,1,-1.0
175,175,4,-1.0
175,176,4,-1.0
175,177,4,-1.0
175,178,4,-1.0
175,179,4,-1.0
175,180,4,-1.0
175,181,4,-1.0
175,182,4,-1.0
175,183,4,-1.0
175,184,4,-1.0
175,185,4,-1.0
175,186,4,-1.0
175,187,4,-1.0
175,188,4,-1.0
175,189,4,-1.0
175,190,4,-1.0
175,191,4,-1.0
175,192,4,-1.0
175,193,4,-1.0
175,194,4,-1.0
175,195,4,-1.0
175,196,4,-1.0
175,197,4,-1.0
175,198,4,-1.0
175,199,4,-1.0
175,200,4,-1.0
175,201,4,-1.0
175,202,4,-1.0
175,203,4,-1.0
175,204,4,-1.0
175,205,4,-1.0
175,206,4,-1.0
175,207,4,-1.0
175,208,4,-1.0
175,209,4,-1.0
175,210,4,-1.0
175,211,4,-1.0
175,212,4,-1.0
175,213,4,-1.0
175,214,4,-1.0
175,215,4,-1.0
175,216,4,-1.0
175,217,4,-1.0
175,218,4,-1.0
175,219,4,-1.0
175,220,4,-1.0
175,221,4,-1.0
175,222,4,-1.0
175,223,4,-1.0
175,224,4,-1.0
175,225,4,-1.0
175,226,4,-1.0
175,227,4,-1.0
175,228,4,-1.0
175,229,4,-1.0
175,230,4,-1.0
175,231,4,-1.0
175,232,4,-1.0
175,233,4,-1.0
175,234,4,-1.0
175,235,4,-1.0
175,236,4,-1.0
175,237,4,-1.0
175,238,4,-1.0
175,239,4,-1.0
175,240,4,-1.0
175,241,4,-1.0
175,242,4,-1.0
175,243,4,-1.0
175,244,4,-1.0
175,245,4,-1.0
175,246,4,-1.0
175,247,4,-1.0
175,248,4,-1.0
175,249,4,-1.0
175,250,4,-1.0
176,0,3,177.35186
176,1,3,177.35901
176,2,3,177.38047
176,3,3,177.41624
176,4,3,177.46637
176,5,3,177.53088
176,6,3,177.60982
176,7,3,177.70322
176,8,3,177.81097
176,9,3,177.93333
176,10,3,178.07038
176,11,3,178.22223
176,12,3,178.38876
176,13,3,178.57016
176,14,3,178.76671
176,15,3,178.97831
176,16,3,179.20509
176,17,3,179.44746
176,18,3,179.70509
176,19,3,179.97861
176,20,3,180.26783
176,21,3,180.57321
176,22,3,180.89466
176,23,3,181.23272
176,24,3,181.58714
176,25,3,181.95861
176,26,3,182.34706
176,27,3,182.75279
176,28,3,183.17623
176,29,3,183.61749
176,30,3,184.07677
176,31,3,184.55457
176,32,3,185.05118
176,33,3,185.56693
176,34,3,186.10209
176,35,3,186.65698
176,36,3,187.2321
176,37,3,187.82784
176,38,3,188.44462
176,39,3,189.0829
176,40,3,189.74313
176,41,3,190.42581
176,42,3,191.13143
176,43,3,191.86042
176,44,3,192.61348
176,45,3,193.39123
176,46,3,194.19431
176,47,3,195.02323
176,48,3,195.87865
176,49,3,196.76152
176,50,3,197.67235
176,51,3,198.612
176,52,3,199.58143
176,53,3,200.58124
176,54,3,201.61262
176,55,3,202.67635
176,56,3,203.77344
176,57,3,204.90516
176,58,3,206.07233
176,59,3,207.27624
176,60,3,208.51822
176,61,3,209.79954
176,62,3,211.12156
176,63,3,212.4857
176,64,3,213.89349
176,65,3,215.34656
176,66,3,216.84662
176,67,3,218.39552
176,68,3,219.99519
176,69,3,221.64774
176,70,3,223.35519
176,71,3,225.11977
176,72,3,226.94424
176,73,3,228.83076
176,74,3,230.78255
176,75,3,232.80203
176,76,3,234.8928
176,77,3,237.05808
176,78,3,239.30117
176,79,3,241.62616
176,80,3,244.03711
176,81,3,246.53841
176,82,3,249.13478
176,83,3,251.83132
176,84,3,254.63323
176,85,3,257.54664
176,86,3,260.57805
176,87,3,263.73382
176,88,3,267.02191
176,89,3,270.45016
176,90,3,274.02721
176,91,3,277.76279
176,92,3,281.6673
176,93,3,285.75213
176,94,3,290.02966
176,95,3,294.51344
176,96,3,299.21898
176,97,3,304.1622
176,98,3,309.36198
176,99,3,314.83851
176,100,3,320.61431
176,101,3,326.71462
176,102,3,333.16778
176,103,3,340.00504
176,104,3,347.26252
176,105,3,354.98006
176,106,3,363.20355
176,107,3,371.98485
176,108,3,381.38384
176,109,3,391.46911
176,110,3,402.32
176,111,3,414.0286
176,112,3,426.70305
176,113,2,440.47069
176,114,2,455.48234
176,115,2,471.9182
176,116,2,489.99613
176,117,2,509.98125
176,118,2,532.19923
176,119,2,557.05566
176,120,2,585.06158
176,121,2,616.87062
176,122,2,653.33258
176,123,2,695.57189
176,124,2,745.11199
176,125,2,804.06458
176,126,2,875.45096
176,127,2,963.74533
176,128,2,1075.8708
176,129,2,1223.1429
176,130,2,1425.4164
176,131,2,1722.2577
176,132,2,2203.3768
176,133,2,3117.4784
176,134,2,5526.7062
176,135,2,29549.353
176,136,1,-1.0
176,137,1,-1.0
176,138,1,-1.0
176,139,1,-1.0
176,140,1,-1.0
176,141,1,-1.0
176,142,1,-1.0
176,143,1,-1.0
176,144,1,-1.0
176,145,1,-1.0
176,146,1,-1.0
176,147,1,-1.0
176,148,1,-1.0
176,149,1,-1.0
176,150,1,-1.0
176,151,1,-1.0
176,152,1,-1.0
176,153,1,-1.0
176,154,1,-1.0
176,155,1,-1.0
176,156,1,-1.0
176,157,1,-1.0
176,158,1,-1.0
176,159,1,-1.0
176,160,1,-1.0
176,161,1,-1.0
176,162,1,-1.0
176,163,1,-1.0
176,164,1,-1.0
176,165,1,-1.0
176,166,1,-1.0
176,167,1,-1.0
176,168,1,-1.0
176,169,1,-1.0
176,170,1,-1.0
176,171,1,-1.0
176,172,1,-1.0
176,173,1,-1.0
176,174,1,-1.0
176,175,4,-1.0
176,176,4,-1.0
176,177,4,-1.0
176,178,4,-1.0
176,179,4,-1.0
176,180,4,-1.0
176,181,4,-1.0
176,182,4,-1.0
176,183,4,-1.0
176,184,4,-1.0
176,185,4,-1.0
176,186,4,-1.0
176,187,4,-1.0
176,188,4,-1.0
176,189,4,-1.0
176,190,4,-1.0
176,191,4,-1.0
176,192,4,-1.0
176,193,4,-1.0
176,194,4,-1.0
176,195,4,-1.0
176,196,4,-1.0
176,197,4,-1.0
176,198,4,-1.0
176,199,4,-1.0
176,200,4,-1.0
176,201,4,-1.0
176,202,4,-1.0
176,203,4,-1.0
176,204,4,-1.0
176,205,4,-1.0
176,206,4,-1.0
176,207,4,-1.0
176,208,4,-1.0
176,209,4,-1.0
176,210,4,-1.0
176,211,4,-1.0
176,212,4,-1.0
176,213,4,-1.0
176,214,4,-1.0
176,215,4,-1.0
176,216,4,-1.0
176,217,4,-1.0
176,218,4,-1.0
176,219,4,-1.0
176,220,4,-1.0
176,221,4,-1.0
176,222,4,-1.0
176,223,4,-1.0
176,224,4,-1.0
176,225,4,-1.0
176,226,4,-1.0
176,227,4,-1.0
176,228,4,-1.0
176,229,4,-1.0
176,230,4,-1.0
176,231,4,-1.0
176,232,4,-1.0
176,233,4,-1.0
176,234,4,-1.0
176,235,4,-1.0
176,236,4,-1.0
176,237,4,-1.0
176,238,4,-1.0
176,239,4,-1.0
176,240,4,-1.0
176,241,4,-1.0
176,242,4,-1.0
176,243,4,-1.0
176,244,4,-1.0
176,245,4,-1.0
176,246,4,-1.0
176,247,4,-1.0
176,248,4,-1.0
176,249,4,-1.0
176,250,4,-1.0
177,0,3,171.55683
177,1,3,171.56345
177,2,3,171.58331
177,3,3,171.61643
177,4,3,171.66283
177,5,3,171.72255
177,6,3,171.79562
177,7,3,171.8821
177,8,3,171.98197
177,9,3,172.09521
177,10,3,172.22204
177,11,3,172.36256
177,12,3,172.51682
177,13,3,172.68465
177,14,3,172.86647
177,15,3,173.06239
177,16,3,173.27213
177,17,3,173.49626
177,18,3,173.73468
177,19,3,173.98754
177,20,3,174.25511
177,21,3,174.53733
177,22,3,174.83461
177,23,3,175.14691
177,24,3,175.47454
177,25,3,175.81777
177,26,3,176.17651
177,27,3,176.55133
177,28,3,176.9423
177,29,3,177.34953
177,30,3,177.77351
177,31,3,178.21447
177,32,3,178.67259
177,33,3,179.1481
177,34,3,179.64145
177,35,3,180.15296
177,36,3,180.68294
177,37,3,181.23176
177,38,3,181.79977
177,39,3,182.38736
177,40,3,182.99494
177,41,3,183.62295
177,42,3,184.27184
177,43,3,184.9421
177,44,3,185.63423
177,45,3,186.34874
177,46,3,187.08597
177,47,3,187.84673
177,48,3,188.63166
177,49,3,189.4412
177,50,3,190.276
177,51,3,191.13702
177,52,3,192.02452
177,53,3,192.93972
177,54,3,193.88302
177,55,3,194.85565
177,56,3,195.85799
177,57,3,196.89142
177,58,3,197.9567
177,59,3,199.05471
177,60,3,200.18675
177,61,3,201.3539
177,62,3,202.5573
177,63,3,203.79814
177,64,3,205.07773
177,65,3,206.39753
177,66,3,207.75899
177,67,3,209.16358
177,68,3,210.61295
177,69,3,212.10889
177,70,3,213.65327
177,71,3,215.24806
177,72,3,216.89495
177,73,3,218.59657
177,74,3,220.35495
177,75,3,222.17275
177,76,3,224.05234
177,77,3,225.99681
177,78,3,228.00892
177,79,3,230.09179
177,80,3,232.24896
177,81,3,234.48403
177,82,3,236.80085
177,83,3,239.20361
177,84,3,241.69679
177,85,3,244.28504
177,86,3,246.97357
177,87,3,249.76822
177,88,3,252.67448
177,89,3,255.69938
177,90,3,258.84956
177,91,3,262.13275
177,92,3,265.5573
177,93,3,269.13218
177,94,3,272.86722
177,95,3,276.77324
177,96,3,280.86158
177,97,3,285.14564
177,98,3,289.63921
177,99,3,294.3582
177,100,3,299.31973
177,101,3,304.54285
177,102,3,310.04881
177,103,3,315.86141
177,104,3,322.00712
177,105,3,328.51547
177,106,3,335.41987
177,107,3,342.75819
177,108,3,350.57324
177,109,3,358.91343
177,110,3,367.83502
177,111,3,377.40159
177,112,3,387.68761
177,113,3,398.77894
177,114,3,410.77632
177,115,3,423.79815
177,116,3,437.98491
177,117,2,453.50427
177,118,2,470.55778
177,119,2,489.39129
177,120,2,510.30623
177,121,2,533.67699
177,122,2,559.97496
177,123,2,589.80119
177,124,2,623.93604
177,125,2,663.40912
177,126,2,709.61111
177,127,2,764.46315
177,128,2,830.70209
177,129,2,912.3615
177,130,2,1015.6451
177,131,2,1150.6203
177,132,2,1335.9064
177,133,2,1607.4114
177,134,2,2043.4958
177,135,2,2858.7476
177,136,2,4927.5825
177,137,2,20749.481
177,138,1,-1.0
177,139,1,-1.0
177,140,1,-1.0
177,141,1,-1.0
177,142,1,-1.0
177,143,1,-1.0
177,144,1,-1.0
177,145,1,-1.0
177,146,1,-1.0
177,147,1,-1.0
177,148,1,-1.0
177,149,1,-1.0
177,150,1,-1.0
177,151,1,-1.0
177,152,1,-1.0
177,153,1,-1.0
177,154,1,-1.0
177,155,1,-1.0
177,156,1,-1.0
177,157,1,-1.0
177,158,1,-1.0
177,159,1,-1.0
177,160,1,-1.0
177,161,1,-1.0
177,162,1,-1.0
177,163,1,-1.0
177,164,1,-1.0
177,165,1,-1.0
177,166,1,-1.0
177,167,1,-1.0
177,168,1,-1.0
177,169,1,-1.0
177,170,1,-1.0
177,171,1,-1.0
177,172,1,-1.0
177,173,1,-1.0
177,174,1,-1.0
177,175,1,-1.0
177,176,4,-1.0
177,177,4,-1.0
177,178,4,-1.0
177,179,4,-1.0
177,180,4,-1.0
177,181,4,-1.0
177,182,4,-1.0
177,183,4,-1.0
177,184,4,-1.0
177,185,4,-1.0
177,186,4,-1.0
177,187,4,-1.0
177,188,4,-1.0
177,189,4,-1.0
177,190,4,-1.0
177,191,4,-1.0
177,192,4,-1.0
177,193,4,-1.0
177,194,4,-1.0
177,195,4,-1.0
177,196,4,-1.0
177,197,4,-1.0
177,198,4,-1.0
177,199,4,-1.0
177,200,4,-1.0
177,201,4,-1.0
177,202,4,-1.0
177,203,4,-1.0
177,204,4,-1.0
177,205,4,-1.0
177,206,4,-1.0
177,207,4,-1.0
177,208,4,-1.0
177,209,4,-1.0
177,210,4,-1.0
177,211,4,-1.0
177,212,4,-1.0
177,213,4,-1.0
177,214,4,-1.0
177,215,4,-1.0
177,216,4,-1.0
177,217,4,-1.0
177,218,4,-1.0
177,219,4,-1.0
177,220,4,-1.0
177,221,4,-1.0
177,222,4,-1.0
177,223,4,-1.0
177,224,4,-1.0
177,225,4,-1.0
177,226,4,-1.0
177,227,4,-1.0
177,228,4,-1.0
177,229,4,-1.0
177,230,4,-1.0
177,231,4,-1.0
177,232,4,-1.0
177,233,4,-1.0
177,234,4,-1.0
177,235,4,-1.0
177,236,4,-1.0
177,237,4,-1.0
177,238,4,-1.0
177,239,4,-1.0
177,240,4,-1.0
177,241,4,-1.0
177,242,4,-1.0
177,243,4,-1.0
177,244,4,-1.0
177,245,4,-1.0
177,246,4,-1.0
177,247,4,-1.0
177,248,4,-1.0
177,249,4,-1.0
177,250,4,-1.0
178,0,3,165.99425
178,1,3,166.00038
178,2,3,166.01877
178,3,3,166.04943
178,4,3,166.09239
178,5,3,166.14767
178,6,3,166.21532
178,7,3,166.29538
178,8,3,166.3879
178,9,3,166.49285
178,10,3,166.61023
178,11,3,166.74028
178,12,3,166.88307
178,13,3,167.03855
178,14,3,167.20676
178,15,3,167.38803
178,16,3,167.58227
178,17,3,167.78955
178,18,3,168.01028
178,19,3,168.24409
178,20,3,168.49161
178,21,3,168.75259
178,22,3,169.02752
178,23,3,169.31619
178,24,3,169.61918
178,25,3,169.93619
178,26,3,170.2678
178,27,3,170.61409
178,28,3,170.97508
178,29,3,171.35125
178,30,3,171.7428
178,31,3,172.14966
178,32,3,172.57235
178,33,3,173.01113
178,34,3,173.46625
178,35,3,173.93798
178,36,3,174.42657
178,37,3,174.9323
178,38,3,175.45559
178,39,3,175.99677
178,40,3,176.5562
178,41,3,177.13426
178,42,3,177.73136
178,43,3,178.34778
178,44,3,178.98405
178,45,3,179.64065
178,46,3,180.31807
178,47,3,181.01683
178,48,3,181.73731
178,49,3,182.48005
178,50,3,183.24583
178,51,3,184.03506
178,52,3,184.84836
178,53,3,185.6866
178,54,3,186.55008
178,55,3,187.43996
178,56,3,188.35658
178,57,3,189.30105
178,58,3,190.27413
178,59,3,191.27647
178,60,3,192.30927
178,61,3,193.37345
178,62,3,194.46993
178,63,3,195.59971
178,64,3,196.76404
178,65,3,197.9641
178,66,3,199.20112
178,67,3,200.47643
178,68,3,201.79142
178,69,3,203.14757
178,70,3,204.54623
178,71,3,205.98925
178,72,3,207.47844
178,73,3,209.01546
178,74,3,210.60225
178,75,3,212.2411
178,76,3,213.93387
178,77,3,215.68317
178,78,3,217.49147
178,79,3,219.3611
178,80,3,221.29518
178,81,3,223.29665
178,82,3,225.36869
178,83,3,227.51472
178,84,3,229.73842
178,85,3,232.04374
178,86,3,234.43496
178,87,3,236.91631
178,88,3,239.493
178,89,3,242.17015
178,90,3,244.9535
178,91,3,247.84896
178,92,3,250.8634
178,93,3,254.00392
178,94,3,257.27828
178,95,3,260.69499
178,96,3,264.26333
178,97,3,267.99344
178,98,3,271.89605
178,99,3,275.98373
178,100,3,280.2695
178,101,3,284.76804
178,102,3,289.49567
178,103,3,294.47036
178,104,3,299.71179
178,105,3,305.24236
178,106,3,311.08681
178,107,3,317.27299
178,108,3,323.83201
178,109,3,330.79915
178,110,3,338.21454
178,111,3,346.12351
178,112,3,354.57826
178,113,3,363.63834
178,114,3,373.37277
178,115,3,383.86198
178,116,3,395.19892
178,117,3,407.49405
178,118,3,420.87729
178,119,3,435.50417
178,120,2,451.56129
178,121,2,469.27551
178,122,2,488.92494
178,123,2,510.8545
178,124,2,535.49715
178,125,2,563.40476
178,126,2,595.29035
178,127,2,632.09484
178,128,2,675.08185
178,129,2,725.99404
178,130,2,787.30184
178,131,2,862.62741
178,132,2,957.52661
178,133,2,1081.84
178,134,2,1252.4537
178,135,2,1501.1175
178,136,2,1897.2132
178,137,2,2626.9823
178,138,2,4418.5187
178,139,2,15769.285
178,140,1,-1.0
178,141,1,-1.0
178,142,1,-1.0
178,143,1,-1.0
178,144,1,-1.0
178,145,1,-1.0
178,146,1,-1.0
178,147,1,-1.0
178,148,1,-1.0
178,149,1,-1.0
178,150,1,-1.0
178,151,1,-1.0
178,152,1,-1.0
178,153,1,-1.0
178,154,1,-1.0
178,155,1,-1.0
178,156,1,-1.0
178,157,1,-1.0
178,158,1,-1.0
178,159,1,-1.0
178,160,1,-1.0
178,161,1,-1.0
178,162,1,-1.0
178,163,1,-1.0
178,164,1,-1.0
178,165,1,-1.0
178,166,1,-1.0
178,167,1,-1.0
178,168,1,-1.0
178,169,1,-1.0
178,170,1,-1.0
178,171,1,-1.0
178,172,1,-1.0
178,173,1,-1.0
178,174,1,-1.0
178,175,1,-1.0
178,176,1,-1.0
178,177,4,-1.0
178,178,4,-1.0
178,179,4,-1.0
178,180,4,-1.0
178,181,4,-1.0
178,182,4,-1.0
178,183,4,-1.0
178,184,4,-1.0
178,185,4,-1.0
178,186,4,-1.0
178,187,4,-1.0
178,188,4,-1.0
178,189,4,-1.0
178,190,4,-1.0
178,191,4,-1.0
178,192,4,-1.0
178,193,4,-1.0
178,194,4,-1.0
178,195,4,-1.0
178,196,4,-1.0
178,197,4,-1.0
178,198,4,-1.0
178,199,4,-1.0
178,200,4,-1.0
178,201,4,-1.0
178,202,4,-1.0
178,203,4,-1.0
178,204,4,-1.0
178,205,4,-1.0
178,206,4,-1.0
178,207,4,-1.0
178,208,4,-1.0
178,209,4,-1.0
178,210,4,-1.0
178,211,4,-1.0
178,212,4,-1.0
178,213,4,-1.0
178,214,4,-1.0
178,215,4,-1.0
178,216,4,-1.0
178,217,4,-1.0
178,218,4,-1.0
178,219,4,-1.0
178,220,4,-1.0
178,221,4,-1.0
178,222,4,-1.0
178,223,4,-1.0
178,224,4,-1.0
178,225,4,-1.0
178,226,4,-1.0
178,227,4,-1.0
178,228,4,-1.0
178,229,4,-1.0
178,230,4,-1.0
178,231,4,-1.0
178,232,4,-1.0
178,233,4,-1.0
178,234,4,-1.0
178,235,4,-1.0
178,236,4,-1.0
178,237,4,-1.0
178,238,4,-1.0
178,239,4,-1.0
178,240,4,-1.0
178,241,4,-1.0
178,242,4,-1.0
178,243,4,-1.0
178,244,4,-1.0
178,245,4,-1.0
178,246,4,-1.0
178,247,4,-1.0
178,248,4,-1.0
178,249,4,-1.0
178,250,4,-1.0
179,0,3,160.6526
179,1,3,160.65829
179,2,3,160.67536
179,3,3,160.70381
179,4,3,160.74358
179,5,3,160.79476
179,6,3,160.85739
179,7,3,160.9315
179,8,3,161.01714
179,9,3,161.11439
179,10,3,161.22322
179,11,3,161.34357
179,12,3,161.47571
179,13,3,161.61973
179,14,3,161.77552
179,15,3,161.94322
179,16,3,162.12309
179,17,3,162.31493
179,18,3,162.51906
179,19,3,162.73559
179,20,3,162.96443
179,21,3,163.20603
179,22,3,163.46012
179,23,3,163.72724
179,24,3,164.00721
179,25,3,164.30039
179,26,3,164.60693
179,27,3,164.9268
179,28,3,165.26047
179,29,3,165.60795
179,30,3,165.96938
179,31,3,166.34516
179,32,3,166.73547
179,33,3,167.14043
179,34,3,167.56025
179,35,3,167.99531
179,36,3,168.44585
179,37,3,168.91215
179,38,3,169.39448
179,39,3,169.89313
179,40,3,170.40843
179,41,3,170.94069
179,42,3,171.49028
179,43,3,172.05756
179,44,3,172.64292
179,45,3,173.24676
179,46,3,173.86953
179,47,3,174.51147
179,48,3,175.17317
179,49,3,175.85518
179,50,3,176.55802
179,51,3,177.28187
179,52,3,178.02768
179,53,3,178.79582
179,54,3,179.58687
179,55,3,180.4016
179,56,3,181.24047
179,57,3,182.1043
179,58,3,182.99385
179,59,3,183.90962
179,60,3,184.85271
179,61,3,185.8239
179,62,3,186.82376
179,63,3,187.85349
179,64,3,188.91403
179,65,3,190.00637
179,66,3,191.13156
179,67,3,192.29072
179,68,3,193.48505
179,69,3,194.71579
179,70,3,195.98429
179,71,3,197.29196
179,72,3,198.64011
179,73,3,200.03039
179,74,3,201.4646
179,75,3,202.9442
179,76,3,204.47128
179,77,3,206.0476
179,78,3,207.67551
179,79,3,209.35678
179,80,3,211.09413
179,81,3,212.88999
179,82,3,214.74697
179,83,3,216.66788
179,84,3,218.65573
179,85,3,220.71377
179,86,3,222.84548
179,87,3,225.05463
179,88,3,227.34527
179,89,3,229.72131
179,90,3,232.1878
179,91,3,234.74928
179,92,3,237.41143
179,93,3,240.17991
179,94,3,243.06078
179,95,3,246.06097
179,96,3,249.18779
179,97,3,252.44907
179,98,3,255.85369
179,99,3,259.41121
179,100,3,263.13162
179,101,3,267.02663
179,102,3,271.10866
179,103,3,275.39137
179,104,3,279.88994
179,105,3,284.62124
179,106,3,289.604
179,107,3,294.85864
179,108,3,300.40861
179,109,3,306.27981
179,110,3,312.50138
179,111,3,319.10637
179,112,3,326.1316
179,113,3,333.61993
179,114,3,341.61954
179,115,3,350.18597
179,116,3,359.38359
179,117,3,369.28616
179,118,3,379.98091
179,119,3,391.56964
179,120,3,404.17237
179,121,3,417.933
179,122,3,433.02385
179,123,2,449.65354
179,124,2,468.07815
179,125,2,488.61428
179,126,2,511.65863
179,127,2,537.71574
179,128,2,567.43635
179,129,2,601.67566
179,130,2,641.58068
179,131,2,688.72479
179,132,2,745.33041
179,133,2,814.66045
179,134,2,902.36537
179,135,2,1017.3206
179,136,2,1174.5405
179,137,2,1402.5511
179,138,2,1763.0007
179,139,2,2418.3973
179,140,2,3981.1215
179,141,2,12569.053
179,142,1,-1.0
179,143,1,-1.0
179,144,1,-1.0
179,145,1,-1.0
179,146,1,-1.0
179,147,1,-1.0
179,148,1,-1.0
179,149,1,-1.0
179,150,1,-1.0
179,151,1,-1.0
179,152,1,-1.0
179,153,1,-1.0
179,154,1,-1.0
179,155,1,-1.0
179,156,1,-1.0
179,157,1,-1.0
179,158,1,-1.0
179,159,1,-1.0
179,160,1,-1.0
179,161,1,-1.0
179,162,1,-1.0
179,163,1,-1.0
179,164,1,-1.0
179,165,1,-1.0
179,166,1,-1.0
179,167,1,-1.0
179,168,1,-1.0
179,169,1,-1.0
179,170,1,-1.0
179,171,1,-1.0
179,172,1,-1.0
179,173,1,-1.0
179,174,1,-1.0
179,175,1,-1.0
179,176,1,-1.0
179,177,4,-1.0
179,178,4,-1.0
179,179,4,-1.0
179,180,4,-1.0
179,181,4,-1.0
179,182,4,-1.0
179,183,4,-1.0
179,184,4,-1.0
179,185,4,-1.0
179,186,4,-1.0
179,187,4,-1.0
179,188,4,-1.0
179,189,4,-1.0
179,190,4,-1.0
179,191,4,-1.0
179,192,4,-1.0
179,193,4,-1.0
179,194,4,-1.0
179,195,4,-1.0
179,196,4,-1.0
179,197,4,-1.0
179,198,4,-1.0
179,199,4,-1.0
179,200,4,-1.0
179,201,4,-1.0
179,202,4,-1.0
179,203,4,-1.0
179,204,4,-1.0
179,205,4,-1.0
179,206,4,-1.0
179,207,4,-1.0
179,208,4,-1.0
179,209,4,-1.0
179,210,4,-1.0
179,211,4,-1.0
179,212,4,-1.0
179,213,4,-1.0
179,214,4,-1.0
179,215,4,-1.0
179,216,4,-1.0
179,217,4,-1.0
179,218,4,-1.0
179,219,4,-1.0
179,220,4,-1.0
179,221,4,-1.0
179,222,4,-1.0
179,223,4,-1.0
179,224,4,-1.0
179,225,4,-1.0
179,226,4,-1.0
179,227,4,-1.0
179,228,4,-1.0
179,229,4,-1.0
179,230,4,-1.0
179,231,4,-1.0
179,232,4,-1.0
179,233,4,-1.0
179,234,4,-1.0
179,235,4,-1.0
179,236,4,-1.0
179,237,4,-1.0
179,238,4,-1.0
179,239,4,-1.0
179,240,4,-1.0
179,241,4,-1.0
179,242,4,-1.0
179,243,4,-1.0
179,244,4,-1.0
179,245,4,-1.0
179,246,4,-1.0
179,247,4,-1.0
179,248,4,-1.0
179,249,4,-1.0
179,250,4,-1.0
180,0,3,155.52105
180,1,3,155.52631
180,2,3,155.54212
180,3,3,155.56846
180,4,3,155.60538
180,5,3,155.65288
180,6,3,155.71095
180,7,3,155.77956
180,8,3,155.85885
180,9,3,155.94886
180,10,3,156.04967
180,11,3,156.16131
180,12,3,156.28361
180,13,3,156.41689
180,14,3,156.56124
180,15,3,156.71653
180,16,3,156.88292
180,17,3,157.06068
180,18,3,157.24953
180,19,3,157.4499
180,20,3,157.66173
180,21,3,157.88516
180,22,3,158.12033
180,23,3,158.36733
180,24,3,158.6263
180,25,3,158.89744
180,26,3,159.1807
180,27,3,159.47654
180,28,3,159.78481
180,29,3,160.10582
180,30,3,160.43986
180,31,3,160.78692
180,32,3,161.1472
180,33,3,161.52103
180,34,3,161.90862
180,35,3,162.31015
180,36,3,162.72579
180,37,3,163.15578
180,38,3,163.60046
180,39,3,164.06007
180,40,3,164.5349
180,41,3,165.02523
180,42,3,165.53137
180,43,3,166.05363
180,44,3,166.59237
180,45,3,167.14788
180,46,3,167.72047
180,47,3,168.31062
180,48,3,168.91876
180,49,3,169.54532
180,50,3,170.19055
180,51,3,170.85499
180,52,3,171.53929
180,53,3,172.24364
180,54,3,172.96878
180,55,3,173.7152
180,56,3,174.48341
180,57,3,175.27408
180,58,3,176.08782
180,59,3,176.92517
180,60,3,177.78704
180,61,3,178.67393
180,62,3,179.58662
180,63,3,180.52603
180,64,3,181.49294
180,65,3,182.48821
180,66,3,183.51272
180,67,3,184.5674
180,68,3,185.65334
180,69,3,186.77157
180,70,3,187.92318
180,71,3,189.10939
180,72,3,190.3315
180,73,3,191.59084
180,74,3,192.88874
180,75,3,194.22655
180,76,3,195.60615
180,77,3,197.02878
180,78,3,198.49661
180,79,3,200.01103
180,80,3,201.57439
180,81,3,203.18871
180,82,3,204.85592
180,83,3,206.57863
180,84,3,208.35933
180,85,3,210.20066
180,86,3,212.1055
180,87,3,214.07692
180,88,3,216.11804
180,89,3,218.23241
180,90,3,220.424
180,91,3,222.69644
180,92,3,225.0545
180,93,3,227.50235
180,94,3,230.04534
180,95,3,232.68883
180,96,3,235.43865
180,97,3,238.30112
180,98,3,241.28317
180,99,3,244.39237
180,100,3,247.63648
180,101,3,251.02493
180,102,3,254.5669
180,103,3,258.2734
180,104,3,262.15601
180,105,3,266.2276
180,106,3,270.5024
180,107,3,274.99596
180,108,3,279.72581
180,109,3,284.71119
180,110,3,289.97385
180,111,3,295.53792
180,112,3,301.43064
180,113,3,307.68233
180,114,3,314.32804
180,115,3,321.40689
180,116,3,328.96375
180,117,3,337.05034
180,118,3,345.72597
180,119,3,355.05948
180,120,3,365.13101
180,121,3,376.03482
180,122,3,387.88174
180,123,3,400.80402
180,124,3,414.96021
180,125,3,430.54242
180,126,2,447.78526
180,127,2,466.97833
180,128,2,488.48455
180,129,2,512.76366
180,130,2,540.40739
180,131,2,572.19137
180,132,2,609.15216
180,133,2,652.70731
180,134,2,704.8636
180,135,2,769.06841
180,136,2,850.39629
180,137,2,956.73695
180,138,2,1101.7066
180,139,2,1310.995
180,140,2,1639.5591
180,141,2,2229.8984
180,142,2,3601.7239
180,143,2,10342.229
180,144,1,-1.0
180,145,1,-1.0
180,146,1,-1.0
180,147,1,-1.0
180,148,1,-1.0
180,149,1,-1.0
180,150,1,-1.0
180,151,1,-1.0
180,152,1,-1.0
180,153,1,-1.0
180,154,1,-1.0
180,155,1,-1.0
180,156,1,-1.0
180,157,1,-1.0
180,158,1,-1.0
180,159,1,-1.0
180,160,1,-1.0
180,161,1,-1.0
180,162,1,-1.0
180,163,1,-1.0
180,164,1,-1.0
180,165,1,-1.0
180,166,1,-1.0
180,167,1,-1.0
180,168,1,-1.0
180,169,1,-1.0
180,170,1,-1.0
180,171,1,-1.0
180,172,1,-1.0
180,173,1,-1.0
180,174,1,-1.0
180,175,1,-1.0
180,176,1,-1.0
180,177,1,-1.0
180,178,4,-1.0
180,179,4,-1.0
180,180,4,-1.0
180,181,4,-1.0
180,182,4,-1.0
180,183,4,-1.0
180,184,4,-1.0
180,185,4,-1.0
180,186,4,-1.0
180,187,4,-1.0
180,188,4,-1.0
180,189,4,-1.0
180,190,4,-1.0
180,191,4,-1.0
180,192,4,-1.0
180,193,4,-1.0
180,194,4,-1.0
180,195,4,-1.0
180,196,4,-1.0
180,197,4,-1.0
180,198,4,-1.0
180,199,4,-1.0
180,200,4,-1.0
180,201,4,-1.0
180,202,4,-1.0
180,203,4,-1.0
180,204,4,-1.0
180,205,4,-1.0
180,206,4,-1.0
180,207,4,-1.0
180,208,4,-1.0
180,209,4,-1.0
180,210,4,-1.0
180,211,4,-1.0
180,212,4,-1.0
180,213,4,-1.0
180,214,4,-1.0
180,215,4,-1.0
180,216,4,-1.0
180,217,4,-1.0
180,218,4,-1.0
180,219,4,-1.0
180,220,4,-1.0
180,221,4,-1.0
180,222,4,-1.0
180,223,4,-1.0
180,224,4,-1.0
180,225,4,-1.0
180,226,4,-1.0
180,227,4,-1.0
180,228,4,-1.0
180,229,4,-1.0
180,230,4,-1.0
180,231,4,-1.0
180,232,4,-1.0
180,233,4,-1.0
180,234,4,-1.0
180,235,4,-1.0
180,236,4,-1.0
180,237,4,-1.0
180,238,4,-1.0
180,239,4,-1.0
180,240,4,-1.0
180,241,4,-1.0
180,242,4,-1.0
180,243,4,-1.0
180,244,4,-1.0
180,245,4,-1.0
180,246,4,-1.0
180,247,4,-1.0
180,248,4,-1.0
180,249,4,-1.0
180,250,4,-1.0
181,0,3,150.5896
181,1,3,150.59448
181,2,3,150.60911
181,3,3,150.63351
181,4,3,150.66768
181,5,3,150.71166
181,6,3,150.76547
181,7,3,150.82915
181,8,3,150.90269
181,9,3,150.98602
181,10,3,151.07933
181,11,3,151.18268
181,12,3,151.29614
181,13,3,151.41955
181,14,3,151.55312
181,15,3,151.69702
181,16,3,151.85112
181,17,3,152.01555
181,18,3,152.19059
181,19,3,152.37591
181,20,3,152.57203
181,21,3,152.77876
181,22,3,152.99639
181,23,3,153.22487
181,24,3,153.46448
181,25,3,153.71513
181,26,3,153.97726
181,27,3,154.25059
181,28,3,154.5356
181,29,3,154.83241
181,30,3,155.1409
181,31,3,155.46152
181,32,3,155.79443
181,33,3,156.13964
181,34,3,156.49738
181,35,3,156.86792
181,36,3,157.25147
181,37,3,157.64823
181,38,3,158.05841
181,39,3,158.48224
181,40,3,158.91995
181,41,3,159.37181
181,42,3,159.83806
181,43,3,160.31901
181,44,3,160.81494
181,45,3,161.32616
181,46,3,161.85301
181,47,3,162.39583
181,48,3,162.95499
181,49,3,163.5308
181,50,3,164.12351
181,51,3,164.73373
181,52,3,165.36191
181,53,3,166.00814
181,54,3,166.67322
181,55,3,167.3575
181,56,3,168.06142
181,57,3,168.78561
181,58,3,169.53049
181,59,3,170.29668
181,60,3,171.08489
181,61,3,171.89542
181,62,3,172.72923
181,63,3,173.58696
181,64,3,174.46916
181,65,3,175.37664
181,66,3,176.31025
181,67,3,177.2708
181,68,3,178.25915
181,69,3,179.2762
181,70,3,180.32291
181,71,3,181.40031
181,72,3,182.50948
181,73,3,183.6515
181,74,3,184.82742
181,75,3,186.0387
181,76,3,187.28671
181,77,3,188.57244
181,78,3,189.89786
181,79,3,191.26409
181,80,3,192.67317
181,81,3,194.12649
181,82,3,195.62608
181,83,3,197.17394
181,84,3,198.77211
181,85,3,200.42279
181,86,3,202.12831
181,87,3,203.89122
181,88,3,205.71419
181,89,3,207.60017
181,90,3,209.55226
181,91,3,211.57348
181,92,3,213.66766
181,93,3,215.83836
181,94,3,218.08987
181,95,3,220.42627
181,96,3,222.85242
181,97,3,225.37342
181,98,3,227.99477
181,99,3,230.72242
181,100,3,233.56264
181,101,3,236.52259
181,102,3,239.60996
181,103,3,242.83292
181,104,3,246.20054
181,105,3,249.72287
181,106,3,253.41078
181,107,3,257.27633
181,108,3,261.3326
181,109,3,265.59432
181,110,3,270.07766
181,111,3,274.80074
181,112,3,279.78358
181,113,3,285.0487
181,114,3,290.62138
181,115,3,296.52986
181,116,3,302.80642
181,117,3,309.48761
181,118,3,316.61497
181,119,3,324.23609
181,120,3,332.40595
181,121,3,341.18817
181,122,3,350.65658
181,123,3,360.89804
181,124,3,372.01446
181,125,3,384.12742
181,126,3,397.38267
181,127,3,411.95583
181,128,3,428.06172
181,129,3,445.96468
181,130,2,465.99509
181,131,2,488.57119
181,132,2,514.22978
181,133,2,543.67165
181,134,2,577.83108
181,135,2,617.98664
181,136,2,666.33167
181,137,2,725.97695
181,138,2,801.39902
181,139,2,899.79852
181,140,2,1033.544
181,141,2,1225.8221
181,142,2,1525.7748
181,143,2,2058.9301
181,144,2,3269.9554
181,145,2,8705.8325
181,146,1,-1.0
181,147,1,-1.0
181,148,1,-1.0
181,149,1,-1.0
181,150,1,-1.0
181,151,1,-1.0
181,152,1,-1.0
181,153,1,-1.0
181,154,1,-1.0
181,155,1,-1.0
181,156,1,-1.0
181,157,1,-1.0
181,158,1,-1.0
181,159,1,-1.0
181,160,1,-1.0
181,161,1,-1.0
181,162,1,-1.0
181,163,1,-1.0
181,164,1,-1.0
181,165,1,-1.0
181,166,1,-1.0
181,167,1,-1.0
181,168,1,-1.0
181,169,1,-1.0
181,170,1,-1.0
181,171,1,-1.0
181,172,1,-1.0
181,173,1,-1.0
181,174,1,-1.0
181,175,1,-1.0
181,176,1,-1.0
181,177,1,-1.0
181,178,1,-1.0
181,179,4,-1.0
181,180,4,-1.0
181,181,4,-1.0
181,182,4,-1.0
181,183,4,-1.0
181,184,4,-1.0
181,185,4,-1.0
181,186,4,-1.0
181,187,4,-1.0
181,188,4,-1.0
181,189,4,-1.0
181,190,4,-1.0
181,191,4,-1.0
181,192,4,-1.0
181,193,4,-1.0
181,194,4,-1.0
181,195,4,-1.0
181,196,4,-1.0
181,197,4,-1.0
181,198,4,-1.0
181,199,4,-1.0
181,200,4,-1.0
181,201,4,-1.0
181,202,4,-1.0
181,203,4,-1.0
181,204,4,-1.0
181,205,4,-1.0
181,206,4,-1.0
181,207,4,-1.0
181,208,4,-1.0
181,209,4,-1.0
181,210,4,-1.0
181,211,4,-1.0
181,212,4,-1.0
181,213,4,-1.0
181,214,4,-1.0
181,215,4,-1.0
181,216,4,-1.0
181,217,4,-1.0
181,218,4,-1.0
181,219,4,-1.0
181,220,4,-1.0
181,221,4,-1.0
181,222,4,-1.0
181,223,4,-1.0
181,224,4,-1.0
181,225,4,-1.0
181,226,4,-1.0
181,227,4,-1.0
181,228,4,-1.0
181,229,4,-1.0
181,230,4,-1.0
181,231,4,-1.0
181,232,4,-1.0
181,233,4,-1.0
181,234,4,-1.0
181,235,4,-1.0
181,236,4,-1.0
181,237,4,-1.0
181,238,4,-1.0
181,239,4,-1.0
181,240,4,-1.0
181,241,4,-1.0
181,242,4,-1.0
181,243,4,-1.0
181,244,4,-1.0
181,245,4,-1.0
181,246,4,-1.0
181,247,4,-1.0
181,248,4,-1.0
181,249,4,-1.0
181,250,4,-1.0
182,0,3,145.84866
182,1,3,145.85318
182,2,3,145.86676
182,3,3,145.88935
182,4,3,145.92099
182,5,3,145.96171
182,6,3,146.01153
182,7,3,146.07048
182,8,3,146.1386
182,9,3,146.21593
182,10,3,146.30245
182,11,3,146.3981
182,12,3,146.50311
182,13,3,146.61754
182,14,3,146.74131
182,15,3,146.87445
182,16,3,147.01723
182,17,3,147.16954
182,18,3,147.33144
182,19,3,147.50323
182,20,3,147.6846
182,21,3,147.87606
182,22,3,148.07736
182,23,3,148.28887
182,24,3,148.51043
182,25,3,148.74247
182,26,3,148.98468
182,27,3,149.2376
182,28,3,149.50108
182,29,3,149.77533
182,30,3,150.06061
182,31,3,150.35686
182,32,3,150.6643
182,33,3,150.98318
182,34,3,151.31365
182,35,3,151.65577
182,36,3,152.00974
182,37,3,152.37582
182,38,3,152.7542
182,39,3,153.14509
182,40,3,153.54868
182,41,3,153.96521
182,42,3,154.3949
182,43,3,154.83801
182,44,3,155.29478
182,45,3,155.76549
182,46,3,156.25043
182,47,3,156.74991
182,48,3,157.26423
182,49,3,157.79355
182,50,3,158.33834
182,51,3,158.89901
182,52,3,159.47593
182,53,3,160.06917
182,54,3,160.67948
182,55,3,161.30715
182,56,3,161.9525
182,57,3,162.61623
182,58,3,163.29847
182,59,3,164.00003
182,60,3,164.72121
182,61,3,165.46261
182,62,3,166.22493
182,63,3,167.00847
182,64,3,167.81403
182,65,3,168.64228
182,66,3,169.49388
182,67,3,170.36951
182,68,3,171.26985
182,69,3,172.19573
182,70,3,173.148
182,71,3,174.12751
182,72,3,175.13509
182,73,3,176.17176
182,74,3,177.23855
182,75,3,178.33655
182,76,3,179.46684
182,77,3,180.63042
182,78,3,181.82885
182,79,3,183.06313
182,80,3,184.33492
182,81,3,185.6454
182,82,3,186.99641
182,83,3,188.38942
182,84,3,189.82612
182,85,3,191.30848
182,86,3,192.83845
182,87,3,194.41809
182,88,3,196.04963
182,89,3,197.73545
182,90,3,199.47812
182,91,3,201.28012
182,92,3,203.14452
182,93,3,205.07446
182,94,3,207.073
182,95,3,209.14391
182,96,3,211.29098
182,97,3,213.51814
182,98,3,215.82988
182,99,3,218.23101
182,100,3,220.72662
182,101,3,223.32216
182,102,3,226.02387
182,103,3,228.83819
182,104,3,231.77225
182,105,3,234.8337
182,106,3,238.03116
182,107,3,241.37385
182,108,3,244.87195
182,109,3,248.5367
182,110,3,252.38011
182,111,3,256.41619
182,112,3,260.65985
182,113,3,265.12774
182,114,3,269.83852
182,115,3,274.81316
182,116,3,280.07511
182,117,3,285.65064
182,118,3,291.56935
182,119,3,297.86501
182,120,3,304.57633
182,121,3,311.74697
182,122,3,319.42779
182,123,3,327.67727
182,124,3,336.56329
182,125,3,346.16567
182,126,3,356.57827
182,127,3,367.91218
182,128,3,380.30084
182,129,3,393.90472
182,130,3,408.91975
182,131,3,425.58666
182,132,3,444.20587
182,133,2,465.15612
182,134,2,488.92278
182,135,2,516.13823
182,136,2,547.64184
182,137,2,584.85934
182,138,2,629.82361
182,139,2,685.22731
182,140,2,755.1744
182,141,2,846.24431
182,142,2,969.68966
182,143,2,1146.4812
182,144,2,1420.6877
182,145,2,1903.3611
182,146,2,2977.8007
182,147,2,7454.6596
182,148,1,-1.0
182,149,1,-1.0
182,150,1,-1.0
182,151,1,-1.0
182,152,1,-1.0
182,153,1,-1.0
182,154,1,-1.0
182,155,1,-1.0
182,156,1,-1.0
182,157,1,-1.0
182,158,1,-1.0
182,159,1,-1.0
182,160,1,-1.0
182,161,1,-1.0
182,162,1,-1.0
182,163,1,-1.0
182,164,1,-1.0
182,165,1,-1.0
182,166,1,-1.0
182,167,1,-1.0
182,168,1,-1.0
182,169,1,-1.0
182,170,1,-1.0
182,171,1,-1.0
182,172,1,-1.0
182,173,1,-1.0
182,174,1,-1.0
182,175,1,-1.0
182,176,1,-1.0
182,177,1,-1.0
182,178,1,-1.0
182,179,1,-1.0
182,180,4,-1.0
182,181,4,-1.0
182,182,4,-1.0
182,183,4,-1.0
182,184,4,-1.0
182,185,4,-1.0
182,186,4,-1.0
182,187,4,-1.0
182,188,4,-1.0
182,189,4,-1.0
182,190,4,-1.0
182,191,4,-1.0
182,192,4,-1.0
182,193,4,-1.0
182,194,4,-1.0
182,195,4,-1.0
182,196,4,-1.0
182,197,4,-1.0
182,198,4,-1.0
182,199,4,-1.0
182,200,4,-1.0
182,201,4,-1.0
182,202,4,-1.0
182,203,4,-1.0
182,204,4,-1.0
182,205,4,-1.0
182,206,4,-1.0
182,207,4,-1.0
182,208,4,-1.0
182,209,4,-1.0
182,210,4,-1.0
182,211,4,-1.0
182,212,4,-1.0
182,213,4,-1.0
182,214,4,-1.0
182,215,4,-1.0
182,216,4,-1.0
182,217,4,-1.0
182,218,4,-1.0
182,219,4,-1.0
182,220,4,-1.0
182,221,4,-1.0
182,222,4,-1.0
182,223,4,-1.0
182,224,4,-1.0
182,225,4,-1.0
182,226,4,-1.0
182,227,4,-1.0
182,228,4,-1.0
182,229,4,-1.0
182,230,4,-1.0
182,231,4,-1.0
182,232,4,-1.0
182,233,4,-1.0
182,234,4,-1.0
182,235,4,-1.0
182,236,4,-1.0
182,237,4,-1.0
182,238,4,-1.0
182,239,4,-1.0
182,240,4,-1.0
182,241,4,-1.0
182,242,4,-1.0
182,243,4,-1.0
182,244,4,-1.0
182,245,4,-1.0
182,246,4,-1.0
182,247,4,-1.0
182,248,4,-1.0
182,249,4,-1.0
182,250,4,-1.0
183,0,3,141.28886
183,1,3,141.29305
183,2,3,141.30562
183,3,3,141.32659
183,4,3,141.35597
183,5,3,141.39376
183,6,3,141.44001
183,7,3,141.49461
183,8,3,141.55767
183,9,3,141.62926
183,10,3,141.70941
183,11,3,141.79817
183,12,3,141.89546
183,13,3,142.00135
183,14,3,142.11602
183,15,3,142.23949
183,16,3,142.37158
183,17,3,142.51264
183,18,3,142.66266
183,19,3,142.82154
183,20,3,142.98966
183,21,3,143.16672
183,22,3,143.35316
183,23,3,143.54878
183,24,3,143.75393
183,25,3,143.96842
183,26,3,144.19269
183,27,3,144.42644
183,28,3,144.67014
183,29,3,144.92377
183,30,3,145.18734
183,31,3,145.46119
183,32,3,145.7454
183,33,3,146.03989
183,34,3,146.34505
183,35,3,146.66101
183,36,3,146.98791
183,37,3,147.32584
183,38,3,147.67497
183,39,3,148.03556
183,40,3,148.40779
183,41,3,148.79185
183,42,3,149.18795
183,43,3,149.5963
183,44,3,150.01713
183,45,3,150.45068
183,46,3,150.89719
183,47,3,151.35693
183,48,3,151.8301
183,49,3,152.31697
183,50,3,152.81791
183,51,3,153.33325
183,52,3,153.86331
183,53,3,154.40817
183,54,3,154.96847
183,55,3,155.54453
183,56,3,156.13648
183,57,3,156.74508
183,58,3,157.37034
183,59,3,158.01309
183,60,3,158.67335
183,61,3,159.35199
183,62,3,160.0492
183,63,3,160.7656
183,64,3,161.5018
183,65,3,162.25825
183,66,3,163.03546
183,67,3,163.83419
183,68,3,164.65504
183,69,3,165.49868
183,70,3,166.36579
183,71,3,167.25711
183,72,3,168.17341
183,73,3,169.11551
183,74,3,170.0843
183,75,3,171.08068
183,76,3,172.10552
183,77,3,173.15978
183,78,3,174.24471
183,79,3,175.36124
183,80,3,176.51059
183,81,3,177.69402
183,82,3,178.91283
183,83,3,180.16829
183,84,3,181.46205
183,85,3,182.79559
183,86,3,184.17036
183,87,3,185.58828
183,88,3,187.05118
183,89,3,188.56101
183,90,3,190.11988
183,91,3,191.72986
183,92,3,193.39342
183,93,3,195.1132
183,94,3,196.89171
183,95,3,198.73197
183,96,3,200.63694
183,97,3,202.61011
183,98,3,204.65496
183,99,3,206.77518
183,100,3,208.97505
183,101,3,211.25896
183,102,3,213.63163
183,103,3,216.0984
183,104,3,218.66488
183,105,3,221.33701
183,106,3,224.12154
183,107,3,227.02571
183,108,3,230.05736
183,109,3,233.22509
183,110,3,236.53843
183,111,3,240.00775
183,112,3,243.64437
183,113,3,247.46101
183,114,3,251.47169
183,115,3,255.69188
183,116,3,260.13896
183,117,3,264.83195
183,118,3,269.79281
183,119,3,275.0457
183,120,3,280.61803
183,121,3,286.54111
183,122,3,292.85017
183,123,3,299.58587
183,124,3,306.79473
183,125,3,314.53046
183,126,3,322.8556
183,127,3,331.843
183,128,3,341.57882
183,129,3,352.16452
183,130,3,363.72181
183,131,3,376.39721
183,132,3,390.36858
183,133,3,405.8548
183,134,3,423.12806
183,135,3,442.5305
183,136,2,464.50024
183,137,2,489.60542
183,138,2,518.77263
183,139,2,553.41128
183,140,2,595.21979
183,141,2,646.67477
183,142,2,711.54172
183,143,2,795.83898
183,144,2,909.81881
183,145,2,1072.485
183,146,2,1323.4646
183,147,2,1761.399
183,148,2,2718.9645
183,149,2,6468.846
183,150,1,-1.0
183,151,1,-1.0
183,152,1,-1.0
183,153,1,-1.0
183,154,1,-1.0
183,155,1,-1.0
183,156,1,-1.0
183,157,1,-1.0
183,158,1,-1.0
183,159,1,-1.0
183,160,1,-1.0
183,161,1,-1.0
183,162,1,-1.0
183,163,1,-1.0
183,164,1,-1.0
183,165,1,-1.0
183,166,1,-1.0
183,167,1,-1.0
183,168,1,-1.0
183,169,1,-1.0
183,170,1,-1.0
183,171,1,-1.0
183,172,1,-1.0
183,173,1,-1.0
183,174,1,-1.0
183,175,1,-1.0
183,176,1,-1.0
183,177,1,-1.0
183,178,1,-1.0
183,179,1,-1.0
183,180,4,-1.0
183,181,4,-1.0
183,182,4,-1.0
183,183,4,-1.0
183,184,4,-1.0
183,185,4,-1.0
183,186,4,-1.0
183,187,4,-1.0
183,188,4,-1.0
183,189,4,-1.0
183,190,4,-1.0
183,191,4,-1.0
183,192,4,-1.0
183,193,4,-1.0
183,194,4,-1.0
183,195,4,-1.0
183,196,4,-1.0
183,197,4,-1.0
183,198,4,-1.0
183,199,4,-1.0
183,200,4,-1.0
183,201,4,-1.0
183,202,4,-1.0
183,203,4,-1.0
183,204,4,-1.0
183,205,4,-1.0
183,206,4,-1.0
183,207,4,-1.0
183,208,4,-1.0
183,209,4,-1.0
183,210,4,-1.0
183,211,4,-1.0
183,212,4,-1.0
183,213,4,-1.0
183,214,4,-1.0
183,215,4,-1.0
183,216,4,-1.0
183,217,4,-1.0
183,218,4,-1.0
183,219,4,-1.0
183,220,4,-1.0
183,221,4,-1.0
183,222,4,-1.0
183,223,4,-1.0
183,224,4,-1.0
183,225,4,-1.0
183,226,4,-1.0
183,227,4,-1.0
183,228,4,-1.0
183,229,4,-1.0
183,230,4,-1.0
183,231,4,-1.0
183,232,4,-1.0
183,233,4,-1.0
183,234,4,-1.0
183,235,4,-1.0
183,236,4,-1.0
183,237,4,-1.0
183,238,4,-1.0
183,239,4,-1.0
183,240,4,-1.0
183,241,4,-1.0
183,242,4,-1.0
183,243,4,-1.0
183,244,4,-1.0
183,245,4,-1.0
183,246,4,-1.0
183,247,4,-1.0
183,248,4,-1.0
183,249,4,-1.0
183,250,4,-1.0
184,0,3,136.90201
184,1,3,136.90589
184,2,3,136.91753
184,3,3,136.93694
184,4,3,136.96414
184,5,3,136.99913
184,6,3,137.04194
184,7,3,137.0926
184,8,3,137.15112
184,9,3,137.21753
184,10,3,137.29172
184,11,3,137.37387
184,12,3,137.46404
184,13,3,137.56229
184,14,3,137.66842
184,15,3,137.78269
184,16,3,137.90521
184,17,3,138.03578
184,18,3,138.17464
184,19,3,138.32193
184,20,3,138.47739
184,21,3,138.64147
184,22,3,138.81392
184,23,3,138.99508
184,24,3,139.1848
184,25,3,139.38341
184,26,3,139.59071
184,27,3,139.80712
184,28,3,140.03239
184,29,3,140.26689
184,30,3,140.51072
184,31,3,140.76373
184,32,3,141.02632
184,33,3,141.29859
184,34,3,141.58048
184,35,3,141.87224
184,36,3,142.17405
184,37,3,142.48605
184,38,3,142.80838
184,39,3,143.14118
184,40,3,143.48455
184,41,3,143.83876
184,42,3,144.20397
184,43,3,144.58039
184,44,3,144.9682
184,45,3,145.36762
184,46,3,145.77886
184,47,3,146.20212
184,48,3,146.63759
184,49,3,147.08558
184,50,3,147.54636
184,51,3,148.02021
184,52,3,148.50742
184,53,3,149.00804
184,54,3,149.52264
184,55,3,150.05157
184,56,3,150.5948
184,57,3,151.15304
184,58,3,151.72645
184,59,3,152.31548
184,60,3,152.92047
184,61,3,153.54188
184,62,3,154.18
184,63,3,154.8355
184,64,3,155.50856
184,65,3,156.19982
184,66,3,156.90983
184,67,3,157.63909
184,68,3,158.38798
184,69,3,159.15721
184,70,3,159.94739
184,71,3,160.75916
184,72,3,161.59316
184,73,3,162.45009
184,74,3,163.33069
184,75,3,164.23575
184,76,3,165.16591
184,77,3,166.12216
184,78,3,167.10544
184,79,3,168.11665
184,80,3,169.15661
184,81,3,170.2267
184,82,3,171.32758
184,83,3,172.46084
184,84,3,173.62738
184,85,3,174.82864
184,86,3,176.06604
184,87,3,177.34097
184,88,3,178.65491
184,89,3,180.0095
184,90,3,181.40654
184,91,3,182.84775
184,92,3,184.33514
184,93,3,185.87085
184,94,3,187.45714
184,95,3,189.09611
184,96,3,190.7906
184,97,3,192.54303
184,98,3,194.35652
184,99,3,196.2341
184,100,3,198.17892
184,101,3,200.19474
184,102,3,202.28538
184,103,3,204.45484
184,104,3,206.7077
184,105,3,209.04893
184,106,3,211.48343
184,107,3,214.0172
184,108,3,216.65626
184,109,3,219.40726
184,110,3,222.27764
184,111,3,225.27524
184,112,3,228.40899
184,113,3,231.68857
184,114,3,235.12443
184,115,3,238.72827
184,116,3,242.51313
184,117,3,246.49333
184,118,3,250.68466
184,119,3,255.10525
184,120,3,259.77489
184,121,3,264.71591
184,122,3,269.9537
184,123,3,275.51704
184,124,3,281.43834
184,125,3,287.75474
184,126,3,294.509
184,127,3,301.75055
184,128,3,309.53641
184,129,3,317.93345
184,130,3,327.01988
184,131,3,336.88874
184,132,3,347.65049
184,133,3,359.43835
184,134,3,372.41395
184,135,3,386.77525
184,136,3,402.76816
184,137,3,420.70159
184,138,3,440.96925
184,139,2,464.17178
184,140,2,491.32398
184,141,2,523.54907
184,142,2,562.41035
184,143,2,610.18695
184,144,2,670.33641
184,145,2,748.3695
184,146,2,853.63981
184,147,2,1003.4008
184,148,2,1233.3779
184,149,2,1631.5239
184,150,2,2488.431
184,151,2,5673.6771
184,152,1,-1.0
184,153,1,-1.0
184,154,1,-1.0
184,155,1,-1.0
184,156,1,-1.0
184,157,1,-1.0
184,158,1,-1.0
184,159,1,-1.0
184,160,1,-1.0
184,161,1,-1.0
184,162,1,-1.0
184,163,1,-1.0
184,164,1,-1.0
184,165,1,-1.0
184,166,1,-1.0
184,167,1,-1.0
184,168,1,-1.0
184,169,1,-1.0
184,170,1,-1.0
184,171,1,-1.0
184,172,1,-1.0
184,173,1,-1.0
184,174,1,-1.0
184,175,1,-1.0
184,176,1,-1.0
184,177,1,-1.0
184,178,1,-1.0
184,179,1,-1.0
184,180,1,-1.0
184,181,4,-1.0
184,182,4,-1.0
184,183,4,-1.0
184,184,4,-1.0
184,185,4,-1.0
184,186,4,-1.0
184,187,4,-1.0
184,188,4,-1.0
184,189,4,-1.0
184,190,4,-1.0
184,191,4,-1.0
184,192,4,-1.0
184,193,4,-1.0
184,194,4,-1.0
184,195,4,-1.0
184,196,4,-1.0
184,197,4,-1.0
184,198,4,-1.0
184,199,4,-1.0
184,200,4,-1.0
184,201,4,-1.0
184,202,4,-1.0
184,203,4,-1.0
184,204,4,-1.0
184,205,4,-1.0
184,206,4,-1.0
184,207,4,-1.0
184,208,4,-1.0
184,209,4,-1.0
184,210,4,-1.0
184,211,4,-1.0
184,212,4,-1.0
184,213,4,-1.0
184,214,4,-1.0
184,215,4,-1.0
184,216,4,-1.0
184,217,4,-1.0
184,218,4,-1.0
184,219,4,-1.0
184,220,4,-1.0
184,221,4,-1.0
184,222,4,-1.0
184,223,4,-1.0
184,224,4,-1.0
184,225,4,-1.0
184,226,4,-1.0
184,227,4,-1.0
184,228,4,-1.0
184,229,4,-1.0
184,230,4,-1.0
184,231,4,-1.0
184,232,4,-1.0
184,233,4,-1.0
184,234,4,-1.0
184,235,4,-1.0
184,236,4,-1.0
184,237,4,-1.0
184,238,4,-1.0
184,239,4,-1.0
184,240,4,-1.0
184,241,4,-1.0
184,242,4,-1.0
184,243,4,-1.0
184,244,4,-1.0
184,245,4,-1.0
184,246,4,-1.0
184,247,4,-1.0
184,248,4,-1.0
184,249,4,-1.0
184,250,4,-1.0
185,0,3,132.67976
185,1,3,132.68336
185,2,3,132.69417
185,3,3,132.71219
185,4,3,132.73743
185,5,3,132.76991
185,6,3,132.80956
185,7,3,132.85645
185,8,3,132.91062
185,9,3,132.97211
185,10,3,133.04096
185,11,3,133.11719
185,12,3,133.20065
185,13,3,133.29156
185,14,3,133.38999
185,15,3,133.49591
185,16,3,133.60924
185,17,3,133.73026
185,18,3,133.85891
185,19,3,133.99515
185,20,3,134.13928
185,21,3,134.29103
185,22,3,134.45078
185,23,3,134.61837
185,24,3,134.79404
185,25,3,134.97771
185,26,3,135.16965
185,27,3,135.36968
185,28,3,135.5782
185,29,3,135.79499
185,30,3,136.02035
185,31,3,136.25444
185,32,3,136.49706
185,33,3,136.74858
185,34,3,137.00912
185,35,3,137.2787
185,36,3,137.55737
185,37,3,137.84541
185,38,3,138.14294
185,39,3,138.45009
185,40,3,138.76699
185,41,3,139.09379
185,42,3,139.43064
185,43,3,139.77768
185,44,3,140.13515
185,45,3,140.50321
185,46,3,140.88201
185,47,3,141.27177
185,48,3,141.67271
185,49,3,142.08505
185,50,3,142.50901
185,51,3,142.94485
185,52,3,143.39283
185,53,3,143.85297
185,54,3,144.32577
185,55,3,144.81153
185,56,3,145.31034
185,57,3,145.8226
185,58,3,146.34873
185,59,3,146.88876
185,60,3,147.4434
185,61,3,148.01259
185,62,3,148.59708
185,63,3,149.19695
185,64,3,149.81277
185,65,3,150.44501
185,66,3,151.09383
185,67,3,151.7599
185,68,3,152.4437
185,69,3,153.1457
185,70,3,153.86639
185,71,3,154.60625
185,72,3,155.36592
185,73,3,156.146
185,74,3,156.94712
185,75,3,157.76987
185,76,3,158.61496
185,77,3,159.48314
185,78,3,160.37521
185,79,3,161.29199
185,80,3,162.23406
185,81,3,163.20259
185,82,3,164.19839
185,83,3,165.22241
185,84,3,166.27574
185,85,3,167.3595
185,86,3,168.47463
185,87,3,169.62257
185,88,3,170.80456
185,89,3,172.02191
185,90,3,173.27604
185,91,3,174.56847
185,92,3,175.90082
185,93,3,177.27483
185,94,3,178.69234
185,95,3,180.15537
185,96,3,181.66572
185,97,3,183.2259
185,98,3,184.83802
185,99,3,186.50483
185,100,3,188.22883
185,101,3,190.01292
185,102,3,191.86029
185,103,3,193.77423
185,104,3,195.75835
185,105,3,197.81635
185,106,3,199.9525
185,107,3,202.17137
185,108,3,204.47763
185,109,3,206.87664
185,110,3,209.37416
185,111,3,211.97638
185,112,3,214.69008
185,113,3,217.52277
185,114,3,220.48229
185,115,3,223.57791
185,116,3,226.81915
185,117,3,230.21693
185,118,3,233.78319
185,119,3,237.53104
185,120,3,241.47552
185,121,3,245.63264
185,122,3,250.02105
185,123,3,254.66133
185,124,3,259.57652
185,125,3,264.79319
185,126,3,270.34106
185,127,3,276.25424
185,128,3,282.57185
185,129,3,289.33889
185,130,3,296.60752
185,131,3,304.4388
185,132,3,312.90393
185,133,3,322.08729
185,134,3,332.08958
185,135,3,343.03134
185,136,3,355.05881
185,137,3,368.35099
185,138,3,383.12942
185,139,3,399.672
185,140,3,418.36794
185,141,3,439.95589
185,142,2,465.22097
185,143,2,495.18646
185,144,2,531.2941
185,145,2,575.64229
185,146,2,631.40807
185,147,2,703.64223
185,148,2,800.88966
185,149,2,938.84254
185,150,2,1149.7889
185,151,2,1512.4377
185,152,2,2282.1527
185,153,2,5020.1564
185,154,1,-1.0
185,155,1,-1.0
185,156,1,-1.0
185,157,1,-1.0
185,158,1,-1.0
185,159,1,-1.0
185,160,1,-1.0
185,161,1,-1.0
185,162,1,-1.0
185,163,1,-1.0
185,164,1,-1.0
185,165,1,-1.0
185,166,1,-1.0
185,167,1,-1.0
185,168,1,-1.0
185,169,1,-1.0
185,170,1,-1.0
185,171,1,-1.0
185,172,1,-1.0
185,173,1,-1.0
185,174,1,-1.0
185,175,1,-1.0
185,176,1,-1.0
185,177,1,-1.0
185,178,1,-1.0
185,179,1,-1.0
185,180,1,-1.0
185,181,1,-1.0
185,182,4,-1.0
185,183,4,-1.0
185,184,4,-1.0
185,185,4,-1.0
185,186,4,-1.0
185,187,4,-1.0
185,188,4,-1.0
185,189,4,-1.0
185,190,4,-1.0
185,191,4,-1.0
185,192,4,-1.0
185,193,4,-1.0
185,194,4,-1.0
185,195,4,-1.0
185,196,4,-1.0
185,197,4,-1.0
185,198,4,-1.0
185,199,4,-1.0
185,200,4,-1.0
185,201,4,-1.0
185,202,4,-1.0
185,203,4,-1.0
185,204,4,-1.0
185,205,4,-1.0
185,206,4,-1.0
185,207,4,-1.0
185,208,4,-1.0
185,209,4,-1.0
185,210,4,-1.0
185,211,4,-1.0
185,212,4,-1.0
185,213,4,-1.0
185,214,4,-1.0
185,215,4,-1.0
185,216,4,-1.0
185,217,4,-1.0
185,218,4,-1.0
185,219,4,-1.0
185,220,4,-1.0
185,221,4,-1.0
185,222,4,-1.0
185,223,4,-1.0
185,224,4,-1.0
185,225,4,-1.0
185,226,4,-1.0
185,227,4,-1.0
185,228,4,-1.0
185,229,4,-1.0
185,230,4,-1.0
185,231,4,-1.0
185,232,4,-1.0
185,233,4,-1.0
185,234,4,-1.0
185,235,4,-1.0
185,236,4,-1.0
185,237,4,-1.0
185,238,4,-1.0
185,239,4,-1.0
185,240,4,-1.0
185,241,4,-1.0
185,242,4,-1.0
185,243,4,-1.0
185,244,4,-1.0
185,245,4,-1.0
185,246,4,-1.0
185,247,4,-1.0
185,248,4,-1.0
185,249,4,-1.0
185,250,4,-1.0
186,0,3,128.61457
186,1,3,128.6179
186,2,3,128.62791
186,3,3,128.64459
186,4,3,128.66796
186,5,3,128.69802
186,6,3,128.73481
186,7,3,128.77832
186,8,3,128.8286
186,9,3,128.88559
186,10,3,128.9493
186,11,3,129.01985
186,12,3,129.09727
186,13,3,129.18162
186,14,3,129.27268
186,15,3,129.37074
186,16,3,129.47587
186,17,3,129.58788
186,18,3,129.70698
186,19,3,129.8333
186,20,3,129.96656
186,21,3,130.10719
186,22,3,130.255
186,23,3,130.41017
186,24,3,130.57272
186,25,3,130.74273
186,26,3,130.92024
186,27,3,131.10541
186,28,3,131.29815
186,29,3,131.49879
186,30,3,131.70712
186,31,3,131.92344
186,32,3,132.14788
186,33,3,132.38028
186,34,3,132.62095
186,35,3,132.87001
186,36,3,133.12755
186,37,3,133.3935
186,38,3,133.66815
186,39,3,133.95164
186,40,3,134.24407
186,41,3,134.54557
186,42,3,134.85629
186,43,3,135.17635
186,44,3,135.50591
186,45,3,135.84514
186,46,3,136.19418
186,47,3,136.55323
186,48,3,136.92246
186,49,3,137.30206
186,50,3,137.69225
186,51,3,138.09324
186,52,3,138.50525
186,53,3,138.92833
186,54,3,139.36286
186,55,3,139.80913
186,56,3,140.26732
186,57,3,140.73757
186,58,3,141.22039
186,59,3,141.71583
186,60,3,142.22433
186,61,3,142.74613
186,62,3,143.28157
186,63,3,143.83094
186,64,3,144.39472
186,65,3,144.973
186,66,3,145.56642
186,67,3,146.17532
186,68,3,146.79991
186,69,3,147.44082
186,70,3,148.09846
186,71,3,148.7733
186,72,3,149.4658
186,73,3,150.17647
186,74,3,150.90582
186,75,3,151.65443
186,76,3,152.42288
186,77,3,153.21181
186,78,3,154.02187
186,79,3,154.85376
186,80,3,155.7081
186,81,3,156.58563
186,82,3,157.48731
186,83,3,158.41371
186,84,3,159.36594
186,85,3,160.34471
186,86,3,161.35121
186,87,3,162.38617
186,88,3,163.45087
186,89,3,164.54643
186,90,3,165.67402
186,91,3,166.83489
186,92,3,168.03035
186,93,3,169.26185
186,94,3,170.5309
186,95,3,171.83913
186,96,3,173.18829
186,97,3,174.58002
186,98,3,176.01639
186,99,3,177.4994
186,100,3,179.03133
186,101,3,180.6143
186,102,3,182.25102
186,103,3,183.94412
186,104,3,185.69647
186,105,3,187.51115
186,106,3,189.39154
186,107,3,191.34109
186,108,3,193.36369
186,109,3,195.46359
186,110,3,197.64529
186,111,3,199.91348
186,112,3,202.27364
186,113,3,204.73153
186,114,3,207.2933
186,115,3,209.96585
186,116,3,212.75679
186,117,3,215.67424
186,118,3,218.72718
186,119,3,221.92569
186,120,3,225.28063
186,121,3,228.80428
186,122,3,232.51017
186,123,3,236.4134
186,124,3,240.53076
186,125,3,244.88129
186,126,3,249.4861
186,127,3,254.36944
186,128,3,259.55855
186,129,3,265.08471
186,130,3,270.98331
186,131,3,277.29572
186,132,3,284.06922
186,133,3,291.35945
186,134,3,299.23108
186,135,3,307.76088
186,136,3,317.0396
186,137,3,327.17646
186,138,3,338.30352
186,139,3,350.58198
186,140,3,364.21105
186,141,3,379.44699
186,142,3,396.81338
186,143,3,416.89903
186,144,3,440.39404
186,145,2,468.24354
186,146,2,501.77752
186,147,2,542.92888
186,148,2,594.61876
186,149,2,661.48061
186,150,2,751.33024
186,151,2,878.4643
186,152,2,1072.1342
186,153,2,1403.0238
186,154,2,2096.8256
186,155,2,4474.8169
186,156,1,-1.0
186,157,1,-1.0
186,158,1,-1.0
186,159,1,-1.0
186,160,1,-1.0
186,161,1,-1.0
186,162,1,-1.0
186,163,1,-1.0
186,164,1,-1.0
186,165,1,-1.0
186,166,1,-1.0
186,167,1,-1.0
186,168,1,-1.0
186,169,1,-1.0
186,170,1,-1.0
186,171,1,-1.0
186,172,1,-1.0
186,173,1,-1.0
186,174,1,-1.0
186,175,1,-1.0
186,176,1,-1.0
186,177,1,-1.0
186,178,1,-1.0
186,179,1,-1.0
186,180,1,-1.0
186,181,1,-1.0
186,182,1,-1.0
186,183,4,-1.0
186,184,4,-1.0
186,185,4,-1.0
186,186,4,-1.0
186,187,4,-1.0
186,188,4,-1.0
186,189,4,-1.0
186,190,4,-1.0
186,191,4,-1.0
186,192,4,-1.0
186,193,4,-1.0
186,194,4,-1.0
186,195,4,-1.0
186,196,4,-1.0
186,197,4,-1.0
186,198,4,-1.0
186,199,4,-1.0
186,200,4,-1.0
186,201,4,-1.0
186,202,4,-1.0
186,203,4,-1.0
186,204,4,-1.0
186,205,4,-1.0
186,206,4,-1.0
186,207,4,-1.0
186,208,4,-1.0
186,209,4,-1.0
186,210,4,-1.0
186,211,4,-1.0
186,212,4,-1.0
186,213,4,-1.0
186,214,4,-1.0
186,215,4,-1.0
186,216,4,-1.0
186,217,4,-1.0
186,218,4,-1.0
186,219,4,-1.0
186,220,4,-1.0
186,221,4,-1.0
186,222,4,-1.0
186,223,4,-1.0
186,224,4,-1.0
186,225,4,-1.0
186,226,4,-1.0
186,227,4,-1.0
186,228,4,-1.0
186,229,4,-1.0
186,230,4,-1.0
186,231,4,-1.0
186,232,4,-1.0
186,233,4,-1.0
186,234,4,-1.0
186,235,4,-1.0
186,236,4,-1.0
186,237,4,-1.0
186,238,4,-1.0
186,239,4,-1.0
186,240,4,-1.0
186,241,4,-1.0
186,242,4,-1.0
186,243,4,-1.0
186,244,4,-1.0
186,245,4,-1.0
186,246,4,-1.0
186,247,4,-1.0
186,248,4,-1.0
186,249,4,-1.0
186,250,4,-1.0
187,0,3,124.69916
187,1,3,124.70226
187,2,3,124.71155
187,3,3,124.72703
187,4,3,124.74872
187,5,3,124.7766
187,6,3,124.81064
187,7,3,124.85091
187,8,3,124.89744
187,9,3,124.95025
187,10,3,125.00937
187,11,3,125.07483
187,12,3,125.14646
187,13,3,125.2245
187,14,3,125.30897
187,15,3,125.39989
187,16,3,125.49711
187,17,3,125.60091
187,18,3,125.71129
187,19,3,125.82809
187,20,3,125.95164
187,21,3,126.08175
187,22,3,126.21861
187,23,3,126.36226
187,24,3,126.51267
187,25,3,126.67002
187,26,3,126.83426
187,27,3,127.00553
187,28,3,127.18389
187,29,3,127.36933
187,30,3,127.56213
187,31,3,127.76207
187,32,3,127.96946
187,33,3,128.1844
187,34,3,128.40677
187,35,3,128.63681
187,36,3,128.87466
187,37,3,129.12041
187,38,3,129.37401
187,39,3,129.63567
187,40,3,129.90555
187,41,3,130.18374
187,42,3,130.47037
187,43,3,130.76556
187,44,3,131.06944
187,45,3,131.38214
187,46,3,131.70382
187,47,3,132.03463
187,48,3,132.37472
187,49,3,132.72426
187,50,3,133.08344
187,51,3,133.45244
187,52,3,133.83145
187,53,3,134.22058
187,54,3,134.62004
187,55,3,135.03014
187,56,3,135.45112
187,57,3,135.88298
187,58,3,136.32614
187,59,3,136.78091
187,60,3,137.24726
187,61,3,137.7258
187,62,3,138.21647
187,63,3,138.71989
187,64,3,139.236
187,65,3,139.76546
187,66,3,140.30834
187,67,3,140.86507
187,68,3,141.43608
187,69,3,142.02164
187,70,3,142.62207
187,71,3,143.23789
187,72,3,143.86951
187,73,3,144.51735
187,74,3,145.18186
187,75,3,145.86351
187,76,3,146.5628
187,77,3,147.28026
187,78,3,148.01646
187,79,3,148.77198
187,80,3,149.54745
187,81,3,150.3433
187,82,3,151.16042
187,83,3,151.99955
187,84,3,152.86111
187,85,3,153.74626
187,86,3,154.65547
187,87,3,155.58989
187,88,3,156.55018
187,89,3,157.53739
187,90,3,158.55258
187,91,3,159.59676
187,92,3,160.67102
187,93,3,161.77655
187,94,3,162.91458
187,95,3,164.08644
187,96,3,165.29358
187,97,3,166.53752
187,98,3,167.81979
187,99,3,169.14199
187,100,3,170.50613
187,101,3,171.91386
187,102,3,173.36738
187,103,3,174.86888
187,104,3,176.42062
187,105,3,178.02508
187,106,3,179.68492
187,107,3,181.40301
187,108,3,183.1825
187,109,3,185.02668
187,110,3,186.93898
187,111,3,188.9234
187,112,3,190.98411
187,113,3,193.12553
187,114,3,195.35253
187,115,3,197.67045
187,116,3,200.08515
187,117,3,202.60295
187,118,3,205.23065
187,119,3,207.97585
187,120,3,210.84692
187,121,3,213.85303
187,122,3,217.00414
187,123,3,220.31161
187,124,3,223.78768
187,125,3,227.44633
187,126,3,231.30302
187,127,3,235.37479
187,128,3,239.68144
187,129,3,244.24479
187,130,3,249.08979
187,131,3,254.24489
187,132,3,259.74252
187,133,3,265.61999
187,134,3,271.92066
187,135,3,278.69457
187,136,3,286.00054
187,137,3,293.90792
187,138,3,302.49892
187,139,3,311.87182
187,140,3,322.14566
187,141,3,333.4651
187,142,3,346.00903
187,143,3,360.11685
187,144,3,376.26934
187,145,3,394.94384
187,146,3,416.77838
187,147,3,442.64603
187,148,2,473.77395
187,149,2,511.94331
187,150,2,559.84159
187,151,2,621.72304
187,152,2,704.74516
187,153,2,821.95481
187,154,2,999.91397
187,155,2,1302.316
187,156,2,1929.725
187,157,2,4014.0218
187,158,1,-1.0
187,159,1,-1.0
187,160,1,-1.0
187,161,1,-1.0
187,162,1,-1.0
187,163,1,-1.0
187,164,1,-1.0
187,165,1,-1.0
187,166,1,-1.0
187,167,1,-1.0
187,168,1,-1.0
187,169,1,-1.0
187,170,1,-1.0
187,171,1,-1.0
187,172,1,-1.0
187,173,1,-1.0
187,174,1,-1.0
187,175,1,-1.0
187,176,1,-1.0
187,177,1,-1.0
187,178,1,-1.0
187,179,1,-1.0
187,180,1,-1.0
187,181,1,-1.0
187,182,1,-1.0
187,183,1,-1.0
187,184,4,-1.0
187,185,4,-1.0
187,186,4,-1.0
187,187,4,-1.0
187,188,4,-1.0
187,189,4,-1.0
187,190,4,-1.0
187,191,4,-1.0
187,192,4,-1.0
187,193,4,-1.0
187,194,4,-1.0
187,195,4,-1.0
187,196,4,-1.0
187,197,4,-1.0
187,198,4,-1.0
187,199,4,-1.0
187,200,4,-1.0
187,201,4,-1.0
187,202,4,-1.0
187,203,4,-1.0
187,204,4,-1.0
187,205,4,-1.0
187,206,4,-1.0
187,207,4,-1.0
187,208,4,-1.0
187,209,4,-1.0
187,210,4,-1.0
187,211,4,-1.0
187,212,4,-1.0
187,213,4,-1.0
187,214,4,-1.0
187,215,4,-1.0
187,216,4,-1.0
187,217,4,-1.0
187,218,4,-1.0
187,219,4,-1.0
187,220,4,-1.0
187,221,4,-1.0
187,222,4,-1.0
187,223,4,-1.0
187,224,4,-1.0
187,225,4,-1.0
187,226,4,-1.0
187,227,4,-1.0
187,228,4,-1.0
187,229,4,-1.0
187,230,4,-1.0
187,231,4,-1.0
187,232,4,-1.0
187,233,4,-1.0
187,234,4,-1.0
187,235,4,-1.0
187,236,4,-1.0
187,237,4,-1.0
187,238,4,-1.0
187,239,4,-1.0
187,240,4,-1.0
187,241,4,-1.0
187,242,4,-1.0
187,243,4,-1.0
187,244,4,-1.0
187,245,4,-1.0
187,246,4,-1.0
187,247,4,-1.0
187,248,4,-1.0
187,249,4,-1.0
187,250,4,-1.0
188,0,3,120.92664
188,1,3,120.92951
188,2,3,120.9381
188,3,3,120.95243
188,4,3,120.9725
188,5,3,120.99833
188,6,3,121.02992
188,7,3,121.06729
188,8,3,121.11047
188,9,3,121.1594
188,10,3,121.2141
188,11,3,121.27466
188,12,3,121.34111
188,13,3,121.41351
188,14,3,121.49167
188,15,3,121.5758
188,16,3,121.66597
188,17,3,121.76209
188,18,3,121.8642
188,19,3,121.9725
188,20,3,122.08679
188,21,3,122.20728
188,22,3,122.33401
188,23,3,122.46689
188,24,3,122.60619
188,25,3,122.75169
188,26,3,122.90375
188,27,3,123.06212
188,28,3,123.22712
188,29,3,123.39866
188,30,3,123.57684
188,31,3,123.76185
188,32,3,123.95349
188,33,3,124.15208
188,34,3,124.35769
188,35,3,124.57021
188,36,3,124.78987
188,37,3,125.0168
188,38,3,125.25106
188,39,3,125.49266
188,40,3,125.74173
188,41,3,125.99842
188,42,3,126.26285
188,43,3,126.53511
188,44,3,126.81533
188,45,3,127.10362
188,46,3,127.40011
188,47,3,127.70494
188,48,3,128.01823
188,49,3,128.34014
188,50,3,128.67082
188,51,3,129.01044
188,52,3,129.35917
188,53,3,129.71713
188,54,3,130.08444
188,55,3,130.46138
188,56,3,130.84819
188,57,3,131.24498
188,58,3,131.65187
188,59,3,132.06927
188,60,3,132.49726
188,61,3,132.93608
188,62,3,133.38609
188,63,3,133.84731
188,64,3,134.32026
188,65,3,134.80499
188,66,3,135.3019
188,67,3,135.81133
188,68,3,136.33337
188,69,3,136.86855
188,70,3,137.41719
188,71,3,137.97949
188,72,3,138.55588
188,73,3,139.14676
188,74,3,139.75253
188,75,3,140.37359
188,76,3,141.01036
188,77,3,141.66328
188,78,3,142.33284
188,79,3,143.01952
188,80,3,143.72387
188,81,3,144.44636
188,82,3,145.18751
188,83,3,145.94806
188,84,3,146.72862
188,85,3,147.52963
188,86,3,148.35211
188,87,3,149.19639
188,88,3,150.0636
188,89,3,150.95428
188,90,3,151.86935
188,91,3,152.80977
188,92,3,153.77641
188,93,3,154.77026
188,94,3,155.79231
188,95,3,156.8437
188,96,3,157.92556
188,97,3,159.03915
188,98,3,160.18581
188,99,3,161.36698
188,100,3,162.58392
188,101,3,163.83842
188,102,3,165.13196
188,103,3,166.4665
188,104,3,167.84373
188,105,3,169.26575
188,106,3,170.73474
188,107,3,172.253
188,108,3,173.823
188,109,3,175.44734
188,110,3,177.12882
188,111,3,178.87073
188,112,3,180.676
188,113,3,182.54848
188,114,3,184.49193
188,115,3,186.51047
188,116,3,188.60858
188,117,3,190.79122
188,118,3,193.06379
188,119,3,195.43183
188,120,3,197.90192
188,121,3,200.48097
188,122,3,203.17656
188,123,3,205.99714
188,124,3,208.95193
188,125,3,212.05121
188,126,3,215.30624
188,127,3,218.72981
188,128,3,222.33579
188,129,3,226.14033
188,130,3,230.16088
188,131,3,234.41758
188,132,3,238.93307
188,133,3,243.73328
188,134,3,248.84764
188,135,3,254.31012
188,136,3,260.15963
188,137,3,266.44189
188,138,3,273.2097
188,139,3,280.52585
188,140,3,288.46434
188,141,3,297.11361
188,142,3,306.58044
188,143,3,316.99472
188,144,3,328.56224
188,145,3,341.67666
188,146,3,356.68766
188,147,3,374.03664
188,148,3,394.3135
188,149,3,418.32472
188,150,3,447.20284
188,151,2,482.58979
188,152,2,526.95946
188,153,2,584.22115
188,154,2,660.93712
188,155,2,769.03288
188,156,2,932.68322
188,157,2,1209.4731
188,158,2,1778.5825
188,159,2,3620.6061
188,160,1,-1.0
188,161,1,-1.0
188,162,1,-1.0
188,163,1,-1.0
188,164,1,-1.0
188,165,1,-1.0
188,166,1,-1.0
188,167,1,-1.0
188,168,1,-1.0
188,169,1,-1.0
188,170,1,-1.0
188,171,1,-1.0
188,172,1,-1.0
188,173,1,-1.0
188,174,1,-1.0
188,175,1,-1.0
188,176,1,-1.0
188,177,1,-1.0
188,178,1,-1.0
188,179,1,-1.0
188,180,1,-1.0
188,181,1,-1.0
188,182,1,-1.0
188,183,1,-1.0
188,184,4,-1.0
188,185,4,-1.0
188,186,4,-1.0
188,187,4,-1.0
188,188,4,-1.0
188,189,4,-1.0
188,190,4,-1.0
188,191,4,-1.0
188,192,4,-1.0
188,193,4,-1.0
188,194,4,-1.0
188,195,4,-1.0
188,196,4,-1.0
188,197,4,-1.0
188,198,4,-1.0
188,199,4,-1.0
188,200,4,-1.0
188,201,4,-1.0
188,202,4,-1.0
188,203,4,-1.0
188,204,4,-1.0
188,205,4,-1.0
188,206,4,-1.0
188,207,4,-1.0
188,208,4,-1.0
188,209,4,-1.0
188,210,4,-1.0
188,211,4,-1.0
188,212,4,-1.0
188,213,4,-1.0
188,214,4,-1.0
188,215,4,-1.0
188,216,4,-1.0
188,217,4,-1.0
188,218,4,-1.0
188,219,4,-1.0
188,220,4,-1.0
188,221,4,-1.0
188,222,4,-1.0
188,223,4,-1.0
188,224,4,-1.0
188,225,4,-1.0
188,226,4,-1.0
188,227,4,-1.0
188,228,4,-1.0
188,229,4,-1.0
188,230,4,-1.0
188,231,4,-1.0
188,232,4,-1.0
188,233,4,-1.0
188,234,4,-1.0
188,235,4,-1.0
188,236,4,-1.0
188,237,4,-1.0
188,238,4,-1.0
188,239,4,-1.0
188,240,4,-1.0
188,241,4,-1.0
188,242,4,-1.0
188,243,4,-1.0
188,244,4,-1.0
188,245,4,-1.0
188,246,4,-1.0
188,247,4,-1.0
188,248,4,-1.0
188,249,4,-1.0
188,250,4,-1.0
189,0,3,117.29056
189,1,3,117.29321
189,2,3,117.30119
189,3,3,117.31449
189,4,3,117.33312
189,5,3,117.35706
189,6,3,117.38628
189,7,3,117.42086
189,8,3,117.4608
189,9,3,117.50614
189,10,3,117.55688
189,11,3,117.61307
189,12,3,117.67456
189,13,3,117.74151
189,14,3,117.81398
189,15,3,117.89201
189,16,3,117.9754
189,17,3,118.0644
189,18,3,118.15908
189,19,3,118.2592
189,20,3,118.36507
189,21,3,118.47665
189,22,3,118.59385
189,23,3,118.71699
189,24,3,118.84573
189,25,3,118.98052
189,26,3,119.12104
189,27,3,119.26771
189,28,3,119.42019
189,29,3,119.5789
189,30,3,119.74364
189,31,3,119.9146
189,32,3,120.09191
189,33,3,120.27537
189,34,3,120.4653
189,35,3,120.66177
189,36,3,120.86467
189,37,3,121.07419
189,38,3,121.29047
189,39,3,121.51357
189,40,3,121.74352
189,41,3,121.98038
189,42,3,122.22433
189,43,3,122.47546
189,44,3,122.73386
189,45,3,122.99966
189,46,3,123.27295
189,47,3,123.55384
189,48,3,123.84247
189,49,3,124.13896
189,50,3,124.44344
189,51,3,124.75606
189,52,3,125.07696
189,53,3,125.4063
189,54,3,125.7441
189,55,3,126.09064
189,56,3,126.44611
189,57,3,126.81071
189,58,3,127.18443
189,59,3,127.5676
189,60,3,127.96048
189,61,3,128.36304
189,62,3,128.7757
189,63,3,129.19858
189,64,3,129.63192
189,65,3,130.07596
189,66,3,130.53096
189,67,3,130.99709
189,68,3,131.47478
189,69,3,131.96408
189,70,3,132.46542
189,71,3,132.97913
189,72,3,133.5055
189,73,3,134.04468
189,74,3,134.59718
189,75,3,135.16332
189,76,3,135.74348
189,77,3,136.33802
189,78,3,136.94735
189,79,3,137.57189
189,80,3,138.21209
189,81,3,138.86842
189,82,3,139.54125
189,83,3,140.23115
189,84,3,140.93872
189,85,3,141.66448
189,86,3,142.40887
189,87,3,143.17277
189,88,3,143.95647
189,89,3,144.76099
189,90,3,145.58676
189,91,3,146.43466
189,92,3,147.30549
189,93,3,148.20006
189,94,3,149.11911
189,95,3,150.06367
189,96,3,151.0347
189,97,3,152.03323
189,98,3,153.06027
189,99,3,154.11698
189,100,3,155.20465
189,101,3,156.32458
189,102,3,157.47791
189,103,3,158.6664
189,104,3,159.89129
189,105,3,161.15441
189,106,3,162.4575
189,107,3,163.80236
189,108,3,165.19098
189,109,3,166.62547
189,110,3,168.10815
189,111,3,169.64151
189,112,3,171.22806
189,113,3,172.8707
189,114,3,174.57238
189,115,3,176.33648
189,116,3,178.16647
189,117,3,180.06615
189,118,3,182.03968
189,119,3,184.09164
189,120,3,186.22674
189,121,3,188.45052
189,122,3,190.76861
189,123,3,193.18746
189,124,3,195.71402
189,125,3,198.35596
189,126,3,201.12189
189,127,3,204.02099
189,128,3,207.06369
189,129,3,210.26146
189,130,3,213.62723
189,131,3,217.17536
189,132,3,220.922
189,133,3,224.88537
189,134,3,229.08597
189,135,3,233.5473
189,136,3,238.29603
189,137,3,243.36286
189,138,3,248.78309
189,139,3,254.59772
189,140,3,260.85467
189,141,3,267.61019
189,142,3,274.93078
189,143,3,282.89593
189,144,3,291.60113
189,145,3,301.17205
189,146,3,311.90559
189,147,3,324.08535
189,148,3,338.02309
189,149,3,354.12713
189,150,3,372.94275
189,151,3,395.21496
189,152,3,421.98913
189,153,3,454.77931
189,154,2,495.864
189,155,2,548.83833
189,156,2,619.7256
189,157,2,719.44363
189,158,2,870.04379
189,159,2,1123.7586
189,160,2,1641.4939
189,161,2,3281.8097
189,162,1,-1.0
189,163,1,-1.0
189,164,1,-1.0
189,165,1,-1.0
189,166,1,-1.0
189,167,1,-1.0
189,168,1,-1.0
189,169,1,-1.0
189,170,1,-1.0
189,171,1,-1.0
189,172,1,-1.0
189,173,1,-1.0
189,174,1,-1.0
189,175,1,-1.0
189,176,1,-1.0
189,177,1,-1.0
189,178,1,-1.0
189,179,1,-1.0
189,180,1,-1.0
189,181,1,-1.0
189,182,1,-1.0
189,183,1,-1.0
189,184,1,-1.0
189,185,4,-1.0
189,186,4,-1.0
189,187,4,-1.0
189,188,4,-1.0
189,189,4,-1.0
189,190,4,-1.0
189,191,4,-1.0
189,192,4,-1.0
189,193,4,-1.0
189,194,4,-1.0
189,195,4,-1.0
189,196,4,-1.0
189,197,4,-1.0
189,198,4,-1.0
189,199,4,-1.0
189,200,4,-1.0
189,201,4,-1.0
189,202,4,-1.0
189,203,4,-1.0
189,204,4,-1.0
189,205,4,-1.0
189,206,4,-1.0
189,207,4,-1.0
189,208,4,-1.0
189,209,4,-1.0
189,210,4,-1.0
189,211,4,-1.0
189,212,4,-1.0
189,213,4,-1.0
189,214,4,-1.0
189,215,4,-1.0
189,216,4,-1.0
189,217,4,-1.0
189,218,4,-1.0
189,219,4,-1.0
189,220,4,-1.0
189,221,4,-1.0
189,222,4,-1.0
189,223,4,-1.0
189,224,4,-1.0
189,225,4,-1.0
189,226,4,-1.0
189,227,4,-1.0
189,228,4,-1.0
189,229,4,-1.0
189,230,4,-1.0
189,231,4,-1.0
189,232,4,-1.0
189,233,4,-1.0
189,234,4,-1.0
189,235,4,-1.0
189,236,4,-1.0
189,237,4,-1.0
189,238,4,-1.0
189,239,4,-1.0
189,240,4,-1.0
189,241,4,-1.0
189,242,4,-1.0
189,243,4,-1.0
189,244,4,-1.0
189,245,4,-1.0
189,246,4,-1.0
189,247,4,-1.0
189,248,4,-1.0
189,249,4,-1.0
189,250,4,-1.0
190,0,3,113.78467
190,1,3,113.78713
190,2,3,113.79451
190,3,3,113.80681
190,4,3,113.82404
190,5,3,113.84621
190,6,3,113.87332
190,7,3,113.9054
190,8,3,113.94247
190,9,3,113.98447
190,10,3,114.0314
190,11,3,114.08336
190,12,3,114.14038
190,13,3,114.20248
190,14,3,114.26955
190,15,3,114.34169
190,16,3,114.41901
190,17,3,114.50148
190,18,3,114.58898
190,19,3,114.68177
190,20,3,114.77978
190,21,3,114.88297
190,22,3,114.99159
190,23,3,115.10536
190,24,3,115.22463
190,25,3,115.34921
190,26,3,115.47932
190,27,3,115.61485
190,28,3,115.75603
190,29,3,115.90267
190,30,3,116.05509
190,31,3,116.21308
190,32,3,116.37689
190,33,3,116.54658
190,34,3,116.72201
190,35,3,116.90346
190,36,3,117.09098
190,37,3,117.28447
190,38,3,117.48412
190,39,3,117.69005
190,40,3,117.90231
190,41,3,118.12097
190,42,3,118.34601
190,43,3,118.57763
190,44,3,118.81592
190,45,3,119.06097
190,46,3,119.31287
190,47,3,119.57173
190,48,3,119.83764
190,49,3,120.11072
190,50,3,120.39109
190,51,3,120.67887
190,52,3,120.97419
190,53,3,121.27719
190,54,3,121.58792
190,55,3,121.90654
190,56,3,122.23327
190,57,3,122.56826
190,58,3,122.91165
190,59,3,123.26345
190,60,3,123.62404
190,61,3,123.99355
190,62,3,124.37199
190,63,3,124.75981
190,64,3,125.15695
190,65,3,125.56384
190,66,3,125.98048
190,67,3,126.40732
190,68,3,126.8443
190,69,3,127.29193
190,70,3,127.75032
190,71,3,128.21968
190,72,3,128.70041
190,73,3,129.19276
190,74,3,129.69695
190,75,3,130.21326
190,76,3,130.74208
190,77,3,131.28373
190,78,3,131.83855
190,79,3,132.40689
190,80,3,132.98913
190,81,3,133.58567
190,82,3,134.19694
190,83,3,134.82321
190,84,3,135.46508
190,85,3,136.12303
190,86,3,136.79753
190,87,3,137.48897
190,88,3,138.19813
190,89,3,138.92526
190,90,3,139.67129
190,91,3,140.43653
190,92,3,141.22186
190,93,3,142.02794
190,94,3,142.85538
190,95,3,143.70499
190,96,3,144.57761
190,97,3,145.47408
190,98,3,146.3953
190,99,3,147.34222
190,100,3,148.31581
190,101,3,149.31706
190,102,3,150.34723
190,103,3,151.40747
190,104,3,152.49895
190,105,3,153.62312
190,106,3,154.78139
190,107,3,155.97512
190,108,3,157.20608
190,109,3,158.47595
190,110,3,159.78656
190,111,3,161.13989
190,112,3,162.53801
190,113,3,163.98307
190,114,3,165.47772
190,115,3,167.02425
190,116,3,168.62569
190,117,3,170.28497
190,118,3,172.00529
190,119,3,173.79016
190,120,3,175.64343
190,121,3,177.56924
190,122,3,179.57189
190,123,3,181.65642
190,124,3,183.82811
190,125,3,186.09276
190,126,3,188.45677
190,127,3,190.92711
190,128,3,193.51154
190,129,3,196.21849
190,130,3,199.05751
190,131,3,202.03893
190,132,3,205.17464
190,133,3,208.47747
190,134,3,211.96226
190,135,3,215.64528
190,136,3,219.54541
190,137,3,223.68362
190,138,3,228.08409
190,139,3,232.77454
190,140,3,237.78676
190,141,3,243.15776
190,142,3,248.9304
190,143,3,255.15515
190,144,3,261.8918
190,145,3,269.21144
190,146,3,277.19918
190,147,3,286.04354
190,148,3,296.00384
190,149,3,307.30421
190,150,3,320.23307
190,151,3,335.16799
190,152,3,352.61297
190,153,3,373.25619
190,154,3,398.06269
190,155,3,428.42897
190,156,3,466.45462
190,157,2,515.44839
190,158,2,580.94494
190,159,2,672.95518
190,160,2,811.63814
190,161,2,1044.5248
190,162,2,1516.8481
190,163,2,2987.9573
190,164,1,-1.0
190,165,1,-1.0
190,166,1,-1.0
190,167,1,-1.0
190,168,1,-1.0
190,169,1,-1.0
190,170,1,-1.0
190,171,1,-1.0
190,172,1,-1.0
190,173,1,-1.0
190,174,1,-1.0
190,175,1,-1.0
190,176,1,-1.0
190,177,1,-1.0
190,178,1,-1.0
190,179,1,-1.0
190,180,1,-1.0
190,181,1,-1.0
190,182,1,-1.0
190,183,1,-1.0
190,184,1,-1.0
190,185,1,-1.0
190,186,4,-1.0
190,187,4,-1.0
190,188,4,-1.0
190,189,4,-1.0
190,190,4,-1.0
190,191,4,-1.0
190,192,4,-1.0
190,193,4,-1.0
190,194,4,-1.0
190,195,4,-1.0
190,196,4,-1.0
190,197,4,-1.0
190,198,4,-1.0
190,199,4,-1.0
190,200,4,-1.0
190,201,4,-1.0
190,202,4,-1.0
190,203,4,-1.0
190,204,4,-1.0
190,205,4,-1.0
190,206,4,-1.0
190,207,4,-1.0
190,208,4,-1.0
190,209,4,-1.0
190,210,4,-1.0
190,211,4,-1.0
190,212,4,-1.0
190,213,4,-1.0
190,214,4,-1.0
190,215,4,-1.0
190,216,4,-1.0
190,217,4,-1.0
190,218,4,-1.0
190,219,4,-1.0
190,220,4,-1.0
190,221,4,-1.0
190,222,4,-1.0
190,223,4,-1.0
190,224,4,-1.0
190,225,4,-1.0
190,226,4,-1.0
190,227,4,-1.0
190,228,4,-1.0
190,229,4,-1.0
190,230,4,-1.0
190,231,4,-1.0
190,232,4,-1.0
190,233,4,-1.0
190,234,4,-1.0
190,235,4,-1.0
190,236,4,-1.0
190,237,4,-1.0
190,238,4,-1.0
190,239,4,-1.0
190,240,4,-1.0
190,241,4,-1.0
190,242,4,-1.0
190,243,4,-1.0
190,244,4,-1.0
190,245,4,-1.0
190,246,4,-1.0
190,247,4,-1.0
190,248,4,-1.0
190,249,4,-1.0
190,250,4,-1.0
191,0,3,110.40318
191,1,3,110.40547
191,2,3,110.41231
191,3,3,110.42372
191,4,3,110.43971
191,5,3,110.46026
191,6,3,110.48534
191,7,3,110.515
191,8,3,110.54927
191,9,3,110.58816
191,10,3,110.63169
191,11,3,110.67989
191,12,3,110.73265
191,13,3,110.79006
191,14,3,110.85219
191,15,3,110.91908
191,16,3,110.9906
191,17,3,111.06687
191,18,3,111.14799
191,19,3,111.23383
191,20,3,111.32449
191,21,3,111.42012
191,22,3,111.52046
191,23,3,111.62584
191,24,3,111.73611
191,25,3,111.8514
191,26,3,111.97172
191,27,3,112.09709
191,28,3,112.22757
191,29,3,112.36324
191,30,3,112.50404
191,31,3,112.65022
191,32,3,112.80153
191,33,3,112.95828
191,34,3,113.12048
191,35,3,113.28802
191,36,3,113.46116
191,37,3,113.63994
191,38,3,113.82425
191,39,3,114.0143
191,40,3,114.21017
191,41,3,114.41192
191,42,3,114.61962
191,43,3,114.83325
191,44,3,115.05297
191,45,3,115.27888
191,46,3,115.51105
191,47,3,115.74959
191,48,3,115.99456
191,49,3,116.24609
191,50,3,116.50425
191,51,3,116.76917
191,52,3,117.04095
191,53,3,117.31971
191,54,3,117.60556
191,55,3,117.89853
191,56,3,118.19886
191,57,3,118.50667
191,58,3,118.82213
191,59,3,119.14527
191,60,3,119.47626
191,61,3,119.81536
191,62,3,120.16261
191,63,3,120.51818
191,64,3,120.88239
191,65,3,121.25513
191,66,3,121.63691
191,67,3,122.02759
191,68,3,122.4277
191,69,3,122.83714
191,70,3,123.25633
191,71,3,123.68549
191,72,3,124.12464
191,73,3,124.57423
191,74,3,125.03447
191,75,3,125.50563
191,76,3,125.98784
191,77,3,126.4815
191,78,3,126.9869
191,79,3,127.50435
191,80,3,128.03415
191,81,3,128.57665
191,82,3,129.13219
191,83,3,129.70115
191,84,3,130.28379
191,85,3,130.88063
191,86,3,131.49211
191,87,3,132.11864
191,88,3,132.76054
191,89,3,133.41853
191,90,3,134.09285
191,91,3,134.78428
191,92,3,135.49309
191,93,3,136.22011
191,94,3,136.96588
191,95,3,137.73088
191,96,3,138.51595
191,97,3,139.32176
191,98,3,140.14904
191,99,3,140.99858
191,100,3,141.87121
191,101,3,142.76782
191,102,3,143.68933
191,103,3,144.63657
191,104,3,145.61079
191,105,3,146.61298
191,106,3,147.64432
191,107,3,148.70599
191,108,3,149.79942
191,109,3,150.92593
191,110,3,152.08695
191,111,3,153.28411
191,112,3,154.51907
191,113,3,155.79362
191,114,3,157.10977
191,115,3,158.46957
191,116,3,159.87509
191,117,3,161.32886
191,118,3,162.83341
191,119,3,164.39144
191,120,3,166.00589
191,121,3,167.68
191,122,3,169.41728
191,123,3,171.22147
191,124,3,173.09665
191,125,3,175.04719
191,126,3,177.07805
191,127,3,179.19452
191,128,3,181.40228
191,129,3,183.70786
191,130,3,186.11812
191,131,3,188.64093
191,132,3,191.28483
191,133,3,194.05921
191,134,3,196.97483
191,135,3,200.04334
191,136,3,203.27798
191,137,3,206.69379
191,138,3,210.30745
191,139,3,214.13817
191,140,3,218.20748
191,141,3,222.54043
191,142,3,227.1656
191,143,3,232.11606
191,144,3,237.43039
191,145,3,243.15375
191,146,3,249.3394
191,147,3,256.05083
191,148,3,263.39193
191,149,3,271.59097
191,150,3,280.82345
191,151,3,291.29669
191,152,3,303.27742
191,153,3,317.11465
191,154,3,333.27414
191,155,3,352.39156
191,156,3,375.35781
191,157,3,403.46134
191,158,3,438.63776
191,159,3,483.93447
191,160,2,544.44268
191,161,2,629.3559
191,162,2,757.14394
191,163,2,971.19919
191,164,2,1403.273
191,165,2,2731.5898
191,166,1,-1.0
191,167,1,-1.0
191,168,1,-1.0
191,169,1,-1.0
191,170,1,-1.0
191,171,1,-1.0
191,172,1,-1.0
191,173,1,-1.0
191,174,1,-1.0
191,175,1,-1.0
191,176,1,-1.0
191,177,1,-1.0
191,178,1,-1.0
191,179,1,-1.0
191,180,1,-1.0
191,181,1,-1.0
191,182,1,-1.0
191,183,1,-1.0
191,184,1,-1.0
191,185,1,-1.0
191,186,1,-1.0
191,187,4,-1.0
191,188,4,-1.0
191,189,4,-1.0
191,190,4,-1.0
191,191,4,-1.0
191,192,4,-1.0
191,193,4,-1.0
191,194,4,-1.0
191,195,4,-1.0
191,196,4,-1.0
191,197,4,-1.0
191,198,4,-1.0
191,199,4,-1.0
191,200,4,-1.0
191,201,4,-1.0
191,202,4,-1.0
191,203,4,-1.0
191,204,4,-1.0
191,205,4,-1.0
191,206,4,-1.0
191,207,4,-1.0
191,208,4,-1.0
191,209,4,-1.0
191,210,4,-1.0
191,211,4,-1.0
191,212,4,-1.0
191,213,4,-1.0
191,214,4,-1.0
191,215,4,-1.0
191,216,4,-1.0
191,217,4,-1.0
191,218,4,-1.0
191,219,4,-1.0
191,220,4,-1.0
191,221,4,-1.0
191,222,4,-1.0
191,223,4,-1.0
191,224,4,-1.0
191,225,4,-1.0
191,226,4,-1.0
191,227,4,-1.0
191,228,4,-1.0
191,229,4,-1.0
191,230,4,-1.0
191,231,4,-1.0
191,232,4,-1.0
191,233,4,-1.0
191,234,4,-1.0
191,235,4,-1.0
191,236,4,-1.0
191,237,4,-1.0
191,238,4,-1.0
191,239,4,-1.0
191,240,4,-1.0
191,241,4,-1.0
191,242,4,-1.0
191,243,4,-1.0
191,244,4,-1.0
191,245,4,-1.0
191,246,4,-1.0
191,247,4,-1.0
191,248,4,-1.0
191,249,4,-1.0
191,250,4,-1.0
192,0,3,107.14048
192,1,3,107.14259
192,2,3,107.14892
192,3,3,107.15947
192,4,3,107.17425
192,5,3,107.19327
192,6,3,107.21653
192,7,3,107.24405
192,8,3,107.27583
192,9,3,107.31186
192,10,3,107.3521
192,11,3,107.39665
192,12,3,107.44552
192,13,3,107.49875
192,14,3,107.55627
192,15,3,107.61809
192,16,3,107.68432
192,17,3,107.75502
192,18,3,107.82997
192,19,3,107.90942
192,20,3,107.99341
192,21,3,108.08172
192,22,3,108.17467
192,23,3,108.2721
192,24,3,108.37411
192,25,3,108.48076
192,26,3,108.59198
192,27,3,108.70795
192,28,3,108.82855
192,29,3,108.95396
192,30,3,109.08413
192,31,3,109.21912
192,32,3,109.35908
192,33,3,109.50381
192,34,3,109.65361
192,35,3,109.80845
192,36,3,109.96827
192,37,3,110.13328
192,38,3,110.30353
192,39,3,110.47893
192,40,3,110.65963
192,41,3,110.84574
192,42,3,111.03731
192,43,3,111.23439
192,44,3,111.43701
192,45,3,111.64524
192,46,3,111.85921
192,47,3,112.07899
192,48,3,112.30466
192,49,3,112.53631
192,50,3,112.77401
192,51,3,113.01787
192,52,3,113.26798
192,53,3,113.52444
192,54,3,113.78737
192,55,3,114.05677
192,56,3,114.33283
192,57,3,114.61568
192,58,3,114.90546
192,59,3,115.20231
192,60,3,115.50615
192,61,3,115.81732
192,62,3,116.13598
192,63,3,116.46207
192,64,3,116.79591
192,65,3,117.13763
192,66,3,117.48728
192,67,3,117.8452
192,68,3,118.21135
192,69,3,118.58609
192,70,3,118.96951
192,71,3,119.36179
192,72,3,119.76325
192,73,3,120.17391
192,74,3,120.59409
192,75,3,121.02404
192,76,3,121.46398
192,77,3,121.91411
192,78,3,122.37464
192,79,3,122.84592
192,80,3,123.32819
192,81,3,123.82175
192,82,3,124.32689
192,83,3,124.84393
192,84,3,125.37318
192,85,3,125.9149
192,86,3,126.46953
192,87,3,127.03748
192,88,3,127.61911
192,89,3,128.21468
192,90,3,128.82483
192,91,3,129.44981
192,92,3,130.09025
192,93,3,130.74646
192,94,3,131.41915
192,95,3,132.10867
192,96,3,132.81564
192,97,3,133.5407
192,98,3,134.28444
192,99,3,135.0475
192,100,3,135.83057
192,101,3,136.63435
192,102,3,137.45964
192,103,3,138.30725
192,104,3,139.17807
192,105,3,140.07279
192,106,3,140.99262
192,107,3,141.9384
192,108,3,142.91134
192,109,3,143.91236
192,110,3,144.94284
192,111,3,146.00403
192,112,3,147.09725
192,113,3,148.22395
192,114,3,149.38569
192,115,3,150.58416
192,116,3,151.82104
192,117,3,153.09824
192,118,3,154.41781
192,119,3,155.78196
192,120,3,157.19293
192,121,3,158.65326
192,122,3,160.16566
192,123,3,161.73301
192,124,3,163.3586
192,125,3,165.04574
192,126,3,166.79824
192,127,3,168.62008
192,128,3,170.51561
192,129,3,172.48967
192,130,3,174.54765
192,131,3,176.69517
192,132,3,178.9387
192,133,3,181.28518
192,134,3,183.7424
192,135,3,186.3189
192,136,3,189.02429
192,137,3,191.86915
192,138,3,194.86544
192,139,3,198.02665
192,140,3,201.36783
192,141,3,204.90613
192,142,3,208.66111
192,143,3,212.65502
192,144,3,216.91352
192,145,3,221.46619
192,146,3,226.3476
192,147,3,231.5978
192,148,3,237.26445
192,149,3,243.40688
192,150,3,250.19345
192,151,3,257.78495
192,152,3,266.33263
192,153,3,276.02818
192,154,3,287.11812
192,155,3,299.92501
192,156,3,314.87913
192,157,3,332.56758
192,158,3,353.81285
192,159,3,379.80396
192,160,3,412.32614
192,161,3,454.1881
192,162,2,510.07812
192,163,2,588.4521
192,164,2,706.26966
192,165,2,903.27351
192,166,2,1299.5924
192,167,2,2506.8775
192,168,1,-1.0
192,169,1,-1.0
192,170,1,-1.0
192,171,1,-1.0
192,172,1,-1.0
192,173,1,-1.0
192,174,1,-1.0
192,175,1,-1.0
192,176,1,-1.0
192,177,1,-1.0
192,178,1,-1.0
192,179,1,-1.0
192,180,1,-1.0
192,181,1,-1.0
192,182,1,-1.0
192,183,1,-1.0
192,184,1,-1.0
192,185,1,-1.0
192,186,1,-1.0
192,187,1,-1.0
192,188,4,-1.0
192,189,4,-1.0
192,190,4,-1.0
192,191,4,-1.0
192,192,4,-1.0
192,193,4,-1.0
192,194,4,-1.0
192,195,4,-1.0
192,196,4,-1.0
192,197,4,-1.0
192,198,4,-1.0
192,199,4,-1.0
192,200,4,-1.0
192,201,4,-1.0
192,202,4,-1.0
192,203,4,-1.0
192,204,4,-1.0
192,205,4,-1.0
192,206,4,-1.0
192,207,4,-1.0
192,208,4,-1.0
192,209,4,-1.0
192,210,4,-1.0
192,211,4,-1.0
192,212,4,-1.0
192,213,4,-1.0
192,214,4,-1.0
192,215,4,-1.0
192,216,4,-1.0
192,217,4,-1.0
192,218,4,-1.0
192,219,4,-1.0
192,220,4,-1.0
192,221,4,-1.0
192,222,4,-1.0
192,223,4,-1.0
192,224,4,-1.0
192,225,4,-1.0
192,226,4,-1.0
192,227,4,-1.0
192,228,4,-1.0
192,229,4,-1.0
192,230,4,-1.0
192,231,4,-1.0
192,232,4,-1.0
192,233,4,-1.0
192,234,4,-1.0
192,235,4,-1.0
192,236,4,-1.0
192,237,4,-1.0
192,238,4,-1.0
192,239,4,-1.0
192,240,4,-1.0
192,241,4,-1.0
192,242,4,-1.0
192,243,4,-1.0
192,244,4,-1.0
192,245,4,-1.0
192,246,4,-1.0
192,247,4,-1.0
192,248,4,-1.0
192,249,4,-1.0
192,250,4,-1.0
193,0,3,103.99135
193,1,3,103.99331
193,2,3,103.99918
193,3,3,104.00897
193,4,3,104.02267
193,5,3,104.04027
193,6,3,104.06177
193,7,3,104.0872
193,8,3,104.11657
193,9,3,104.14991
193,10,3,104.18722
193,11,3,104.22852
193,12,3,104.27373
193,13,3,104.32292
193,14,3,104.37614
193,15,3,104.43344
193,16,3,104.49471
193,17,3,104.56001
193,18,3,104.62945
193,19,3,104.70298
193,20,3,104.78055
193,21,3,104.86237
193,22,3,104.94826
193,23,3,105.03838
193,24,3,105.13275
193,25,3,105.23128
193,26,3,105.33421
193,27,3,105.4413
193,28,3,105.55288
193,29,3,105.66869
193,30,3,105.78902
193,31,3,105.91373
193,32,3,106.04295
193,33,3,106.17677
193,34,3,106.31503
193,35,3,106.45799
193,36,3,106.60563
193,37,3,106.75789
193,38,3,106.91496
193,39,3,107.0769
193,40,3,107.24363
193,41,3,107.41526
193,42,3,107.59191
193,43,3,107.77361
193,44,3,107.96043
193,45,3,108.15242
193,46,3,108.34958
193,47,3,108.55204
193,48,3,108.7599
193,49,3,108.9732
193,50,3,109.19204
193,51,3,109.41649
193,52,3,109.64663
193,53,3,109.88255
193,54,3,110.12435
193,55,3,110.37206
193,56,3,110.6258
193,57,3,110.88571
193,58,3,111.1519
193,59,3,111.42448
193,60,3,111.7035
193,61,3,111.98905
193,62,3,112.28136
193,63,3,112.58054
193,64,3,112.88655
193,65,3,113.19975
193,66,3,113.52011
193,67,3,113.84786
193,68,3,114.18312
193,69,3,114.52604
193,70,3,114.87677
193,71,3,115.23554
193,72,3,115.60237
193,73,3,115.97762
193,74,3,116.36138
193,75,3,116.75378
193,76,3,117.15514
193,77,3,117.56565
193,78,3,117.9855
193,79,3,118.41485
193,80,3,118.85399
193,81,3,119.30317
193,82,3,119.76265
193,83,3,120.23268
193,84,3,120.71356
193,85,3,121.20552
193,86,3,121.70885
193,87,3,122.22393
193,88,3,122.75109
193,89,3,123.29068
193,90,3,123.84289
193,91,3,124.40832
193,92,3,124.98721
193,93,3,125.58005
193,94,3,126.18718
193,95,3,126.80921
193,96,3,127.44634
193,97,3,128.09929
193,98,3,128.76854
193,99,3,129.4546
193,100,3,130.15803
193,101,3,130.87941
193,102,3,131.6194
193,103,3,132.37863
193,104,3,133.15784
193,105,3,133.9578
193,106,3,134.77931
193,107,3,135.62302
193,108,3,136.49002
193,109,3,137.38105
193,110,3,138.29727
193,111,3,139.23956
193,112,3,140.20906
193,113,3,141.20697
193,114,3,142.23454
193,115,3,143.29309
193,116,3,144.38406
193,117,3,145.50878
193,118,3,146.66909
193,119,3,147.86657
193,120,3,149.1032
193,121,3,150.38075
193,122,3,151.70149
193,123,3,153.0677
193,124,3,154.48186
193,125,3,155.94646
193,126,3,157.46459
193,127,3,159.03921
193,128,3,160.67379
193,129,3,162.37194
193,130,3,164.13765
193,131,3,165.97533
193,132,3,167.88967
193,133,3,169.886
193,134,3,171.96993
193,135,3,174.1478
193,136,3,176.42663
193,137,3,178.81423
193,138,3,181.31912
193,139,3,183.95085
193,140,3,186.72025
193,141,3,189.63925
193,142,3,192.72151
193,143,3,195.98236
193,144,3,199.43925
193,145,3,203.11204
193,146,3,207.02368
193,147,3,211.20061
193,148,3,215.67344
193,149,3,220.47803
193,150,3,225.65654
193,151,3,231.30203
193,152,3,237.57774
193,153,3,244.59754
193,154,3,252.5012
193,155,3,261.46583
193,156,3,271.71919
193,157,3,283.55924
193,158,3,297.38339
193,159,3,313.73379
193,160,3,333.3698
193,161,3,357.38887
193,162,3,387.4382
193,163,3,426.10833
193,164,3,477.72109
193,165,2,550.066
193,166,2,658.75072
193,167,2,840.29483
193,168,2,1204.7925
193,169,2,2309.2151
193,170,1,-1.0
193,171,1,-1.0
193,172,1,-1.0
193,173,1,-1.0
193,174,1,-1.0
193,175,1,-1.0
193,176,1,-1.0
193,177,1,-1.0
193,178,1,-1.0
193,179,1,-1.0
193,180,1,-1.0
193,181,1,-1.0
193,182,1,-1.0
193,183,1,-1.0
193,184,1,-1.0
193,185,1,-1.0
193,186,1,-1.0
193,187,1,-1.0
193,188,1,-1.0
193,189,4,-1.0
193,190,4,-1.0
193,191,4,-1.0
193,192,4,-1.0
193,193,4,-1.0
193,194,4,-1.0
193,195,4,-1.0
193,196,4,-1.0
193,197,4,-1.0
193,198,4,-1.0
193,199,4,-1.0
193,200,4,-1.0
193,201,4,-1.0
193,202,4,-1.0
193,203,4,-1.0
193,204,4,-1.0
193,205,4,-1.0
193,206,4,-1.0
193,207,4,-1.0
193,208,4,-1.0
193,209,4,-1.0
193,210,4,-1.0
193,211,4,-1.0
193,212,4,-1.0
193,213,4,-1.0
193,214,4,-1.0
193,215,4,-1.0
193,216,4,-1.0
193,217,4,-1.0
193,218,4,-1.0
193,219,4,-1.0
193,220,4,-1.0
193,221,4,-1.0
193,222,4,-1.0
193,223,4,-1.0
193,224,4,-1.0
193,225,4,-1.0
193,226,4,-1.0
193,227,4,-1.0
193,228,4,-1.0
193,229,4,-1.0
193,230,4,-1.0
193,231,4,-1.0
193,232,4,-1.0
193,233,4,-1.0
193,234,4,-1.0
193,235,4,-1.0
193,236,4,-1.0
193,237,4,-1.0
193,238,4,-1.0
193,239,4,-1.0
193,240,4,-1.0
193,241,4,-1.0
193,242,4,-1.0
193,243,4,-1.0
193,244,4,-1.0
193,245,4,-1.0
193,246,4,-1.0
193,247,4,-1.0
193,248,4,-1.0
193,249,4,-1.0
193,250,4,-1.0
194,0,3,100.95067
194,1,3,100.95248
194,2,3,100.9579
194,3,3,100.96694
194,4,3,100.97961
194,5,3,100.99591
194,6,3,101.01584
194,7,3,101.03942
194,8,3,101.06665
194,9,3,101.09748
194,10,3,101.13195
194,11,3,101.1701
194,12,3,101.21196
194,13,3,101.25755
194,14,3,101.30678
194,15,3,101.3597
194,16,3,101.41639
194,17,3,101.4769
194,18,3,101.54103
194,19,3,101.609
194,20,3,101.68086
194,21,3,101.75639
194,22,3,101.83585
194,23,3,101.91919
194,24,3,102.00635
194,25,3,102.09755
194,26,3,102.19253
194,27,3,102.29164
194,28,3,102.39459
194,29,3,102.50174
194,30,3,102.61278
194,31,3,102.72804
194,32,3,102.84735
194,33,3,102.97086
194,34,3,103.09862
194,35,3,103.23051
194,36,3,103.36677
194,37,3,103.50737
194,38,3,103.65224
194,39,3,103.80158
194,40,3,103.95542
194,41,3,104.11374
194,42,3,104.27657
194,43,3,104.44405
194,44,3,104.61621
194,45,3,104.79311
194,46,3,104.9748
194,47,3,105.16134
194,48,3,105.35273
194,49,3,105.54911
194,50,3,105.75053
194,51,3,105.95707
194,52,3,106.1688
194,53,3,106.38579
194,54,3,106.60813
194,55,3,106.83583
194,56,3,107.06904
194,57,3,107.30783
194,58,3,107.55232
194,59,3,107.80261
194,60,3,108.05879
194,61,3,108.32082
194,62,3,108.58895
194,63,3,108.86332
194,64,3,109.14392
194,65,3,109.4309
194,66,3,109.72449
194,67,3,110.02458
194,68,3,110.33154
194,69,3,110.64533
194,70,3,110.96623
194,71,3,111.29421
194,72,3,111.62964
194,73,3,111.97241
194,74,3,112.32288
194,75,3,112.68121
194,76,3,113.04739
194,77,3,113.42176
194,78,3,113.80449
194,79,3,114.19576
194,80,3,114.59577
194,81,3,115.00465
194,82,3,115.42269
194,83,3,115.85011
194,84,3,116.28714
194,85,3,116.73404
194,86,3,117.191
194,87,3,117.65832
194,88,3,118.1363
194,89,3,118.62525
194,90,3,119.12547
194,91,3,119.63712
194,92,3,120.16073
194,93,3,120.69654
194,94,3,121.24492
194,95,3,121.80626
194,96,3,122.38097
194,97,3,122.96937
194,98,3,123.57201
194,99,3,124.18933
194,100,3,124.8217
194,101,3,125.46967
194,102,3,126.1338
194,103,3,126.81462
194,104,3,127.51272
194,105,3,128.22871
194,106,3,128.96313
194,107,3,129.71678
194,108,3,130.49042
194,109,3,131.2846
194,110,3,132.10037
194,111,3,132.93831
194,112,3,133.79952
194,113,3,134.68491
194,114,3,135.59542
194,115,3,136.53213
194,116,3,137.4962
194,117,3,138.48878
194,118,3,139.51121
194,119,3,140.56492
194,120,3,141.65124
194,121,3,142.77189
194,122,3,143.92835
194,123,3,145.12256
194,124,3,146.35643
194,125,3,147.63202
194,126,3,148.9516
194,127,3,150.31744
194,128,3,151.73231
194,129,3,153.19888
194,130,3,154.7203
194,131,3,156.29985
194,132,3,157.94115
194,133,3,159.64812
194,134,3,161.42501
194,135,3,163.27656
194,136,3,165.20796
194,137,3,167.22491
194,138,3,169.33357
194,139,3,171.54105
194,140,3,173.85494
194,141,3,176.28384
194,142,3,178.83749
194,143,3,181.52646
194,144,3,184.36299
194,145,3,187.36073
194,146,3,190.53531
194,147,3,193.90451
194,148,3,197.48853
194,149,3,201.311
194,150,3,205.399
194,151,3,209.78438
194,152,3,214.51383
194,153,3,219.72498
194,154,3,225.52
194,155,3,232.00213
194,156,3,239.30043
194,157,3,247.57842
194,158,3,257.04644
194,159,3,267.97958
194,160,3,280.74478
194,161,3,295.84258
194,162,3,313.97401
194,163,3,336.15217
194,164,3,363.89753
194,165,3,399.60101
194,166,3,447.25087
194,167,2,514.03396
194,168,2,614.34634
194,169,2,781.85804
194,170,2,1117.9957
194,171,2,2134.9379
194,172,1,-1.0
194,173,1,-1.0
194,174,1,-1.0
194,175,1,-1.0
194,176,1,-1.0
194,177,1,-1.0
194,178,1,-1.0
194,179,1,-1.0
194,180,1,-1.0
194,181,1,-1.0
194,182,1,-1.0
194,183,1,-1.0
194,184,1,-1.0
194,185,1,-1.0
194,186,1,-1.0
194,187,1,-1.0
194,188,1,-1.0
194,189,1,-1.0
194,190,4,-1.0
194,191,4,-1.0
194,192,4,-1.0
194,193,4,-1.0
194,194,4,-1.0
194,195,4,-1.0
194,196,4,-1.0
194,197,4,-1.0
194,198,4,-1.0
194,199,4,-1.0
194,200,4,-1.0
194,201,4,-1.0
194,202,4,-1.0
194,203,4,-1.0
194,204,4,-1.0
194,205,4,-1.0
194,206,4,-1.0
194,207,4,-1.0
194,208,4,-1.0
194,209,4,-1.0
194,210,4,-1.0
194,211,4,-1.0
194,212,4,-1.0
194,213,4,-1.0
194,214,4,-1.0
194,215,4,-1.0
194,216,4,-1.0
194,217,4,-1.0
194,218,4,-1.0
194,219,4,-1.0
194,220,4,-1.0
194,221,4,-1.0
194,222,4,-1.0
194,223,4,-1.0
194,224,4,-1.0
194,225,4,-1.0
194,226,4,-1.0
194,227,4,-1.0
194,228,4,-1.0
194,229,4,-1.0
194,230,4,-1.0
194,231,4,-1.0
194,232,4,-1.0
194,233,4,-1.0
194,234,4,-1.0
194,235,4,-1.0
194,236,4,-1.0
194,237,4,-1.0
194,238,4,-1.0
194,239,4,-1.0
194,240,4,-1.0
194,241,4,-1.0
194,242,4,-1.0
194,243,4,-1.0
194,244,4,-1.0
194,245,4,-1.0
194,246,4,-1.0
194,247,4,-1.0
194,248,4,-1.0
194,249,4,-1.0
194,250,4,-1.0
195,0,3,98.013808
195,1,3,98.015484
195,2,3,98.020512
195,3,3,98.028868
195,4,3,98.040568
195,5,3,98.055619
195,6,3,98.07403
195,7,3,98.095807
195,8,3,98.120961
195,9,3,98.149504
195,10,3,98.181448
195,11,3,98.21679
195,12,3,98.255443
195,13,3,98.297534
195,14,3,98.343081
195,15,3,98.392106
195,16,3,98.444484
195,17,3,98.500334
195,18,3,98.559722
195,19,3,98.622574
195,20,3,98.688887
195,21,3,98.758812
195,22,3,98.832217
195,23,3,98.909196
195,24,3,98.989833
195,25,3,99.073961
195,26,3,99.161858
195,27,3,99.253267
195,28,3,99.348497
195,29,3,99.447306
195,30,3,99.550001
195,31,3,99.656299
195,32,3,99.766525
195,33,3,99.8805
195,34,3,99.998364
195,35,3,100.12019
195,36,3,100.24582
195,37,3,100.3755
195,38,3,100.50925
195,39,3,100.64691
195,40,3,100.78871
195,41,3,100.93469
195,42,3,101.08486
195,43,3,101.23915
195,44,3,101.39775
195,45,3,101.56069
195,46,3,101.72802
195,47,3,101.89977
195,48,3,102.07601
195,49,3,102.25679
195,50,3,102.44216
195,51,3,102.63217
195,52,3,102.82691
195,53,3,103.02643
195,54,3,103.23079
195,55,3,103.44008
195,56,3,103.65436
195,57,3,103.87372
195,58,3,104.09824
195,59,3,104.32802
195,60,3,104.56313
195,61,3,104.80358
195,62,3,105.04951
195,63,3,105.30107
195,64,3,105.55835
195,65,3,105.82128
195,66,3,106.09017
195,67,3,106.36506
195,68,3,106.64598
195,69,3,106.93322
195,70,3,107.22665
195,71,3,107.52666
195,72,3,107.83312
195,73,3,108.14638
195,74,3,108.46646
195,75,3,108.79349
195,76,3,109.12773
195,77,3,109.46922
195,78,3,109.8181
195,79,3,110.17463
195,80,3,110.53896
195,81,3,110.91126
195,82,3,111.29169
195,83,3,111.68044
195,84,3,112.0777
195,85,3,112.48372
195,86,3,112.89866
195,87,3,113.32277
195,88,3,113.7563
195,89,3,114.1995
195,90,3,114.65264
195,91,3,115.11597
195,92,3,115.58966
195,93,3,116.07416
195,94,3,116.56969
195,95,3,117.07655
195,96,3,117.59513
195,97,3,118.12574
195,98,3,118.66869
195,99,3,119.22448
195,100,3,119.79341
195,101,3,120.37587
195,102,3,120.97236
195,103,3,121.58333
195,104,3,122.20924
195,105,3,122.85061
195,106,3,123.50797
195,107,3,124.18189
195,108,3,124.87285
195,109,3,125.58157
195,110,3,126.30877
195,111,3,127.0549
195,112,3,127.82097
195,113,3,128.60753
195,114,3,129.41549
195,115,3,130.24573
195,116,3,131.09913
195,117,3,131.97666
195,118,3,132.87934
195,119,3,133.8083
195,120,3,134.76474
195,121,3,135.74973
195,122,3,136.76483
195,123,3,137.81124
195,124,3,138.89064
195,125,3,140.0046
195,126,3,141.15486
195,127,3,142.34329
195,128,3,143.57196
195,129,3,144.84293
195,130,3,146.15868
195,131,3,147.52159
195,132,3,148.93453
195,133,3,150.40046
195,134,3,151.92264
195,135,3,153.50447
195,136,3,155.14998
195,137,3,156.86332
195,138,3,158.64908
195,139,3,160.51239
195,140,3,162.45893
195,141,3,164.49486
195,142,3,166.62701
195,143,3,168.86309
195,144,3,171.21175
195,145,3,173.6825
195,146,3,176.28611
195,147,3,179.03488
195,148,3,181.94252
195,149,3,185.02481
195,150,3,188.29982
195,151,3,191.78834
195,152,3,195.51432
195,153,3,199.50589
195,154,3,203.84901
195,155,3,208.65354
195,156,3,213.99657
195,157,3,219.97334
195,158,3,226.70293
195,159,3,234.33625
195,160,3,243.06737
195,161,3,253.15017
195,162,3,264.92332
195,163,3,278.84883
195,164,3,295.57385
195,165,3,316.03371
195,166,3,341.63242
195,167,3,374.57817
195,168,3,418.55528
195,169,3,480.20505
195,170,2,572.83672
195,171,2,727.59957
195,172,2,1038.4388
195,173,2,1981.1214
195,174,1,-1.0
195,175,1,-1.0
195,176,1,-1.0
195,177,1,-1.0
195,178,1,-1.0
195,179,1,-1.0
195,180,1,-1.0
195,181,1,-1.0
195,182,1,-1.0
195,183,1,-1.0
195,184,1,-1.0
195,185,1,-1.0
195,186,1,-1.0
195,187,1,-1.0
195,188,1,-1.0
195,189,1,-1.0
195,190,1,-1.0
195,191,4,-1.0
195,192,4,-1.0
195,193,4,-1.0
195,194,4,-1.0
195,195,4,-1.0
195,196,4,-1.0
195,197,4,-1.0
195,198,4,-1.0
195,199,4,-1.0
195,200,4,-1.0
195,201,4,-1.0
195,202,4,-1.0
195,203,4,-1.0
195,204,4,-1.0
195,205,4,-1.0
195,206,4,-1.0
195,207,4,-1.0
195,208,4,-1.0
195,209,4,-1.0
195,210,4,-1.0
195,211,4,-1.0
195,212,4,-1.0
195,213,4,-1.0
195,214,4,-1.0
195,215,4,-1.0
195,216,4,-1.0
195,217,4,-1.0
195,218,4,-1.0
195,219,4,-1.0
195,220,4,-1.0
195,221,4,-1.0
195,222,4,-1.0
195,223,4,-1.0
195,224,4,-1.0
195,225,4,-1.0
195,226,4,-1.0
195,227,4,-1.0
195,228,4,-1.0
195,229,4,-1.0
195,230,4,-1.0
195,231,4,-1.0
195,232,4,-1.0
195,233,4,-1.0
195,234,4,-1.0
195,235,4,-1.0
195,236,4,-1.0
195,237,4,-1.0
195,238,4,-1.0
195,239,4,-1.0
195,240,4,-1.0
195,241,4,-1.0
195,242,4,-1.0
195,243,4,-1.0
195,244,4,-1.0
195,245,4,-1.0
195,246,4,-1.0
195,247,4,-1.0
195,248,4,-1.0
195,249,4,-1.0
195,250,4,-1.0
196,0,3,95.175975
196,1,3,95.177522
196,2,3,95.182166
196,3,3,95.189906
196,4,3,95.200748
196,5,3,95.214696
196,6,3,95.231757
196,7,3,95.251935
196,8,3,95.275158
196,9,3,95.301508
196,10,3,95.330997
196,11,3,95.363639
196,12,3,95.399448
196,13,3,95.438412
196,14,3,95.48045
196,15,3,95.525695
196,16,3,95.574168
196,17,3,95.625835
196,18,3,95.68063
196,19,3,95.738711
196,20,3,95.800069
196,21,3,95.864568
196,22,3,95.932426
196,23,3,96.003551
196,24,3,96.077949
196,25,3,96.155771
196,26,3,96.2368
196,27,3,96.321337
196,28,3,96.409132
196,29,3,96.500471
196,30,3,96.595121
196,31,3,96.693377
196,32,3,96.794975
196,33,3,96.900202
196,34,3,97.00893
196,35,3,97.12123
196,36,3,97.237227
196,37,3,97.356742
196,38,3,97.479984
196,39,3,97.606998
196,40,3,97.737681
196,41,3,97.872148
196,42,3,98.010479
196,43,3,98.152706
196,44,3,98.298803
196,45,3,98.448813
196,46,3,98.602838
196,47,3,98.76092
196,48,3,98.923101
196,49,3,99.089426
196,50,3,99.259943
196,51,3,99.434704
196,52,3,99.613761
196,53,3,99.797171
196,54,3,99.984994
196,55,3,100.17729
196,56,3,100.37413
196,57,3,100.57558
196,58,3,100.78171
196,59,3,100.9926
196,60,3,101.20833
196,61,3,101.4289
196,62,3,101.65441
196,63,3,101.88501
196,64,3,102.12079
196,65,3,102.36171
196,66,3,102.60794
196,67,3,102.85965
196,68,3,103.11674
196,69,3,103.3795
196,70,3,103.64792
196,71,3,103.92214
196,72,3,104.20228
196,73,3,104.48844
196,74,3,104.78071
196,75,3,105.07933
196,76,3,105.3842
196,77,3,105.69564
196,78,3,106.0138
196,79,3,106.33866
196,80,3,106.67046
196,81,3,107.00938
196,82,3,107.35556
196,83,3,107.70914
196,84,3,108.07031
196,85,3,108.43922
196,86,3,108.81605
196,87,3,109.20101
196,88,3,109.59429
196,89,3,109.99611
196,90,3,110.40668
196,91,3,110.82626
196,92,3,111.25502
196,93,3,111.69317
196,94,3,112.14109
196,95,3,112.59895
196,96,3,113.06704
196,97,3,113.54568
196,98,3,114.03514
196,99,3,114.53572
196,100,3,115.04785
196,101,3,115.57172
196,102,3,116.10777
196,103,3,116.6564
196,104,3,117.21799
196,105,3,117.79295
196,106,3,118.38171
196,107,3,118.98473
196,108,3,119.60252
196,109,3,120.23558
196,110,3,120.88437
196,111,3,121.54952
196,112,3,122.23167
196,113,3,122.9313
196,114,3,123.64921
196,115,3,124.38608
196,116,3,125.14253
196,117,3,125.91945
196,118,3,126.71765
196,119,3,127.53802
196,120,3,128.38148
196,121,3,129.249
196,122,3,130.1416
196,123,3,131.06057
196,124,3,132.00685
196,125,3,132.98194
196,126,3,133.98714
196,127,3,135.0239
196,128,3,136.09376
196,129,3,137.19845
196,130,3,138.33983
196,131,3,139.51974
196,132,3,140.74042
196,133,3,142.00401
196,134,3,143.31306
196,135,3,144.67022
196,136,3,146.07834
196,137,3,147.54075
196,138,3,149.06068
196,139,3,150.64204
196,140,3,152.28898
196,141,3,154.00592
196,142,3,155.79806
196,143,3,157.67074
196,144,3,159.63018
196,145,3,161.68318
196,146,3,163.83739
196,147,3,166.10129
196,148,3,168.48451
196,149,3,170.99769
196,150,3,173.65321
196,151,3,176.46487
196,152,3,179.44869
196,153,3,182.62296
196,154,3,186.00879
196,155,3,189.6468
196,156,3,193.64416
196,157,3,198.06648
196,158,3,202.9848
196,159,3,208.4869
196,160,3,214.68258
196,161,3,221.71095
196,162,3,229.751
196,163,3,239.03689
196,164,3,249.88105
196,165,3,262.70981
196,166,3,278.1205
196,167,3,296.97675
196,168,3,320.57548
196,169,3,350.95743
196,170,3,391.52983
196,171,3,448.43972
196,172,2,534.02076
196,173,2,677.19219
196,174,2,965.45613
196,175,2,1845.441
196,176,1,-1.0
196,177,1,-1.0
196,178,1,-1.0
196,179,1,-1.0
196,180,1,-1.0
196,181,1,-1.0
196,182,1,-1.0
196,183,1,-1.0
196,184,1,-1.0
196,185,1,-1.0
196,186,1,-1.0
196,187,1,-1.0
196,188,1,-1.0
196,189,1,-1.0
196,190,1,-1.0
196,191,1,-1.0
196,192,4,-1.0
196,193,4,-1.0
196,194,4,-1.0
196,195,4,-1.0
196,196,4,-1.0
196,197,4,-1.0
196,198,4,-1.0
196,199,4,-1.0
196,200,4,-1.0
196,201,4,-1.0
196,202,4,-1.0
196,203,4,-1.0
196,204,4,-1.0
196,205,4,-1.0
196,206,4,-1.0
196,207,4,-1.0
196,208,4,-1.0
196,209,4,-1.0
196,210,4,-1.0
196,211,4,-1.0
196,212,4,-1.0
196,213,4,-1.0
196,214,4,-1.0
196,215,4,-1.0
196,216,4,-1.0
196,217,4,-1.0
196,218,4,-1.0
196,219,4,-1.0
196,220,4,-1.0
196,221,4,-1.0
196,222,4,-1.0
196,223,4,-1.0
196,224,4,-1.0
196,225,4,-1.0
196,226,4,-1.0
196,227,4,-1.0
196,228,4,-1.0
196,229,4,-1.0
196,230,4,-1.0
196,231,4,-1.0
196,232,4,-1.0
196,233,4,-1.0
196,234,4,-1.0
196,235,4,-1.0
196,236,4,-1.0
196,237,4,-1.0
196,238,4,-1.0
196,239,4,-1.0
196,240,4,-1.0
196,241,4,-1.0
196,242,4,-1.0
196,243,4,-1.0
196,244,4,-1.0
196,245,4,-1.0
196,246,4,-1.0
196,247,4,-1.0
196,248,4,-1.0
196,249,4,-1.0
196,250,4,-1.0
197,0,3,92.433052
197,1,3,92.43448
197,2,3,92.438766
197,3,3,92.44591
197,4,3,92.455917
197,5,3,92.468791
197,6,3,92.484536
197,7,3,92.50316
197,8,3,92.524671
197,9,3,92.549079
197,10,3,92.576334
197,11,3,92.606453
197,12,3,92.639494
197,13,3,92.675469
197,14,3,92.714396
197,15,3,92.75619
197,16,3,92.800904
197,17,3,92.848612
197,18,3,92.899332
197,19,3,92.952895
197,20,3,93.009509
197,21,3,93.069191
197,22,3,93.131751
197,23,3,93.19743
197,24,3,93.266146
197,25,3,93.337889
197,26,3,93.412803
197,27,3,93.490693
197,28,3,93.571844
197,29,3,93.655985
197,30,3,93.743443
197,31,3,93.833932
197,32,3,93.927759
197,33,3,94.024725
197,34,3,94.125003
197,35,3,94.228583
197,36,3,94.335407
197,37,3,94.445654
197,38,3,94.55923
197,39,3,94.676181
197,40,3,94.796621
197,41,3,94.920547
197,42,3,95.047881
197,43,3,95.178789
197,44,3,95.3133
197,45,3,95.451444
197,46,3,95.593205
197,47,3,95.738622
197,48,3,95.887788
197,49,3,96.04074
197,50,3,96.19752
197,51,3,96.358171
197,52,3,96.522739
197,53,3,96.691272
197,54,3,96.863821
197,55,3,97.040439
197,56,3,97.221184
197,57,3,97.406115
197,58,3,97.595294
197,59,3,97.788787
197,60,3,97.986663
197,61,3,98.18889
197,62,3,98.395623
197,63,3,98.60695
197,64,3,98.822955
197,65,3,99.04362
197,66,3,99.26905
197,67,3,99.499414
197,68,3,99.734686
197,69,3,99.974976
197,70,3,100.22047
197,71,3,100.47105
197,72,3,100.72708
197,73,3,100.98836
197,74,3,101.25528
197,75,3,101.52769
197,76,3,101.80588
197,77,3,102.08992
197,78,3,102.37983
197,79,3,102.67585
197,80,3,102.97811
197,81,3,103.28659
197,82,3,103.60154
197,83,3,103.92309
197,84,3,104.25139
197,85,3,104.58657
197,86,3,104.92879
197,87,3,105.2782
197,88,3,105.63498
197,89,3,105.9993
197,90,3,106.37135
197,91,3,106.75132
197,92,3,107.13944
197,93,3,107.53578
197,94,3,107.94067
197,95,3,108.35437
197,96,3,108.77697
197,97,3,109.20883
197,98,3,109.65016
197,99,3,110.10123
197,100,3,110.56228
197,101,3,111.0337
197,102,3,111.51563
197,103,3,112.00849
197,104,3,112.5126
197,105,3,113.02831
197,106,3,113.55595
197,107,3,114.09591
197,108,3,114.64857
197,109,3,115.21437
197,110,3,115.79375
197,111,3,116.3872
197,112,3,116.99508
197,113,3,117.61802
197,114,3,118.25652
197,115,3,118.91116
197,116,3,119.58247
197,117,3,120.27118
197,118,3,120.97792
197,119,3,121.70338
197,120,3,122.44828
197,121,3,123.21343
197,122,3,123.99968
197,123,3,124.80796
197,124,3,125.6392
197,125,3,126.49435
197,126,3,127.37456
197,127,3,128.28099
197,128,3,129.21483
197,129,3,130.17736
197,130,3,131.17001
197,131,3,132.19431
197,132,3,133.25196
197,133,3,134.34453
197,134,3,135.47408
197,135,3,136.64257
197,136,3,137.85217
197,137,3,139.10529
197,138,3,140.40459
197,139,3,141.75273
197,140,3,143.15292
197,141,3,144.60847
197,142,3,146.12306
197,143,3,147.70074
197,144,3,149.34594
197,145,3,151.06354
197,146,3,152.85896
197,147,3,154.7383
197,148,3,156.70824
197,149,3,158.77635
197,150,3,160.95097
197,151,3,163.24171
197,152,3,165.65927
197,153,3,168.21595
197,154,3,170.92566
197,155,3,173.80456
197,156,3,176.87236
197,157,3,180.20756
197,158,3,183.8801
197,159,3,187.94344
197,160,3,192.46299
197,161,3,197.51959
197,162,3,203.21435
197,163,3,209.67545
197,164,3,217.06779
197,165,3,225.60724
197,166,3,235.58186
197,167,3,247.38493
197,168,3,261.56772
197,169,3,278.92769
197,170,3,300.66321
197,171,3,328.66156
197,172,3,366.07707
197,173,3,418.60869
197,174,3,497.71401
197,175,2,630.34061
197,176,2,898.46612
197,177,2,1726.0759
197,178,1,-1.0
197,179,1,-1.0
197,180,1,-1.0
197,181,1,-1.0
197,182,1,-1.0
197,183,1,-1.0
197,184,1,-1.0
197,185,1,-1.0
197,186,1,-1.0
197,187,1,-1.0
197,188,1,-1.0
197,189,1,-1.0
197,190,1,-1.0
197,191,1,-1.0
197,192,1,-1.0
197,193,4,-1.0
197,194,4,-1.0
197,195,4,-1.0
197,196,4,-1.0
197,197,4,-1.0
197,198,4,-1.0
197,199,4,-1.0
197,200,4,-1.0
197,201,4,-1.0
197,202,4,-1.0
197,203,4,-1.0
197,204,4,-1.0
197,205,4,-1.0
197,206,4,-1.0
197,207,4,-1.0
197,208,4,-1.0
197,209,4,-1.0
197,210,4,-1.0
197,211,4,-1.0
197,212,4,-1.0
197,213,4,-1.0
197,214,4,-1.0
197,215,4,-1.0
197,216,4,-1.0
197,217,4,-1.0
197,218,4,-1.0
197,219,4,-1.0
197,220,4,-1.0
197,221,4,-1.0
197,222,4,-1.0
197,223,4,-1.0
197,224,4,-1.0
197,225,4,-1.0
197,226,4,-1.0
197,227,4,-1.0
197,228,4,-1.0
197,229,4,-1.0
197,230,4,-1.0
197,231,4,-1.0
197,232,4,-1.0
197,233,4,-1.0
197,234,4,-1.0
197,235,4,-1.0
197,236,4,-1.0
197,237,4,-1.0
197,238,4,-1.0
197,239,4,-1.0
197,240,4,-1.0
197,241,4,-1.0
197,242,4,-1.0
197,243,4,-1.0
197,244,4,-1.0
197,245,4,-1.0
197,246,4,-1.0
197,247,4,-1.0
197,248,4,-1.0
197,249,4,-1.0
197,250,4,-1.0
198,0,3,89.780828
198,1,3,89.782151
198,2,3,89.78612
198,3,3,89.792713
198,4,3,89.801944
198,5,3,89.81382
198,6,3,89.828345
198,7,3,89.845525
198,8,3,89.865368
198,9,3,89.887882
198,10,3,89.913077
198,11,3,89.940963
198,12,3,89.97145
198,13,3,90.004628
198,14,3,90.040525
198,15,3,90.079158
198,16,3,90.120477
198,17,3,90.164462
198,18,3,90.211226
198,19,3,90.260788
198,20,3,90.312973
198,21,3,90.367987
198,22,3,90.425835
198,23,3,90.486354
198,24,3,90.549771
198,25,3,90.61597
198,26,3,90.685004
198,27,3,90.756935
198,28,3,90.831665
198,29,3,90.909371
198,30,3,90.989888
198,31,3,91.073421
198,32,3,91.159828
198,33,3,91.249251
198,34,3,91.341662
198,35,3,91.437052
198,36,3,91.53557
198,37,3,91.637036
198,38,3,91.741645
198,39,3,91.849435
198,40,3,91.960249
198,41,3,92.074283
198,42,3,92.191563
198,43,3,92.312068
198,44,3,92.435775
198,45,3,92.562811
198,46,3,92.693203
198,47,3,92.826978
198,48,3,92.964168
198,49,3,93.104756
198,50,3,93.248819
198,51,3,93.396414
198,52,3,93.54758
198,53,3,93.702358
198,54,3,93.860791
198,55,3,94.022926
198,56,3,94.188811
198,57,3,94.358497
198,58,3,94.532037
198,59,3,94.709488
198,60,3,94.890833
198,61,3,95.076191
198,62,3,95.265632
198,63,3,95.459223
198,64,3,95.657036
198,65,3,95.859033
198,66,3,96.065349
198,67,3,96.276105
198,68,3,96.491302
198,69,3,96.710986
198,70,3,96.935362
198,71,3,97.164326
198,72,3,97.398122
198,73,3,97.636728
198,74,3,97.880302
198,75,3,98.128859
198,76,3,98.382607
198,77,3,98.641458
198,78,3,98.9057
198,79,3,99.175347
198,80,3,99.450458
198,81,3,99.731242
198,82,3,100.0178
198,83,3,100.31019
198,84,3,100.60853
198,85,3,100.91299
198,86,3,101.2237
198,87,3,101.5408
198,88,3,101.86441
198,89,3,102.1947
198,90,3,102.53181
198,91,3,102.87591
198,92,3,103.22718
198,93,3,103.5857
198,94,3,103.95172
198,95,3,104.32546
198,96,3,104.70711
198,97,3,105.09673
198,98,3,105.49474
198,99,3,105.90119
198,100,3,106.31644
198,101,3,106.74058
198,102,3,107.17403
198,103,3,107.61692
198,104,3,108.06954
198,105,3,108.53224
198,106,3,109.00528
198,107,3,109.48897
198,108,3,109.98363
198,109,3,110.48959
198,110,3,111.00722
198,111,3,111.5369
198,112,3,112.07906
198,113,3,112.63409
198,114,3,113.20234
198,115,3,113.78445
198,116,3,114.38069
198,117,3,114.99176
198,118,3,115.61809
198,119,3,116.26024
198,120,3,116.91887
198,121,3,117.59459
198,122,3,118.28807
198,123,3,119.00003
198,124,3,119.73123
198,125,3,120.48237
198,126,3,121.25447
198,127,3,122.04828
198,128,3,122.86489
198,129,3,123.70528
198,130,3,124.57051
198,131,3,125.46177
198,132,3,126.38031
198,133,3,127.32752
198,134,3,128.30487
198,135,3,129.31382
198,136,3,130.35611
198,137,3,131.43355
198,138,3,132.54809
198,139,3,133.70188
198,140,3,134.89707
198,141,3,136.13635
198,142,3,137.42234
198,143,3,138.758
198,144,3,140.1466
198,145,3,141.59175
198,146,3,143.09735
198,147,3,144.66765
198,148,3,146.30747
198,149,3,148.02222
198,150,3,149.81771
198,151,3,151.70052
198,152,3,153.6782
198,153,3,155.75895
198,154,3,157.95217
198,155,3,160.26873
198,156,3,162.7207
198,157,3,165.32223
198,158,3,168.11273
198,159,3,171.17071
198,160,3,174.53836
198,161,3,178.26485
198,162,3,182.41032
198,163,3,187.04913
198,164,3,192.27431
198,165,3,198.20381
198,166,3,204.9895
198,167,3,212.83018
198,168,3,221.99134
198,169,3,232.83561
198,170,3,245.87163
198,171,3,261.83581
198,172,3,281.83577
198,173,3,307.61799
198,174,3,342.10588
198,175,3,390.59195
198,176,3,463.74693
198,177,2,586.77771
198,178,2,836.96025
198,179,2,1621.6519
198,180,1,-1.0
198,181,1,-1.0
198,182,1,-1.0
198,183,1,-1.0
198,184,1,-1.0
198,185,1,-1.0
198,186,1,-1.0
198,187,1,-1.0
198,188,1,-1.0
198,189,1,-1.0
198,190,1,-1.0
198,191,1,-1.0
198,192,1,-1.0
198,193,1,-1.0
198,194,4,-1.0
198,195,4,-1.0
198,196,4,-1.0
198,197,4,-1.0
198,198,4,-1.0
198,199,4,-1.0
198,200,4,-1.0
198,201,4,-1.0
198,202,4,-1.0
198,203,4,-1.0
198,204,4,-1.0
198,205,4,-1.0
198,206,4,-1.0
198,207,4,-1.0
198,208,4,-1.0
198,209,4,-1.0
198,210,4,-1.0
198,211,4,-1.0
198,212,4,-1.0
198,213,4,-1.0
198,214,4,-1.0
198,215,4,-1.0
198,216,4,-1.0
198,217,4,-1.0
198,218,4,-1.0
198,219,4,-1.0
198,220,4,-1.0
198,221,4,-1.0
198,222,4,-1.0
198,223,4,-1.0
198,224,4,-1.0
198,225,4,-1.0
198,226,4,-1.0
198,227,4,-1.0
198,228,4,-1.0
198,229,4,-1.0
198,230,4,-1.0
198,231,4,-1.0
198,232,4,-1.0
198,233,4,-1.0
198,234,4,-1.0
198,235,4,-1.0
198,236,4,-1.0
198,237,4,-1.0
198,238,4,-1.0
198,239,4,-1.0
198,240,4,-1.0
198,241,4,-1.0
198,242,4,-1.0
198,243,4,-1.0
198,244,4,-1.0
198,245,4,-1.0
198,246,4,-1.0
198,247,4,-1.0
198,248,4,-1.0
198,249,4,-1.0
198,250,4,-1.0
199,0,3,87.21522
199,1,3,87.21644
199,2,3,87.220099
199,3,3,87.226201
199,4,3,87.234746
199,5,3,87.24574
199,6,3,87.259159
199,7,3,87.274999
199,8,3,87.293294
199,9,3,87.314051
199,10,3,87.337279
199,11,3,87.362988
199,12,3,87.391187
199,13,3,87.421807
199,14,3,87.454894
199,15,3,87.490501
199,16,3,87.528643
199,17,3,87.569257
199,18,3,87.612347
199,19,3,87.658013
199,20,3,87.706241
199,21,3,87.756919
199,22,3,87.810225
199,23,3,87.866103
199,24,3,87.924504
199,25,3,87.985594
199,26,3,88.049187
199,27,3,88.115477
199,28,3,88.184368
199,29,3,88.255933
199,30,3,88.330161
199,31,3,88.407086
199,32,3,88.486699
199,33,3,88.569079
199,34,3,88.654136
199,35,3,88.742058
199,36,3,88.832647
199,37,3,88.92611
199,38,3,89.02243
199,39,3,89.121518
199,40,3,89.223546
199,41,3,89.328517
199,42,3,89.43631
199,43,3,89.547102
199,44,3,89.660912
199,45,3,89.77776
199,46,3,89.897561
199,47,3,90.020455
199,48,3,90.146472
199,49,3,90.275638
199,50,3,90.407983
199,51,3,90.543538
199,52,3,90.682336
199,53,3,90.824411
199,54,3,90.969801
199,55,3,91.118546
199,56,3,91.270685
199,57,3,91.426262
199,58,3,91.585324
199,59,3,91.747919
199,60,3,91.914096
199,61,3,92.083909
199,62,3,92.257413
199,63,3,92.434667
199,64,3,92.61569
199,65,3,92.800497
199,66,3,92.989232
199,67,3,93.181966
199,68,3,93.378663
199,69,3,93.579426
199,70,3,93.784402
199,71,3,93.993502
199,72,3,94.206924
199,73,3,94.424696
199,74,3,94.646869
199,75,3,94.873568
199,76,3,95.104827
199,77,3,95.340739
199,78,3,95.581453
199,79,3,95.826899
199,80,3,96.077331
199,81,3,96.332809
199,82,3,96.593308
199,83,3,96.859054
199,84,3,97.130139
199,85,3,97.40666
199,86,3,97.688719
199,87,3,97.976388
199,88,3,98.269831
199,89,3,98.569176
199,90,3,98.874554
199,91,3,99.186099
199,92,3,99.503904
199,93,3,99.828143
199,94,3,100.15898
199,95,3,100.4966
199,96,3,100.84116
199,97,3,101.1927
199,98,3,101.55154
199,99,3,101.91785
199,100,3,102.29172
199,101,3,102.67349
199,102,3,103.06321
199,103,3,103.46122
199,104,3,103.86775
199,105,3,104.28289
199,106,3,104.70702
199,107,3,105.14037
199,108,3,105.5832
199,109,3,106.03578
199,110,3,106.49841
199,111,3,106.97138
199,112,3,107.45504
199,113,3,107.94974
199,114,3,108.45584
199,115,3,108.97358
199,116,3,109.50354
199,117,3,110.04601
199,118,3,110.60152
199,119,3,111.17038
199,120,3,111.75321
199,121,3,112.35048
199,122,3,112.9627
199,123,3,113.59044
199,124,3,114.2343
199,125,3,114.89493
199,126,3,115.57303
199,127,3,116.26924
199,128,3,116.98438
199,129,3,117.71921
199,130,3,118.47465
199,131,3,119.25157
199,132,3,120.05093
199,133,3,120.87378
199,134,3,121.72125
199,135,3,122.5946
199,136,3,123.49496
199,137,3,124.42386
199,138,3,125.38271
199,139,3,126.3731
199,140,3,127.39674
199,141,3,128.45557
199,142,3,129.55158
199,143,3,130.68699
199,144,3,131.86415
199,145,3,133.08566
199,146,3,134.35442
199,147,3,135.67357
199,148,3,137.04654
199,149,3,138.47709
199,150,3,139.96948
199,151,3,141.52825
199,152,3,143.15866
199,153,3,144.86647
199,154,3,146.65806
199,155,3,148.54078
199,156,3,150.52275
199,157,3,152.61337
199,158,3,154.82322
199,159,3,157.17
199,160,3,159.72142
199,161,3,162.51941
199,162,3,165.60119
199,163,3,169.0119
199,164,3,172.80679
199,165,3,177.05414
199,166,3,181.83946
199,167,3,187.27122
199,168,3,193.4891
199,169,3,200.67608
199,170,3,209.07668
199,171,3,219.0251
199,172,3,230.99056
199,173,3,245.65305
199,174,3,264.03661
199,175,3,287.75845
199,176,3,319.53102
199,177,3,364.2779
199,178,3,431.96339
199,179,2,546.26145
199,180,2,780.49452
199,181,2,1531.2184
199,182,1,-1.0
199,183,1,-1.0
199,184,1,-1.0
199,185,1,-1.0
199,186,1,-1.0
199,187,1,-1.0
199,188,1,-1.0
199,189,1,-1.0
199,190,1,-1.0
199,191,1,-1.0
199,192,1,-1.0
199,193,1,-1.0
199,194,1,-1.0
199,195,1,-1.0
199,196,4,-1.0
199,197,4,-1.0
199,198,4,-1.0
199,199,4,-1.0
199,200,4,-1.0
199,201,4,-1.0
199,202,4,-1.0
199,203,4,-1.0
199,204,4,-1.0
199,205,4,-1.0
199,206,4,-1.0
199,207,4,-1.0
199,208,4,-1.0
199,209,4,-1.0
199,210,4,-1.0
199,211,4,-1.0
199,212,4,-1.0
199,213,4,-1.0
199,214,4,-1.0
199,215,4,-1.0
199,216,4,-1.0
199,217,4,-1.0
199,218,4,-1.0
199,219,4,-1.0
199,220,4,-1.0
199,221,4,-1.0
199,222,4,-1.0
199,223,4,-1.0
199,224,4,-1.0
199,225,4,-1.0
199,226,4,-1.0
199,227,4,-1.0
199,228,4,-1.0
199,229,4,-1.0
199,230,4,-1.0
199,231,4,-1.0
199,232,4,-1.0
199,233,4,-1.0
199,234,4,-1.0
199,235,4,-1.0
199,236,4,-1.0
199,237,4,-1.0
199,238,4,-1.0
199,239,4,-1.0
199,240,4,-1.0
199,241,4,-1.0
199,242,4,-1.0
199,243,4,-1.0
199,244,4,-1.0
199,245,4,-1.0
199,246,4,-1.0
199,247,4,-1.0
199,248,4,-1.0
199,249,4,-1.0
199,250,4,-1.0
200,0,3,84.732557
200,1,3,84.733681
200,2,3,84.737054
200,3,3,84.742677
200,4,3,84.750553
200,5,3,84.760685
200,6,3,84.773076
200,7,3,84.787728
200,8,3,84.804586
200,9,3,84.823713
200,10,3,84.845115
200,11,3,84.868803
200,12,3,84.894785
200,13,3,84.923073
200,14,3,84.953563
200,15,3,84.986363
200,16,3,85.021496
200,17,3,85.058977
200,18,3,85.098682
200,19,3,85.140736
200,20,3,85.185177
200,21,3,85.231909
200,22,3,85.280984
200,23,3,85.332496
200,24,3,85.386288
200,25,3,85.442512
200,26,3,85.50115
200,27,3,85.562144
200,28,3,85.625652
200,29,3,85.691481
200,30,3,85.759888
200,31,3,85.830628
200,32,3,85.903974
200,33,3,85.979707
200,34,3,86.058042
200,35,3,86.138863
200,36,3,86.222244
200,37,3,86.308255
200,38,3,86.39675
200,39,3,86.487927
200,40,3,86.581754
200,41,3,86.678155
200,42,3,86.777283
200,43,3,86.87915
200,44,3,86.983676
200,45,3,87.090947
200,46,3,87.201021
200,47,3,87.313916
200,48,3,87.429654
200,49,3,87.548198
200,50,3,87.669625
200,51,3,87.79398
200,52,3,87.92129
200,53,3,88.051586
200,54,3,88.184899
200,55,3,88.321262
200,56,3,88.460709
200,57,3,88.603278
200,58,3,88.749008
200,59,3,88.89794
200,60,3,89.050117
200,61,3,89.205584
200,62,3,89.364389
200,63,3,89.526505
200,64,3,89.692035
200,65,3,89.861048
200,66,3,90.0336
200,67,3,90.209716
200,68,3,90.389375
200,69,3,90.572748
200,70,3,90.759889
200,71,3,90.950703
200,72,3,91.145434
200,73,3,91.344036
200,74,3,91.546597
200,75,3,91.75321
200,76,3,91.963886
200,77,3,92.178747
200,78,3,92.397848
200,79,3,92.621223
200,80,3,92.849056
200,81,3,93.081277
200,82,3,93.318063
200,83,3,93.559522
200,84,3,93.805704
200,85,3,94.056634
200,86,3,94.312491
200,87,3,94.573365
200,88,3,94.839347
200,89,3,95.11054
200,90,3,95.387048
200,91,3,95.668982
200,92,3,95.956462
200,93,3,96.249611
200,94,3,96.548562
200,95,3,96.853455
200,96,3,97.164394
200,97,3,97.481484
200,98,3,97.80496
200,99,3,98.134976
200,100,3,98.471552
200,101,3,98.815042
200,102,3,99.165442
200,103,3,99.523108
200,104,3,99.888021
200,105,3,100.26055
200,106,3,100.64086
200,107,3,101.02905
200,108,3,101.42545
200,109,3,101.83028
200,110,3,102.24376
200,111,3,102.66615
200,112,3,103.0977
200,113,3,103.53869
200,114,3,103.98944
200,115,3,104.45021
200,116,3,104.92128
200,117,3,105.40309
200,118,3,105.89589
200,119,3,106.40013
200,120,3,106.9161
200,121,3,107.4443
200,122,3,107.98514
200,123,3,108.53903
200,124,3,109.10645
200,125,3,109.68794
200,126,3,110.28397
200,127,3,110.89515
200,128,3,111.52212
200,129,3,112.16542
200,130,3,112.82582
200,131,3,113.5039
200,132,3,114.20054
200,133,3,114.9165
200,134,3,115.65265
200,135,3,116.4099
200,136,3,117.18928
200,137,3,117.99171
200,138,3,118.81849
200,139,3,119.6707
200,140,3,120.5497
200,141,3,121.45691
200,142,3,122.3938
200,143,3,123.36201
200,144,3,124.36336
200,145,3,125.39976
200,146,3,126.47327
200,147,3,127.58617
200,148,3,128.74105
200,149,3,129.94048
200,150,3,131.18757
200,151,3,132.48563
200,152,3,133.83818
200,153,3,135.24939
200,154,3,136.72369
200,155,3,138.26612
200,156,3,139.88219
200,157,3,141.57823
200,158,3,143.36133
200,159,3,145.23954
200,160,3,147.2221
200,161,3,149.35402
200,162,3,151.68299
200,163,3,154.23743
200,164,3,157.05146
200,165,3,160.16648
200,166,3,163.63311
200,167,3,167.51404
200,168,3,171.88775
200,169,3,176.85384
200,170,3,182.54069
200,171,3,189.11657
200,172,3,196.80652
200,173,3,205.91839
200,174,3,216.88487
200,175,3,230.33382
200,176,3,247.21227
200,177,3,269.01866
200,178,3,298.27254
200,179,3,339.56263
200,180,3,402.21936
200,181,3,508.57223
200,182,2,728.68302
200,183,2,1454.2671
200,184,1,-1.0
200,185,1,-1.0
200,186,1,-1.0
200,187,1,-1.0
200,188,1,-1.0
200,189,1,-1.0
200,190,1,-1.0
200,191,1,-1.0
200,192,1,-1.0
200,193,1,-1.0
200,194,1,-1.0
200,195,1,-1.0
200,196,1,-1.0
200,197,4,-1.0
200,198,4,-1.0
200,199,4,-1.0
200,200,4,-1.0
200,201,4,-1.0
200,202,4,-1.0
200,203,4,-1.0
200,204,4,-1.0
200,205,4,-1.0
200,206,4,-1.0
200,207,4,-1.0
200,208,4,-1.0
200,209,4,-1.0
200,210,4,-1.0
200,211,4,-1.0
200,212,4,-1.0
200,213,4,-1.0
200,214,4,-1.0
200,215,4,-1.0
200,216,4,-1.0
200,217,4,-1.0
200,218,4,-1.0
200,219,4,-1.0
200,220,4,-1.0
200,221,4,-1.0
200,222,4,-1.0
200,223,4,-1.0
200,224,4,-1.0
200,225,4,-1.0
200,226,4,-1.0
200,227,4,-1.0
200,228,4,-1.0
200,229,4,-1.0
200,230,4,-1.0
200,231,4,-1.0
200,232,4,-1.0
200,233,4,-1.0
200,234,4,-1.0
200,235,4,-1.0
200,236,4,-1.0
200,237,4,-1.0
200,238,4,-1.0
200,239,4,-1.0
200,240,4,-1.0
200,241,4,-1.0
200,242,4,-1.0
200,243,4,-1.0
200,244,4,-1.0
200,245,4,-1.0
200,246,4,-1.0
200,247,4,-1.0
200,248,4,-1.0
200,249,4,-1.0
200,250,4,-1.0
201,0,3,82.329178
201,1,3,82.330214
201,2,3,82.333321
201,3,3,82.3385
201,4,3,82.345755
201,5,3,82.355087
201,6,3,82.3665
201,7,3,82.379999
201,8,3,82.395548
201,9,3,82.413162
201,10,3,82.432872
201,11,3,82.454685
201,12,3,82.47861
201,13,3,82.504657
201,14,3,82.532764
201,15,3,82.562961
201,16,3,82.595305
201,17,3,82.629808
201,18,3,82.666397
201,19,3,82.705101
201,20,3,82.746001
201,21,3,82.789055
201,22,3,82.834208
201,23,3,82.881601
201,24,3,82.931143
201,25,3,82.982859
201,26,3,83.036856
201,27,3,83.092945
201,28,3,83.151362
201,29,3,83.211933
201,30,3,83.274821
201,31,3,83.339913
201,32,3,83.407341
201,33,3,83.476991
201,34,3,83.549037
201,35,3,83.623287
201,36,3,83.699967
201,37,3,83.778944
201,38,3,83.860298
201,39,3,83.944107
201,40,3,84.030211
201,41,3,84.118788
201,42,3,84.209857
201,43,3,84.303319
201,44,3,84.39927
201,45,3,84.497761
201,46,3,84.598806
201,47,3,84.702356
201,48,3,84.808466
201,49,3,84.917193
201,50,3,85.028559
201,51,3,85.142584
201,52,3,85.259293
201,53,3,85.378709
201,54,3,85.500859
201,55,3,85.625771
201,56,3,85.753474
201,57,3,85.884
201,58,3,86.017381
201,59,3,86.153653
201,60,3,86.292852
201,61,3,86.435016
201,62,3,86.580186
201,63,3,86.728405
201,64,3,86.879716
201,65,3,87.034168
201,66,3,87.191737
201,67,3,87.352493
201,68,3,87.51653
201,69,3,87.683906
201,70,3,87.854537
201,71,3,88.028592
201,72,3,88.206153
201,73,3,88.387091
201,74,3,88.571661
201,75,3,88.759788
201,76,3,88.951605
201,77,3,89.147117
201,78,3,89.346441
201,79,3,89.549556
201,80,3,89.75666
201,81,3,89.967641
201,82,3,90.182709
201,83,3,90.401938
201,84,3,90.625283
201,85,3,90.852905
201,86,3,91.084895
201,87,3,91.321327
201,88,3,91.562276
201,89,3,91.807812
201,90,3,92.058018
201,91,3,92.313018
201,92,3,92.572909
201,93,3,92.837793
201,94,3,93.10774
201,95,3,93.382876
201,96,3,93.66333
201,97,3,93.949228
201,98,3,94.240708
201,99,3,94.537816
201,100,3,94.840725
201,101,3,95.149645
201,102,3,95.464556
201,103,3,95.78578
201,104,3,96.113317
201,105,3,96.447482
201,106,3,96.788271
201,107,3,97.135977
201,108,3,97.490777
201,109,3,97.852824
201,110,3,98.222275
201,111,3,98.599392
201,112,3,98.984384
201,113,3,99.377474
201,114,3,99.778899
201,115,3,100.18887
201,116,3,100.60764
201,117,3,101.03553
201,118,3,101.47284
201,119,3,101.91973
201,120,3,102.37668
201,121,3,102.84385
201,122,3,103.32171
201,123,3,103.8106
201,124,3,104.31086
201,125,3,104.82287
201,126,3,105.3471
201,127,3,105.88397
201,128,3,106.43392
201,129,3,106.99751
201,130,3,107.57527
201,131,3,108.16765
201,132,3,108.77536
201,133,3,109.39899
201,134,3,110.03914
201,135,3,110.69659
201,136,3,111.37209
201,137,3,112.06637
201,138,3,112.78038
201,139,3,113.51502
201,140,3,114.27127
201,141,3,115.05014
201,142,3,115.85283
201,143,3,116.68056
201,144,3,117.53455
201,145,3,118.41636
201,146,3,119.32743
201,147,3,120.26948
201,148,3,121.24433
201,149,3,122.25395
201,150,3,123.30044
201,151,3,124.38622
201,152,3,125.51388
201,153,3,126.68629
201,154,3,127.90646
201,155,3,129.17801
201,156,3,130.50476
201,157,3,131.89095
201,158,3,133.34145
201,159,3,134.86164
201,160,3,136.45755
201,161,3,138.13613
201,162,3,139.92062
201,163,3,141.86166
201,164,3,143.98249
201,165,3,146.30908
201,166,3,148.87265
201,167,3,151.71108
201,168,3,154.87073
201,169,3,158.40903
201,170,3,162.39792
201,171,3,166.92878
201,172,3,172.11944
201,173,3,178.12449
201,174,3,185.15089
201,175,3,193.48204
201,176,3,203.51681
201,177,3,215.83485
201,178,3,231.31213
201,179,3,251.33797
201,180,3,278.25543
201,181,3,316.3492
201,182,3,374.38174
201,183,3,473.51059
201,184,2,681.19338
201,185,2,1390.8046
201,186,1,-1.0
201,187,1,-1.0
201,188,1,-1.0
201,189,1,-1.0
201,190,1,-1.0
201,191,1,-1.0
201,192,1,-1.0
201,193,1,-1.0
201,194,1,-1.0
201,195,1,-1.0
201,196,1,-1.0
201,197,1,-1.0
201,198,4,-1.0
201,199,4,-1.0
201,200,4,-1.0
201,201,4,-1.0
201,202,4,-1.0
201,203,4,-1.0
201,204,4,-1.0
201,205,4,-1.0
201,206,4,-1.0
201,207,4,-1.0
201,208,4,-1.0
201,209,4,-1.0
201,210,4,-1.0
201,211,4,-1.0
201,212,4,-1.0
201,213,4,-1.0
201,214,4,-1.0
201,215,4,-1.0
201,216,4,-1.0
201,217,4,-1.0
201,218,4,-1.0
201,219,4,-1.0
201,220,4,-1.0
201,221,4,-1.0
201,222,4,-1.0
201,223,4,-1.0
201,224,4,-1.0
201,225,4,-1.0
201,226,4,-1.0
201,227,4,-1.0
201,228,4,-1.0
201,229,4,-1.0
201,230,4,-1.0
201,231,4,-1.0
201,232,4,-1.0
201,233,4,-1.0
201,234,4,-1.0
201,235,4,-1.0
201,236,4,-1.0
201,237,4,-1.0
201,238,4,-1.0
201,239,4,-1.0
201,240,4,-1.0
201,241,4,-1.0
201,242,4,-1.0
201,243,4,-1.0
201,244,4,-1.0
201,245,4,-1.0
201,246,4,-1.0
201,247,4,-1.0
201,248,4,-1.0
201,249,4,-1.0
201,250,4,-1.0
202,0,3,80.001579
202,1,3,80.002532
202,2,3,80.005392
202,3,3,80.01016
202,4,3,80.016838
202,5,3,80.025428
202,6,3,80.035934
202,7,3,80.048353
202,8,3,80.062642
202,9,3,80.078853
202,10,3,80.096993
202,11,3,80.117067
202,12,3,80.139085
202,13,3,80.163054
202,14,3,80.188895
202,15,3,80.216679
202,16,3,80.246435
202,17,3,80.278178
202,18,3,80.311821
202,19,3,80.347421
202,20,3,80.385039
202,21,3,80.424626
202,22,3,80.466147
202,23,3,80.509723
202,24,3,80.55527
202,25,3,80.60281
202,26,3,80.652451
202,27,3,80.703998
202,28,3,80.757679
202,29,3,80.813347
202,30,3,80.871121
202,31,3,80.930933
202,32,3,80.99286
202,33,3,81.056846
202,34,3,81.122995
202,35,3,81.191191
202,36,3,81.261613
202,37,3,81.334087
202,38,3,81.40878
202,39,3,81.485672
202,40,3,81.564692
202,41,3,81.64598
202,42,3,81.729508
202,43,3,81.815213
202,44,3,81.903223
202,45,3,81.993549
202,46,3,82.086145
202,47,3,82.181033
202,48,3,82.278286
202,49,3,82.377919
202,50,3,82.479949
202,51,3,82.584395
202,52,3,82.691231
202,53,3,82.80052
202,54,3,82.912297
202,55,3,83.026583
202,56,3,83.143405
202,57,3,83.262789
202,58,3,83.384762
202,59,3,83.509354
202,60,3,83.636595
202,61,3,83.766519
202,62,3,83.899159
202,63,3,84.034501
202,64,3,84.172611
202,65,3,84.31354
202,66,3,84.457331
202,67,3,84.604025
202,68,3,84.753618
202,69,3,84.906129
202,70,3,85.061678
202,71,3,85.220309
202,72,3,85.381922
202,73,3,85.546724
202,74,3,85.714702
202,75,3,85.885858
202,76,3,86.060354
202,77,3,86.238073
202,78,3,86.419254
202,79,3,86.603768
202,80,3,86.791823
202,81,3,86.983387
202,82,3,87.178527
202,83,3,87.377373
202,84,3,87.579883
202,85,3,87.786166
202,86,3,87.996324
202,87,3,88.210414
202,88,3,88.428472
202,89,3,88.650557
202,90,3,88.876788
202,91,3,89.107239
202,92,3,89.341989
202,93,3,89.58112
202,94,3,89.824722
202,95,3,90.072887
202,96,3,90.325714
202,97,3,90.583255
202,98,3,90.845629
202,99,3,91.112978
202,100,3,91.385425
202,101,3,91.662991
202,102,3,91.945858
202,103,3,92.23418
202,104,3,92.527968
202,105,3,92.827493
202,106,3,93.132763
202,107,3,93.444002
202,108,3,93.761378
202,109,3,94.084923
202,110,3,94.414892
202,111,3,94.751449
202,112,3,95.094754
202,113,3,95.444983
202,114,3,95.802322
202,115,3,96.166972
202,116,3,96.539145
202,117,3,96.919072
202,118,3,97.306948
202,119,3,97.702979
202,120,3,98.10752
202,121,3,98.520693
202,122,3,98.942922
202,123,3,99.37432
202,124,3,99.815315
202,125,3,100.2662
202,126,3,100.72729
202,127,3,101.19892
202,128,3,101.68147
202,129,3,102.17533
202,130,3,102.68092
202,131,3,103.19868
202,132,3,103.729
202,133,3,104.27245
202,134,3,104.82952
202,135,3,105.4007
202,136,3,105.98662
202,137,3,106.5879
202,138,3,107.2052
202,139,3,107.83913
202,140,3,108.49055
202,141,3,109.16017
202,142,3,109.84892
202,143,3,110.55766
202,144,3,111.28736
202,145,3,112.03909
202,146,3,112.81405
202,147,3,113.61332
202,148,3,114.43835
202,149,3,115.29054
202,150,3,116.17144
202,151,3,117.08275
202,152,3,118.02631
202,153,3,119.00413
202,154,3,120.01847
202,155,3,121.07166
202,156,3,122.16649
202,157,3,123.30587
202,158,3,124.49311
202,159,3,125.73183
202,160,3,127.02614
202,161,3,128.38064
202,162,3,129.80041
202,163,3,131.29748
202,164,3,132.91642
202,165,3,134.67913
202,166,3,136.60548
202,167,3,138.71919
202,168,3,141.04876
202,169,3,143.62881
202,170,3,146.50171
202,171,3,149.72001
202,172,3,153.34954
202,173,3,157.47401
202,174,3,162.20146
202,175,3,167.67378
202,176,3,174.08109
202,177,3,181.68413
202,178,3,190.8504
202,179,3,202.11497
202,180,3,216.28824
202,181,3,234.65912
202,182,3,259.40917
202,183,3,294.54709
202,184,3,348.32741
202,185,3,440.89544
202,186,2,637.74422
202,187,2,1341.5146
202,188,1,-1.0
202,189,1,-1.0
202,190,1,-1.0
202,191,1,-1.0
202,192,1,-1.0
202,193,1,-1.0
202,194,1,-1.0
202,195,1,-1.0
202,196,1,-1.0
202,197,1,-1.0
202,198,1,-1.0
202,199,4,-1.0
202,200,4,-1.0
202,201,4,-1.0
202,202,4,-1.0
202,203,4,-1.0
202,204,4,-1.0
202,205,4,-1.0
202,206,4,-1.0
202,207,4,-1.0
202,208,4,-1.0
202,209,4,-1.0
202,210,4,-1.0
202,211,4,-1.0
202,212,4,-1.0
202,213,4,-1.0
202,214,4,-1.0
202,215,4,-1.0
202,216,4,-1.0
202,217,4,-1.0
202,218,4,-1.0
202,219,4,-1.0
202,220,4,-1.0
202,221,4,-1.0
202,222,4,-1.0
202,223,4,-1.0
202,224,4,-1.0
202,225,4,-1.0
202,226,4,-1.0
202,227,4,-1.0
202,228,4,-1.0
202,229,4,-1.0
202,230,4,-1.0
202,231,4,-1.0
202,232,4,-1.0
202,233,4,-1.0
202,234,4,-1.0
202,235,4,-1.0
202,236,4,-1.0
202,237,4,-1.0
202,238,4,-1.0
202,239,4,-1.0
202,240,4,-1.0
202,241,4,-1.0
202,242,4,-1.0
202,243,4,-1.0
202,244,4,-1.0
202,245,4,-1.0
202,246,4,-1.0
202,247,4,-1.0
202,248,4,-1.0
202,249,4,-1.0
202,250,4,-1.0
203,0,3,77.746401
203,1,3,77.747278
203,2,3,77.749909
203,3,3,77.754295
203,4,3,77.760438
203,5,3,77.768336
203,6,3,77.777959
203,7,3,77.789339
203,8,3,77.802481
203,9,3,77.817391
203,10,3,77.834074
203,11,3,77.852536
203,12,3,77.872785
203,13,3,77.894765
203,14,3,77.918506
203,15,3,77.944052
203,16,3,77.971411
203,17,3,78.000561
203,18,3,78.031445
203,19,3,78.064169
203,20,3,78.098744
203,21,3,78.135057
203,22,3,78.173212
203,23,3,78.213253
203,24,3,78.255037
203,25,3,78.29871
203,26,3,78.344252
203,27,3,78.391593
203,28,3,78.440892
203,29,3,78.491955
203,30,3,78.544998
203,31,3,78.599858
203,32,3,78.656698
203,33,3,78.715379
203,34,3,78.776075
203,35,3,78.838606
203,36,3,78.903178
203,37,3,78.969642
203,38,3,79.038113
203,39,3,79.108605
203,40,3,79.181022
203,41,3,79.255511
203,42,3,79.332043
203,43,3,79.410554
203,44,3,79.491167
203,45,3,79.57389
203,46,3,79.658658
203,47,3,79.745525
203,48,3,79.834543
203,49,3,79.925724
203,50,3,80.019081
203,51,3,80.114594
203,52,3,80.212292
203,53,3,80.312224
203,54,3,80.414408
203,55,3,80.518863
203,56,3,80.62561
203,57,3,80.734671
203,58,3,80.84607
203,59,3,80.95983
203,60,3,81.075978
203,61,3,81.194542
203,62,3,81.31555
203,63,3,81.439032
203,64,3,81.565022
203,65,3,81.693497
203,66,3,81.824519
203,67,3,81.958144
203,68,3,82.09441
203,69,3,82.233357
203,70,3,82.374905
203,71,3,82.519207
203,72,3,82.666313
203,73,3,82.816152
203,74,3,82.968843
203,75,3,83.124452
203,76,3,83.282892
203,77,3,83.444379
203,78,3,83.608769
203,79,3,83.776302
203,80,3,83.946821
203,81,3,84.120562
203,82,3,84.297433
203,83,3,84.477556
203,84,3,84.661018
203,85,3,84.847745
203,86,3,85.037892
203,87,3,85.231521
203,88,3,85.428682
203,89,3,85.629376
203,90,3,85.833703
203,91,3,86.041745
203,92,3,86.253564
203,93,3,86.469228
203,94,3,86.688809
203,95,3,86.91238
203,96,3,87.140023
203,97,3,87.371823
203,98,3,87.607848
203,99,3,87.848144
203,100,3,88.092865
203,101,3,88.342115
203,102,3,88.595938
203,103,3,88.854429
203,104,3,89.117785
203,105,3,89.385944
203,106,3,89.659216
203,107,3,89.937514
203,108,3,90.221125
203,109,3,90.510105
203,110,3,90.804544
203,111,3,91.104644
203,112,3,91.410531
203,113,3,91.722341
203,114,3,92.040219
203,115,3,92.364319
203,116,3,92.69481
203,117,3,93.031869
203,118,3,93.375688
203,119,3,93.726472
203,120,3,94.084353
203,121,3,94.449575
203,122,3,94.822387
203,123,3,95.202938
203,124,3,95.591524
203,125,3,95.988409
203,126,3,96.393777
203,127,3,96.807943
203,128,3,97.231207
203,129,3,97.663868
203,130,3,98.106251
203,131,3,98.55863
203,132,3,99.021415
203,133,3,99.495023
203,134,3,99.979715
203,135,3,100.47604
203,136,3,100.98439
203,137,3,101.50522
203,138,3,102.03904
203,139,3,102.58634
203,140,3,103.14772
203,141,3,103.72382
203,142,3,104.31518
203,143,3,104.92258
203,144,3,105.54669
203,145,3,106.18827
203,146,3,106.84817
203,147,3,107.52731
203,148,3,108.22668
203,149,3,108.94726
203,150,3,109.6902
203,151,3,110.45674
203,152,3,111.24813
203,153,3,112.0659
203,154,3,112.91153
203,155,3,113.78677
203,156,3,114.6935
203,157,3,115.63371
203,158,3,116.6097
203,159,3,117.62398
203,160,3,118.67926
203,161,3,119.77865
203,162,3,120.92555
203,163,3,122.12384
203,164,3,123.3802
203,165,3,124.73083
203,166,3,126.19667
203,167,3,127.793
203,168,3,129.53792
203,169,3,131.45303
203,170,3,133.56431
203,171,3,135.90332
203,172,3,138.50874
203,173,3,141.42852
203,174,3,144.72286
203,175,3,148.46832
203,176,3,152.76382
203,177,3,157.73941
203,178,3,163.5696
203,179,3,170.49409
203,180,3,178.8513
203,181,3,189.13501
203,182,3,202.09508
203,183,3,218.92799
203,184,3,241.66744
203,185,3,274.07163
203,186,3,323.94232
203,187,3,410.56252
203,188,2,598.10483
203,189,2,1308.0806
203,190,1,-1.0
203,191,1,-1.0
203,192,1,-1.0
203,193,1,-1.0
203,194,1,-1.0
203,195,1,-1.0
203,196,1,-1.0
203,197,1,-1.0
203,198,1,-1.0
203,199,1,-1.0
203,200,4,-1.0
203,201,4,-1.0
203,202,4,-1.0
203,203,4,-1.0
203,204,4,-1.0
203,205,4,-1.0
203,206,4,-1.0
203,207,4,-1.0
203,208,4,-1.0
203,209,4,-1.0
203,210,4,-1.0
203,211,4,-1.0
203,212,4,-1.0
203,213,4,-1.0
203,214,4,-1.0
203,215,4,-1.0
203,216,4,-1.0
203,217,4,-1.0
203,218,4,-1.0
203,219,4,-1.0
203,220,4,-1.0
203,221,4,-1.0
203,222,4,-1.0
203,223,4,-1.0
203,224,4,-1.0
203,225,4,-1.0
203,226,4,-1.0
203,227,4,-1.0
203,228,4,-1.0
203,229,4,-1.0
203,230,4,-1.0
203,231,4,-1.0
203,232,4,-1.0
203,233,4,-1.0
203,234,4,-1.0
203,235,4,-1.0
203,236,4,-1.0
203,237,4,-1.0
203,238,4,-1.0
203,239,4,-1.0
203,240,4,-1.0
203,241,4,-1.0
203,242,4,-1.0
203,243,4,-1.0
203,244,4,-1.0
203,245,4,-1.0
203,246,4,-1.0
203,247,4,-1.0
203,248,4,-1.0
203,249,4,-1.0
203,250,4,-1.0
204,0,3,75.560355
204,1,3,75.561157
204,2,3,75.563565
204,3,3,75.567579
204,4,3,75.573201
204,5,3,75.580433
204,6,3,75.589277
204,7,3,75.599737
204,8,3,75.611816
204,9,3,75.62552
204,10,3,75.640853
204,11,3,75.657785
204,12,3,75.67631
204,13,3,75.696477
204,14,3,75.718292
204,15,3,75.741764
204,16,3,75.766845
204,17,3,75.793538
204,18,3,75.821908
204,19,3,75.851966
204,20,3,75.883613
204,21,3,75.916934
204,22,3,75.951971
204,23,3,75.988627
204,24,3,76.026968
204,25,3,76.067061
204,26,3,76.108738
204,27,3,76.152188
204,28,3,76.197318
204,29,3,76.244162
204,30,3,76.292754
204,31,3,76.343036
204,32,3,76.395105
204,33,3,76.448873
204,34,3,76.50444
204,35,3,76.561749
204,36,3,76.620841
204,37,3,76.681753
204,38,3,76.744401
204,39,3,76.808929
204,40,3,76.875227
204,41,3,76.943365
204,42,3,77.0134
204,43,3,77.085236
204,44,3,77.158948
204,45,3,77.234582
204,46,3,77.312132
204,47,3,77.391527
204,48,3,77.472877
204,49,3,77.556191
204,50,3,77.641482
204,51,3,77.728758
204,52,3,77.817975
204,53,3,77.909214
204,54,3,78.002492
204,55,3,78.097824
204,56,3,78.195226
204,57,3,78.294717
204,58,3,78.396316
204,59,3,78.500045
204,60,3,78.605923
204,61,3,78.713976
204,62,3,78.824225
204,63,3,78.936699
204,64,3,79.051422
204,65,3,79.168424
204,66,3,79.287662
204,67,3,79.40923
204,68,3,79.53316
204,69,3,79.659487
204,70,3,79.788219
204,71,3,79.919326
204,72,3,80.052933
204,73,3,80.189081
204,74,3,80.327658
204,75,3,80.468853
204,76,3,80.612642
204,77,3,80.759029
204,78,3,80.908136
204,79,3,81.059876
204,80,3,81.214422
204,81,3,81.371692
204,82,3,81.531816
204,83,3,81.694812
204,84,3,81.86067
204,85,3,82.029529
204,86,3,82.201378
204,87,3,82.376231
204,88,3,82.554204
204,89,3,82.735339
204,90,3,82.919681
204,91,3,83.107248
204,92,3,83.29811
204,93,3,83.492344
204,94,3,83.690007
204,95,3,83.89116
204,96,3,84.095867
204,97,3,84.304196
204,98,3,84.516194
204,99,3,84.73192
204,100,3,84.951483
204,101,3,85.174969
204,102,3,85.402462
204,103,3,85.633935
204,104,3,85.8696
204,105,3,86.109497
204,106,3,86.353689
204,107,3,86.602323
204,108,3,86.855446
204,109,3,87.113173
204,110,3,87.375658
204,111,3,87.642913
204,112,3,87.915105
204,113,3,88.192363
204,114,3,88.474799
204,115,3,88.762532
204,116,3,89.055691
204,117,3,89.354414
204,118,3,89.65885
204,119,3,89.969156
204,120,3,90.285504
204,121,3,90.607957
204,122,3,90.936798
204,123,3,91.272165
204,124,3,91.614233
204,125,3,91.963195
204,126,3,92.3193
204,127,3,92.682697
204,128,3,93.053621
204,129,3,93.432331
204,130,3,93.81907
204,131,3,94.214101
204,132,3,94.617657
204,133,3,95.030037
204,134,3,95.451606
204,135,3,95.88257
204,136,3,96.323381
204,137,3,96.774305
204,138,3,97.23574
204,139,3,97.708103
204,140,3,98.191813
204,141,3,98.687301
204,142,3,99.195012
204,143,3,99.715548
204,144,3,100.24931
204,145,3,100.79697
204,146,3,101.35911
204,147,3,101.93639
204,148,3,102.52953
204,149,3,103.13921
204,150,3,103.76634
204,151,3,104.41169
204,152,3,105.07627
204,153,3,105.76104
204,154,3,106.46715
204,155,3,107.19577
204,156,3,107.94821
204,157,3,108.72587
204,158,3,109.53034
204,159,3,110.36326
204,160,3,111.22654
204,161,3,112.12218
204,162,3,113.05257
204,163,3,114.02015
204,164,3,115.02775
204,165,3,116.08007
204,166,3,117.2066
204,167,3,118.4256
204,168,3,119.74887
204,169,3,121.19025
204,170,3,122.7662
204,171,3,124.49633
204,172,3,126.40428
204,173,3,128.51877
204,174,3,130.87502
204,175,3,133.51675
204,176,3,136.49885
204,177,3,139.89126
204,178,3,143.7844
204,179,3,148.29733
204,180,3,153.59005
204,181,3,159.8827
204,182,3,167.48672
204,183,3,176.85767
204,184,3,188.68945
204,185,3,204.09338
204,186,3,224.96774
204,187,3,254.84358
204,188,3,301.12073
204,189,3,382.3632
204,190,2,562.09784
204,191,2,1293.8346
204,192,1,-1.0
204,193,1,-1.0
204,194,1,-1.0
204,195,1,-1.0
204,196,1,-1.0
204,197,1,-1.0
204,198,1,-1.0
204,199,1,-1.0
204,200,1,-1.0
204,201,4,-1.0
204,202,4,-1.0
204,203,4,-1.0
204,204,4,-1.0
204,205,4,-1.0
204,206,4,-1.0
204,207,4,-1.0
204,208,4,-1.0
204,209,4,-1.0
204,210,4,-1.0
204,211,4,-1.0
204,212,4,-1.0
204,213,4,-1.0
204,214,4,-1.0
204,215,4,-1.0
204,216,4,-1.0
204,217,4,-1.0
204,218,4,-1.0
204,219,4,-1.0
204,220,4,-1.0
204,221,4,-1.0
204,222,4,-1.0
204,223,4,-1.0
204,224,4,-1.0
204,225,4,-1.0
204,226,4,-1.0
204,227,4,-1.0
204,228,4,-1.0
204,229,4,-1.0
204,230,4,-1.0
204,231,4,-1.0
204,232,4,-1.0
204,233,4,-1.0
204,234,4,-1.0
204,235,4,-1.0
204,236,4,-1.0
204,237,4,-1.0
204,238,4,-1.0
204,239,4,-1.0
204,240,4,-1.0
204,241,4,-1.0
204,242,4,-1.0
204,243,4,-1.0
204,244,4,-1.0
204,245,4,-1.0
204,246,4,-1.0
204,247,4,-1.0
204,248,4,-1.0
204,249,4,-1.0
204,250,4,-1.0
205,0,3,73.440266
205,1,3,73.441003
205,2,3,73.443215
205,3,3,73.446902
205,4,3,73.452065
205,5,3,73.458707
205,6,3,73.46683
205,7,3,73.476427
205,8,3,73.48747
205,9,3,73.499998
205,10,3,73.514015
205,11,3,73.529526
205,12,3,73.546537
205,13,3,73.565054
205,14,3,73.58502
205,15,3,73.606471
205,16,3,73.629444
205,17,3,73.653946
205,18,3,73.679932
205,19,3,73.707395
205,20,3,73.73641
205,21,3,73.766977
205,22,3,73.798981
205,23,3,73.832564
205,24,3,73.867708
205,25,3,73.904319
205,26,3,73.942541
205,27,3,73.982277
205,28,3,74.023577
205,29,3,74.066471
205,30,3,74.110884
205,31,3,74.156944
205,32,3,74.204509
205,33,3,74.253748
205,34,3,74.304511
205,35,3,74.356947
205,36,3,74.410958
205,37,3,74.466615
205,38,3,74.523931
205,39,3,74.582839
205,40,3,74.643465
205,41,3,74.705713
205,42,3,74.769637
205,43,3,74.835293
205,44,3,74.902613
205,45,3,74.971626
205,46,3,75.042394
205,47,3,75.114922
205,48,3,75.189145
205,49,3,75.265128
205,50,3,75.342902
205,51,3,75.422477
205,52,3,75.503864
205,53,3,75.587072
205,54,3,75.672072
205,55,3,75.758925
205,56,3,75.847647
205,57,3,75.938254
205,58,3,76.030761
205,59,3,76.125185
205,60,3,76.221544
205,61,3,76.319858
205,62,3,76.420145
205,63,3,76.522429
205,64,3,76.62673
205,65,3,76.733028
205,66,3,76.841376
205,67,3,76.951808
205,68,3,77.064352
205,69,3,77.179036
205,70,3,77.295849
205,71,3,77.414797
205,72,3,77.535971
205,73,3,77.659406
205,74,3,77.785004
205,75,3,77.912922
205,76,3,78.043165
205,77,3,78.175687
205,78,3,78.310648
205,79,3,78.447913
205,80,3,78.587691
205,81,3,78.729843
205,82,3,78.874569
205,83,3,79.02175
205,84,3,79.171533
205,85,3,79.323937
205,86,3,79.478919
205,87,3,79.636615
205,88,3,79.797055
205,89,3,79.960214
205,90,3,80.126167
205,91,3,80.29498
205,92,3,80.466692
205,93,3,80.641346
205,94,3,80.818987
205,95,3,80.999662
205,96,3,81.183423
205,97,3,81.370324
205,98,3,81.560424
205,99,3,81.753782
205,100,3,81.950465
205,101,3,82.150541
205,102,3,82.353999
205,103,3,82.560972
205,104,3,82.771555
205,105,3,82.985733
205,106,3,83.203639
205,107,3,83.425341
205,108,3,83.65089
205,109,3,83.880387
205,110,3,84.113941
205,111,3,84.351548
205,112,3,84.59339
205,113,3,84.839543
205,114,3,85.090088
205,115,3,85.345089
205,116,3,85.604694
205,117,3,85.86901
205,118,3,86.138148
205,119,3,86.412206
205,120,3,86.691297
205,121,3,86.975582
205,122,3,87.265211
205,123,3,87.560247
205,124,3,87.8609
205,125,3,88.167283
205,126,3,88.479602
205,127,3,88.797926
205,128,3,89.122512
205,129,3,89.453519
205,130,3,89.791126
205,131,3,90.135526
205,132,3,90.486927
205,133,3,90.845559
205,134,3,91.211669
205,135,3,91.585397
205,136,3,91.967131
205,137,3,92.35701
205,138,3,92.755406
205,139,3,93.162588
205,140,3,93.578852
205,141,3,94.004525
205,142,3,94.439966
205,143,3,94.885572
205,144,3,95.341674
205,145,3,95.80877
205,146,3,96.287198
205,147,3,96.777507
205,148,3,97.280193
205,149,3,97.795779
205,150,3,98.324813
205,151,3,98.867976
205,152,3,99.4259
205,153,3,99.999269
205,154,3,100.58885
205,155,3,101.19551
205,156,3,101.82013
205,157,3,102.46368
205,158,3,103.1272
205,159,3,103.81187
205,160,3,104.5189
205,161,3,105.24971
205,162,3,106.0058
205,163,3,106.78881
205,164,3,107.60062
205,165,3,108.44322
205,166,3,109.32112
205,167,3,110.26013
205,168,3,111.27342
205,169,3,112.3701
205,170,3,113.56084
205,171,3,114.85819
205,172,3,116.27704
205,173,3,117.8352
205,174,3,119.55409
205,175,3,121.45979
205,176,3,123.58431
205,177,3,125.96741
205,178,3,128.65909
205,179,3,131.72307
205,180,3,135.24189
205,181,3,139.3244
205,182,3,144.11708
205,183,3,149.82191
205,184,3,156.7253
205,185,3,165.24738
205,186,3,176.03026
205,187,3,190.10681
205,188,3,209.25117
205,189,3,236.78867
205,190,3,279.7646
205,191,3,356.16367
205,192,3,529.60578
205,193,2,1305.1374
205,194,1,-1.0
205,195,1,-1.0
205,196,1,-1.0
205,197,1,-1.0
205,198,1,-1.0
205,199,1,-1.0
205,200,1,-1.0
205,201,1,-1.0
205,202,1,-1.0
205,203,4,-1.0
205,204,4,-1.0
205,205,4,-1.0
205,206,4,-1.0
205,207,4,-1.0
205,208,4,-1.0
205,209,4,-1.0
205,210,4,-1.0
205,211,4,-1.0
205,212,4,-1.0
205,213,4,-1.0
205,214,4,-1.0
205,215,4,-1.0
205,216,4,-1.0
205,217,4,-1.0
205,218,4,-1.0
205,219,4,-1.0
205,220,4,-1.0
205,221,4,-1.0
205,222,4,-1.0
205,223,4,-1.0
205,224,4,-1.0
205,225,4,-1.0
205,226,4,-1.0
205,227,4,-1.0
205,228,4,-1.0
205,229,4,-1.0
205,230,4,-1.0
205,231,4,-1.0
205,232,4,-1.0
205,233,4,-1.0
205,234,4,-1.0
205,235,4,-1.0
205,236,4,-1.0
205,237,4,-1.0
205,238,4,-1.0
205,239,4,-1.0
205,240,4,-1.0
205,241,4,-1.0
205,242,4,-1.0
205,243,4,-1.0
205,244,4,-1.0
205,245,4,-1.0
205,246,4,-1.0
205,247,4,-1.0
205,248,4,-1.0
205,249,4,-1.0
205,250,4,-1.0
206,0,3,71.383106
206,1,3,71.38378
206,2,3,71.3858
206,3,3,71.389168
206,4,3,71.393884
206,5,3,71.399951
206,6,3,71.407371
206,7,3,71.416146
206,8,3,71.426279
206,9,3,71.437775
206,10,3,71.450588
206,11,3,71.464753
206,12,3,71.480288
206,13,3,71.497197
206,14,3,71.515487
206,15,3,71.535139
206,16,3,71.556113
206,17,3,71.578482
206,18,3,71.602255
206,19,3,71.6274
206,20,3,71.653882
206,21,3,71.681789
206,22,3,71.711116
206,23,3,71.741759
206,24,3,71.773852
206,25,3,71.807359
206,26,3,71.842224
206,27,3,71.87857
206,28,3,71.916269
206,29,3,71.955434
206,30,3,71.996016
206,31,3,72.038032
206,32,3,72.081506
206,33,3,72.126409
206,34,3,72.172785
206,35,3,72.220617
206,36,3,72.269912
206,37,3,72.320719
206,38,3,72.372953
206,39,3,72.426747
206,40,3,72.481987
206,41,3,72.538754
206,42,3,72.597089
206,43,3,72.656875
206,44,3,72.718228
206,45,3,72.781164
206,46,3,72.845627
206,47,3,72.911638
206,48,3,72.979253
206,49,3,73.048477
206,50,3,73.119305
206,51,3,73.191697
206,52,3,73.265727
206,53,3,73.341404
206,54,3,73.418738
206,55,3,73.497738
206,56,3,73.578416
206,57,3,73.660785
206,58,3,73.744856
206,59,3,73.830644
206,60,3,73.918164
206,61,3,74.00743
206,62,3,74.09846
206,63,3,74.191271
206,64,3,74.285882
206,65,3,74.382313
206,66,3,74.480584
206,67,3,74.580718
206,68,3,74.682736
206,69,3,74.786591
206,70,3,74.892364
206,71,3,75.000091
206,72,3,75.109798
206,73,3,75.221414
206,74,3,75.335045
206,75,3,75.450741
206,76,3,75.568406
206,77,3,75.688177
206,78,3,75.810039
206,79,3,75.933993
206,80,3,76.060125
206,81,3,76.188383
206,82,3,76.318871
206,83,3,76.451565
206,84,3,76.586508
206,85,3,76.723786
206,86,3,76.863296
206,87,3,77.005192
206,88,3,77.149495
206,89,3,77.296175
206,90,3,77.445294
206,91,3,77.596912
206,92,3,77.751059
206,93,3,77.907768
206,94,3,78.067074
206,95,3,78.229015
206,96,3,78.39363
206,97,3,78.560963
206,98,3,78.731059
206,99,3,78.903966
206,100,3,79.079736
206,101,3,79.258425
206,102,3,79.440088
206,103,3,79.624738
206,104,3,79.812434
206,105,3,80.003287
206,106,3,80.197293
206,107,3,80.394533
206,108,3,80.595088
206,109,3,80.79898
206,110,3,81.006305
206,111,3,81.21715
206,112,3,81.431501
206,113,3,81.649516
206,114,3,81.871255
206,115,3,82.096786
206,116,3,82.326166
206,117,3,82.559496
206,118,3,82.796873
206,119,3,83.038378
206,120,3,83.284086
206,121,3,83.534119
206,122,3,83.788591
206,123,3,84.047617
206,124,3,84.311217
206,125,3,84.579631
206,126,3,84.852858
206,127,3,85.131128
206,128,3,85.414501
206,129,3,85.703119
206,130,3,85.99715
206,131,3,86.296731
206,132,3,86.602014
206,133,3,86.913164
206,134,3,87.230363
206,135,3,87.553732
206,136,3,87.883511
206,137,3,88.219887
206,138,3,88.563062
206,139,3,88.91322
206,140,3,89.27063
206,141,3,89.635518
206,142,3,90.008133
206,143,3,90.388754
206,144,3,90.777633
206,145,3,91.175078
206,146,3,91.581413
206,147,3,91.996983
206,148,3,92.422119
206,149,3,92.857191
206,150,3,93.302613
206,151,3,93.75885
206,152,3,94.226278
206,153,3,94.705457
206,154,3,95.196883
206,155,3,95.701123
206,156,3,96.218807
206,157,3,96.750514
206,158,3,97.297015
206,159,3,97.859062
206,160,3,98.437486
206,161,3,99.033152
206,162,3,99.647077
206,163,3,100.28035
206,164,3,100.93409
206,165,3,101.60966
206,166,3,102.30846
206,167,3,103.03797
206,168,3,103.81983
206,169,3,104.66137
206,170,3,105.56966
206,171,3,106.55289
206,172,3,107.62071
206,173,3,108.78444
206,174,3,110.05755
206,175,3,111.45611
206,176,3,112.99953
206,177,3,114.71143
206,178,3,116.62082
206,179,3,118.76378
206,180,3,121.18574
206,181,3,123.94466
206,182,3,127.11574
206,183,3,130.79831
206,184,3,135.12632
206,185,3,140.28484
206,186,3,146.53705
206,187,3,154.27019
206,188,3,164.07845
206,189,3,176.92232
206,190,3,194.46217
206,191,3,219.83724
206,192,3,259.78296
206,193,3,331.84449
206,194,3,500.58401
206,195,2,1354.6173
206,196,1,-1.0
206,197,1,-1.0
206,198,1,-1.0
206,199,1,-1.0
206,200,1,-1.0
206,201,1,-1.0
206,202,1,-1.0
206,203,1,-1.0
206,204,4,-1.0
206,205,4,-1.0
206,206,4,-1.0
206,207,4,-1.0
206,208,4,-1.0
206,209,4,-1.0
206,210,4,-1.0
206,211,4,-1.0
206,212,4,-1.0
206,213,4,-1.0
206,214,4,-1.0
206,215,4,-1.0
206,216,4,-1.0
206,217,4,-1.0
206,218,4,-1.0
206,219,4,-1.0
206,220,4,-1.0
206,221,4,-1.0
206,222,4,-1.0
206,223,4,-1.0
206,224,4,-1.0
206,225,4,-1.0
206,226,4,-1.0
206,227,4,-1.0
206,228,4,-1.0
206,229,4,-1.0
206,230,4,-1.0
206,231,4,-1.0
206,232,4,-1.0
206,233,4,-1.0
206,234,4,-1.0
206,235,4,-1.0
206,236,4,-1.0
206,237,4,-1.0
206,238,4,-1.0
206,239,4,-1.0
206,240,4,-1.0
206,241,4,-1.0
206,242,4,-1.0
206,243,4,-1.0
206,244,4,-1.0
206,245,4,-1.0
206,246,4,-1.0
206,247,4,-1.0
206,248,4,-1.0
206,249,4,-1.0
206,250,4,-1.0
207,0,3,69.385832
207,1,3,69.386446
207,2,3,69.38829
207,3,3,69.391363
207,4,3,69.395667
207,5,3,69.401202
207,6,3,69.407973
207,7,3,69.415979
207,8,3,69.425225
207,9,3,69.435713
207,10,3,69.447424
207,11,3,69.460346
207,12,3,69.474517
207,13,3,69.489941
207,14,3,69.506625
207,15,3,69.524573
207,16,3,69.543701
207,17,3,69.564101
207,18,3,69.585779
207,19,3,69.608734
207,20,3,69.632879
207,21,3,69.65832
207,22,3,69.685069
207,23,3,69.713014
207,24,3,69.742264
207,25,3,69.772832
207,26,3,69.804601
207,27,3,69.837717
207,28,3,69.872094
207,29,3,69.907769
207,30,3,69.944768
207,31,3,69.98303
207,32,3,70.022653
207,33,3,70.063533
207,34,3,70.105789
207,35,3,70.149323
207,36,3,70.194225
207,37,3,70.240452
207,38,3,70.288015
207,39,3,70.336981
207,40,3,70.387226
207,41,3,70.438891
207,42,3,70.491931
207,43,3,70.546311
207,44,3,70.602119
207,45,3,70.659342
207,46,3,70.717908
207,47,3,70.777916
207,48,3,70.839369
207,49,3,70.902266
207,50,3,70.966548
207,51,3,71.032298
207,52,3,71.09952
207,53,3,71.168222
207,54,3,71.238411
207,55,3,71.310095
207,56,3,71.383283
207,57,3,71.457962
207,58,3,71.534172
207,59,3,71.611924
207,60,3,71.691231
207,61,3,71.772105
207,62,3,71.854561
207,63,3,71.938609
207,64,3,72.024238
207,65,3,72.111487
207,66,3,72.200371
207,67,3,72.29091
207,68,3,72.383122
207,69,3,72.477027
207,70,3,72.572618
207,71,3,72.669886
207,72,3,72.768905
207,73,3,72.869701
207,74,3,72.972223
207,75,3,73.076526
207,76,3,73.182678
207,77,3,73.290592
207,78,3,73.40038
207,79,3,73.512031
207,80,3,73.625548
207,81,3,73.740994
207,82,3,73.858344
207,83,3,73.977656
207,84,3,74.098954
207,85,3,74.222214
207,86,3,74.347543
207,87,3,74.474888
207,88,3,74.6043
207,89,3,74.73584
207,90,3,74.869525
207,91,3,75.005324
207,92,3,75.143315
207,93,3,75.283532
207,94,3,75.426002
207,95,3,75.570754
207,96,3,75.71782
207,97,3,75.867231
207,98,3,76.019024
207,99,3,76.173237
207,100,3,76.329909
207,101,3,76.489085
207,102,3,76.650796
207,103,3,76.815037
207,104,3,76.981915
207,105,3,77.151482
207,106,3,77.323706
207,107,3,77.4987
207,108,3,77.676497
207,109,3,77.857122
207,110,3,78.040653
207,111,3,78.227142
207,112,3,78.416598
207,113,3,78.60914
207,114,3,78.804813
207,115,3,79.003619
207,116,3,79.205666
207,117,3,79.411018
207,118,3,79.619738
207,119,3,79.831894
207,120,3,80.04756
207,121,3,80.266814
207,122,3,80.489678
207,123,3,80.716287
207,124,3,80.946743
207,125,3,81.181055
207,126,3,81.41939
207,127,3,81.661768
207,128,3,81.908358
207,129,3,82.159204
207,130,3,82.414412
207,131,3,82.674113
207,132,3,82.938415
207,133,3,83.207434
207,134,3,83.481298
207,135,3,83.760109
207,136,3,84.044003
207,137,3,84.333178
207,138,3,84.627673
207,139,3,84.927739
207,140,3,85.233509
207,141,3,85.545122
207,142,3,85.862776
207,143,3,86.186636
207,144,3,86.516911
207,145,3,86.853837
207,146,3,87.197575
207,147,3,87.54841
207,148,3,87.906537
207,149,3,88.272224
207,150,3,88.645739
207,151,3,89.02736
207,152,3,89.417443
207,153,3,89.816231
207,154,3,90.22413
207,155,3,90.64149
207,156,3,91.068717
207,157,3,91.506192
207,158,3,91.954423
207,159,3,92.413856
207,160,3,92.885009
207,161,3,93.368481
207,162,3,93.86487
207,163,3,94.37485
207,164,3,94.899151
207,165,3,95.438547
207,166,3,95.993928
207,167,3,96.567
207,168,3,97.173895
207,169,3,97.823965
207,170,3,98.521961
207,171,3,99.273362
207,172,3,100.08451
207,173,3,100.96279
207,174,3,101.91686
207,175,3,102.95692
207,176,3,104.09509
207,177,3,105.34589
207,178,3,106.7268
207,179,3,108.25917
207,180,3,109.96922
207,181,3,111.88961
207,182,3,114.06151
207,183,3,116.53754
207,184,3,119.38608
207,185,3,122.69758
207,186,3,126.59432
207,187,3,131.24568
207,188,3,136.89323
207,189,3,143.89369
207,190,3,152.79683
207,191,3,164.49632
207,192,3,180.54823
207,193,3,203.92391
207,194,3,241.09147
207,195,3,309.30061
207,196,3,475.08383
207,197,2,1469.958
207,198,1,-1.0
207,199,1,-1.0
207,200,1,-1.0
207,201,1,-1.0
207,202,1,-1.0
207,203,1,-1.0
207,204,1,-1.0
207,205,4,-1.0
207,206,4,-1.0
207,207,4,-1.0
207,208,4,-1.0
207,209,4,-1.0
207,210,4,-1.0
207,211,4,-1.0
207,212,4,-1.0
207,213,4,-1.0
207,214,4,-1.0
207,215,4,-1.0
207,216,4,-1.0
207,217,4,-1.0
207,218,4,-1.0
207,219,4,-1.0
207,220,4,-1.0
207,221,4,-1.0
207,222,4,-1.0
207,223,4,-1.0
207,224,4,-1.0
207,225,4,-1.0
207,226,4,-1.0
207,227,4,-1.0
207,228,4,-1.0
207,229,4,-1.0
207,230,4,-1.0
207,231,4,-1.0
207,232,4,-1.0
207,233,4,-1.0
207,234,4,-1.0
207,235,4,-1.0
207,236,4,-1.0
207,237,4,-1.0
207,238,4,-1.0
207,239,4,-1.0
207,240,4,-1.0
207,241,4,-1.0
207,242,4,-1.0
207,243,4,-1.0
207,244,4,-1.0
207,245,4,-1.0
207,246,4,-1.0
207,247,4,-1.0
207,248,4,-1.0
207,249,4,-1.0
207,250,4,-1.0
208,0,3,67.445437
208,1,3,67.445997
208,2,3,67.447677
208,3,3,67.450478
208,4,3,67.4544
208,5,3,67.459446
208,6,3,67.465616
208,7,3,67.472913
208,8,3,67.481329
208,9,3,67.49084
208,10,3,67.501481
208,11,3,67.513256
208,12,3,67.526169
208,13,3,67.540223
208,14,3,67.555417
208,15,3,67.57169
208,16,3,67.589114
208,17,3,67.607697
208,18,3,67.627444
208,19,3,67.648266
208,20,3,67.670254
208,21,3,67.693423
208,22,3,67.717711
208,23,3,67.743139
208,24,3,67.769768
208,25,3,67.797512
208,26,3,67.826428
208,27,3,67.856549
208,28,3,67.887769
208,29,3,67.920229
208,30,3,67.953811
208,31,3,67.988615
208,32,3,68.024577
208,33,3,68.061752
208,34,3,68.1001
208,35,3,68.139677
208,36,3,68.180418
208,37,3,68.222431
208,38,3,68.265579
208,39,3,68.310007
208,40,3,68.355636
208,41,3,68.40249
208,42,3,68.450627
208,43,3,68.499955
208,44,3,68.550546
208,45,3,68.602427
208,46,3,68.65555
208,47,3,68.709922
208,48,3,68.765596
208,49,3,68.822574
208,50,3,68.880839
208,51,3,68.940371
208,52,3,69.001224
208,53,3,69.063405
208,54,3,69.126918
208,55,3,69.191771
208,56,3,69.257968
208,57,3,69.325519
208,58,3,69.394431
208,59,3,69.464714
208,60,3,69.536374
208,61,3,69.609427
208,62,3,69.683879
208,63,3,69.759743
208,64,3,69.837032
208,65,3,69.915759
208,66,3,69.995938
208,67,3,70.077584
208,68,3,70.160712
208,69,3,70.245338
208,70,3,70.331433
208,71,3,70.41903
208,72,3,70.508174
208,73,3,70.598884
208,74,3,70.691099
208,75,3,70.784896
208,76,3,70.880318
208,77,3,70.977278
208,78,3,71.07589
208,79,3,71.17613
208,80,3,71.278006
208,81,3,71.38157
208,82,3,71.486793
208,83,3,71.593734
208,84,3,71.702396
208,85,3,71.812776
208,86,3,71.924957
208,87,3,72.038871
208,88,3,72.154594
208,89,3,72.272162
208,90,3,72.391572
208,91,3,72.512809
208,92,3,72.635948
208,93,3,72.761005
208,94,3,72.888
208,95,3,73.016956
208,96,3,73.147895
208,97,3,73.280843
208,98,3,73.415827
208,99,3,73.552875
208,100,3,73.692018
208,101,3,73.83329
208,102,3,73.976727
208,103,3,74.122347
208,104,3,74.270146
208,105,3,74.420219
208,106,3,74.572602
208,107,3,74.727243
208,108,3,74.884289
208,109,3,75.043682
208,110,3,75.205549
208,111,3,75.36983
208,112,3,75.536656
208,113,3,75.706024
208,114,3,75.877957
208,115,3,76.05254
208,116,3,76.229809
208,117,3,76.409805
208,118,3,76.592572
208,119,3,76.778159
208,120,3,76.966619
208,121,3,77.158009
208,122,3,77.352392
208,123,3,77.549836
208,124,3,77.750326
208,125,3,77.95401
208,126,3,78.160908
208,127,3,78.371105
208,128,3,78.584635
208,129,3,78.801614
208,130,3,79.022098
208,131,3,79.24613
208,132,3,79.473817
208,133,3,79.705244
208,134,3,79.940476
208,135,3,80.179599
208,136,3,80.422733
208,137,3,80.669963
208,138,3,80.921358
208,139,3,81.177051
208,140,3,81.437153
208,141,3,81.701758
208,142,3,81.970974
208,143,3,82.244924
208,144,3,82.523741
208,145,3,82.807581
208,146,3,83.096554
208,147,3,83.390834
208,148,3,83.690526
208,149,3,83.995831
208,150,3,84.306915
208,151,3,84.623938
208,152,3,84.947091
208,153,3,85.276588
208,154,3,85.612636
208,155,3,85.955438
208,156,3,86.305234
208,157,3,86.662303
208,158,3,87.026863
208,159,3,87.399236
208,160,3,87.779717
208,161,3,88.168636
208,162,3,88.566316
208,163,3,88.973157
208,164,3,89.389575
208,165,3,89.815965
208,166,3,90.252855
208,167,3,90.701465
208,168,3,91.174727
208,169,3,91.67949
208,170,3,92.218999
208,171,3,92.796957
208,172,3,93.417615
208,173,3,94.085872
208,174,3,94.807406
208,175,3,95.588833
208,176,3,96.437911
208,177,3,97.363795
208,178,3,98.377365
208,179,3,99.491655
208,180,3,100.72241
208,181,3,102.08883
208,182,3,103.61457
208,183,3,105.3291
208,184,3,107.26963
208,185,3,109.48382
208,186,3,112.03367
208,187,3,115.00142
208,188,3,118.49848
208,189,3,122.67962
208,190,3,127.7663
208,191,3,134.08689
208,192,3,142.14998
208,193,3,152.78744
208,194,3,167.45975
208,195,3,188.98726
208,196,3,223.612
208,197,3,288.44195
208,198,3,453.29392
208,199,2,1723.6565
208,200,1,-1.0
208,201,1,-1.0
208,202,1,-1.0
208,203,1,-1.0
208,204,1,-1.0
208,205,1,-1.0
208,206,4,-1.0
208,207,4,-1.0
208,208,4,-1.0
208,209,4,-1.0
208,210,4,-1.0
208,211,4,-1.0
208,212,4,-1.0
208,213,4,-1.0
208,214,4,-1.0
208,215,4,-1.0
208,216,4,-1.0
208,217,4,-1.0
208,218,4,-1.0
208,219,4,-1.0
208,220,4,-1.0
208,221,4,-1.0
208,222,4,-1.0
208,223,4,-1.0
208,224,4,-1.0
208,225,4,-1.0
208,226,4,-1.0
208,227,4,-1.0
208,228,4,-1.0
208,229,4,-1.0
208,230,4,-1.0
208,231,4,-1.0
208,232,4,-1.0
208,233,4,-1.0
208,234,4,-1.0
208,235,4,-1.0
208,236,4,-1.0
208,237,4,-1.0
208,238,4,-1.0
208,239,4,-1.0
208,240,4,-1.0
208,241,4,-1.0
208,242,4,-1.0
208,243,4,-1.0
208,244,4,-1.0
208,245,4,-1.0
208,246,4,-1.0
208,247,4,-1.0
208,248,4,-1.0
208,249,4,-1.0
208,250,4,-1.0
209,0,3,65.558962
209,1,3,65.559469
209,2,3,65.560991
209,3,3,65.563528
209,4,3,65.567081
209,5,3,65.571651
209,6,3,65.577239
209,7,3,65.583848
209,8,3,65.59148
209,9,3,65.600137
209,10,3,65.609823
209,11,3,65.620521
209,12,3,65.632213
209,13,3,65.644939
209,14,3,65.658703
209,15,3,65.673509
209,16,3,65.689341
209,17,3,65.706163
209,18,3,65.724038
209,19,3,65.742973
209,20,3,65.762923
209,21,3,65.78389
209,22,3,65.805931
209,23,3,65.829013
209,24,3,65.853105
209,25,3,65.87829
209,26,3,65.904496
209,27,3,65.931755
209,28,3,65.960109
209,29,3,65.98946
209,30,3,66.019941
209,31,3,66.051422
209,32,3,66.08403
209,33,3,66.117661
209,34,3,66.152421
209,35,3,66.188206
209,36,3,66.225146
209,37,3,66.263093
209,38,3,66.302194
209,39,3,66.342363
209,40,3,66.383637
209,41,3,66.426064
209,42,3,66.469527
209,43,3,66.514146
209,44,3,66.559919
209,45,3,66.606756
209,46,3,66.654749
209,47,3,66.703903
209,48,3,66.754203
209,49,3,66.805612
209,50,3,66.858194
20,231,4,-1.0
20,232,4,-1.0
20,233,4,-1.0
20,234,4,-1.0
20,235,4,-1.0
20,236,4,-1.0
20,237,4,-1.0
20,238,4,-1.0
20,239,4,-1.0
20,240,4,-1.0
20,241,4,-1.0
20,242,4,-1.0
20,243,4,-1.0
20,244,4,-1.0
20,245,4,-1.0
20,246,4,-1.0
20,247,4,-1.0
20,248,4,-1.0
20,249,4,-1.0
20,250,4,-1.0
21,0,1,-1.0
21,1,1,-1.0
21,2,1,-1.0
21,3,1,-1.0
21,4,1,-1.0
21,5,1,-1.0
21,6,1,-1.0
21,7,1,-1.0
21,8,1,-1.0
21,9,1,-1.0
21,10,1,-1.0
21,11,1,-1.0
21,12,1,-1.0
21,13,1,-1.0
21,14,1,-1.0
21,15,1,-1.0
21,16,1,-1.0
21,17,1,-1.0
21,18,1,-1.0
21,19,1,-1.0
21,20,1,-1.0
21,21,1,-1.0
21,22,1,-1.0
21,23,1,-1.0
21,24,1,-1.0
21,25,1,-1.0
21,26,1,-1.0
21,27,1,-1.0
21,28,1,-1.0
21,29,1,-1.0
21,30,1,-1.0
21,31,1,-1.0
21,32,1,-1.0
21,33,1,-1.0
21,34,1,-1.0
21,35,1,-1.0
21,36,1,-1.0
21,37,1,-1.0
21,38,1,-1.0
21,39,1,-1.0
21,40,1,-1.0
21,41,1,-1.0
21,42,1,-1.0
21,43,1,-1.0
21,44,1,-1.0
21,45,1,-1.0
21,46,1,-1.0
21,47,1,-1.0
21,48,1,-1.0
21,49,1,-1.0
21,50,1,-1.0
21,51,1,-1.0
21,52,1,-1.0
21,53,1,-1.0
21,54,1,-1.0
21,55,1,-1.0
21,56,1,-1.0
21,57,1,-1.0
21,58,1,-1.0
21,59,1,-1.0
21,60,1,-1.0
21,61,1,-1.0
21,62,1,-1.0
21,63,1,-1.0
21,64,1,-1.0
21,65,1,-1.0
21,66,1,-1.0
21,67,1,-1.0
21,68,1,-1.0
21,69,1,-1.0
21,70,1,-1.0
21,71,1,-1.0
21,72,1,-1.0
21,73,1,-1.0
21,74,1,-1.0
21,75,1,-1.0
21,76,1,-1.0
21,77,1,-1.0
21,78,1,-1.0
21,79,1,-1.0
21,80,1,-1.0
21,81,1,-1.0
21,82,1,-1.0
21,83,1,-1.0
21,84,1,-1.0
21,85,1,-1.0
21,86,1,-1.0
21,87,1,-1.0
21,88,1,-1.0
21,89,1,-1.0
21,90,1,-1.0
21,91,1,-1.0
21,92,1,-1.0
21,93,1,-1.0
21,94,1,-1.0
21,95,1,-1.0
21,96,1,-1.0
21,97,1,-1.0
21,98,1,-1.0
21,99,1,-1.0
21,100,1,-1.0
21,101,1,-1.0
21,102,1,-1.0
21,103,1,-1.0
21,104,1,-1.0
21,105,1,-1.0
21,106,1,-1.0
21,107,1,-1.0
21,108,1,-1.0
21,109,1,-1.0
21,110,1,-1.0
21,111,1,-1.0
21,112,1,-1.0
21,113,1,-1.0
21,114,1,-1.0
21,115,1,-1.0
21,116,1,-1.0
21,117,1,-1.0
21,118,1,-1.0
21,119,1,-1.0
21,120,1,-1.0
21,121,1,-1.0
21,122,1,-1.0
21,123,1,-1.0
21,124,1,-1.0
21,125,1,-1.0
21,126,1,-1.0
21,127,1,-1.0
21,128,1,-1.0
21,129,1,-1.0
21,130,1,-1.0
21,131,1,-1.0
21,132,1,-1.0
21,133,1,-1.0
21,134,1,-1.0
21,135,1,-1.0
21,136,1,-1.0
21,137,1,-1.0
21,138,1,-1.0
21,139,1,-1.0
21,140,1,-1.0
21,141,1,-1.0
21,142,1,-1.0
21,143,1,-1.0
21,144,1,-1.0
21,145,1,-1.0
21,146,1,-1.0
21,147,1,-1.0
21,148,1,-1.0
21,149,1,-1.0
21,150,1,-1.0
21,151,1,-1.0
21,152,1,-1.0
21,153,1,-1.0
21,154,1,-1.0
21,155,1,-1.0
21,156,1,-1.0
21,157,1,-1.0
21,158,1,-1.0
21,159,1,-1.0
21,160,1,-1.0
21,161,1,-1.0
21,162,1,-1.0
21,163,1,-1.0
21,164,1,-1.0
21,165,1,-1.0
21,166,1,-1.0
21,167,4,-1.0
21,168,4,-1.0
21,169,4,-1.0
21,170,4,-1.0
21,171,4,-1.0
21,172,4,-1.0
21,173,4,-1.0
21,174,4,-1.0
21,175,4,-1.0
21,176,4,-1.0
21,177,4,-1.0
21,178,4,-1.0
21,179,4,-1.0
21,180,4,-1.0
21,181,4,-1.0
21,182,4,-1.0
21,183,4,-1.0
21,184,4,-1.0
21,185,4,-1.0
21,186,4,-1.0
21,187,4,-1.0
21,188,4,-1.0
21,189,4,-1.0
21,190,4,-1.0
21,191,4,-1.0
21,192,4,-1.0
21,193,4,-1.0
21,194,4,-1.0
21,195,4,-1.0
21,196,4,-1.0
21,197,4,-1.0
21,198,4,-1.0
21,199,4,-1.0
21,200,4,-1.0
21,201,4,-1.0
21,202,4,-1.0
21,203,4,-1.0
21,204,4,-1.0
21,205,4,-1.0
21,206,4,-1.0
21,207,4,-1.0
21,208,4,-1.0
21,209,4,-1.0
21,210,4,-1.0
21,211,4,-1.0
21,212,4,-1.0
21,213,4,-1.0
21,214,4,-1.0
21,215,4,-1.0
21,216,4,-1.0
21,217,4,-1.0
21,218,4,-1.0
21,219,4,-1.0
21,220,4,-1.0
21,221,4,-1.0
21,222,4,-1.0
21,223,4,-1.0
21,224,4,-1.0
21,225,4,-1.0
21,226,4,-1.0
21,227,4,-1.0
21,228,4,-1.0
21,229,4,-1.0
21,230,4,-1.0
21,231,4,-1.0
21,232,4,-1.0
21,233,4,-1.0
21,234,4,-1.0
21,235,4,-1.0
21,236,4,-1.0
21,237,4,-1.0
21,238,4,-1.0
21,239,4,-1.0
21,240,4,-1.0
21,241,4,-1.0
21,242,4,-1.0
21,243,4,-1.0
21,244,4,-1.0
21,245,4,-1.0
21,246,4,-1.0
21,247,4,-1.0
21,248,4,-1.0
21,249,4,-1.0
21,250,4,-1.0
22,0,1,-1.0
22,1,1,-1.0
22,2,1,-1.0
22,3,1,-1.0
22,4,1,-1.0
22,5,1,-1.0
22,6,1,-1.0
22,7,1,-1.0
22,8,1,-1.0
22,9,1,-1.0
22,10,1,-1.0
22,11,1,-1.0
22,12,1,-1.0
22,13,1,-1.0
22,14,1,-1.0
22,15,1,-1.0
22,16,1,-1.0
22,17,1,-1.0
22,18,1,-1.0
22,19,1,-1.0
22,20,1,-1.0
22,21,1,-1.0
22,22,1,-1.0
22,23,1,-1.0
22,24,1,-1.0
22,25,1,-1.0
22,26,1,-1.0
22,27,1,-1.0
22,28,1,-1.0
22,29,1,-1.0
22,30,1,-1.0
22,31,1,-1.0
22,32,1,-1.0
22,33,1,-1.0
22,34,1,-1.0
22,35,1,-1.0
22,36,1,-1.0
22,37,1,-1.0
22,38,1,-1.0
22,39,1,-1.0
22,40,1,-1.0
22,41,1,-1.0
22,42,1,-1.0
22,43,1,-1.0
22,44,1,-1.0
22,45,1,-1.0
22,46,1,-1.0
22,47,1,-1.0
22,48,1,-1.0
22,49,1,-1.0
22,50,1,-1.0
22,51,1,-1.0
22,52,1,-1.0
22,53,1,-1.0
22,54,1,-1.0
22,55,1,-1.0
22,56,1,-1.0
22,57,1,-1.0
22,58,1,-1.0
22,59,1,-1.0
22,60,1,-1.0
22,61,1,-1.0
22,62,1,-1.0
22,63,1,-1.0
22,64,1,-1.0
22,65,1,-1.0
22,66,1,-1.0
22,67,1,-1.0
22,68,1,-1.0
22,69,1,-1.0
22,70,1,-1.0
22,71,1,-1.0
22,72,1,-1.0
22,73,1,-1.0
22,74,1,-1.0
22,75,1,-1.0
22,76,1,-1.0
22,77,1,-1.0
22,78,1,-1.0
22,79,1,-1.0
22,80,1,-1.0
22,81,1,-1.0
22,82,1,-1.0
22,83,1,-1.0
22,84,1,-1.0
22,85,1,-1.0
22,86,1,-1.0
22,87,1,-1.0
22,88,1,-1.0
22,89,1,-1.0
22,90,1,-1.0
22,91,1,-1.0
22,92,1,-1.0
22,93,1,-1.0
22,94,1,-1.0
22,95,1,-1.0
22,96,1,-1.0
22,97,1,-1.0
22,98,1,-1.0
22,99,1,-1.0
22,100,1,-1.0
22,101,1,-1.0
22,102,1,-1.0
22,103,1,-1.0
22,104,1,-1.0
22,105,1,-1.0
22,106,1,-1.0
22,107,1,-1.0
22,108,1,-1.0
22,109,1,-1.0
22,110,1,-1.0
22,111,1,-1.0
22,112,1,-1.0
22,113,1,-1.0
22,114,1,-1.0
22,115,1,-1.0
22,116,1,-1.0
22,117,1,-1.0
22,118,1,-1.0
22,119,1,-1.0
22,120,1,-1.0
22,121,1,-1.0
22,122,1,-1.0
22,123,1,-1.0
22,124,1,-1.0
22,125,1,-1.0
22,126,1,-1.0
22,127,1,-1.0
22,128,1,-1.0
22,129,1,-1.0
22,130,1,-1.0
22,131,1,-1.0
22,132,1,-1.0
22,133,1,-1.0
22,134,1,-1.0
22,135,1,-1.0
22,136,1,-1.0
22,137,1,-1.0
22,138,1,-1.0
22,139,1,-1.0
22,140,1,-1.0
22,141,1,-1.0
22,142,1,-1.0
22,143,1,-1.0
22,144,1,-1.0
22,145,1,-1.0
22,146,1,-1.0
22,147,1,-1.0
22,148,1,-1.0
22,149,1,-1.0
22,150,1,-1.0
22,151,1,-1.0
22,152,1,-1.0
22,153,1,-1.0
22,154,1,-1.0
22,155,1,-1.0
22,156,1,-1.0
22,157,1,-1.0
22,158,1,-1.0
22,159,1,-1.0
22,160,1,-1.0
22,161,1,-1.0
22,162,1,-1.0
22,163,1,-1.0
22,164,1,-1.0
22,165,1,-1.0
22,166,1,-1.0
22,167,4,-1.0
22,168,4,-1.0
22,169,4,-1.0
22,170,4,-1.0
22,171,4,-1.0
22,172,4,-1.0
22,173,4,-1.0
22,174,4,-1.0
22,175,4,-1.0
22,176,4,-1.0
22,177,4,-1.0
22,178,4,-1.0
22,179,4,-1.0
22,180,4,-1.0
22,181,4,-1.0
22,182,4,-1.0
22,183,4,-1.0
22,184,4,-1.0
22,185,4,-1.0
22,186,4,-1.0
22,187,4,-1.0
22,188,4,-1.0
22,189,4,-1.0
22,190,4,-1.0
22,191,4,-1.0
22,192,4,-1.0
22,193,4,-1.0
22,194,4,-1.0
22,195,4,-1.0
22,196,4,-1.0
22,197,4,-1.0
22,198,4,-1.0
22,199,4,-1.0
22,200,4,-1.0
22,201,4,-1.0
22,202,4,-1.0
22,203,4,-1.0
22,204,4,-1.0
22,205,4,-1.0
22,206,4,-1.0
22,207,4,-1.0
22,208,4,-1.0
22,209,4,-1.0
22,210,4,-1.0
22,211,4,-1.0
22,212,4,-1.0
22,213,4,-1.0
22,214,4,-1.0
22,215,4,-1.0
22,216,4,-1.0
22,217,4,-1.0
22,218,4,-1.0
22,219,4,-1.0
22,220,4,-1.0
22,221,4,-1.0
22,222,4,-1.0
22,223,4,-1.0
22,224,4,-1.0
22,225,4,-1.0
22,226,4,-1.0
22,227,4,-1.0
22,228,4,-1.0
22,229,4,-1.0
22,230,4,-1.0
22,231,4,-1.0
22,232,4,-1.0
22,233,4,-1.0
22,234,4,-1.0
22,235,4,-1.0
22,236,4,-1.0
22,237,4,-1.0
22,238,4,-1.0
22,239,4,-1.0
22,240,4,-1.0
22,241,4,-1.0
22,242,4,-1.0
22,243,4,-1.0
22,244,4,-1.0
22,245,4,-1.0
22,246,4,-1.0
22,247,4,-1.0
22,248,4,-1.0
22,249,4,-1.0
22,250,4,-1.0
23,0,1,-1.0
23,1,1,-1.0
23,2,1,-1.0
23,3,1,-1.0
23,4,1,-1.0
23,5,1,-1.0
23,6,1,-1.0
23,7,1,-1.0
23,8,1,-1.0
23,9,1,-1.0
23,10,1,-1.0
23,11,1,-1.0
23,12,1,-1.0
23,13,1,-1.0
23,14,1,-1.0
23,15,1,-1.0
23,16,1,-1.0
23,17,1,-1.0
23,18,1,-1.0
23,19,1,-1.0
23,20,1,-1.0
23,21,1,-1.0
23,22,1,-1.0
23,23,1,-1.0
23,24,1,-1.0
23,25,1,-1.0
23,26,1,-1.0
23,27,1,-1.0
23,28,1,-1.0
23,29,1,-1.0
23,30,1,-1.0
23,31,1,-1.0
23,32,1,-1.0
23,33,1,-1.0
23,34,1,-1.0
23,35,1,-1.0
23,36,1,-1.0
23,37,1,-1.0
23,38,1,-1.0
23,39,1,-1.0
23,40,1,-1.0
23,41,1,-1.0
23,42,1,-1.0
23,43,1,-1.0
23,44,1,-1.0
23,45,1,-1.0
23,46,1,-1.0
23,47,1,-1.0
23,48,1,-1.0
23,49,1,-1.0
23,50,1,-1.0
23,51,1,-1.0
23,52,1,-1.0
23,53,1,-1.0
23,54,1,-1.0
23,55,1,-1.0
23,56,1,-1.0
23,57,1,-1.0
23,58,1,-1.0
23,59,1,-1.0
23,60,1,-1.0
23,61,1,-1.0
23,62,1,-1.0
23,63,1,-1.0
23,64,1,-1.0
23,65,1,-1.0
23,66,1,-1.0
23,67,1,-1.0
23,68,1,-1.0
23,69,1,-1.0
23,70,1,-1.0
23,71,1,-1.0
23,72,1,-1.0
23,73,1,-1.0
23,74,1,-1.0
23,75,1,-1.0
23,76,1,-1.0
23,77,1,-1.0
23,78,1,-1.0
23,79,1,-1.0
23,80,1,-1.0
23,81,1,-1.0
23,82,1,-1.0
23,83,1,-1.0
23,84,1,-1.0
23,85,1,-1.0
23,86,1,-1.0
23,87,1,-1.0
23,88,1,-1.0
23,89,1,-1.0
23,90,1,-1.0
23,91,1,-1.0
23,92,1,-1.0
23,93,1,-1.0
23,94,1,-1.0
23,95,1,-1.0
23,96,1,-1.0
23,97,1,-1.0
23,98,1,-1.0
23,99,1,-1.0
23,100,1,-1.0
23,101,1,-1.0
23,102,1,-1.0
23,103,1,-1.0
23,104,1,-1.0
23,105,1,-1.0
23,106,1,-1.0
23,107,1,-1.0
23,108,1,-1.0
23,109,1,-1.0
23,110,1,-1.0
23,111,1,-1.0
23,112,1,-1.0
23,113,1,-1.0
23,114,1,-1.0
23,115,1,-1.0
23,116,1,-1.0
23,117,1,-1.0
23,118,1,-1.0
23,119,1,-1.0
23,120,1,-1.0
23,121,1,-1.0
23,122,1,-1.0
23,123,1,-1.0
23,124,1,-1.0
23,125,1,-1.0
23,126,1,-1.0
23,127,1,-1.0
23,128,1,-1.0
23,129,1,-1.0
23,130,1,-1.0
23,131,1,-1.0
23,132,1,-1.0
23,133,1,-1.0
23,134,1,-1.0
23,135,1,-1.0
23,136,1,-1.0
23,137,1,-1.0
23,138,1,-1.0
23,139,1,-1.0
23,140,1,-1.0
23,141,1,-1.0
23,142,1,-1.0
23,143,1,-1.0
23,144,1,-1.0
23,145,1,-1.0
23,146,1,-1.0
23,147,1,-1.0
23,148,1,-1.0
23,149,1,-1.0
23,150,1,-1.0
23,151,1,-1.0
23,152,1,-1.0
23,153,1,-1.0
23,154,1,-1.0
23,155,1,-1.0
23,156,1,-1.0
23,157,1,-1.0
23,158,1,-1.0
23,159,1,-1.0
23,160,1,-1.0
23,161,1,-1.0
23,162,1,-1.0
23,163,1,-1.0
23,164,1,-1.0
23,165,1,-1.0
23,166,1,-1.0
23,167,4,-1.0
23,168,4,-1.0
23,169,4,-1.0
23,170,4,-1.0
23,171,4,-1.0
23,172,4,-1.0
23,173,4,-1.0
23,174,4,-1.0
23,175,4,-1.0
23,176,4,-1.0
23,177,4,-1.0
23,178,4,-1.0
23,179,4,-1.0
23,180,4,-1.0
23,181,4,-1.0
23,182,4,-1.0
23,183,4,-1.0
23,184,4,-1.0
23,185,4,-1.0
23,186,4,-1.0
23,187,4,-1.0
23,188,4,-1.0
23,189,4,-1.0
23,190,4,-1.0
23,191,4,-1.0
23,192,4,-1.0
23,193,4,-1.0
23,194,4,-1.0
23,195,4,-1.0
23,196,4,-1.0
23,197,4,-1.0
23,198,4,-1.0
23,199,4,-1.0
23,200,4,-1.0
23,201,4,-1.0
23,202,4,-1.0
23,203,4,-1.0
23,204,4,-1.0
23,205,4,-1.0
23,206,4,-1.0
23,207,4,-1.0
23,208,4,-1.0
23,209,4,-1.0
23,210,4,-1.0
23,211,4,-1.0
23,212,4,-1.0
23,213,4,-1.0
23,214,4,-1.0
23,215,4,-1.0
23,216,4,-1.0
23,217,4,-1.0
23,218,4,-1.0
23,219,4,-1.0
23,220,4,-1.0
23,221,4,-1.0
23,222,4,-1.0
23,223,4,-1.0
23,224,4,-1.0
23,225,4,-1.0
23,226,4,-1.0
23,227,4,-1.0
23,228,4,-1.0
23,229,4,-1.0
23,230,4,-1.0
23,231,4,-1.0
23,232,4,-1.0
23,233,4,-1.0
23,234,4,-1.0
23,235,4,-1.0
23,236,4,-1.0
23,237,4,-1.0
23,238,4,-1.0
23,239,4,-1.0
23,240,4,-1.0
23,241,4,-1.0
23,242,4,-1.0
23,243,4,-1.0
23,244,4,-1.0
23,245,4,-1.0
23,246,4,-1.0
23,247,4,-1.0
23,248,4,-1.0
23,249,4,-1.0
23,250,4,-1.0
24,0,1,-1.0
24,1,1,-1.0
24,2,1,-1.0
24,3,1,-1.0
24,4,1,-1.0
24,5,1,-1.0
24,6,1,-1.0
24,7,1,-1.0
24,8,1,-1.0
24,9,1,-1.0
24,10,1,-1.0
24,11,1,-1.0
24,12,1,-1.0
24,13,1,-1.0
24,14,1,-1.0
24,15,1,-1.0
24,16,1,-1.0
24,17,1,-1.0
24,18,1,-1.0
24,19,1,-1.0
24,20,1,-1.0
24,21,1,-1.0
24,22,1,-1.0
24,23,1,-1.0
24,24,1,-1.0
24,25,1,-1.0
24,26,1,-1.0
24,27,1,-1.0
24,28,1,-1.0
24,29,1,-1.0
24,30,1,-1.0
24,31,1,-1.0
24,32,1,-1.0
24,33,1,-1.0
24,34,1,-1.0
24,35,1,-1.0
24,36,1,-1.0
24,37,1,-1.0
24,38,1,-1.0
24,39,1,-1.0
24,40,1,-1.0
24,41,1,-1.0
24,42,1,-1.0
24,43,1,-1.0
24,44,1,-1.0
24,45,1,-1.0
24,46,1,-1.0
24,47,1,-1.0
24,48,1,-1.0
24,49,1,-1.0
24,50,1,-1.0
24,51,1,-1.0
24,52,1,-1.0
24,53,1,-1.0
24,54,1,-1.0
24,55,1,-1.0
24,56,1,-1.0
24,57,1,-1.0
24,58,1,-1.0
24,59,1,-1.0
24,60,1,-1.0
24,61,1,-1.0
24,62,1,-1.0
24,63,1,-1.0
24,64,1,-1.0
24,65,1,-1.0
24,66,1,-1.0
24,67,1,-1.0
24,68,1,-1.0
24,69,1,-1.0
24,70,1,-1.0
24,71,1,-1.0
24,72,1,-1.0
24,73,1,-1.0
24,74,1,-1.0
24,75,1,-1.0
24,76,1,-1.0
24,77,1,-1.0
24,78,1,-1.0
24,79,1,-1.0
24,80,1,-1.0
24,81,1,-1.0
24,82,1,-1.0
24,83,1,-1.0
24,84,1,-1.0
24,85,1,-1.0
24,86,1,-1.0
24,87,1,-1.0
24,88,1,-1.0
24,89,1,-1.0
24,90,1,-1.0
24,91,1,-1.0
24,92,1,-1.0
24,93,1,-1.0
24,94,1,-1.0
24,95,1,-1.0
24,96,1,-1.0
24,97,1,-1.0
24,98,1,-1.0
24,99,1,-1.0
24,100,1,-1.0
24,101,1,-1.0
24,102,1,-1.0
24,103,1,-1.0
24,104,1,-1.0
24,105,1,-1.0
24,106,1,-1.0
24,107,1,-1.0
24,108,1,-1.0
24,109,1,-1.0
24,110,1,-1.0
24,111,1,-1.0
24,112,1,-1.0
24,113,1,-1.0
24,114,1,-1.0
24,115,1,-1.0
24,116,1,-1.0
24,117,1,-1.0
24,118,1,-1.0
24,119,1,-1.0
24,120,1,-1.0
24,121,1,-1.0
24,122,1,-1.0
24,123,1,-1.0
24,124,1,-1.0
24,125,1,-1.0
24,126,1,-1.0
24,127,1,-1.0
24,128,1,-1.0
24,129,1,-1.0
24,130,1,-1.0
24,131,1,-1.0
24,132,1,-1.0
24,133,1,-1.0
24,134,1,-1.0
24,135,1,-1.0
24,136,1,-1.0
24,137,1,-1.0
24,138,1,-1.0
24,139,1,-1.0
24,140,1,-1.0
24,141,1,-1.0
24,142,1,-1.0
24,143,1,-1.0
24,144,1,-1.0
24,145,1,-1.0
24,146,1,-1.0
24,147,1,-1.0
24,148,1,-1.0
24,149,1,-1.0
24,150,1,-1.0
24,151,1,-1.0
24,152,1,-1.0
24,153,1,-1.0
24,154,1,-1.0
24,155,1,-1.0
24,156,1,-1.0
24,157,1,-1.0
24,158,1,-1.0
24,159,1,-1.0
24,160,1,-1.0
24,161,1,-1.0
24,162,1,-1.0
24,163,1,-1.0
24,164,1,-1.0
24,165,1,-1.0
24,166,1,-1.0
24,167,4,-1.0
24,168,4,-1.0
24,169,4,-1.0
24,170,4,-1.0
24,171,4,-1.0
24,172,4,-1.0
24,173,4,-1.0
24,174,4,-1.0
24,175,4,-1.0
24,176,4,-1.0
24,177,4,-1.0
24,178,4,-1.0
24,179,4,-1.0
24,180,4,-1.0
24,181,4,-1.0
24,182,4,-1.0
24,183,4,-1.0
24,184,4,-1.0
24,185,4,-1.0
24,186,4,-1.0
24,187,4,-1.0
24,188,4,-1.0
24,189,4,-1.0
24,190,4,-1.0
24,191,4,-1.0
24,192,4,-1.0
24,193,4,-1.0
24,194,4,-1.0
24,195,4,-1.0
24,196,4,-1.0
24,197,4,-1.0
24,198,4,-1.0
24,199,4,-1.0
24,200,4,-1.0
24,201,4,-1.0
24,202,4,-1.0
24,203,4,-1.0
24,204,4,-1.0
24,205,4,-1.0
24,206,4,-1.0
24,207,4,-1.0
24,208,4,-1.0
24,209,4,-1.0
24,210,4,-1.0
24,211,4,-1.0
24,212,4,-1.0
24,213,4,-1.0
24,214,4,-1.0
24,215,4,-1.0
24,216,4,-1.0
24,217,4,-1.0
24,218,4,-1.0
24,219,4,-1.0
24,220,4,-1.0
24,221,4,-1.0
24,222,4,-1.0
24,223,4,-1.0
24,224,4,-1.0
24,225,4,-1.0
24,226,4,-1.0
24,227,4,-1.0
24,228,4,-1.0
24,229,4,-1.0
24,230,4,-1.0
24,231,4,-1.0
24,232,4,-1.0
24,233,4,-1.0
24,234,4,-1.0
24,235,4,-1.0
24,236,4,-1.0
24,237,4,-1.0
24,238,4,-1.0
24,239,4,-1.0
24,240,4,-1.0
24,241,4,-1.0
24,242,4,-1.0
24,243,4,-1.0
24,244,4,-1.0
24,245,4,-1.0
24,246,4,-1.0
24,247,4,-1.0
24,248,4,-1.0
24,249,4,-1.0
24,250,4,-1.0
25,0,1,-1.0
25,1,1,-1.0
25,2,1,-1.0
25,3,1,-1.0
25,4,1,-1.0
25,5,1,-1.0
25,6,1,-1.0
25,7,1,-1.0
25,8,1,-1.0
25,9,1,-1.0
25,10,1,-1.0
25,11,1,-1.0
25,12,1,-1.0
25,13,1,-1.0
25,14,1,-1.0
25,15,1,-1.0
25,16,1,-1.0
25,17,1,-1.0
25,18,1,-1.0
25,19,1,-1.0
25,20,1,-1.0
25,21,1,-1.0
25,22,1,-1.0
25,23,1,-1.0
25,24,1,-1.0
25,25,1,-1.0
25,26,1,-1.0
25,27,1,-1.0
25,28,1,-1.0
25,29,1,-1.0
25,30,1,-1.0
25,31,1,-1.0
25,32,1,-1.0
25,33,1,-1.0
25,34,1,-1.0
25,35,1,-1.0
25,36,1,-1.0
25,37,1,-1.0
25,38,1,-1.0
25,39,1,-1.0
25,40,1,-1.0
25,41,1,-1.0
25,42,1,-1.0
25,43,1,-1.0
25,44,1,-1.0
25,45,1,-1.0
25,46,1,-1.0
25,47,1,-1.0
25,48,1,-1.0
25,49,1,-1.0
25,50,1,-1.0
25,51,1,-1.0
25,52,1,-1.0
25,53,1,-1.0
25,54,1,-1.0
25,55,1,-1.0
25,56,1,-1.0
25,57,1,-1.0
25,58,1,-1.0
25,59,1,-1.0
25,60,1,-1.0
25,61,1,-1.0
25,62,1,-1.0
25,63,1,-1.0
25,64,1,-1.0
25,65,1,-1.0
25,66,1,-1.0
25,67,1,-1.0
25,68,1,-1.0
25,69,1,-1.0
25,70,1,-1.0
25,71,1,-1.0
25,72,1,-1.0
25,73,1,-1.0
25,74,1,-1.0
25,75,1,-1.0
25,76,1,-1.0
25,77,1,-1.0
25,78,1,-1.0
25,79,1,-1.0
25,80,1,-1.0
25,81,1,-1.0
25,82,1,-1.0
25,83,1,-1.0
25,84,1,-1.0
25,85,1,-1.0
25,86,1,-1.0
25,87,1,-1.0
25,88,1,-1.0
25,89,1,-1.0
25,90,1,-1.0
25,91,1,-1.0
25,92,1,-1.0
25,93,1,-1.0
25,94,1,-1.0
25,95,1,-1.0
25,96,1,-1.0
25,97,1,-1.0
25,98,1,-1.0
25,99,1,-1.0
25,100,1,-1.0
25,101,1,-1.0
25,102,1,-1.0
25,103,1,-1.0
25,104,1,-1.0
25,105,1,-1.0
25,106,1,-1.0
25,107,1,-1.0
25,108,1,-1.0
25,109,1,-1.0
25,110,1,-1.0
25,111,1,-1.0
25,112,1,-1.0
25,113,1,-1.0
25,114,1,-1.0
25,115,1,-1.0
25,116,1,-1.0
25,117,1,-1.0
25,118,1,-1.0
25,119,1,-1.0
25,120,1,-1.0
25,121,1,-1.0
25,122,1,-1.0
25,123,1,-1.0
25,124,1,-1.0
25,125,1,-1.0
25,126,1,-1.0
25,127,1,-1.0
25,128,1,-1.0
25,129,1,-1.0
25,130,1,-1.0
25,131,1,-1.0
25,132,1,-1.0
25,133,1,-1.0
25,134,1,-1.0
25,135,1,-1.0
25,136,1,-1.0
25,137,1,-1.0
25,138,1,-1.0
25,139,1,-1.0
25,140,1,-1.0
25,141,1,-1.0
25,142,1,-1.0
25,143,1,-1.0
25,144,1,-1.0
25,145,1,-1.0
25,146,1,-1.0
25,147,1,-1.0
25,148,1,-1.0
25,149,1,-1.0
25,150,1,-1.0
25,151,1,-1.0
25,152,1,-1.0
25,153,1,-1.0
25,154,1,-1.0
25,155,1,-1.0
25,156,1,-1.0
25,157,1,-1.0
25,158,1,-1.0
25,159,1,-1.0
25,160,1,-1.0
25,161,1,-1.0
25,162,1,-1.0
25,163,1,-1.0
25,164,1,-1.0
25,165,1,-1.0
25,166,1,-1.0
25,167,4,-1.0
25,168,4,-1.0
25,169,4,-1.0
25,170,4,-1.0
25,171,4,-1.0
25,172,4,-1.0
25,173,4,-1.0
25,174,4,-1.0
25,175,4,-1.0
25,176,4,-1.0
25,177,4,-1.0
25,178,4,-1.0
25,179,4,-1.0
25,180,4,-1.0
25,181,4,-1.0
25,182,4,-1.0
25,183,4,-1.0
25,184,4,-1.0
25,185,4,-1.0
25,186,4,-1.0
25,187,4,-1.0
25,188,4,-1.0
25,189,4,-1.0
25,190,4,-1.0
25,191,4,-1.0
25,192,4,-1.0
25,193,4,-1.0
25,194,4,-1.0
25,195,4,-1.0
25,196,4,-1.0
25,197,4,-1.0
25,198,4,-1.0
25,199,4,-1.0
25,200,4,-1.0
25,201,4,-1.0
25,202,4,-1.0
25,203,4,-1.0
25,204,4,-1.0
25,205,4,-1.0
25,206,4,-1.0
25,207,4,-1.0
25,208,4,-1.0
25,209,4,-1.0
25,210,4,-1.0
25,211,4,-1.0
25,212,4,-1.0
25,213,4,-1.0
25,214,4,-1.0
25,215,4,-1.0
25,216,4,-1.0
25,217,4,-1.0
25,218,4,-1.0
25,219,4,-1.0
25,220,4,-1.0
25,221,4,-1.0
25,222,4,-1.0
25,223,4,-1.0
25,224,4,-1.0
25,225,4,-1.0
25,226,4,-1.0
25,227,4,-1.0
25,228,4,-1.0
25,229,4,-1.0
25,230,4,-1.0
25,231,4,-1.0
25,232,4,-1.0
25,233,4,-1.0
25,234,4,-1.0
25,235,4,-1.0
25,236,4,-1.0
25,237,4,-1.0
25,238,4,-1.0
25,239,4,-1.0
25,240,4,-1.0
25,241,4,-1.0
25,242,4,-1.0
25,243,4,-1.0
25,244,4,-1.0
25,245,4,-1.0
25,246,4,-1.0
25,247,4,-1.0
25,248,4,-1.0
25,249,4,-1.0
25,250,4,-1.0
26,0,1,-1.0
26,1,1,-1.0
26,2,1,-1.0
26,3,1,-1.0
26,4,1,-1.0
26,5,1,-1.0
26,6,1,-1.0
26,7,1,-1.0
26,8,1,-1.0
26,9,1,-1.0
26,10,1,-1.0
26,11,1,-1.0
26,12,1,-1.0
26,13,1,-1.0
26,14,1,-1.0
26,15,1,-1.0
26,16,1,-1.0
26,17,1,-1.0
26,18,1,-1.0
26,19,1,-1.0
26,20,1,-1.0
26,21,1,-1.0
26,22,1,-1.0
26,23,1,-1.0
26,24,1,-1.0
26,25,1,-1.0
26,26,1,-1.0
26,27,1,-1.0
26,28,1,-1.0
26,29,1,-1.0
26,30,1,-1.0
26,31,1,-1.0
26,32,1,-1.0
26,33,1,-1.0
26,34,1,-1.0
26,35,1,-1.0
26,36,1,-1.0
26,37,1,-1.0
26,38,1,-1.0
26,39,1,-1.0
26,40,1,-1.0
26,41,1,-1.0
26,42,1,-1.0
26,43,1,-1.0
26,44,1,-1.0
26,45,1,-1.0
26,46,1,-1.0
26,47,1,-1.0
26,48,1,-1.0
26,49,1,-1.0
26,50,1,-1.0
26,51,1,-1.0
26,52,1,-1.0
26,53,1,-1.0
26,54,1,-1.0
26,55,1,-1.0
26,56,1,-1.0
26,57,1,-1.0
26,58,1,-1.0
26,59,1,-1.0
26,60,1,-1.0
26,61,1,-1.0
26,62,1,-1.0
26,63,1,-1.0
26,64,1,-1.0
26,65,1,-1.0
26,66,1,-1.0
26,67,1,-1.0
26,68,1,-1.0
26,69,1,-1.0
26,70,1,-1.0
26,71,1,-1.0
26,72,1,-1.0
26,73,1,-1.0
26,74,1,-1.0
26,75,1,-1.0
26,76,1,-1.0
26,77,1,-1.0
26,78,1,-1.0
26,79,1,-1.0
26,80,1,-1.0
26,81,1,-1.0
26,82,1,-1.0
26,83,1,-1.0
26,84,1,-1.0
26,85,1,-1.0
26,86,1,-1.0
26,87,1,-1.0
26,88,1,-1.0
26,89,1,-1.0
26,90,1,-1.0
26,91,1,-1.0
26,92,1,-1.0
26,93,1,-1.0
26,94,1,-1.0
26,95,1,-1.0
26,96,1,-1.0
26,97,1,-1.0
26,98,1,-1.0
26,99,1,-1.0
26,100,1,-1.0
26,101,1,-1.0
26,102,1,-1.0
26,103,1,-1.0
26,104,1,-1.0
26,105,1,-1.0
26,106,1,-1.0
26,107,1,-1.0
26,108,1,-1.0
26,109,1,-1.0
26,110,1,-1.0
26,111,1,-1.0
26,112,1,-1.0
26,113,1,-1.0
26,114,1,-1.0
26,115,1,-1.0
26,116,1,-1.0
26,117,1,-1.0
26,118,1,-1.0
26,119,1,-1.0
26,120,1,-1.0
26,121,1,-1.0
26,122,1,-1.0
26,123,1,-1.0
26,124,1,-1.0
26,125,1,-1.0
26,126,1,-1.0
26,127,1,-1.0
26,128,1,-1.0
26,129,1,-1.0
26,130,1,-1.0
26,131,1,-1.0
26,132,1,-1.0
26,133,1,-1.0
26,134,1,-1.0
26,135,1,-1.0
26,136,1,-1.0
26,137,1,-1.0
26,138,1,-1.0
26,139,1,-1.0
26,140,1,-1.0
26,141,1,-1.0
26,142,1,-1.0
26,143,1,-1.0
26,144,1,-1.0
26,145,1,-1.0
26,146,1,-1.0
26,147,1,-1.0
26,148,1,-1.0
26,149,1,-1.0
26,150,1,-1.0
26,151,1,-1.0
26,152,1,-1.0
26,153,1,-1.0
26,154,1,-1.0
26,155,1,-1.0
26,156,1,-1.0
26,157,1,-1.0
26,158,1,-1.0
26,159,1,-1.0
26,160,1,-1.0
26,161,1,-1.0
26,162,1,-1.0
26,163,1,-1.0
26,164,1,-1.0
26,165,1,-1.0
26,166,1,-1.0
26,167,4,-1.0
26,168,4,-1.0
26,169,4,-1.0
26,170,4,-1.0
26,171,4,-1.0
26,172,4,-1.0
26,173,4,-1.0
26,174,4,-1.0
26,175,4,-1.0
26,176,4,-1.0
26,177,4,-1.0
26,178,4,-1.0
26,179,4,-1.0
26,180,4,-1.0
26,181,4,-1.0
26,182,4,-1.0
26,183,4,-1.0
26,184,4,-1.0
26,185,4,-1.0
26,186,4,-1.0
26,187,4,-1.0
26,188,4,-1.0
26,189,4,-1.0
26,190,4,-1.0
26,191,4,-1.0
26,192,4,-1.0
26,193,4,-1.0
26,194,4,-1.0
26,195,4,-1.0
26,196,4,-1.0
26,197,4,-1.0
26,198,4,-1.0
26,199,4,-1.0
26,200,4,-1.0
26,201,4,-1.0
26,202,4,-1.0
26,203,4,-1.0
26,204,4,-1.0
26,205,4,-1.0
26,206,4,-1.0
26,207,4,-1.0
26,208,4,-1.0
26,209,4,-1.0
26,210,4,-1.0
26,211,4,-1.0
26,212,4,-1.0
26,213,4,-1.0
26,214,4,-1.0
26,215,4,-1.0
26,216,4,-1.0
26,217,4,-1.0
26,218,4,-1.0
26,219,4,-1.0
26,220,4,-1.0
26,221,4,-1.0
26,222,4,-1.0
26,223,4,-1.0
26,224,4,-1.0
26,225,4,-1.0
26,226,4,-1.0
26,227,4,-1.0
26,228,4,-1.0
26,229,4,-1.0
26,230,4,-1.0
26,231,4,-1.0
26,232,4,-1.0
26,233,4,-1.0
26,234,4,-1.0
26,235,4,-1.0
26,236,4,-1.0
26,237,4,-1.0
26,238,4,-1.0
26,239,4,-1.0
26,240,4,-1.0
26,241,4,-1.0
26,242,4,-1.0
26,243,4,-1.0
26,244,4,-1.0
26,245,4,-1.0
26,246,4,-1.0
26,247,4,-1.0
26,248,4,-1.0
26,249,4,-1.0
26,250,4,-1.0
27,0,1,-1.0
27,1,1,-1.0
27,2,1,-1.0
27,3,1,-1.0
27,4,1,-1.0
27,5,1,-1.0
27,6,1,-1.0
27,7,1,-1.0
27,8,1,-1.0
27,9,1,-1.0
27,10,1,-1.0
27,11,1,-1.0
27,12,1,-1.0
27,13,1,-1.0
27,14,1,-1.0
27,15,1,-1.0
27,16,1,-1.0
27,17,1,-1.0
27,18,1,-1.0
27,19,1,-1.0
27,20,1,-1.0
27,21,1,-1.0
27,22,1,-1.0
27,23,1,-1.0
27,24,1,-1.0
27,25,1,-1.0
27,26,1,-1.0
27,27,1,-1.0
27,28,1,-1.0
27,29,1,-1.0
27,30,1,-1.0
27,31,1,-1.0
27,32,1,-1.0
27,33,1,-1.0
27,34,1,-1.0
27,35,1,-1.0
27,36,1,-1.0
27,37,1,-1.0
27,38,1,-1.0
27,39,1,-1.0
27,40,1,-1.0
27,41,1,-1.0
27,42,1,-1.0
27,43,1,-1.0
27,44,1,-1.0
27,45,1,-1.0
27,46,1,-1.0
27,47,1,-1.0
27,48,1,-1.0
27,49,1,-1.0
27,50,1,-1.0
27,51,1,-1.0
27,52,1,-1.0
27,53,1,-1.0
27,54,1,-1.0
27,55,1,-1.0
27,56,1,-1.0
27,57,1,-1.0
27,58,1,-1.0
27,59,1,-1.0
27,60,1,-1.0
27,61,1,-1.0
27,62,1,-1.0
27,63,1,-1.0
27,64,1,-1.0
27,65,1,-1.0
27,66,1,-1.0
27,67,1,-1.0
27,68,1,-1.0
27,69,1,-1.0
27,70,1,-1.0
27,71,1,-1.0
27,72,1,-1.0
27,73,1,-1.0
27,74,1,-1.0
27,75,1,-1.0
27,76,1,-1.0
27,77,1,-1.0
27,78,1,-1.0
27,79,1,-1.0
27,80,1,-1.0
27,81,1,-1.0
27,82,1,-1.0
27,83,1,-1.0
27,84,1,-1.0
27,85,1,-1.0
27,86,1,-1.0
27,87,1,-1.0
27,88,1,-1.0
27,89,1,-1.0
27,90,1,-1.0
27,91,1,-1.0
27,92,1,-1.0
27,93,1,-1.0
27,94,1,-1.0
27,95,1,-1.0
27,96,1,-1.0
27,97,1,-1.0
27,98,1,-1.0
27,99,1,-1.0
27,100,1,-1.0
27,101,1,-1.0
27,102,1,-1.0
27,103,1,-1.0
27,104,1,-1.0
27,105,1,-1.0
27,106,1,-1.0
27,107,1,-1.0
27,108,1,-1.0
27,109,1,-1.0
27,110,1,-1.0
27,111,1,-1.0
27,112,1,-1.0
27,113,1,-1.0
27,114,1,-1.0
27,115,1,-1.0
27,116,1,-1.0
27,117,1,-1.0
27,118,1,-1.0
27,119,1,-1.0
27,120,1,-1.0
27,121,1,-1.0
27,122,1,-1.0
27,123,1,-1.0
27,124,1,-1.0
27,125,1,-1.0
27,126,1,-1.0
27,127,1,-1.0
27,128,1,-1.0
27,129,1,-1.0
27,130,1,-1.0
27,131,1,-1.0
27,132,1,-1.0
27,133,1,-1.0
27,134,1,-1.0
27,135,1,-1.0
27,136,1,-1.0
27,137,1,-1.0
27,138,1,-1.0
27,139,1,-1.0
27,140,1,-1.0
27,141,1,-1.0
27,142,1,-1.0
27,143,1,-1.0
27,144,1,-1.0
27,145,1,-1.0
27,146,1,-1.0
27,147,1,-1.0
27,148,1,-1.0
27,149,1,-1.0
27,150,1,-1.0
27,151,1,-1.0
27,152,1,-1.0
27,153,1,-1.0
27,154,1,-1.0
27,155,1,-1.0
27,156,1,-1.0
27,157,1,-1.0
27,158,1,-1.0
27,159,1,-1.0
27,160,1,-1.0
27,161,1,-1.0
27,162,1,-1.0
27,163,1,-1.0
27,164,1,-1.0
27,165,1,-1.0
27,166,1,-1.0
27,167,4,-1.0
27,168,4,-1.0
27,169,4,-1.0
27,170,4,-1.0
27,171,4,-1.0
27,172,4,-1.0
27,173,4,-1.0
27,174,4,-1.0
27,175,4,-1.0
27,176,4,-1.0
27,177,4,-1.0
27,178,4,-1.0
27,179,4,-1.0
27,180,4,-1.0
27,181,4,-1.0
27,182,4,-1.0
27,183,4,-1.0
27,184,4,-1.0
27,185,4,-1.0
27,186,4,-1.0
27,187,4,-1.0
27,188,4,-1.0
27,189,4,-1.0
27,190,4,-1.0
27,191,4,-1.0
27,192,4,-1.0
27,193,4,-1.0
27,194,4,-1.0
27,195,4,-1.0
27,196,4,-1.0
27,197,4,-1.0
27,198,4,-1.0
27,199,4,-1.0
27,200,4,-1.0
27,201,4,-1.0
27,202,4,-1.0
27,203,4,-1.0
27,204,4,-1.0
27,205,4,-1.0
27,206,4,-1.0
27,207,4,-1.0
27,208,4,-1.0
27,209,4,-1.0
27,210,4,-1.0
27,211,4,-1.0
27,212,4,-1.0
27,213,4,-1.0
27,214,4,-1.0
27,215,4,-1.0
27,216,4,-1.0
27,217,4,-1.0
27,218,4,-1.0
27,219,4,-1.0
27,220,4,-1.0
27,221,4,-1.0
27,222,4,-1.0
27,223,4,-1.0
27,224,4,-1.0
27,225,4,-1.0
27,226,4,-1.0
27,227,4,-1.0
27,228,4,-1.0
27,229,4,-1.0
27,230,4,-1.0
27,231,4,-1.0
27,232,4,-1.0
27,233,4,-1.0
27,234,4,-1.0
27,235,4,-1.0
27,236,4,-1.0
27,237,4,-1.0
27,238,4,-1.0
27,239,4,-1.0
27,240,4,-1.0
27,241,4,-1.0
27,242,4,-1.0
27,243,4,-1.0
27,244,4,-1.0
27,245,4,-1.0
27,246,4,-1.0
27,247,4,-1.0
27,248,4,-1.0
27,249,4,-1.0
27,250,4,-1.0
28,0,1,-1.0
28,1,1,-1.0
28,2,1,-1.0
28,3,1,-1.0
28,4,1,-1.0
28,5,1,-1.0
28,6,1,-1.0
28,7,1,-1.0
28,8,1,-1.0
28,9,1,-1.0
28,10,1,-1.0
28,11,1,-1.0
28,12,1,-1.0
28,13,1,-1.0
28,14,1,-1.0
28,15,1,-1.0
28,16,1,-1.0
28,17,1,-1.0
28,18,1,-1.0
28,19,1,-1.0
28,20,1,-1.0
28,21,1,-1.0
28,22,1,-1.0
28,23,1,-1.0
28,24,1,-1.0
28,25,1,-1.0
28,26,1,-1.0
28,27,1,-1.0
28,28,1,-1.0
28,29,1,-1.0
28,30,1,-1.0
28,31,1,-1.0
28,32,1,-1.0
28,33,1,-1.0
28,34,1,-1.0
28,35,1,-1.0
28,36,1,-1.0
28,37,1,-1.0
28,38,1,-1.0
28,39,1,-1.0
28,40,1,-1.0
28,41,1,-1.0
28,42,1,-1.0
28,43,1,-1.0
28,44,1,-1.0
28,45,1,-1.0
28,46,1,-1.0
28,47,1,-1.0
28,48,1,-1.0
28,49,1,-1.0
28,50,1,-1.0
28,51,1,-1.0
28,52,1,-1.0
28,53,1,-1.0
28,54,1,-1.0
28,55,1,-1.0
28,56,1,-1.0
28,57,1,-1.0
28,58,1,-1.0
28,59,1,-1.0
28,60,1,-1.0
28,61,1,-1.0
28,62,1,-1.0
28,63,1,-1.0
28,64,1,-1.0
28,65,1,-1.0
28,66,1,-1.0
28,67,1,-1.0
28,68,1,-1.0
28,69,1,-1.0
28,70,1,-1.0
28,71,1,-1.0
28,72,1,-1.0
28,73,1,-1.0
28,74,1,-1.0
28,75,1,-1.0
28,76,1,-1.0
28,77,1,-1.0
28,78,1,-1.0
28,79,1,-1.0
28,80,1,-1.0
28,81,1,-1.0
28,82,1,-1.0
28,83,1,-1.0
28,84,1,-1.0
28,85,1,-1.0
28,86,1,-1.0
28,87,1,-1.0
28,88,1,-1.0
28,89,1,-1.0
28,90,1,-1.0
28,91,1,-1.0
28,92,1,-1.0
28,93,1,-1.0
28,94,1,-1.0
28,95,1,-1.0
28,96,1,-1.0
28,97,1,-1.0
28,98,1,-1.0
28,99,1,-1.0
28,100,1,-1.0
28,101,1,-1.0
28,102,1,-1.0
28,103,1,-1.0
28,104,1,-1.0
28,105,1,-1.0
28,106,1,-1.0
28,107,1,-1.0
28,108,1,-1.0
28,109,1,-1.0
28,110,1,-1.0
28,111,1,-1.0
28,112,1,-1.0
28,113,1,-1.0
28,114,1,-1.0
28,115,1,-1.0
28,116,1,-1.0
28,117,1,-1.0
28,118,1,-1.0
28,119,1,-1.0
28,120,1,-1.0
28,121,1,-1.0
28,122,1,-1.0
28,123,1,-1.0
28,124,1,-1.0
28,125,1,-1.0
28,126,1,-1.0
28,127,1,-1.0
28,128,1,-1.0
28,129,1,-1.0
28,130,1,-1.0
28,131,1,-1.0
28,132,1,-1.0
28,133,1,-1.0
28,134,1,-1.0
28,135,1,-1.0
28,136,1,-1.0
28,137,1,-1.0
28,138,1,-1.0
28,139,1,-1.0
28,140,1,-1.0
28,141,1,-1.0
28,142,1,-1.0
28,143,1,-1.0
28,144,1,-1.0
28,145,1,-1.0
28,146,1,-1.0
28,147,1,-1.0
28,148,1,-1.0
28,149,1,-1.0
28,150,1,-1.0
28,151,1,-1.0
28,152,1,-1.0
28,153,1,-1.0
28,154,1,-1.0
28,155,1,-1.0
28,156,1,-1.0
28,157,1,-1.0
28,158,1,-1.0
28,159,1,-1.0
28,160,1,-1.0
28,161,1,-1.0
28,162,1,-1.0
28,163,1,-1.0
28,164,1,-1.0
28,165,1,-1.0
28,166,1,-1.0
28,167,4,-1.0
28,168,4,-1.0
28,169,4,-1.0
28,170,4,-1.0
28,171,4,-1.0
28,172,4,-1.0
28,173,4,-1.0
28,174,4,-1.0
28,175,4,-1.0
28,176,4,-1.0
28,177,4,-1.0
28,178,4,-1.0
28,179,4,-1.0
28,180,4,-1.0
28,181,4,-1.0
28,182,4,-1.0
28,183,4,-1.0
28,184,4,-1.0
28,185,4,-1.0
28,186,4,-1.0
28,187,4,-1.0
28,188,4,-1.0
28,189,4,-1.0
28,190,4,-1.0
28,191,4,-1.0
28,192,4,-1.0
28,193,4,-1.0
28,194,4,-1.0
28,195,4,-1.0
28,196,4,-1.0
28,197,4,-1.0
28,198,4,-1.0
28,199,4,-1.0
28,200,4,-1.0
28,201,4,-1.0
28,202,4,-1.0
28,203,4,-1.0
28,204,4,-1.0
28,205,4,-1.0
28,206,4,-1.0
28,207,4,-1.0
28,208,4,-1.0
28,209,4,-1.0
28,210,4,-1.0
28,211,4,-1.0
28,212,4,-1.0
28,213,4,-1.0
28,214,4,-1.0
28,215,4,-1.0
28,216,4,-1.0
28,217,4,-1.0
28,218,4,-1.0
28,219,4,-1.0
28,220,4,-1.0
28,221,4,-1.0
28,222,4,-1.0
28,223,4,-1.0
28,224,4,-1.0
28,225,4,-1.0
28,226,4,-1.0
28,227,4,-1.0
28,228,4,-1.0
28,229,4,-1.0
28,230,4,-1.0
28,231,4,-1.0
28,232,4,-1.0
28,233,4,-1.0
28,234,4,-1.0
28,235,4,-1.0
28,236,4,-1.0
28,237,4,-1.0
28,238,4,-1.0
28,239,4,-1.0
28,240,4,-1.0
28,241,4,-1.0
28,242,4,-1.0
28,243,4,-1.0
28,244,4,-1.0
28,245,4,-1.0
28,246,4,-1.0
28,247,4,-1.0
28,248,4,-1.0
28,249,4,-1.0
28,250,4,-1.0
29,0,1,-1.0
29,1,1,-1.0
29,2,1,-1.0
29,3,1,-1.0
29,4,1,-1.0
29,5,1,-1.0
29,6,1,-1.0
29,7,1,-1.0
29,8,1,-1.0
29,9,1,-1.0
29,10,1,-1.0
29,11,1,-1.0
29,12,1,-1.0
29,13,1,-1.0
29,14,1,-1.0
29,15,1,-1.0
29,16,1,-1.0
29,17,1,-1.0
29,18,1,-1.0
29,19,1,-1.0
29,20,1,-1.0
29,21,1,-1.0
29,22,1,-1.0
29,23,1,-1.0
29,24,1,-1.0
29,25,1,-1.0
29,26,1,-1.0
29,27,1,-1.0
29,28,1,-1.0
29,29,1,-1.0
29,30,1,-1.0
29,31,1,-1.0
29,32,1,-1.0
29,33,1,-1.0
29,34,1,-1.0
29,35,1,-1.0
29,36,1,-1.0
29,37,1,-1.0
29,38,1,-1.0
29,39,1,-1.0
29,40,1,-1.0
29,41,1,-1.0
29,42,1,-1.0
29,43,1,-1.0
29,44,1,-1.0
29,45,1,-1.0
29,46,1,-1.0
29,47,1,-1.0
29,48,1,-1.0
29,49,1,-1.0
29,50,1,-1.0
29,51,1,-1.0
29,52,1,-1.0
29,53,1,-1.0
29,54,1,-1.0
29,55,1,-1.0
29,56,1,-1.0
29,57,1,-1.0
29,58,1,-1.0
29,59,1,-1.0
29,60,1,-1.0
29,61,1,-1.0
29,62,1,-1.0
29,63,1,-1.0
29,64,1,-1.0
29,65,1,-1.0
29,66,1,-1.0
29,67,1,-1.0
29,68,1,-1.0
29,69,1,-1.0
29,70,1,-1.0
29,71,1,-1.0
29,72,1,-1.0
29,73,1,-1.0
29,74,1,-1.0
29,75,1,-1.0
29,76,1,-1.0
29,77,1,-1.0
29,78,1,-1.0
29,79,1,-1.0
29,80,1,-1.0
29,81,1,-1.0
29,82,1,-1.0
29,83,1,-1.0
29,84,1,-1.0
29,85,1,-1.0
29,86,1,-1.0
29,87,1,-1.0
29,88,1,-1.0
29,89,1,-1.0
29,90,1,-1.0
29,91,1,-1.0
29,92,1,-1.0
29,93,1,-1.0
29,94,1,-1.0
29,95,1,-1.0
29,96,1,-1.0
29,97,1,-1.0
29,98,1,-1.0
29,99,1,-1.0
29,100,1,-1.0
29,101,1,-1.0
29,102,1,-1.0
29,103,1,-1.0
29,104,1,-1.0
29,105,1,-1.0
29,106,1,-1.0
29,107,1,-1.0
29,108,1,-1.0
29,109,1,-1.0
29,110,1,-1.0
29,111,1,-1.0
29,112,1,-1.0
29,113,1,-1.0
29,114,1,-1.0
29,115,1,-1.0
29,116,1,-1.0
29,117,1,-1.0
29,118,1,-1.0
29,119,1,-1.0
29,120,1,-1.0
29,121,1,-1.0
29,122,1,-1.0
29,123,1,-1.0
29,124,1,-1.0
29,125,1,-1.0
29,126,1,-1.0
29,127,1,-1.0
29,128,1,-1.0
29,129,1,-1.0
29,130,1,-1.0
29,131,1,-1.0
29,132,1,-1.0
29,133,1,-1.0
29,134,1,-1.0
29,135,1,-1.0
29,136,1,-1.0
29,137,1,-1.0
29,138,1,-1.0
29,139,1,-1.0
29,140,1,-1.0
29,141,1,-1.0
29,142,1,-1.0
29,143,1,-1.0
29,144,1,-1.0
29,145,1,-1.0
29,146,1,-1.0
29,147,1,-1.0
29,148,1,-1.0
29,149,1,-1.0
29,150,1,-1.0
29,151,1,-1.0
29,152,1,-1.0
29,153,1,-1.0
29,154,1,-1.0
29,155,1,-1.0
29,156,1,-1.0
29,157,1,-1.0
29,158,1,-1.0
29,159,1,-1.0
29,160,1,-1.0
29,161,1,-1.0
29,162,1,-1.0
29,163,1,-1.0
29,164,1,-1.0
29,165,1,-1.0
29,166,1,-1.0
29,167,4,-1.0
29,168,4,-1.0
29,169,4,-1.0
29,170,4,-1.0
29,171,4,-1.0
29,172,4,-1.0
29,173,4,-1.0
29,174,4,-1.0
29,175,4,-1.0
29,176,4,-1.0
29,177,4,-1.0
29,178,4,-1.0
29,179,4,-1.0
29,180,4,-1.0
29,181,4,-1.0
29,182,4,-1.0
29,183,4,-1.0
29,184,4,-1.0
29,185,4,-1.0
29,186,4,-1.0
29,187,4,-1.0
29,188,4,-1.0
29,189,4,-1.0
29,190,4,-1.0
29,191,4,-1.0
29,192,4,-1.0
29,193,4,-1.0
29,194,4,-1.0
29,195,4,-1.0
29,196,4,-1.0
29,197,4,-1.0
29,198,4,-1.0
29,199,4,-1.0
29,200,4,-1.0
29,201,4,-1.0
29,202,4,-1.0
29,203,4,-1.0
29,204,4,-1.0
29,205,4,-1.0
29,206,4,-1.0
29,207,4,-1.0
29,208,4,-1.0
29,209,4,-1.0
29,210,4,-1.0
29,211,4,-1.0
29,212,4,-1.0
29,213,4,-1.0
29,214,4,-1.0
29,215,4,-1.0
29,216,4,-1.0
29,217,4,-1.0
29,218,4,-1.0
29,219,4,-1.0
29,220,4,-1.0
29,221,4,-1.0
29,222,4,-1.0
29,223,4,-1.0
29,224,4,-1.0
29,225,4,-1.0
29,226,4,-1.0
29,227,4,-1.0
29,228,4,-1.0
29,229,4,-1.0
29,230,4,-1.0
29,231,4,-1.0
29,232,4,-1.0
29,233,4,-1.0
29,234,4,-1.0
29,235,4,-1.0
29,236,4,-1.0
29,237,4,-1.0
29,238,4,-1.0
29,239,4,-1.0
29,240,4,-1.0
29,241,4,-1.0
29,242,4,-1.0
29,243,4,-1.0
29,244,4,-1.0
29,245,4,-1.0
29,246,4,-1.0
29,247,4,-1.0
29,248,4,-1.0
29,249,4,-1.0
29,250,4,-1.0
30,0,1,-1.0
30,1,1,-1.0
30,2,1,-1.0
30,3,1,-1.0
30,4,1,-1.0
30,5,1,-1.0
30,6,1,-1.0
30,7,1,-1.0
30,8,1,-1.0
30,9,1,-1.0
30,10,1,-1.0
30,11,1,-1.0
30,12,1,-1.0
30,13,1,-1.0
30,14,1,-1.0
30,15,1,-1.0
30,16,1,-1.0
30,17,1,-1.0
30,18,1,-1.0
30,19,1,-1.0
30,20,1,-1.0
30,21,1,-1.0
30,22,1,-1.0
30,23,1,-1.0
30,24,1,-1.0
30,25,1,-1.0
30,26,1,-1.0
30,27,1,-1.0
30,28,1,-1.0
30,29,1,-1.0
30,30,1,-1.0
30,31,1,-1.0
30,32,1,-1.0
30,33,1,-1.0
30,34,1,-1.0
30,35,1,-1.0
30,36,1,-1.0
30,37,1,-1.0
30,38,1,-1.0
30,39,1,-1.0
30,40,1,-1.0
30,41,1,-1.0
30,42,1,-1.0
30,43,1,-1.0
30,44,1,-1.0
30,45,1,-1.0
30,46,1,-1.0
30,47,1,-1.0
30,48,1,-1.0
30,49,1,-1.0
30,50,1,-1.0
30,51,1,-1.0
30,52,1,-1.0
30,53,1,-1.0
30,54,1,-1.0
30,55,1,-1.0
30,56,1,-1.0
30,57,1,-1.0
30,58,1,-1.0
30,59,1,-1.0
30,60,1,-1.0
30,61,1,-1.0
30,62,1,-1.0
30,63,1,-1.0
30,64,1,-1.0
30,65,1,-1.0
30,66,1,-1.0
30,67,1,-1.0
30,68,1,-1.0
30,69,1,-1.0
30,70,1,-1.0
30,71,1,-1.0
30,72,1,-1.0
30,73,1,-1.0
30,74,1,-1.0
30,75,1,-1.0
30,76,1,-1.0
30,77,1,-1.0
30,78,1,-1.0
30,79,1,-1.0
30,80,1,-1.0
30,81,1,-1.0
30,82,1,-1.0
30,83,1,-1.0
30,84,1,-1.0
30,85,1,-1.0
30,86,1,-1.0
30,87,1,-1.0
30,88,1,-1.0
30,89,1,-1.0
30,90,1,-1.0
30,91,1,-1.0
30,92,1,-1.0
30,93,1,-1.0
30,94,1,-1.0
30,95,1,-1.0
30,96,1,-1.0
30,97,1,-1.0
30,98,1,-1.0
30,99,1,-1.0
30,100,1,-1.0
30,101,1,-1.0
30,102,1,-1.0
30,103,1,-1.0
30,104,1,-1.0
30,105,1,-1.0
30,106,1,-1.0
30,107,1,-1.0
30,108,1,-1.0
30,109,1,-1.0
30,110,1,-1.0
30,111,1,-1.0
30,112,1,-1.0
30,113,1,-1.0
30,114,1,-1.0
30,115,1,-1.0
30,116,1,-1.0
30,117,1,-1.0
30,118,1,-1.0
30,119,1,-1.0
30,120,1,-1.0
30,121,1,-1.0
30,122,1,-1.0
30,123,1,-1.0
30,124,1,-1.0
30,125,1,-1.0
30,126,1,-1.0
30,127,1,-1.0
30,128,1,-1.0
30,129,1,-1.0
30,130,1,-1.0
30,131,1,-1.0
30,132,1,-1.0
30,133,1,-1.0
30,134,1,-1.0
30,135,1,-1.0
30,136,1,-1.0
30,137,1,-1.0
30,138,1,-1.0
30,139,1,-1.0
30,140,1,-1.0
30,141,1,-1.0
30,142,1,-1.0
30,143,1,-1.0
30,144,1,-1.0
30,145,1,-1.0
30,146,1,-1.0
30,147,1,-1.0
30,148,1,-1.0
30,149,1,-1.0
30,150,1,-1.0
30,151,1,-1.0
30,152,1,-1.0
30,153,1,-1.0
30,154,1,-1.0
30,155,1,-1.0
30,156,1,-1.0
30,157,1,-1.0
30,158,1,-1.0
30,159,1,-1.0
30,160,1,-1.0
30,161,1,-1.0
30,162,1,-1.0
30,163,1,-1.0
30,164,1,-1.0
30,165,1,-1.0
30,166,1,-1.0
30,167,4,-1.0
30,168,4,-1.0
30,169,4,-1.0
30,170,4,-1.0
30,171,4,-1.0
30,172,4,-1.0
30,173,4,-1.0
30,174,4,-1.0
30,175,4,-1.0
30,176,4,-1.0
30,177,4,-1.0
30,178,4,-1.0
30,179,4,-1.0
30,180,4,-1.0
30,181,4,-1.0
30,182,4,-1.0
30,183,4,-1.0
30,184,4,-1.0
30,185,4,-1.0
30,186,4,-1.0
30,187,4,-1.0
30,188,4,-1.0
30,189,4,-1.0
30,190,4,-1.0
30,191,4,-1.0
30,192,4,-1.0
30,193,4,-1.0
30,194,4,-1.0
30,195,4,-1.0
30,196,4,-1.0
30,197,4,-1.0
30,198,4,-1.0
30,199,4,-1.0
30,200,4,-1.0
30,201,4,-1.0
30,202,4,-1.0
30,203,4,-1.0
30,204,4,-1.0
30,205,4,-1.0
30,206,4,-1.0
30,207,4,-1.0
30,208,4,-1.0
30,209,4,-1.0
30,210,4,-1.0
30,211,4,-1.0
30,212,4,-1.0
30,213,4,-1.0
30,214,4,-1.0
30,215,4,-1.0
30,216,4,-1.0
30,217,4,-1.0
30,218,4,-1.0
30,219,4,-1.0
30,220,4,-1.0
30,221,4,-1.0
30,222,4,-1.0
30,223,4,-1.0
30,224,4,-1.0
30,225,4,-1.0
30,226,4,-1.0
30,227,4,-1.0
30,228,4,-1.0
30,229,4,-1.0
30,230,4,-1.0
30,231,4,-1.0
30,232,4,-1.0
30,233,4,-1.0
30,234,4,-1.0
30,235,4,-1.0
30,236,4,-1.0
30,237,4,-1.0
30,238,4,-1.0
30,239,4,-1.0
30,240,4,-1.0
30,241,4,-1.0
30,242,4,-1.0
30,243,4,-1.0
30,244,4,-1.0
30,245,4,-1.0
30,246,4,-1.0
30,247,4,-1.0
30,248,4,-1.0
30,249,4,-1.0
30,250,4,-1.0
31,0,1,-1.0
31,1,1,-1.0
31,2,1,-1.0
31,3,1,-1.0
31,4,1,-1.0
31,5,1,-1.0
31,6,1,-1.0
31,7,1,-1.0
31,8,1,-1.0
31,9,1,-1.0
31,10,1,-1.0
31,11,1,-1.0
31,12,1,-1.0
31,13,1,-1.0
31,14,1,-1.0
31,15,1,-1.0
31,16,1,-1.0
31,17,1,-1.0
31,18,1,-1.0
31,19,1,-1.0
31,20,1,-1.0
31,21,1,-1.0
31,22,1,-1.0
31,23,1,-1.0
31,24,1,-1.0
31,25,1,-1.0
31,26,1,-1.0
31,27,1,-1.0
31,28,1,-1.0
31,29,1,-1.0
31,30,1,-1.0
31,31,1,-1.0
31,32,1,-1.0
31,33,1,-1.0
31,34,1,-1.0
31,35,1,-1.0
31,36,1,-1.0
31,37,1,-1.0
31,38,1,-1.0
31,39,1,-1.0
31,40,1,-1.0
31,41,1,-1.0
31,42,1,-1.0
31,43,1,-1.0
31,44,1,-1.0
31,45,1,-1.0
31,46,1,-1.0
31,47,1,-1.0
31,48,1,-1.0
31,49,1,-1.0
31,50,1,-1.0
31,51,1,-1.0
31,52,1,-1.0
31,53,1,-1.0
31,54,1,-1.0
31,55,1,-1.0
31,56,1,-1.0
31,57,1,-1.0
31,58,1,-1.0
31,59,1,-1.0
31,60,1,-1.0
31,61,1,-1.0
31,62,1,-1.0
31,63,1,-1.0
31,64,1,-1.0
31,65,1,-1.0
31,66,1,-1.0
31,67,1,-1.0
31,68,1,-1.0
31,69,1,-1.0
31,70,1,-1.0
31,71,1,-1.0
31,72,1,-1.0
31,73,1,-1.0
31,74,1,-1.0
31,75,1,-1.0
31,76,1,-1.0
31,77,1,-1.0
31,78,1,-1.0
31,79,1,-1.0
31,80,1,-1.0
31,81,1,-1.0
31,82,1,-1.0
31,83,1,-1.0
31,84,1,-1.0
31,85,1,-1.0
31,86,1,-1.0
31,87,1,-1.0
31,88,1,-1.0
31,89,1,-1.0
31,90,1,-1.0
31,91,1,-1.0
31,92,1,-1.0
31,93,1,-1.0
31,94,1,-1.0
31,95,1,-1.0
31,96,1,-1.0
31,97,1,-1.0
31,98,1,-1.0
31,99,1,-1.0
31,100,1,-1.0
31,101,1,-1.0
31,102,1,-1.0
31,103,1,-1.0
31,104,1,-1.0
31,105,1,-1.0
31,106,1,-1.0
31,107,1,-1.0
31,108,1,-1.0
31,109,1,-1.0
31,110,1,-1.0
31,111,1,-1.0
31,112,1,-1.0
31,113,1,-1.0
31,114,1,-1.0
31,115,1,-1.0
31,116,1,-1.0
31,117,1,-1.0
31,118,1,-1.0
31,119,1,-1.0
31,120,1,-1.0
31,121,1,-1.0
31,122,1,-1.0
31,123,1,-1.0
31,124,1,-1.0
31,125,1,-1.0
31,126,1,-1.0
31,127,1,-1.0
31,128,1,-1.0
31,129,1,-1.0
31,130,1,-1.0
31,131,1,-1.0
31,132,1,-1.0
31,133,1,-1.0
31,134,1,-1.0
31,135,1,-1.0
31,136,1,-1.0
31,137,1,-1.0
31,138,1,-1.0
31,139,1,-1.0
31,140,1,-1.0
31,141,1,-1.0
31,142,1,-1.0
31,143,1,-1.0
31,144,1,-1.0
31,145,1,-1.0
31,146,1,-1.0
31,147,1,-1.0
31,148,1,-1.0
31,149,1,-1.0
31,150,1,-1.0
31,151,1,-1.0
31,152,1,-1.0
31,153,1,-1.0
31,154,1,-1.0
31,155,1,-1.0
31,156,1,-1.0
31,157,1,-1.0
31,158,1,-1.0
31,159,1,-1.0
31,160,1,-1.0
31,161,1,-1.0
31,162,1,-1.0
31,163,1,-1.0
31,164,1,-1.0
31,165,1,-1.0
31,166,1,-1.0
31,167,4,-1.0
31,168,4,-1.0
31,169,4,-1.0
31,170,4,-1.0
31,171,4,-1.0
31,172,4,-1.0
31,173,4,-1.0
31,174,4,-1.0
31,175,4,-1.0
31,176,4,-1.0
31,177,4,-1.0
31,178,4,-1.0
31,179,4,-1.0
31,180,4,-1.0
31,181,4,-1.0
31,182,4,-1.0
31,183,4,-1.0
31,184,4,-1.0
31,185,4,-1.0
31,186,4,-1.0
31,187,4,-1.0
31,188,4,-1.0
31,189,4,-1.0
31,190,4,-1.0
31,191,4,-1.0
31,192,4,-1.0
31,193,4,-1.0
31,194,4,-1.0
31,195,4,-1.0
31,196,4,-1.0
31,197,4,-1.0
31,198,4,-1.0
31,199,4,-1.0
31,200,4,-1.0
31,201,4,-1.0
31,202,4,-1.0
31,203,4,-1.0
31,204,4,-1.0
31,205,4,-1.0
31,206,4,-1.0
31,207,4,-1.0
31,208,4,-1.0
31,209,4,-1.0
31,210,4,-1.0
31,211,4,-1.0
31,212,4,-1.0
31,213,4,-1.0
31,214,4,-1.0
31,215,4,-1.0
31,216,4,-1.0
31,217,4,-1.0
31,218,4,-1.0
31,219,4,-1.0
31,220,4,-1.0
31,221,4,-1.0
31,222,4,-1.0
31,223,4,-1.0
31,224,4,-1.0
31,225,4,-1.0
31,226,4,-1.0
31,227,4,-1.0
31,228,4,-1.0
31,229,4,-1.0
31,230,4,-1.0
31,231,4,-1.0
31,232,4,-1.0
31,233,4,-1.0
31,234,4,-1.0
31,235,4,-1.0
31,236,4,-1.0
31,237,4,-1.0
31,238,4,-1.0
31,239,4,-1.0
31,240,4,-1.0
31,241,4,-1.0
31,242,4,-1.0
31,243,4,-1.0
31,244,4,-1.0
31,245,4,-1.0
31,246,4,-1.0
31,247,4,-1.0
31,248,4,-1.0
31,249,4,-1.0
31,250,4,-1.0
32,0,1,-1.0
32,1,1,-1.0
32,2,1,-1.0
32,3,1,-1.0
32,4,1,-1.0
32,5,1,-1.0
32,6,1,-1.0
32,7,1,-1.0
32,8,1,-1.0
32,9,1,-1.0
32,10,1,-1.0
32,11,1,-1.0
32,12,1,-1.0
32,13,1,-1.0
32,14,1,-1.0
32,15,1,-1.0
32,16,1,-1.0
32,17,1,-1.0
32,18,1,-1.0
32,19,1,-1.0
32,20,1,-1.0
32,21,1,-1.0
32,22,1,-1.0
32,23,1,-1.0
32,24,1,-1.0
32,25,1,-1.0
32,26,1,-1.0
32,27,1,-1.0
32,28,1,-1.0
32,29,1,-1.0
32,30,1,-1.0
32,31,1,-1.0
32,32,1,-1.0
32,33,1,-1.0
32,34,1,-1.0
32,35,1,-1.0
32,36,1,-1.0
32,37,1,-1.0
32,38,1,-1.0
32,39,1,-1.0
32,40,1,-1.0
32,41,1,-1.0
32,42,1,-1.0
32,43,1,-1.0
32,44,1,-1.0
32,45,1,-1.0
32,46,1,-1.0
32,47,1,-1.0
32,48,1,-1.0
32,49,1,-1.0
32,50,1,-1.0
32,51,1,-1.0
32,52,1,-1.0
32,53,1,-1.0
32,54,1,-1.0
32,55,1,-1.0
32,56,1,-1.0
32,57,1,-1.0
32,58,1,-1.0
32,59,1,-1.0
32,60,1,-1.0
32,61,1,-1.0
32,62,1,-1.0
32,63,1,-1.0
32,64,1,-1.0
32,65,1,-1.0
32,66,1,-1.0
32,67,1,-1.0
32,68,1,-1.0
32,69,1,-1.0
32,70,1,-1.0
32,71,1,-1.0
32,72,1,-1.0
32,73,1,-1.0
32,74,1,-1.0
32,75,1,-1.0
32,76,1,-1.0
32,77,1,-1.0
32,78,1,-1.0
32,79,1,-1.0
32,80,1,-1.0
32,81,1,-1.0
32,82,1,-1.0
32,83,1,-1.0
32,84,1,-1.0
32,85,1,-1.0
32,86,1,-1.0
32,87,1,-1.0
32,88,1,-1.0
32,89,1,-1.0
32,90,1,-1.0
32,91,1,-1.0
32,92,1,-1.0
32,93,1,-1.0
32,94,1,-1.0
32,95,1,-1.0
32,96,1,-1.0
32,97,1,-1.0
32,98,1,-1.0
32,99,1,-1.0
32,100,1,-1.0
32,101,1,-1.0
32,102,1,-1.0
32,103,1,-1.0
32,104,1,-1.0
32,105,1,-1.0
32,106,1,-1.0
32,107,1,-1.0
32,108,1,-1.0
32,109,1,-1.0
32,110,1,-1.0
32,111,1,-1.0
32,112,1,-1.0
32,113,1,-1.0
32,114,1,-1.0
32,115,1,-1.0
32,116,1,-1.0
32,117,1,-1.0
32,118,1,-1.0
32,119,1,-1.0
32,120,1,-1.0
32,121,1,-1.0
32,122,1,-1.0
32,123,1,-1.0
32,124,1,-1.0
32,125,1,-1.0
32,126,1,-1.0
32,127,1,-1.0
32,128,1,-1.0
32,129,1,-1.0
32,130,1,-1.0
32,131,1,-1.0
32,132,1,-1.0
32,133,1,-1.0
32,134,1,-1.0
32,135,1,-1.0
32,136,1,-1.0
32,137,1,-1.0
32,138,1,-1.0
32,139,1,-1.0
32,140,1,-1.0
32,141,1,-1.0
32,142,1,-1.0
32,143,1,-1.0
32,144,1,-1.0
32,145,1,-1.0
32,146,1,-1.0
32,147,1,-1.0
32,148,1,-1.0
32,149,1,-1.0
32,150,1,-1.0
32,151,1,-1.0
32,152,1,-1.0
32,153,1,-1.0
32,154,1,-1.0
32,155,1,-1.0
32,156,1,-1.0
32,157,1,-1.0
32,158,1,-1.0
32,159,1,-1.0
32,160,1,-1.0
32,161,1,-1.0
32,162,1,-1.0
32,163,1,-1.0
32,164,1,-1.0
32,165,1,-1.0
32,166,1,-1.0
32,167,4,-1.0
32,168,4,-1.0
32,169,4,-1.0
32,170,4,-1.0
32,171,4,-1.0
32,172,4,-1.0
32,173,4,-1.0
32,174,4,-1.0
32,175,4,-1.0
32,176,4,-1.0
32,177,4,-1.0
32,178,4,-1.0
32,179,4,-1.0
32,180,4,-1.0
32,181,4,-1.0
32,182,4,-1.0
32,183,4,-1.0
32,184,4,-1.0
32,185,4,-1.0
32,186,4,-1.0
32,187,4,-1.0
32,188,4,-1.0
32,189,4,-1.0
32,190,4,-1.0
32,191,4,-1.0
32,192,4,-1.0
32,193,4,-1.0
32,194,4,-1.0
32,195,4,-1.0
32,196,4,-1.0
32,197,4,-1.0
32,198,4,-1.0
32,199,4,-1.0
32,200,4,-1.0
32,201,4,-1.0
32,202,4,-1.0
32,203,4,-1.0
32,204,4,-1.0
32,205,4,-1.0
32,206,4,-1.0
32,207,4,-1.0
32,208,4,-1.0
32,209,4,-1.0
32,210,4,-1.0
32,211,4,-1.0
32,212,4,-1.0
32,213,4,-1.0
32,214,4,-1.0
32,215,4,-1.0
32,216,4,-1.0
32,217,4,-1.0
32,218,4,-1.0
32,219,4,-1.0
32,220,4,-1.0
32,221,4,-1.0
32,222,4,-1.0
32,223,4,-1.0
32,224,4,-1.0
32,225,4,-1.0
32,226,4,-1.0
32,227,4,-1.0
32,228,4,-1.0
32,229,4,-1.0
32,230,4,-1.0
32,231,4,-1.0
32,232,4,-1.0
32,233,4,-1.0
32,234,4,-1.0
32,235,4,-1.0
32,236,4,-1.0
32,237,4,-1.0
32,238,4,-1.0
32,239,4,-1.0
32,240,4,-1.0
32,241,4,-1.0
32,242,4,-1.0
32,243,4,-1.0
32,244,4,-1.0
32,245,4,-1.0
32,246,4,-1.0
32,247,4,-1.0
32,248,4,-1.0
32,249,4,-1.0
32,250,4,-1.0
33,0,1,-1.0
33,1,1,-1.0
33,2,1,-1.0
33,3,1,-1.0
33,4,1,-1.0
33,5,1,-1.0
33,6,1,-1.0
33,7,1,-1.0
33,8,1,-1.0
33,9,1,-1.0
33,10,1,-1.0
33,11,1,-1.0
33,12,1,-1.0
33,13,1,-1.0
33,14,1,-1.0
33,15,1,-1.0
33,16,1,-1.0
33,17,1,-1.0
33,18,1,-1.0
33,19,1,-1.0
33,20,1,-1.0
33,21,1,-1.0
33,22,1,-1.0
33,23,1,-1.0
33,24,1,-1.0
33,25,1,-1.0
33,26,1,-1.0
33,27,1,-1.0
33,28,1,-1.0
33,29,1,-1.0
33,30,1,-1.0
33,31,1,-1.0
33,32,1,-1.0
33,33,1,-1.0
33,34,1,-1.0
33,35,1,-1.0
33,36,1,-1.0
33,37,1,-1.0
33,38,1,-1.0
33,39,1,-1.0
33,40,1,-1.0
33,41,1,-1.0
33,42,1,-1.0
33,43,1,-1.0
33,44,1,-1.0
33,45,1,-1.0
33,46,1,-1.0
33,47,1,-1.0
33,48,1,-1.0
33,49,1,-1.0
33,50,1,-1.0
33,51,1,-1.0
33,52,1,-1.0
33,53,1,-1.0
33,54,1,-1.0
33,55,1,-1.0
33,56,1,-1.0
33,57,1,-1.0
33,58,1,-1.0
33,59,1,-1.0
33,60,1,-1.0
33,61,1,-1.0
33,62,1,-1.0
33,63,1,-1.0
33,64,1,-1.0
33,65,1,-1.0
33,66,1,-1.0
33,67,1,-1.0
33,68,1,-1.0
33,69,1,-1.0
33,70,1,-1.0
33,71,1,-1.0
33,72,1,-1.0
33,73,1,-1.0
33,74,1,-1.0
33,75,1,-1.0
33,76,1,-1.0
33,77,1,-1.0
33,78,1,-1.0
33,79,1,-1.0
33,80,1,-1.0
33,81,1,-1.0
33,82,1,-1.0
33,83,1,-1.0
33,84,1,-1.0
33,85,1,-1.0
33,86,1,-1.0
33,87,1,-1.0
33,88,1,-1.0
33,89,1,-1.0
33,90,1,-1.0
33,91,1,-1.0
33,92,1,-1.0
33,93,1,-1.0
33,94,1,-1.0
33,95,1,-1.0
33,96,1,-1.0
33,97,1,-1.0
33,98,1,-1.0
33,99,1,-1.0
33,100,1,-1.0
33,101,1,-1.0
33,102,1,-1.0
33,103,1,-1.0
33,104,1,-1.0
33,105,1,-1.0
33,106,1,-1.0
33,107,1,-1.0
33,108,1,-1.0
33,109,1,-1.0
33,110,1,-1.0
33,111,1,-1.0
33,112,1,-1.0
33,113,1,-1.0
33,114,1,-1.0
33,115,1,-1.0
33,116,1,-1.0
33,117,1,-1.0
33,118,1,-1.0
33,119,1,-1.0
33,120,1,-1.0
33,121,1,-1.0
33,122,1,-1.0
33,123,1,-1.0
33,124,1,-1.0
33,125,1,-1.0
33,126,1,-1.0
33,127,1,-1.0
33,128,1,-1.0
33,129,1,-1.0
33,130,1,-1.0
33,131,1,-1.0
33,132,1,-1.0
33,133,1,-1.0
33,134,1,-1.0
33,135,1,-1.0
33,136,1,-1.0
33,137,1,-1.0
33,138,1,-1.0
33,139,1,-1.0
33,140,1,-1.0
33,141,1,-1.0
33,142,1,-1.0
33,143,1,-1.0
33,144,1,-1.0
33,145,1,-1.0
33,146,1,-1.0
33,147,1,-1.0
33,148,1,-1.0
33,149,1,-1.0
33,150,1,-1.0
33,151,1,-1.0
33,152,1,-1.0
33,153,1,-1.0
33,154,1,-1.0
33,155,1,-1.0
33,156,1,-1.0
33,157,1,-1.0
33,158,1,-1.0
33,159,1,-1.0
33,160,1,-1.0
33,161,1,-1.0
33,162,1,-1.0
33,163,1,-1.0
33,164,1,-1.0
33,165,1,-1.0
33,166,1,-1.0
33,167,4,-1.0
33,168,4,-1.0
33,169,4,-1.0
33,170,4,-1.0
33,171,4,-1.0
33,172,4,-1.0
33,173,4,-1.0
33,174,4,-1.0
33,175,4,-1.0
33,176,4,-1.0
33,177,4,-1.0
33,178,4,-1.0
33,179,4,-1.0
33,180,4,-1.0
33,181,4,-1.0
33,182,4,-1.0
33,183,4,-1.0
33,184,4,-1.0
33,185,4,-1.0
33,186,4,-1.0
33,187,4,-1.0
33,188,4,-1.0
33,189,4,-1.0
33,190,4,-1.0
33,191,4,-1.0
33,192,4,-1.0
33,193,4,-1.0
33,194,4,-1.0
33,195,4,-1.0
33,196,4,-1.0
33,197,4,-1.0
33,198,4,-1.0
33,199,4,-1.0
33,200,4,-1.0
33,201,4,-1.0
33,202,4,-1.0
33,203,4,-1.0
33,204,4,-1.0
33,205,4,-1.0
33,206,4,-1.0
33,207,4,-1.0
33,208,4,-1.0
33,209,4,-1.0
33,210,4,-1.0
33,211,4,-1.0
33,212,4,-1.0
33,213,4,-1.0
33,214,4,-1.0
33,215,4,-1.0
33,216,4,-1.0
33,217,4,-1.0
33,218,4,-1.0
33,219,4,-1.0
33,220,4,-1.0
33,221,4,-1.0
33,222,4,-1.0
33,223,4,-1.0
33,224,4,-1.0
33,225,4,-1.0
33,226,4,-1.0
33,227,4,-1.0
33,228,4,-1.0
33,229,4,-1.0
33,230,4,-1.0
33,231,4,-1.0
33,232,4,-1.0
33,233,4,-1.0
33,234,4,-1.0
33,235,4,-1.0
33,236,4,-1.0
33,237,4,-1.0
33,238,4,-1.0
33,239,4,-1.0
33,240,4,-1.0
33,241,4,-1.0
33,242,4,-1.0
33,243,4,-1.0
33,244,4,-1.0
33,245,4,-1.0
33,246,4,-1.0
33,247,4,-1.0
33,248,4,-1.0
33,249,4,-1.0
33,250,4,-1.0
34,0,1,-1.0
34,1,1,-1.0
34,2,1,-1.0
34,3,1,-1.0
34,4,1,-1.0
34,5,1,-1.0
34,6,1,-1.0
34,7,1,-1.0
34,8,1,-1.0
34,9,1,-1.0
34,10,1,-1.0
34,11,1,-1.0
34,12,1,-1.0
34,13,1,-1.0
34,14,1,-1.0
34,15,1,-1.0
34,16,1,-1.0
34,17,1,-1.0
34,18,1,-1.0
34,19,1,-1.0
34,20,1,-1.0
34,21,1,-1.0
34,22,1,-1.0
34,23,1,-1.0
34,24,1,-1.0
34,25,1,-1.0
34,26,1,-1.0
34,27,1,-1.0
34,28,1,-1.0
34,29,1,-1.0
34,30,1,-1.0
34,31,1,-1.0
34,32,1,-1.0
34,33,1,-1.0
34,34,1,-1.0
34,35,1,-1.0
34,36,1,-1.0
34,37,1,-1.0
34,38,1,-1.0
34,39,1,-1.0
34,40,1,-1.0
34,41,1,-1.0
34,42,1,-1.0
34,43,1,-1.0
34,44,1,-1.0
34,45,1,-1.0
34,46,1,-1.0
34,47,1,-1.0
34,48,1,-1.0
34,49,1,-1.0
34,50,1,-1.0
34,51,1,-1.0
34,52,1,-1.0
34,53,1,-1.0
34,54,1,-1.0
34,55,1,-1.0
34,56,1,-1.0
34,57,1,-1.0
34,58,1,-1.0
34,59,1,-1.0
34,60,1,-1.0
34,61,1,-1.0
34,62,1,-1.0
34,63,1,-1.0
34,64,1,-1.0
34,65,1,-1.0
34,66,1,-1.0
34,67,1,-1.0
34,68,1,-1.0
34,69,1,-1.0
34,70,1,-1.0
34,71,1,-1.0
34,72,1,-1.0
34,73,1,-1.0
34,74,1,-1.0
34,75,1,-1.0
34,76,1,-1.0
34,77,1,-1.0
34,78,1,-1.0
34,79,1,-1.0
34,80,1,-1.0
34,81,1,-1.0
34,82,1,-1.0
34,83,1,-1.0
34,84,1,-1.0
34,85,1,-1.0
34,86,1,-1.0
34,87,1,-1.0
34,88,1,-1.0
34,89,1,-1.0
34,90,1,-1.0
34,91,1,-1.0
34,92,1,-1.0
34,93,1,-1.0
34,94,1,-1.0
34,95,1,-1.0
34,96,1,-1.0
34,97,1,-1.0
34,98,1,-1.0
34,99,1,-1.0
34,100,1,-1.0
34,101,1,-1.0
34,102,1,-1.0
34,103,1,-1.0
34,104,1,-1.0
34,105,1,-1.0
34,106,1,-1.0
34,107,1,-1.0
34,108,1,-1.0
34,109,1,-1.0
34,110,1,-1.0
34,111,1,-1.0
34,112,1,-1.0
34,113,1,-1.0
34,114,1,-1.0
34,115,1,-1.0
34,116,1,-1.0
34,117,1,-1.0
34,118,1,-1.0
34,119,1,-1.0
34,120,1,-1.0
34,121,1,-1.0
34,122,1,-1.0
34,123,1,-1.0
34,124,1,-1.0
34,125,1,-1.0
34,126,1,-1.0
34,127,1,-1.0
34,128,1,-1.0
34,129,1,-1.0
34,130,1,-1.0
34,131,1,-1.0
34,132,1,-1.0
34,133,1,-1.0
34,134,1,-1.0
34,135,1,-1.0
34,136,1,-1.0
34,137,1,-1.0
34,138,1,-1.0
34,139,1,-1.0
34,140,1,-1.0
34,141,1,-1.0
34,142,1,-1.0
34,143,1,-1.0
34,144,1,-1.0
34,145,1,-1.0
34,146,1,-1.0
34,147,1,-1.0
34,148,1,-1.0
34,149,1,-1.0
34,150,1,-1.0
34,151,1,-1.0
34,152,1,-1.0
34,153,1,-1.0
34,154,1,-1.0
34,155,1,-1.0
34,156,1,-1.0
34,157,1,-1.0
34,158,1,-1.0
34,159,1,-1.0
34,160,1,-1.0
34,161,1,-1.0
34,162,1,-1.0
34,163,1,-1.0
34,164,1,-1.0
34,165,1,-1.0
34,166,1,-1.0
34,167,4,-1.0
34,168,4,-1.0
34,169,4,-1.0
34,170,4,-1.0
34,171,4,-1.0
34,172,4,-1.0
34,173,4,-1.0
34,174,4,-1.0
34,175,4,-1.0
34,176,4,-1.0
34,177,4,-1.0
34,178,4,-1.0
34,179,4,-1.0
34,180,4,-1.0
34,181,4,-1.0
34,182,4,-1.0
34,183,4,-1.0
34,184,4,-1.0
34,185,4,-1.0
34,186,4,-1.0
34,187,4,-1.0
34,188,4,-1.0
34,189,4,-1.0
34,190,4,-1.0
34,191,4,-1.0
34,192,4,-1.0
34,193,4,-1.0
34,194,4,-1.0
34,195,4,-1.0
34,196,4,-1.0
34,197,4,-1.0
34,198,4,-1.0
34,199,4,-1.0
34,200,4,-1.0
34,201,4,-1.0
34,202,4,-1.0
34,203,4,-1.0
34,204,4,-1.0
34,205,4,-1.0
34,206,4,-1.0
34,207,4,-1.0
34,208,4,-1.0
34,209,4,-1.0
34,210,4,-1.0
34,211,4,-1.0
34,212,4,-1.0
34,213,4,-1.0
34,214,4,-1.0
34,215,4,-1.0
34,216,4,-1.0
34,217,4,-1.0
34,218,4,-1.0
34,219,4,-1.0
34,220,4,-1.0
34,221,4,-1.0
34,222,4,-1.0
34,223,4,-1.0
34,224,4,-1.0
34,225,4,-1.0
34,226,4,-1.0
34,227,4,-1.0
34,228,4,-1.0
34,229,4,-1.0
34,230,4,-1.0
34,231,4,-1.0
34,232,4,-1.0
34,233,4,-1.0
34,234,4,-1.0
34,235,4,-1.0
34,236,4,-1.0
34,237,4,-1.0
34,238,4,-1.0
34,239,4,-1.0
34,240,4,-1.0
34,241,4,-1.0
34,242,4,-1.0
34,243,4,-1.0
34,244,4,-1.0
34,245,4,-1.0
34,246,4,-1.0
34,247,4,-1.0
34,248,4,-1.0
34,249,4,-1.0
34,250,4,-1.0
35,0,1,-1.0
35,1,1,-1.0
35,2,1,-1.0
35,3,1,-1.0
35,4,1,-1.0
35,5,1,-1.0
35,6,1,-1.0
35,7,1,-1.0
35,8,1,-1.0
35,9,1,-1.0
35,10,1,-1.0
35,11,1,-1.0
35,12,1,-1.0
35,13,1,-1.0
35,14,1,-1.0
35,15,1,-1.0
35,16,1,-1.0
35,17,1,-1.0
35,18,1,-1.0
35,19,1,-1.0
35,20,1,-1.0
35,21,1,-1.0
35,22,1,-1.0
35,23,1,-1.0
35,24,1,-1.0
35,25,1,-1.0
35,26,1,-1.0
35,27,1,-1.0
35,28,1,-1.0
35,29,1,-1.0
35,30,1,-1.0
35,31,1,-1.0
35,32,1,-1.0
35,33,1,-1.0
35,34,1,-1.0
35,35,1,-1.0
35,36,1,-1.0
35,37,1,-1.0
35,38,1,-1.0
35,39,1,-1.0
35,40,1,-1.0
35,41,1,-1.0
35,42,1,-1.0
35,43,1,-1.0
35,44,1,-1.0
35,45,1,-1.0
35,46,1,-1.0
35,47,1,-1.0
35,48,1,-1.0
35,49,1,-1.0
35,50,1,-1.0
35,51,1,-1.0
35,52,1,-1.0
35,53,1,-1.0
35,54,1,-1.0
35,55,1,-1.0
35,56,1,-1.0
35,57,1,-1.0
35,58,1,-1.0
35,59,1,-1.0
35,60,1,-1.0
35,61,1,-1.0
35,62,1,-1.0
35,63,1,-1.0
35,64,1,-1.0
35,65,1,-1.0
35,66,1,-1.0
35,67,1,-1.0
35,68,1,-1.0
35,69,1,-1.0
35,70,1,-1.0
35,71,1,-1.0
35,72,1,-1.0
35,73,1,-1.0
35,74,1,-1.0
35,75,1,-1.0
35,76,1,-1.0
35,77,1,-1.0
35,78,1,-1.0
35,79,1,-1.0
35,80,1,-1.0
35,81,1,-1.0
35,82,1,-1.0
35,83,1,-1.0
35,84,1,-1.0
35,85,1,-1.0
35,86,1,-1.0
35,87,1,-1.0
35,88,1,-1.0
35,89,1,-1.0
35,90,1,-1.0
35,91,1,-1.0
35,92,1,-1.0
35,93,1,-1.0
35,94,1,-1.0
35,95,1,-1.0
35,96,1,-1.0
35,97,1,-1.0
35,98,1,-1.0
35,99,1,-1.0
35,100,1,-1.0
35,101,1,-1.0
35,102,1,-1.0
35,103,1,-1.0
35,104,1,-1.0
35,105,1,-1.0
35,106,1,-1.0
35,107,1,-1.0
35,108,1,-1.0
35,109,1,-1.0
35,110,1,-1.0
35,111,1,-1.0
35,112,1,-1.0
35,113,1,-1.0
35,114,1,-1.0
35,115,1,-1.0
35,116,1,-1.0
35,117,1,-1.0
35,118,1,-1.0
35,119,1,-1.0
35,120,1,-1.0
35,121,1,-1.0
35,122,1,-1.0
35,123,1,-1.0
35,124,1,-1.0
35,125,1,-1.0
35,126,1,-1.0
35,127,1,-1.0
35,128,1,-1.0
35,129,1,-1.0
35,130,1,-1.0
35,131,1,-1.0
35,132,1,-1.0
35,133,1,-1.0
35,134,1,-1.0
35,135,1,-1.0
35,136,1,-1.0
35,137,1,-1.0
35,138,1,-1.0
35,139,1,-1.0
35,140,1,-1.0
35,141,1,-1.0
35,142,1,-1.0
35,143,1,-1.0
35,144,1,-1.0
35,145,1,-1.0
35,146,1,-1.0
35,147,1,-1.0
35,148,1,-1.0
35,149,1,-1.0
35,150,1,-1.0
35,151,1,-1.0
35,152,1,-1.0
35,153,1,-1.0
35,154,1,-1.0
35,155,1,-1.0
35,156,1,-1.0
35,157,1,-1.0
35,158,1,-1.0
35,159,1,-1.0
35,160,1,-1.0
35,161,1,-1.0
35,162,1,-1.0
35,163,1,-1.0
35,164,1,-1.0
35,165,1,-1.0
35,166,1,-1.0
35,167,4,-1.0
35,168,4,-1.0
35,169,4,-1.0
35,170,4,-1.0
35,171,4,-1.0
35,172,4,-1.0
35,173,4,-1.0
35,174,4,-1.0
35,175,4,-1.0
35,176,4,-1.0
35,177,4,-1.0
35,178,4,-1.0
35,179,4,-1.0
35,180,4,-1.0
35,181,4,-1.0
35,182,4,-1.0
35,183,4,-1.0
35,184,4,-1.0
35,185,4,-1.0
35,186,4,-1.0
35,187,4,-1.0
35,188,4,-1.0
35,189,4,-1.0
35,190,4,-1.0
35,191,4,-1.0
35,192,4,-1.0
35,193,4,-1.0
35,194,4,-1.0
35,195,4,-1.0
35,196,4,-1.0
35,197,4,-1.0
35,198,4,-1.0
35,199,4,-1.0
35,200,4,-1.0
35,201,4,-1.0
35,202,4,-1.0
35,203,4,-1.0
35,204,4,-1.0
35,205,4,-1.0
35,206,4,-1.0
35,207,4,-1.0
35,208,4,-1.0
35,209,4,-1.0
35,210,4,-1.0
35,211,4,-1.0
35,212,4,-1.0
35,213,4,-1.0
35,214,4,-1.0
35,215,4,-1.0
35,216,4,-1.0
35,217,4,-1.0
35,218,4,-1.0
35,219,4,-1.0
35,220,4,-1.0
35,221,4,-1.0
35,222,4,-1.0
35,223,4,-1.0
35,224,4,-1.0
35,225,4,-1.0
35,226,4,-1.0
35,227,4,-1.0
35,228,4,-1.0
35,229,4,-1.0
35,230,4,-1.0
35,231,4,-1.0
35,232,4,-1.0
35,233,4,-1.0
35,234,4,-1.0
35,235,4,-1.0
35,236,4,-1.0
35,237,4,-1.0
35,238,4,-1.0
35,239,4,-1.0
35,240,4,-1.0
35,241,4,-1.0
35,242,4,-1.0
35,243,4,-1.0
35,244,4,-1.0
35,245,4,-1.0
35,246,4,-1.0
35,247,4,-1.0
35,248,4,-1.0
35,249,4,-1.0
35,250,4,-1.0
36,0,1,-1.0
36,1,1,-1.0
36,2,1,-1.0
36,3,1,-1.0
36,4,1,-1.0
36,5,1,-1.0
36,6,1,-1.0
36,7,1,-1.0
36,8,1,-1.0
36,9,1,-1.0
36,10,1,-1.0
36,11,1,-1.0
36,12,1,-1.0
36,13,1,-1.0
36,14,1,-1.0
36,15,1,-1.0
36,16,1,-1.0
36,17,1,-1.0
36,18,1,-1.0
36,19,1,-1.0
36,20,1,-1.0
36,21,1,-1.0
36,22,1,-1.0
36,23,1,-1.0
36,24,1,-1.0
36,25,1,-1.0
36,26,1,-1.0
36,27,1,-1.0
36,28,1,-1.0
36,29,1,-1.0
36,30,1,-1.0
36,31,1,-1.0
36,32,1,-1.0
36,33,1,-1.0
36,34,1,-1.0
36,35,1,-1.0
36,36,1,-1.0
36,37,1,-1.0
36,38,1,-1.0
36,39,1,-1.0
36,40,1,-1.0
36,41,1,-1.0
36,42,1,-1.0
36,43,1,-1.0
36,44,1,-1.0
36,45,1,-1.0
36,46,1,-1.0
36,47,1,-1.0
36,48,1,-1.0
36,49,1,-1.0
36,50,1,-1.0
36,51,1,-1.0
36,52,1,-1.0
36,53,1,-1.0
36,54,1,-1.0
36,55,1,-1.0
36,56,1,-1.0
36,57,1,-1.0
36,58,1,-1.0
36,59,1,-1.0
36,60,1,-1.0
36,61,1,-1.0
36,62,1,-1.0
36,63,1,-1.0
36,64,1,-1.0
36,65,1,-1.0
36,66,1,-1.0
36,67,1,-1.0
36,68,1,-1.0
36,69,1,-1.0
36,70,1,-1.0
36,71,1,-1.0
36,72,1,-1.0
36,73,1,-1.0
36,74,1,-1.0
36,75,1,-1.0
36,76,1,-1.0
36,77,1,-1.0
36,78,1,-1.0
36,79,1,-1.0
36,80,1,-1.0
36,81,1,-1.0
36,82,1,-1.0
36,83,1,-1.0
36,84,1,-1.0
36,85,1,-1.0
36,86,1,-1.0
36,87,1,-1.0
36,88,1,-1.0
36,89,1,-1.0
36,90,1,-1.0
36,91,1,-1.0
36,92,1,-1.0
36,93,1,-1.0
36,94,1,-1.0
36,95,1,-1.0
36,96,1,-1.0
36,97,1,-1.0
36,98,1,-1.0
36,99,1,-1.0
36,100,1,-1.0
36,101,1,-1.0
36,102,1,-1.0
36,103,1,-1.0
36,104,1,-1.0
36,105,1,-1.0
36,106,1,-1.0
36,107,1,-1.0
36,108,1,-1.0
36,109,1,-1.0
36,110,1,-1.0
36,111,1,-1.0
36,112,1,-1.0
36,113,1,-1.0
36,114,1,-1.0
36,115,1,-1.0
36,116,1,-1.0
36,117,1,-1.0
36,118,1,-1.0
36,119,1,-1.0
36,120,1,-1.0
36,121,1,-1.0
36,122,1,-1.0
36,123,1,-1.0
36,124,1,-1.0
36,125,1,-1.0
36,126,1,-1.0
36,127,1,-1.0
36,128,1,-1.0
36,129,1,-1.0
36,130,1,-1.0
36,131,1,-1.0
36,132,1,-1.0
36,133,1,-1.0
36,134,1,-1.0
36,135,1,-1.0
36,136,1,-1.0
36,137,1,-1.0
36,138,1,-1.0
36,139,1,-1.0
36,140,1,-1.0
36,141,1,-1.0
36,142,1,-1.0
36,143,1,-1.0
36,144,1,-1.0
36,145,1,-1.0
36,146,1,-1.0
36,147,1,-1.0
36,148,1,-1.0
36,149,1,-1.0
36,150,1,-1.0
36,151,1,-1.0
36,152,1,-1.0
36,153,1,-1.0
36,154,1,-1.0
36,155,1,-1.0
36,156,1,-1.0
36,157,1,-1.0
36,158,1,-1.0
36,159,1,-1.0
36,160,1,-1.0
36,161,1,-1.0
36,162,1,-1.0
36,163,1,-1.0
36,164,1,-1.0
36,165,1,-1.0
36,166,1,-1.0
36,167,4,-1.0
36,168,4,-1.0
36,169,4,-1.0
36,170,4,-1.0
36,171,4,-1.0
36,172,4,-1.0
36,173,4,-1.0
36,174,4,-1.0
36,175,4,-1.0
36,176,4,-1.0
36,177,4,-1.0
36,178,4,-1.0
36,179,4,-1.0
36,180,4,-1.0
36,181,4,-1.0
36,182,4,-1.0
36,183,4,-1.0
36,184,4,-1.0
36,185,4,-1.0
36,186,4,-1.0
36,187,4,-1.0
36,188,4,-1.0
36,189,4,-1.0
36,190,4,-1.0
36,191,4,-1.0
36,192,4,-1.0
36,193,4,-1.0
36,194,4,-1.0
36,195,4,-1.0
36,196,4,-1.0
36,197,4,-1.0
36,198,4,-1.0
36,199,4,-1.0
36,200,4,-1.0
36,201,4,-1.0
36,202,4,-1.0
36,203,4,-1.0
36,204,4,-1.0
36,205,4,-1.0
36,206,4,-1.0
36,207,4,-1.0
36,208,4,-1.0
36,209,4,-1.0
36,210,4,-1.0
36,211,4,-1.0
36,212,4,-1.0
36,213,4,-1.0
36,214,4,-1.0
36,215,4,-1.0
36,216,4,-1.0
36,217,4,-1.0
36,218,4,-1.0
36,219,4,-1.0
36,220,4,-1.0
36,221,4,-1.0
36,222,4,-1.0
36,223,4,-1.0
36,224,4,-1.0
36,225,4,-1.0
36,226,4,-1.0
36,227,4,-1.0
36,228,4,-1.0
36,229,4,-1.0
36,230,4,-1.0
36,231,4,-1.0
36,232,4,-1.0
36,233,4,-1.0
36,234,4,-1.0
36,235,4,-1.0
36,236,4,-1.0
36,237,4,-1.0
36,238,4,-1.0
36,239,4,-1.0
36,240,4,-1.0
36,241,4,-1.0
36,242,4,-1.0
36,243,4,-1.0
36,244,4,-1.0
36,245,4,-1.0
36,246,4,-1.0
36,247,4,-1.0
36,248,4,-1.0
36,249,4,-1.0
36,250,4,-1.0
37,0,1,-1.0
37,1,1,-1.0
37,2,1,-1.0
37,3,1,-1.0
37,4,1,-1.0
37,5,1,-1.0
37,6,1,-1.0
37,7,1,-1.0
37,8,1,-1.0
37,9,1,-1.0
37,10,1,-1.0
37,11,1,-1.0
37,12,1,-1.0
37,13,1,-1.0
37,14,1,-1.0
37,15,1,-1.0
37,16,1,-1.0
37,17,1,-1.0
37,18,1,-1.0
37,19,1,-1.0
37,20,1,-1.0
37,21,1,-1.0
37,22,1,-1.0
37,23,1,-1.0
37,24,1,-1.0
37,25,1,-1.0
37,26,1,-1.0
37,27,1,-1.0
37,28,1,-1.0
37,29,1,-1.0
37,30,1,-1.0
37,31,1,-1.0
37,32,1,-1.0
37,33,1,-1.0
37,34,1,-1.0
37,35,1,-1.0
37,36,1,-1.0
37,37,1,-1.0
37,38,1,-1.0
37,39,1,-1.0
37,40,1,-1.0
37,41,1,-1.0
37,42,1,-1.0
37,43,1,-1.0
37,44,1,-1.0
37,45,1,-1.0
37,46,1,-1.0
37,47,1,-1.0
37,48,1,-1.0
37,49,1,-1.0
37,50,1,-1.0
37,51,1,-1.0
37,52,1,-1.0
37,53,1,-1.0
37,54,1,-1.0
37,55,1,-1.0
37,56,1,-1.0
37,57,1,-1.0
37,58,1,-1.0
37,59,1,-1.0
37,60,1,-1.0
37,61,1,-1.0
37,62,1,-1.0
37,63,1,-1.0
37,64,1,-1.0
37,65,1,-1.0
37,66,1,-1.0
37,67,1,-1.0
37,68,1,-1.0
37,69,1,-1.0
37,70,1,-1.0
37,71,1,-1.0
37,72,1,-1.0
37,73,1,-1.0
37,74,1,-1.0
37,75,1,-1.0
37,76,1,-1.0
37,77,1,-1.0
37,78,1,-1.0
37,79,1,-1.0
37,80,1,-1.0
37,81,1,-1.0
37,82,1,-1.0
37,83,1,-1.0
37,84,1,-1.0
37,85,1,-1.0
37,86,1,-1.0
37,87,1,-1.0
37,88,1,-1.0
37,89,1,-1.0
37,90,1,-1.0
37,91,1,-1.0
37,92,1,-1.0
37,93,1,-1.0
37,94,1,-1.0
37,95,1,-1.0
37,96,1,-1.0
37,97,1,-1.0
37,98,1,-1.0
37,99,1,-1.0
37,100,1,-1.0
37,101,1,-1.0
37,102,1,-1.0
37,103,1,-1.0
37,104,1,-1.0
37,105,1,-1.0
37,106,1,-1.0
37,107,1,-1.0
37,108,1,-1.0
37,109,1,-1.0
37,110,1,-1.0
37,111,1,-1.0
37,112,1,-1.0
37,113,1,-1.0
37,114,1,-1.0
37,115,1,-1.0
37,116,1,-1.0
37,117,1,-1.0
37,118,1,-1.0
37,119,1,-1.0
37,120,1,-1.0
37,121,1,-1.0
37,122,1,-1.0
37,123,1,-1.0
37,124,1,-1.0
37,125,1,-1.0
37,126,1,-1.0
37,127,1,-1.0
37,128,1,-1.0
37,129,1,-1.0
37,130,1,-1.0
37,131,1,-1.0
37,132,1,-1.0
37,133,1,-1.0
37,134,1,-1.0
37,135,1,-1.0
37,136,1,-1.0
37,137,1,-1.0
37,138,1,-1.0
37,139,1,-1.0
37,140,1,-1.0
37,141,1,-1.0
37,142,1,-1.0
37,143,1,-1.0
37,144,1,-1.0
37,145,1,-1.0
37,146,1,-1.0
37,147,1,-1.0
37,148,1,-1.0
37,149,1,-1.0
37,150,1,-1.0
37,151,1,-1.0
37,152,1,-1.0
37,153,1,-1.0
37,154,1,-1.0
37,155,1,-1.0
37,156,1,-1.0
37,157,1,-1.0
37,158,1,-1.0
37,159,1,-1.0
37,160,1,-1.0
37,161,1,-1.0
37,162,1,-1.0
37,163,1,-1.0
37,164,1,-1.0
37,165,1,-1.0
37,166,1,-1.0
37,167,4,-1.0
37,168,4,-1.0
37,169,4,-1.0
37,170,4,-1.0
37,171,4,-1.0
37,172,4,-1.0
37,173,4,-1.0
37,174,4,-1.0
37,175,4,-1.0
37,176,4,-1.0
37,177,4,-1.0
37,178,4,-1.0
37,179,4,-1.0
37,180,4,-1.0
37,181,4,-1.0
37,182,4,-1.0
37,183,4,-1.0
37,184,4,-1.0
37,185,4,-1.0
37,186,4,-1.0
37,187,4,-1.0
37,188,4,-1.0
37,189,4,-1.0
37,190,4,-1.0
37,191,4,-1.0
37,192,4,-1.0
37,193,4,-1.0
37,194,4,-1.0
37,195,4,-1.0
37,196,4,-1.0
37,197,4,-1.0
37,198,4,-1.0
37,199,4,-1.0
37,200,4,-1.0
37,201,4,-1.0
37,202,4,-1.0
37,203,4,-1.0
37,204,4,-1.0
37,205,4,-1.0
37,206,4,-1.0
37,207,4,-1.0
37,208,4,-1.0
37,209,4,-1.0
37,210,4,-1.0
37,211,4,-1.0
37,212,4,-1.0
37,213,4,-1.0
37,214,4,-1.0
37,215,4,-1.0
37,216,4,-1.0
37,217,4,-1.0
37,218,4,-1.0
37,219,4,-1.0
37,220,4,-1.0
37,221,4,-1.0
37,222,4,-1.0
37,223,4,-1.0
37,224,4,-1.0
37,225,4,-1.0
37,226,4,-1.0
37,227,4,-1.0
37,228,4,-1.0
37,229,4,-1.0
37,230,4,-1.0
37,231,4,-1.0
37,232,4,-1.0
37,233,4,-1.0
37,234,4,-1.0
37,235,4,-1.0
37,236,4,-1.0
37,237,4,-1.0
37,238,4,-1.0
37,239,4,-1.0
37,240,4,-1.0
37,241,4,-1.0
37,242,4,-1.0
37,243,4,-1.0
37,244,4,-1.0
37,245,4,-1.0
37,246,4,-1.0
37,247,4,-1.0
37,248,4,-1.0
37,249,4,-1.0
37,250,4,-1.0
38,0,1,-1.0
38,1,1,-1.0
38,2,1,-1.0
38,3,1,-1.0
38,4,1,-1.0
38,5,1,-1.0
38,6,1,-1.0
38,7,1,-1.0
38,8,1,-1.0
38,9,1,-1.0
38,10,1,-1.0
38,11,1,-1.0
38,12,1,-1.0
38,13,1,-1.0
38,14,1,-1.0
38,15,1,-1.0
38,16,1,-1.0
38,17,1,-1.0
38,18,1,-1.0
38,19,1,-1.0
38,20,1,-1.0
38,21,1,-1.0
38,22,1,-1.0
38,23,1,-1.0
38,24,1,-1.0
38,25,1,-1.0
38,26,1,-1.0
38,27,1,-1.0
38,28,1,-1.0
38,29,1,-1.0
38,30,1,-1.0
38,31,1,-1.0
38,32,1,-1.0
38,33,1,-1.0
38,34,1,-1.0
38,35,1,-1.0
38,36,1,-1.0
38,37,1,-1.0
38,38,1,-1.0
38,39,1,-1.0
38,40,1,-1.0
38,41,1,-1.0
38,42,1,-1.0
38,43,1,-1.0
38,44,1,-1.0
38,45,1,-1.0
38,46,1,-1.0
38,47,1,-1.0
38,48,1,-1.0
38,49,1,-1.0
38,50,1,-1.0
38,51,1,-1.0
38,52,1,-1.0
38,53,1,-1.0
38,54,1,-1.0
38,55,1,-1.0
38,56,1,-1.0
38,57,1,-1.0
38,58,1,-1.0
38,59,1,-1.0
38,60,1,-1.0
38,61,1,-1.0
38,62,1,-1.0
38,63,1,-1.0
38,64,1,-1.0
38,65,1,-1.0
38,66,1,-1.0
38,67,1,-1.0
38,68,1,-1.0
38,69,1,-1.0
38,70,1,-1.0
38,71,1,-1.0
38,72,1,-1.0
38,73,1,-1.0
38,74,1,-1.0
38,75,1,-1.0
38,76,1,-1.0
38,77,1,-1.0
38,78,1,-1.0
38,79,1,-1.0
38,80,1,-1.0
38,81,1,-1.0
38,82,1,-1.0
38,83,1,-1.0
38,84,1,-1.0
38,85,1,-1.0
38,86,1,-1.0
38,87,1,-1.0
38,88,1,-1.0
38,89,1,-1.0
38,90,1,-1.0
38,91,1,-1.0
38,92,1,-1.0
38,93,1,-1.0
38,94,1,-1.0
38,95,1,-1.0
38,96,1,-1.0
38,97,1,-1.0
38,98,1,-1.0
38,99,1,-1.0
38,100,1,-1.0
38,101,1,-1.0
38,102,1,-1.0
38,103,1,-1.0
38,104,1,-1.0
38,105,1,-1.0
38,106,1,-1.0
38,107,1,-1.0
38,108,1,-1.0
38,109,1,-1.0
38,110,1,-1.0
38,111,1,-1.0
38,112,1,-1.0
38,113,1,-1.0
38,114,1,-1.0
38,115,1,-1.0
38,116,1,-1.0
38,117,1,-1.0
38,118,1,-1.0
38,119,1,-1.0
38,120,1,-1.0
38,121,1,-1.0
38,122,1,-1.0
38,123,1,-1.0
38,124,1,-1.0
38,125,1,-1.0
38,126,1,-1.0
38,127,1,-1.0
38,128,1,-1.0
38,129,1,-1.0
38,130,1,-1.0
38,131,1,-1.0
38,132,1,-1.0
38,133,1,-1.0
38,134,1,-1.0
38,135,1,-1.0
38,136,1,-1.0
38,137,1,-1.0
38,138,1,-1.0
38,139,1,-1.0
38,140,1,-1.0
38,141,1,-1.0
38,142,1,-1.0
38,143,1,-1.0
38,144,1,-1.0
38,145,1,-1.0
38,146,1,-1.0
38,147,1,-1.0
38,148,1,-1.0
38,149,1,-1.0
38,150,1,-1.0
38,151,1,-1.0
38,152,1,-1.0
38,153,1,-1.0
38,154,1,-1.0
38,155,1,-1.0
38,156,1,-1.0
38,157,1,-1.0
38,158,1,-1.0
38,159,1,-1.0
38,160,1,-1.0
38,161,1,-1.0
38,162,1,-1.0
38,163,1,-1.0
38,164,1,-1.0
38,165,1,-1.0
38,166,1,-1.0
38,167,4,-1.0
38,168,4,-1.0
38,169,4,-1.0
38,170,4,-1.0
38,171,4,-1.0
38,172,4,-1.0
38,173,4,-1.0
38,174,4,-1.0
38,175,4,-1.0
38,176,4,-1.0
38,177,4,-1.0
38,178,4,-1.0
38,179,4,-1.0
38,180,4,-1.0
38,181,4,-1.0
38,182,4,-1.0
38,183,4,-1.0
38,184,4,-1.0
38,185,4,-1.0
38,186,4,-1.0
38,187,4,-1.0
38,188,4,-1.0
38,189,4,-1.0
38,190,4,-1.0
38,191,4,-1.0
38,192,4,-1.0
38,193,4,-1.0
38,194,4,-1.0
38,195,4,-1.0
38,196,4,-1.0
38,197,4,-1.0
38,198,4,-1.0
38,199,4,-1.0
38,200,4,-1.0
38,201,4,-1.0
38,202,4,-1.0
38,203,4,-1.0
38,204,4,-1.0
38,205,4,-1.0
38,206,4,-1.0
38,207,4,-1.0
38,208,4,-1.0
38,209,4,-1.0
38,210,4,-1.0
38,211,4,-1.0
38,212,4,-1.0
38,213,4,-1.0
38,214,4,-1.0
38,215,4,-1.0
38,216,4,-1.0
38,217,4,-1.0
38,218,4,-1.0
38,219,4,-1.0
38,220,4,-1.0
38,221,4,-1.0
38,222,4,-1.0
38,223,4,-1.0
38,224,4,-1.0
38,225,4,-1.0
38,226,4,-1.0
38,227,4,-1.0
38,228,4,-1.0
38,229,4,-1.0
38,230,4,-1.0
38,231,4,-1.0
38,232,4,-1.0
38,233,4,-1.0
38,234,4,-1.0
38,235,4,-1.0
38,236,4,-1.0
38,237,4,-1.0
38,238,4,-1.0
38,239,4,-1.0
38,240,4,-1.0
38,241,4,-1.0
38,242,4,-1.0
38,243,4,-1.0
38,244,4,-1.0
38,245,4,-1.0
38,246,4,-1.0
38,247,4,-1.0
38,248,4,-1.0
38,249,4,-1.0
38,250,4,-1.0
39,0,1,-1.0
39,1,1,-1.0
39,2,1,-1.0
39,3,1,-1.0
39,4,1,-1.0
39,5,1,-1.0
39,6,1,-1.0
39,7,1,-1.0
39,8,1,-1.0
39,9,1,-1.0
39,10,1,-1.0
39,11,1,-1.0
39,12,1,-1.0
39,13,1,-1.0
39,14,1,-1.0
39,15,1,-1.0
39,16,1,-1.0
39,17,1,-1.0
39,18,1,-1.0
39,19,1,-1.0
39,20,1,-1.0
39,21,1,-1.0
39,22,1,-1.0
39,23,1,-1.0
39,24,1,-1.0
39,25,1,-1.0
39,26,1,-1.0
39,27,1,-1.0
39,28,1,-1.0
39,29,1,-1.0
39,30,1,-1.0
39,31,1,-1.0
39,32,1,-1.0
39,33,1,-1.0
39,34,1,-1.0
39,35,1,-1.0
39,36,1,-1.0
39,37,1,-1.0
39,38,1,-1.0
39,39,1,-1.0
39,40,1,-1.0
39,41,1,-1.0
39,42,1,-1.0
39,43,1,-1.0
39,44,1,-1.0
39,45,1,-1.0
39,46,1,-1.0
39,47,1,-1.0
39,48,1,-1.0
39,49,1,-1.0
39,50,1,-1.0
39,51,1,-1.0
39,52,1,-1.0
39,53,1,-1.0
39,54,1,-1.0
39,55,1,-1.0
39,56,1,-1.0
39,57,1,-1.0
39,58,1,-1.0
39,59,1,-1.0
39,60,1,-1.0
39,61,1,-1.0
39,62,1,-1.0
39,63,1,-1.0
39,64,1,-1.0
39,65,1,-1.0
39,66,1,-1.0
39,67,1,-1.0
39,68,1,-1.0
39,69,1,-1.0
39,70,1,-1.0
39,71,1,-1.0
39,72,1,-1.0
39,73,1,-1.0
39,74,1,-1.0
39,75,1,-1.0
39,76,1,-1.0
39,77,1,-1.0
39,78,1,-1.0
39,79,1,-1.0
39,80,1,-1.0
39,81,1,-1.0
39,82,1,-1.0
39,83,1,-1.0
39,84,1,-1.0
39,85,1,-1.0
39,86,1,-1.0
39,87,1,-1.0
39,88,1,-1.0
39,89,1,-1.0
39,90,1,-1.0
39,91,1,-1.0
39,92,1,-1.0
39,93,1,-1.0
39,94,1,-1.0
39,95,1,-1.0
39,96,1,-1.0
39,97,1,-1.0
39,98,1,-1.0
39,99,1,-1.0
39,100,1,-1.0
39,101,1,-1.0
39,102,1,-1.0
39,103,1,-1.0
39,104,1,-1.0
39,105,1,-1.0
39,106,1,-1.0
39,107,1,-1.0
39,108,1,-1.0
39,109,1,-1.0
39,110,1,-1.0
39,111,1,-1.0
39,112,1,-1.0
39,113,1,-1.0
39,114,1,-1.0
39,115,1,-1.0
39,116,1,-1.0
39,117,1,-1.0
39,118,1,-1.0
39,119,1,-1.0
39,120,1,-1.0
39,121,1,-1.0
39,122,1,-1.0
39,123,1,-1.0
39,124,1,-1.0
39,125,1,-1.0
39,126,1,-1.0
39,127,1,-1.0
39,128,1,-1.0
39,129,1,-1.0
39,130,1,-1.0
39,131,1,-1.0
39,132,1,-1.0
39,133,1,-1.0
39,134,1,-1.0
39,135,1,-1.0
39,136,1,-1.0
39,137,1,-1.0
39,138,1,-1.0
39,139,1,-1.0
39,140,1,-1.0
39,141,1,-1.0
39,142,1,-1.0
39,143,1,-1.0
39,144,1,-1.0
39,145,1,-1.0
39,146,1,-1.0
39,147,1,-1.0
39,148,1,-1.0
39,149,1,-1.0
39,150,1,-1.0
39,151,1,-1.0
39,152,1,-1.0
39,153,1,-1.0
39,154,1,-1.0
39,155,1,-1.0
39,156,1,-1.0
39,157,1,-1.0
39,158,1,-1.0
39,159,1,-1.0
39,160,1,-1.0
39,161,1,-1.0
39,162,1,-1.0
39,163,1,-1.0
39,164,1,-1.0
39,165,1,-1.0
39,166,1,-1.0
39,167,4,-1.0
39,168,4,-1.0
39,169,4,-1.0
39,170,4,-1.0
39,171,4,-1.0
39,172,4,-1.0
39,173,4,-1.0
39,174,4,-1.0
39,175,4,-1.0
39,176,4,-1.0
39,177,4,-1.0
39,178,4,-1.0
39,179,4,-1.0
39,180,4,-1.0
39,181,4,-1.0
39,182,4,-1.0
39,183,4,-1.0
39,184,4,-1.0
39,185,4,-1.0
39,186,4,-1.0
39,187,4,-1.0
39,188,4,-1.0
39,189,4,-1.0
39,190,4,-1.0
39,191,4,-1.0
39,192,4,-1.0
39,193,4,-1.0
39,194,4,-1.0
39,195,4,-1.0
39,196,4,-1.0
39,197,4,-1.0
39,198,4,-1.0
39,199,4,-1.0
39,200,4,-1.0
39,201,4,-1.0
39,202,4,-1.0
39,203,4,-1.0
39,204,4,-1.0
39,205,4,-1.0
39,206,4,-1.0
39,207,4,-1.0
39,208,4,-1.0
39,209,4,-1.0
39,210,4,-1.0
39,211,4,-1.0
39,212,4,-1.0
39,213,4,-1.0
39,214,4,-1.0
39,215,4,-1.0
39,216,4,-1.0
39,217,4,-1.0
39,218,4,-1.0
39,219,4,-1.0
39,220,4,-1.0
39,221,4,-1.0
39,222,4,-1.0
39,223,4,-1.0
39,224,4,-1.0
39,225,4,-1.0
39,226,4,-1.0
39,227,4,-1.0
39,228,4,-1.0
39,229,4,-1.0
39,230,4,-1.0
39,231,4,-1.0
39,232,4,-1.0
39,233,4,-1.0
39,234,4,-1.0
39,235,4,-1.0
39,236,4,-1.0
39,237,4,-1.0
39,238,4,-1.0
39,239,4,-1.0
39,240,4,-1.0
39,241,4,-1.0
39,242,4,-1.0
39,243,4,-1.0
39,244,4,-1.0
39,245,4,-1.0
39,246,4,-1.0
39,247,4,-1.0
39,248,4,-1.0
39,249,4,-1.0
39,250,4,-1.0
40,0,1,-1.0
40,1,1,-1.0
40,2,1,-1.0
40,3,1,-1.0
40,4,1,-1.0
40,5,1,-1.0
40,6,1,-1.0
40,7,1,-1.0
40,8,1,-1.0
40,9,1,-1.0
40,10,1,-1.0
40,11,1,-1.0
40,12,1,-1.0
40,13,1,-1.0
40,14,1,-1.0
40,15,1,-1.0
40,16,1,-1.0
40,17,1,-1.0
40,18,1,-1.0
40,19,1,-1.0
40,20,1,-1.0
40,21,1,-1.0
40,22,1,-1.0
40,23,1,-1.0
40,24,1,-1.0
40,25,1,-1.0
40,26,1,-1.0
40,27,1,-1.0
40,28,1,-1.0
40,29,1,-1.0
40,30,1,-1.0
40,31,1,-1.0
40,32,1,-1.0
40,33,1,-1.0
40,34,1,-1.0
40,35,1,-1.0
40,36,1,-1.0
40,37,1,-1.0
40,38,1,-1.0
40,39,1,-1.0
40,40,1,-1.0
40,41,1,-1.0
40,42,1,-1.0
40,43,1,-1.0
40,44,1,-1.0
40,45,1,-1.0
40,46,1,-1.0
40,47,1,-1.0
40,48,1,-1.0
40,49,1,-1.0
40,50,1,-1.0
40,51,1,-1.0
40,52,1,-1.0
40,53,1,-1.0
40,54,1,-1.0
40,55,1,-1.0
40,56,1,-1.0
40,57,1,-1.0
40,58,1,-1.0
40,59,1,-1.0
40,60,1,-1.0
40,61,1,-1.0
40,62,1,-1.0
40,63,1,-1.0
40,64,1,-1.0
40,65,1,-1.0
40,66,1,-1.0
40,67,1,-1.0
40,68,1,-1.0
40,69,1,-1.0
40,70,1,-1.0
40,71,1,-1.0
40,72,1,-1.0
40,73,1,-1.0
40,74,1,-1.0
40,75,1,-1.0
40,76,1,-1.0
40,77,1,-1.0
40,78,1,-1.0
40,79,1,-1.0
40,80,1,-1.0
40,81,1,-1.0
40,82,1,-1.0
40,83,1,-1.0
40,84,1,-1.0
40,85,1,-1.0
40,86,1,-1.0
40,87,1,-1.0
40,88,1,-1.0
40,89,1,-1.0
40,90,1,-1.0
40,91,1,-1.0
40,92,1,-1.0
40,93,1,-1.0
40,94,1,-1.0
40,95,1,-1.0
40,96,1,-1.0
40,97,1,-1.0
40,98,1,-1.0
40,99,1,-1.0
40,100,1,-1.0
40,101,1,-1.0
40,102,1,-1.0
40,103,1,-1.0
40,104,1,-1.0
40,105,1,-1.0
40,106,1,-1.0
40,107,1,-1.0
40,108,1,-1.0
40,109,1,-1.0
40,110,1,-1.0
40,111,1,-1.0
40,112,1,-1.0
40,113,1,-1.0
40,114,1,-1.0
40,115,1,-1.0
40,116,1,-1.0
40,117,1,-1.0
40,118,1,-1.0
40,119,1,-1.0
40,120,1,-1.0
40,121,1,-1.0
40,122,1,-1.0
40,123,1,-1.0
40,124,1,-1.0
40,125,1,-1.0
40,126,1,-1.0
40,127,1,-1.0
40,128,1,-1.0
40,129,1,-1.0
40,130,1,-1.0
40,131,1,-1.0
40,132,1,-1.0
40,133,1,-1.0
40,134,1,-1.0
40,135,1,-1.0
40,136,1,-1.0
40,137,1,-1.0
40,138,1,-1.0
40,139,1,-1.0
40,140,1,-1.0
40,141,1,-1.0
40,142,1,-1.0
40,143,1,-1.0
40,144,1,-1.0
40,145,1,-1.0
40,146,1,-1.0
40,147,1,-1.0
40,148,1,-1.0
40,149,1,-1.0
40,150,1,-1.0
40,151,1,-1.0
40,152,1,-1.0
40,153,1,-1.0
40,154,1,-1.0
40,155,1,-1.0
40,156,1,-1.0
40,157,1,-1.0
40,158,1,-1.0
40,159,1,-1.0
40,160,1,-1.0
40,161,1,-1.0
40,162,1,-1.0
40,163,1,-1.0
40,164,1,-1.0
40,165,1,-1.0
40,166,1,-1.0
40,167,4,-1.0
40,168,4,-1.0
40,169,4,-1.0
40,170,4,-1.0
40,171,4,-1.0
40,172,4,-1.0
40,173,4,-1.0
40,174,4,-1.0
40,175,4,-1.0
40,176,4,-1.0
40,177,4,-1.0
40,178,4,-1.0
40,179,4,-1.0
40,180,4,-1.0
40,181,4,-1.0
40,182,4,-1.0
40,183,4,-1.0
40,184,4,-1.0
40,185,4,-1.0
40,186,4,-1.0
40,187,4,-1.0
40,188,4,-1.0
40,189,4,-1.0
40,190,4,-1.0
40,191,4,-1.0
40,192,4,-1.0
40,193,4,-1.0
40,194,4,-1.0
40,195,4,-1.0
40,196,4,-1.0
40,197,4,-1.0
40,198,4,-1.0
40,199,4,-1.0
40,200,4,-1.0
40,201,4,-1.0
40,202,4,-1.0
40,203,4,-1.0
40,204,4,-1.0
40,205,4,-1.0
40,206,4,-1.0
40,207,4,-1.0
40,208,4,-1.0
40,209,4,-1.0
40,210,4,-1.0
40,211,4,-1.0
40,212,4,-1.0
40,213,4,-1.0
40,214,4,-1.0
40,215,4,-1.0
40,216,4,-1.0
40,217,4,-1.0
40,218,4,-1.0
40,219,4,-1.0
40,220,4,-1.0
40,221,4,-1.0
40,222,4,-1.0
40,223,4,-1.0
40,224,4,-1.0
40,225,4,-1.0
40,226,4,-1.0
40,227,4,-1.0
40,228,4,-1.0
40,229,4,-1.0
40,230,4,-1.0
40,231,4,-1.0
40,232,4,-1.0
40,233,4,-1.0
40,234,4,-1.0
40,235,4,-1.0
40,236,4,-1.0
40,237,4,-1.0
40,238,4,-1.0
40,239,4,-1.0
40,240,4,-1.0
40,241,4,-1.0
40,242,4,-1.0
40,243,4,-1.0
40,244,4,-1.0
40,245,4,-1.0
40,246,4,-1.0
40,247,4,-1.0
40,248,4,-1.0
40,249,4,-1.0
40,250,4,-1.0
41,0,1,-1.0
41,1,1,-1.0
41,2,1,-1.0
41,3,1,-1.0
41,4,1,-1.0
41,5,1,-1.0
41,6,1,-1.0
41,7,1,-1.0
41,8,1,-1.0
41,9,1,-1.0
41,10,1,-1.0
41,11,1,-1.0
41,12,1,-1.0
41,13,1,-1.0
41,14,1,-1.0
41,15,1,-1.0
41,16,1,-1.0
41,17,1,-1.0
41,18,1,-1.0
41,19,1,-1.0
41,20,1,-1.0
41,21,1,-1.0
41,22,1,-1.0
41,23,1,-1.0
41,24,1,-1.0
41,25,1,-1.0
41,26,1,-1.0
41,27,1,-1.0
41,28,1,-1.0
41,29,1,-1.0
41,30,1,-1.0
41,31,1,-1.0
41,32,1,-1.0
41,33,1,-1.0
41,34,1,-1.0
41,35,1,-1.0
41,36,1,-1.0
41,37,1,-1.0
41,38,1,-1.0
41,39,1,-1.0
41,40,1,-1.0
41,41,1,-1.0
41,42,1,-1.0
41,43,1,-1.0
41,44,1,-1.0
41,45,1,-1.0
41,46,1,-1.0
41,47,1,-1.0
41,48,1,-1.0
41,49,1,-1.0
41,50,1,-1.0
41,51,1,-1.0
41,52,1,-1.0
41,53,1,-1.0
41,54,1,-1.0
41,55,1,-1.0
41,56,1,-1.0
41,57,1,-1.0
41,58,1,-1.0
41,59,1,-1.0
41,60,1,-1.0
41,61,1,-1.0
41,62,1,-1.0
41,63,1,-1.0
41,64,1,-1.0
41,65,1,-1.0
41,66,1,-1.0
41,67,1,-1.0
41,68,1,-1.0
41,69,1,-1.0
41,70,1,-1.0
41,71,1,-1.0
41,72,1,-1.0
41,73,1,-1.0
41,74,1,-1.0
41,75,1,-1.0
41,76,1,-1.0
41,77,1,-1.0
41,78,1,-1.0
41,79,1,-1.0
41,80,1,-1.0
41,81,1,-1.0
41,82,1,-1.0
41,83,1,-1.0
41,84,1,-1.0
41,85,1,-1.0
41,86,1,-1.0
41,87,1,-1.0
41,88,1,-1.0
41,89,1,-1.0
41,90,1,-1.0
41,91,1,-1.0
41,92,1,-1.0
41,93,1,-1.0
41,94,1,-1.0
41,95,1,-1.0
41,96,1,-1.0
41,97,1,-1.0
41,98,1,-1.0
41,99,1,-1.0
41,100,1,-1.0
41,101,1,-1.0
41,102,1,-1.0
41,103,1,-1.0
41,104,1,-1.0
41,105,1,-1.0
41,106,1,-1.0
41,107,1,-1.0
41,108,1,-1.0
41,109,1,-1.0
41,110,1,-1.0
41,111,1,-1.0
41,112,1,-1.0
41,113,1,-1.0
41,114,1,-1.0
41,115,1,-1.0
41,116,1,-1.0
41,117,1,-1.0
41,118,1,-1.0
41,119,1,-1.0
41,120,1,-1.0
41,121,1,-1.0
41,122,1,-1.0
41,123,1,-1.0
41,124,1,-1.0
41,125,1,-1.0
41,126,1,-1.0
41,127,1,-1.0
41,128,1,-1.0
41,129,1,-1.0
41,130,1,-1.0
41,131,1,-1.0
41,132,1,-1.0
41,133,1,-1.0
41,134,1,-1.0
41,135,1,-1.0
41,136,1,-1.0
41,137,1,-1.0
41,138,1,-1.0
41,139,1,-1.0
41,140,1,-1.0
41,141,1,-1.0
41,142,1,-1.0
41,143,1,-1.0
41,144,1,-1.0
41,145,1,-1.0
41,146,1,-1.0
41,147,1,-1.0
41,148,1,-1.0
41,149,1,-1.0
41,150,1,-1.0
41,151,1,-1.0
41,152,1,-1.0
41,153,1,-1.0
41,154,1,-1.0
41,155,1,-1.0
41,156,1,-1.0
41,157,1,-1.0
41,158,1,-1.0
41,159,1,-1.0
41,160,1,-1.0
41,161,1,-1.0
41,162,1,-1.0
41,163,1,-1.0
41,164,1,-1.0
41,165,1,-1.0
41,166,1,-1.0
41,167,4,-1.0
41,168,4,-1.0
41,169,4,-1.0
41,170,4,-1.0
41,171,4,-1.0
41,172,4,-1.0
41,173,4,-1.0
41,174,4,-1.0
41,175,4,-1.0
41,176,4,-1.0
41,177,4,-1.0
41,178,4,-1.0
41,179,4,-1.0
41,180,4,-1.0
41,181,4,-1.0
41,182,4,-1.0
41,183,4,-1.0
41,184,4,-1.0
41,185,4,-1.0
41,186,4,-1.0
41,187,4,-1.0
41,188,4,-1.0
41,189,4,-1.0
41,190,4,-1.0
41,191,4,-1.0
41,192,4,-1.0
41,193,4,-1.0
41,194,4,-1.0
41,195,4,-1.0
41,196,4,-1.0
41,197,4,-1.0
41,198,4,-1.0
41,199,4,-1.0
41,200,4,-1.0
41,201,4,-1.0
41,202,4,-1.0
41,203,4,-1.0
41,204,4,-1.0
41,205,4,-1.0
41,206,4,-1.0
41,207,4,-1.0
41,208,4,-1.0
41,209,4,-1.0
41,210,4,-1.0
209,51,3,66.91195
209,52,3,66.966885
209,53,3,67.023001
209,54,3,67.080273
209,55,3,67.13873
209,56,3,67.19839
209,57,3,67.259257
209,58,3,67.321337
209,59,3,67.384638
209,60,3,67.449167
209,61,3,67.514932
209,62,3,67.581942
209,63,3,67.650205
209,64,3,67.719732
209,65,3,67.790534
209,66,3,67.862622
209,67,3,67.935966
209,68,3,68.010609
209,69,3,68.08657
209,70,3,68.163861
209,71,3,68.2425
209,72,3,68.322434
209,73,3,68.403725
209,74,3,68.486406
209,75,3,68.570447
209,76,3,68.655852
209,77,3,68.742696
209,78,3,68.830905
209,79,3,68.92056
209,80,3,69.011645
209,81,3,69.104174
209,82,3,69.198169
209,83,3,69.293642
209,84,3,69.390588
209,85,3,69.489083
209,86,3,69.58903
209,87,3,69.690547
209,88,3,69.79364
209,89,3,69.898241
209,90,3,70.004444
209,91,3,70.112259
209,92,3,70.221697
209,93,3,70.33277
209,94,3,70.445467
209,95,3,70.55984
209,96,3,70.675906
209,97,3,70.793683
209,98,3,70.913192
209,99,3,71.034454
209,100,3,71.157482
209,101,3,71.282281
209,102,3,71.408897
209,103,3,71.537361
209,104,3,71.667702
209,105,3,71.799893
209,106,3,71.933996
209,107,3,72.070067
209,108,3,72.208036
209,109,3,72.348048
209,110,3,72.490012
209,111,3,72.63406
209,112,3,72.780151
209,113,3,72.928334
209,114,3,73.07866
209,115,3,73.231151
209,116,3,73.385811
209,117,3,73.542687
209,118,3,73.701821
209,119,3,73.863248
209,120,3,74.027004
209,121,3,74.193098
209,122,3,74.361585
209,123,3,74.532521
209,124,3,74.70595
209,125,3,74.881848
209,126,3,75.06035
209,127,3,75.241399
209,128,3,75.425122
209,129,3,75.611542
209,130,3,75.800663
209,131,3,75.992576
209,132,3,76.187324
209,133,3,76.384958
209,134,3,76.585536
209,135,3,76.789071
209,136,3,76.995661
209,137,3,77.205371
209,138,3,77.418215
209,139,3,77.63429
209,140,3,77.853658
209,141,3,78.076373
209,142,3,78.302496
209,143,3,78.5321
209,144,3,78.765268
209,145,3,79.002081
209,146,3,79.242578
209,147,3,79.486871
209,148,3,79.735038
209,149,3,79.987156
209,150,3,80.243318
209,151,3,80.503632
209,152,3,80.768138
209,153,3,81.036992
209,154,3,81.310275
209,155,3,81.588091
209,156,3,81.870568
209,157,3,82.157788
209,158,3,82.449905
209,159,3,82.747032
209,160,3,83.049314
209,161,3,83.356865
209,162,3,83.669858
209,163,3,83.988443
209,164,3,84.312785
209,165,3,84.643061
209,166,3,84.979449
209,167,3,85.328667
209,168,3,85.699038
209,169,3,86.092546
209,170,3,86.511428
209,171,3,86.958221
209,172,3,87.43581
209,173,3,87.947491
209,174,3,88.49705
209,175,3,89.08885
209,176,3,89.727954
209,177,3,90.420266
209,178,3,91.172713
209,179,3,91.993475
209,180,3,92.892284
209,181,3,93.880811
209,182,3,94.973167
209,183,3,96.186581
209,184,3,97.542306
209,185,3,99.066865
209,186,3,100.79379
209,187,3,102.7661
209,188,3,105.03991
209,189,3,107.68978
209,190,3,110.81701
209,191,3,114.56277
209,192,3,119.12983
209,193,3,124.82016
209,194,3,132.1041
209,195,3,141.75638
209,196,3,155.14981
209,197,3,174.96954
209,198,3,207.27236
209,199,3,269.19496
209,200,3,435.61629
209,201,2,2380.4457
209,202,1,-1.0
209,203,1,-1.0
209,204,1,-1.0
209,205,1,-1.0
209,206,1,-1.0
209,207,1,-1.0
209,208,4,-1.0
209,209,4,-1.0
209,210,4,-1.0
209,211,4,-1.0
209,212,4,-1.0
209,213,4,-1.0
209,214,4,-1.0
209,215,4,-1.0
209,216,4,-1.0
209,217,4,-1.0
209,218,4,-1.0
209,219,4,-1.0
209,220,4,-1.0
209,221,4,-1.0
209,222,4,-1.0
209,223,4,-1.0
209,224,4,-1.0
209,225,4,-1.0
209,226,4,-1.0
209,227,4,-1.0
209,228,4,-1.0
209,229,4,-1.0
209,230,4,-1.0
209,231,4,-1.0
209,232,4,-1.0
209,233,4,-1.0
209,234,4,-1.0
209,235,4,-1.0
209,236,4,-1.0
209,237,4,-1.0
209,238,4,-1.0
209,239,4,-1.0
209,240,4,-1.0
209,241,4,-1.0
209,242,4,-1.0
209,243,4,-1.0
209,244,4,-1.0
209,245,4,-1.0
209,246,4,-1.0
209,247,4,-1.0
209,248,4,-1.0
209,249,4,-1.0
209,250,4,-1.0
210,0,3,63.723309
210,1,3,63.723768
210,2,3,63.725144
210,3,3,63.727439
210,4,3,63.730652
210,5,3,63.734785
210,6,3,63.739839
210,7,3,63.745816
210,8,3,63.752718
210,9,3,63.760546
210,10,3,63.769305
210,11,3,63.778966
210,12,3,63.789538
210,13,3,63.801043
210,14,3,63.813487
210,15,3,63.826873
210,16,3,63.841172
210,17,3,63.856377
210,18,3,63.872534
210,19,3,63.889647
210,20,3,63.907661
210,21,3,63.926608
210,22,3,63.946524
210,23,3,63.967363
210,24,3,63.989126
210,25,3,64.011876
210,26,3,64.035528
210,27,3,64.060146
210,28,3,64.085733
210,29,3,64.112233
210,30,3,64.139749
210,31,3,64.168148
210,32,3,64.197578
210,33,3,64.227907
210,34,3,64.259271
210,35,3,64.291533
210,36,3,64.324833
210,37,3,64.359055
210,38,3,64.394291
210,39,3,64.430506
210,40,3,64.467687
210,41,3,64.5059
210,42,3,64.545064
210,43,3,64.585236
210,44,3,64.62644
210,45,3,64.668618
210,46,3,64.711802
210,47,3,64.756022
210,48,3,64.801277
210,49,3,64.847519
210,50,3,64.89479
210,51,3,64.943106
210,52,3,64.992468
210,53,3,65.04288
210,54,3,65.094344
210,55,3,65.14684
210,56,3,65.200393
210,57,3,65.255015
210,58,3,65.31071
210,59,3,65.367485
210,60,3,65.425343
210,61,3,65.484292
210,62,3,65.544339
210,63,3,65.60549
210,64,3,65.667753
210,65,3,65.731129
210,66,3,65.795606
210,67,3,65.861216
210,68,3,65.927969
210,69,3,65.995877
210,70,3,66.06495
210,71,3,66.135158
210,72,3,66.206523
210,73,3,66.279087
210,74,3,66.352851
210,75,3,66.427758
210,76,3,66.5039
210,77,3,66.581253
210,78,3,66.659802
210,79,3,66.739625
210,80,3,66.820625
210,81,3,66.902936
210,82,3,66.98644
210,83,3,67.071264
210,84,3,67.157329
210,85,3,67.244698
210,86,3,67.33339
210,87,3,67.423343
210,88,3,67.514643
210,89,3,67.607293
210,90,3,67.701268
210,91,3,67.796587
210,92,3,67.893284
210,93,3,67.991367
210,94,3,68.090846
210,95,3,68.191731
210,96,3,68.294033
210,97,3,68.397767
210,98,3,68.502946
210,99,3,68.609587
210,100,3,68.717705
210,101,3,68.82732
210,102,3,68.938452
210,103,3,69.051067
210,104,3,69.165227
210,105,3,69.280964
210,106,3,69.39824
210,107,3,69.517111
210,108,3,69.637589
210,109,3,69.759674
210,110,3,69.883397
210,111,3,70.008793
210,112,3,70.135823
210,113,3,70.264562
210,114,3,70.395021
210,115,3,70.527209
210,116,3,70.661124
210,117,3,70.79681
210,118,3,70.934288
210,119,3,71.07358
210,120,3,71.214681
210,121,3,71.357633
210,122,3,71.502466
210,123,3,71.649216
210,124,3,71.797835
210,125,3,71.948433
210,126,3,72.100958
210,127,3,72.255495
210,128,3,72.412033
210,129,3,72.570589
210,130,3,72.731208
210,131,3,72.89391
210,132,3,73.05872
210,133,3,73.225666
210,134,3,73.394753
210,135,3,73.566015
210,136,3,73.739507
210,137,3,73.915198
210,138,3,74.093158
210,139,3,74.273405
210,140,3,74.455953
210,141,3,74.640826
210,142,3,74.828054
210,143,3,75.017674
210,144,3,75.209678
210,145,3,75.40413
210,146,3,75.60101
210,147,3,75.800363
210,148,3,76.002211
210,149,3,76.206546
210,150,3,76.41343
210,151,3,76.622833
210,152,3,76.834796
210,153,3,77.049327
210,154,3,77.266422
210,155,3,77.486094
210,156,3,77.708334
210,157,3,77.933153
210,158,3,78.160511
210,159,3,78.390427
210,160,3,78.622862
210,161,3,78.8578
210,162,3,79.095176
210,163,3,79.334961
210,164,3,79.577093
210,165,3,79.824556
210,166,3,80.085069
210,167,3,80.360032
210,168,3,80.650685
210,169,3,80.958416
210,170,3,81.284782
210,171,3,81.631535
210,172,3,82.000653
210,173,3,82.394382
210,174,3,82.815274
210,175,3,83.26625
210,176,3,83.750666
210,177,3,84.272394
210,178,3,84.835926
210,179,3,85.446507
210,180,3,86.110296
210,181,3,86.834573
210,182,3,87.628008
210,183,3,88.501007
210,184,3,89.46617
210,185,3,90.538897
210,186,3,91.738216
210,187,3,93.087908
210,188,3,94.618095
210,189,3,96.367495
210,190,3,98.386718
210,191,3,100.74321
210,192,3,103.52885
210,193,3,106.87215
210,194,3,110.95843
210,195,3,116.06511
210,196,3,122.62695
210,197,3,131.36577
210,198,3,143.57398
210,199,3,161.81648
210,200,3,192.00607
210,201,3,251.50548
210,202,3,422.81287
210,203,2,5752.6726
210,204,1,-1.0
210,205,1,-1.0
210,206,1,-1.0
210,207,1,-1.0
210,208,1,-1.0
210,209,4,-1.0
210,210,4,-1.0
210,211,4,-1.0
210,212,4,-1.0
210,213,4,-1.0
210,214,4,-1.0
210,215,4,-1.0
210,216,4,-1.0
210,217,4,-1.0
210,218,4,-1.0
210,219,4,-1.0
210,220,4,-1.0
210,221,4,-1.0
210,222,4,-1.0
210,223,4,-1.0
210,224,4,-1.0
210,225,4,-1.0
210,226,4,-1.0
210,227,4,-1.0
210,228,4,-1.0
210,229,4,-1.0
210,230,4,-1.0
210,231,4,-1.0
210,232,4,-1.0
210,233,4,-1.0
210,234,4,-1.0
210,235,4,-1.0
210,236,4,-1.0
210,237,4,-1.0
210,238,4,-1.0
210,239,4,-1.0
210,240,4,-1.0
210,241,4,-1.0
210,242,4,-1.0
210,243,4,-1.0
210,244,4,-1.0
210,245,4,-1.0
210,246,4,-1.0
210,247,4,-1.0
210,248,4,-1.0
210,249,4,-1.0
210,250,4,-1.0
211,0,3,61.935346
211,1,3,61.93576
211,2,3,61.937003
211,3,3,61.939075
211,4,3,61.941976
211,5,3,61.945708
211,6,3,61.950257
211,7,3,61.955625
211,8,3,61.961824
211,9,3,61.968855
211,10,3,61.97672
211,11,3,61.985424
211,12,3,61.994967
211,13,3,62.005337
211,14,3,62.01651
211,15,3,62.028529
211,16,3,62.041397
211,17,3,62.055119
211,18,3,62.069631
211,19,3,62.084992
211,20,3,62.101217
211,21,3,62.118274
211,22,3,62.136146
211,23,3,62.154894
211,24,3,62.174478
211,25,3,62.194887
211,26,3,62.216187
211,27,3,62.238288
211,28,3,62.261267
211,29,3,62.285098
211,30,3,62.309771
211,31,3,62.335326
211,32,3,62.361707
211,33,3,62.388983
211,34,3,62.417089
211,35,3,62.446088
211,36,3,62.475939
211,37,3,62.506661
211,38,3,62.53828
211,39,3,62.570731
211,40,3,62.604101
211,41,3,62.638329
211,42,3,62.673435
211,43,3,62.709457
211,44,3,62.746347
211,45,3,62.784118
211,46,3,62.822806
211,47,3,62.862409
211,48,3,62.902875
211,49,3,62.944252
211,50,3,62.986549
211,51,3,63.029767
211,52,3,63.073908
211,53,3,63.118957
211,54,3,63.164915
211,55,3,63.211805
211,56,3,63.25963
211,57,3,63.308393
211,58,3,63.358097
211,59,3,63.408745
211,60,3,63.460343
211,61,3,63.512893
211,62,3,63.566403
211,63,3,63.620877
211,64,3,63.676321
211,65,3,63.732741
211,66,3,63.790116
211,67,3,63.848469
211,68,3,63.907816
211,69,3,63.968165
211,70,3,64.029524
211,71,3,64.091859
211,72,3,64.155199
211,73,3,64.219575
211,74,3,64.284968
211,75,3,64.351361
211,76,3,64.418821
211,77,3,64.487288
211,78,3,64.556812
211,79,3,64.627388
211,80,3,64.699012
211,81,3,64.771706
211,82,3,64.845467
211,83,3,64.920295
211,84,3,64.99624
211,85,3,65.073221
211,86,3,65.151327
211,87,3,65.230556
211,88,3,65.310857
211,89,3,65.392285
211,90,3,65.474849
211,91,3,65.558552
211,92,3,65.643397
211,93,3,65.729386
211,94,3,65.816521
211,95,3,65.904823
211,96,3,65.994301
211,97,3,66.084962
211,98,3,66.176797
211,99,3,66.269828
211,100,3,66.364068
211,101,3,66.459529
211,102,3,66.556227
211,103,3,66.654127
211,104,3,66.753272
211,105,3,66.853695
211,106,3,66.955326
211,107,3,67.058266
211,108,3,67.162441
211,109,3,67.267934
211,110,3,67.374693
211,111,3,67.482757
211,112,3,67.592143
211,113,3,67.702853
211,114,3,67.814871
211,115,3,67.928225
211,116,3,68.042926
211,117,3,68.158984
211,118,3,68.276401
211,119,3,68.39517
211,120,3,68.515321
211,121,3,68.636872
211,122,3,68.759799
211,123,3,68.884127
211,124,3,69.009859
211,125,3,69.137014
211,126,3,69.265559
211,127,3,69.395536
211,128,3,69.52694
211,129,3,69.659773
211,130,3,69.794037
211,131,3,69.929738
211,132,3,70.06688
211,133,3,70.205431
211,134,3,70.345445
211,135,3,70.486859
211,136,3,70.629709
211,137,3,70.773979
211,138,3,70.919659
211,139,3,71.066739
211,140,3,71.215216
211,141,3,71.365034
211,142,3,71.516222
211,143,3,71.668735
211,144,3,71.82254
211,145,3,71.977606
211,146,3,72.133914
211,147,3,72.291394
211,148,3,72.450014
211,149,3,72.609711
211,150,3,72.770417
211,151,3,72.932052
211,152,3,73.094517
211,153,3,73.257709
211,154,3,73.421515
211,155,3,73.585788
211,156,3,73.750352
211,157,3,73.915023
211,158,3,74.079549
211,159,3,74.243648
211,160,3,74.406983
211,161,3,74.570483
211,162,3,74.74065
211,163,3,74.918863
211,164,3,75.105712
211,165,3,75.301846
211,166,3,75.507982
211,167,3,75.724913
211,168,3,75.953516
211,169,3,76.19477
211,170,3,76.449764
211,171,3,76.719718
211,172,3,77.006
211,173,3,77.31015
211,174,3,77.633911
211,175,3,77.979256
211,176,3,78.348437
211,177,3,78.744027
211,178,3,79.168986
211,179,3,79.626732
211,180,3,80.121232
211,181,3,80.657126
211,182,3,81.239861
211,183,3,81.875887
211,184,3,82.572892
211,185,3,83.340114
211,186,3,84.188754
211,187,3,85.132521
211,188,3,86.18838
211,189,3,87.377571
211,190,3,88.727049
211,191,3,90.271539
211,192,3,92.056542
211,193,3,94.142868
211,194,3,96.61364
211,195,3,99.585554
211,196,3,103.22769
211,197,3,107.79455
211,198,3,113.68775
211,199,3,121.58004
211,200,3,132.69019
211,201,3,149.47701
211,202,3,177.75233
211,203,3,235.34379
211,204,3,416.31003
211,205,1,-1.0
211,206,1,-1.0
211,207,1,-1.0
211,208,1,-1.0
211,209,1,-1.0
211,210,4,-1.0
211,211,4,-1.0
211,212,4,-1.0
211,213,4,-1.0
211,214,4,-1.0
211,215,4,-1.0
211,216,4,-1.0
211,217,4,-1.0
211,218,4,-1.0
211,219,4,-1.0
211,220,4,-1.0
211,221,4,-1.0
211,222,4,-1.0
211,223,4,-1.0
211,224,4,-1.0
211,225,4,-1.0
211,226,4,-1.0
211,227,4,-1.0
211,228,4,-1.0
211,229,4,-1.0
211,230,4,-1.0
211,231,4,-1.0
211,232,4,-1.0
211,233,4,-1.0
211,234,4,-1.0
211,235,4,-1.0
211,236,4,-1.0
211,237,4,-1.0
211,238,4,-1.0
211,239,4,-1.0
211,240,4,-1.0
211,241,4,-1.0
211,242,4,-1.0
211,243,4,-1.0
211,244,4,-1.0
211,245,4,-1.0
211,246,4,-1.0
211,247,4,-1.0
211,248,4,-1.0
211,249,4,-1.0
211,250,4,-1.0
212,0,3,60.191708
212,1,3,60.192078
212,2,3,60.193186
212,3,3,60.195033
212,4,3,60.19762
212,5,3,60.200948
212,6,3,60.205017
212,7,3,60.209829
212,8,3,60.215386
212,9,3,60.221688
212,10,3,60.228739
212,11,3,60.236535
212,12,3,60.245042
212,13,3,60.254301
212,14,3,60.264314
212,15,3,60.275084
212,16,3,60.2866
212,17,3,60.298829
212,18,3,60.311822
212,19,3,60.325584
212,20,3,60.340073
212,21,3,60.355303
212,22,3,60.37131
212,23,3,60.388055
212,24,3,60.405539
212,25,3,60.423813
212,26,3,60.4428
212,27,3,60.462565
212,28,3,60.48309
212,29,3,60.504356
212,30,3,60.526413
212,31,3,60.549191
212,32,3,60.572775
212,33,3,60.597077
212,34,3,60.622186
212,35,3,60.648029
212,36,3,60.674661
212,37,3,60.702062
212,38,3,60.730219
212,39,3,60.759188
212,40,3,60.788885
212,41,3,60.819381
212,42,3,60.850683
212,43,3,60.882716
212,44,3,60.915553
212,45,3,60.949194
212,46,3,60.98361
212,47,3,61.018799
212,48,3,61.054792
212,49,3,61.091589
212,50,3,61.129189
212,51,3,61.167574
212,52,3,61.206748
212,53,3,61.246732
212,54,3,61.287526
212,55,3,61.32913
212,56,3,61.371546
212,57,3,61.414777
212,58,3,61.458823
212,59,3,61.503689
212,60,3,61.549376
212,61,3,61.595888
212,62,3,61.643229
212,63,3,61.691403
212,64,3,61.740414
212,65,3,61.790268
212,66,3,61.840942
212,67,3,61.892453
212,68,3,61.944818
212,69,3,61.998044
212,70,3,62.052128
212,71,3,62.107033
212,72,3,62.162817
212,73,3,62.219486
212,74,3,62.276972
212,75,3,62.335357
212,76,3,62.394609
212,77,3,62.454729
212,78,3,62.515745
212,79,3,62.57762
212,80,3,62.6404
212,81,3,62.704059
212,82,3,62.768608
212,83,3,62.834081
212,84,3,62.900408
212,85,3,62.96766
212,86,3,63.035833
212,87,3,63.104899
212,88,3,63.174871
212,89,3,63.245767
212,90,3,63.317589
212,91,3,63.390335
212,92,3,63.464008
212,93,3,63.538609
212,94,3,63.614141
212,95,3,63.690609
212,96,3,63.768015
212,97,3,63.846366
212,98,3,63.925667
212,99,3,64.005926
212,100,3,64.087115
212,101,3,64.169257
212,102,3,64.252375
212,103,3,64.33643
212,104,3,64.421456
212,105,3,64.507439
212,106,3,64.594393
212,107,3,64.682294
212,108,3,64.771181
212,109,3,64.861026
212,110,3,64.951825
212,111,3,65.043596
212,112,3,65.136335
212,113,3,65.230038
212,114,3,65.324703
212,115,3,65.42033
212,116,3,65.516919
212,117,3,65.614461
212,118,3,65.712935
212,119,3,65.812374
212,120,3,65.912735
212,121,3,66.014049
212,122,3,66.116259
212,123,3,66.219396
212,124,3,66.323438
212,125,3,66.428369
212,126,3,66.534175
212,127,3,66.640843
212,128,3,66.748363
212,129,3,66.856689
212,130,3,66.965834
212,131,3,67.075734
212,132,3,67.186388
212,133,3,67.297757
212,134,3,67.409806
212,135,3,67.522492
212,136,3,67.635759
212,137,3,67.749567
212,138,3,67.863855
212,139,3,67.978555
212,140,3,68.093588
212,141,3,68.208871
212,142,3,68.32429
212,143,3,68.439738
212,144,3,68.555074
212,145,3,68.670138
212,146,3,68.784727
212,147,3,68.898606
212,148,3,69.01146
212,149,3,69.1229
212,150,3,69.232364
212,151,3,69.338984
212,152,3,69.441001
212,153,3,69.537206
212,154,3,69.636276
212,155,3,69.739086
212,156,3,69.845853
212,157,3,69.956815
212,158,3,70.072226
212,159,3,70.192365
212,160,3,70.317532
212,161,3,70.448055
212,162,3,70.584292
212,163,3,70.726631
212,164,3,70.8755
212,165,3,71.031367
212,166,3,71.194744
212,167,3,71.366199
212,168,3,71.546355
212,169,3,71.735904
212,170,3,71.935612
212,171,3,72.146332
212,172,3,72.369016
212,173,3,72.604729
212,174,3,72.854666
212,175,3,73.120176
212,176,3,73.40278
212,177,3,73.704208
212,178,3,74.026432
212,179,3,74.371707
212,180,3,74.74263
212,181,3,75.142199
212,182,3,75.573904
212,183,3,76.041821
212,184,3,76.550748
212,185,3,77.106367
212,186,3,77.715462
212,187,3,78.386194
212,188,3,79.12847
212,189,3,79.954438
212,190,3,80.879153
212,191,3,81.921504
212,192,3,83.105509
212,193,3,84.462186
212,194,3,86.032293
212,195,3,87.870464
212,196,3,90.051662
212,197,3,92.681571
212,198,3,95.914097
212,199,3,99.982359
212,200,3,105.25706
212,201,3,112.36536
212,202,3,122.45853
212,203,3,137.90312
212,204,3,164.45614
212,205,3,220.71366
212,206,3,418.89885
212,207,1,-1.0
212,208,1,-1.0
212,209,1,-1.0
212,210,1,-1.0
212,211,1,-1.0
212,212,4,-1.0
212,213,4,-1.0
212,214,4,-1.0
212,215,4,-1.0
212,216,4,-1.0
212,217,4,-1.0
212,218,4,-1.0
212,219,4,-1.0
212,220,4,-1.0
212,221,4,-1.0
212,222,4,-1.0
212,223,4,-1.0
212,224,4,-1.0
212,225,4,-1.0
212,226,4,-1.0
212,227,4,-1.0
212,228,4,-1.0
212,229,4,-1.0
212,230,4,-1.0
212,231,4,-1.0
212,232,4,-1.0
212,233,4,-1.0
212,234,4,-1.0
212,235,4,-1.0
212,236,4,-1.0
212,237,4,-1.0
212,238,4,-1.0
212,239,4,-1.0
212,240,4,-1.0
212,241,4,-1.0
212,242,4,-1.0
212,243,4,-1.0
212,244,4,-1.0
212,245,4,-1.0
212,246,4,-1.0
212,247,4,-1.0
212,248,4,-1.0
212,249,4,-1.0
212,250,4,-1.0
213,0,3,58.488587
213,1,3,58.488916
213,2,3,58.489902
213,3,3,58.491545
213,4,3,58.493847
213,5,3,58.496808
213,6,3,58.500428
213,7,3,58.504709
213,8,3,58.509652
213,9,3,58.515255
213,10,3,58.521493
213,11,3,58.528394
213,12,3,58.535961
213,13,3,58.544196
213,14,3,58.553101
213,15,3,58.562644
213,16,3,58.572843
213,17,3,58.583717
213,18,3,58.59527
213,19,3,58.607452
213,20,3,58.620303
213,21,3,58.633841
213,22,3,58.64802
213,23,3,58.662862
213,24,3,58.6784
213,25,3,58.69456
213,26,3,58.711412
213,27,3,58.728929
213,28,3,58.747103
213,29,3,58.765969
213,30,3,58.785472
213,31,3,58.805681
213,32,3,58.826522
213,33,3,58.848071
213,34,3,58.870262
213,35,3,58.893146
213,36,3,58.916702
213,37,3,58.94092
213,38,3,58.965848
213,39,3,58.99141
213,40,3,59.01767
213,41,3,59.044632
213,42,3,59.072232
213,43,3,59.100529
213,44,3,59.129525
213,45,3,59.159199
213,46,3,59.189537
213,47,3,59.220572
213,48,3,59.252302
213,49,3,59.284726
213,50,3,59.317838
213,51,3,59.35162
213,52,3,59.386099
213,53,3,59.421274
213,54,3,59.457145
213,55,3,59.493713
213,56,3,59.530977
213,57,3,59.56894
213,58,3,59.607602
213,59,3,59.646965
213,60,3,59.687031
213,61,3,59.727803
213,62,3,59.769282
213,63,3,59.811463
213,64,3,59.854333
213,65,3,59.897916
213,66,3,59.942217
213,67,3,59.987238
213,68,3,60.032959
213,69,3,60.07938
213,70,3,60.126533
213,71,3,60.174403
213,72,3,60.222965
213,73,3,60.272273
213,74,3,60.322274
213,75,3,60.373008
213,76,3,60.424455
213,77,3,60.476628
213,78,3,60.529512
213,79,3,60.58314
213,80,3,60.637456
213,81,3,60.692519
213,82,3,60.748306
213,83,3,60.804795
213,84,3,60.862021
213,85,3,60.919978
213,86,3,60.978662
213,87,3,61.038049
213,88,3,61.098163
213,89,3,61.159001
213,90,3,61.220563
213,91,3,61.282847
213,92,3,61.345852
213,93,3,61.409578
213,94,3,61.474016
213,95,3,61.539157
213,96,3,61.605017
213,97,3,61.671598
213,98,3,61.738878
213,99,3,61.806855
213,100,3,61.875554
213,101,3,61.944918
213,102,3,62.015
213,103,3,62.085751
213,104,3,62.157187
213,105,3,62.229307
213,106,3,62.302095
213,107,3,62.375529
213,108,3,62.44962
213,109,3,62.524355
213,110,3,62.599727
213,111,3,62.67571
213,112,3,62.752298
213,113,3,62.829493
213,114,3,62.907264
213,115,3,62.985597
213,116,3,63.064473
213,117,3,63.143883
213,118,3,63.223795
213,119,3,63.304181
213,120,3,63.385014
213,121,3,63.466267
213,122,3,63.547918
213,123,3,63.629913
213,124,3,63.712225
213,125,3,63.794797
213,126,3,63.877574
213,127,3,63.960503
213,128,3,64.04352
213,129,3,64.12654
213,130,3,64.209469
213,131,3,64.292216
213,132,3,64.374633
213,133,3,64.456577
213,134,3,64.537849
213,135,3,64.618193
213,136,3,64.697253
213,137,3,64.773561
213,138,3,64.823015
213,139,3,64.873838
213,140,3,64.926086
213,141,3,64.979821
213,142,3,65.035107
213,143,3,65.092013
213,144,3,65.15061
213,145,3,65.210977
213,146,3,65.273195
213,147,3,65.337352
213,148,3,65.40354
213,149,3,65.471861
213,150,3,65.542419
213,151,3,65.615329
213,152,3,65.690712
213,153,3,65.7687
213,154,3,65.849431
213,155,3,65.933058
213,156,3,66.019743
213,157,3,66.109659
213,158,3,66.202997
213,159,3,66.299959
213,160,3,66.400768
213,161,3,66.505662
213,162,3,66.614902
213,163,3,66.728771
213,164,3,66.847578
213,165,3,66.97166
213,166,3,67.101386
213,167,3,67.23716
213,168,3,67.379427
213,169,3,67.528678
213,170,3,67.685452
213,171,3,67.85035
213,172,3,68.024034
213,173,3,68.207245
213,174,3,68.400809
213,175,3,68.605649
213,176,3,68.822804
213,177,3,69.053445
213,178,3,69.298896
213,179,3,69.56066
213,180,3,69.840455
213,181,3,70.140245
213,182,3,70.462293
213,183,3,70.809217
213,184,3,71.184063
213,185,3,71.590396
213,186,3,72.032413
213,187,3,72.515095
213,188,3,73.044391
213,189,3,73.627471
213,190,3,74.273052
213,191,3,74.99184
213,192,3,75.797128
213,193,3,76.705627
213,194,3,77.73864
213,195,3,78.923747
213,196,3,80.297298
213,197,3,81.908189
213,198,3,83.823775
213,199,3,86.139467
213,200,3,88.994997
213,201,3,92.603475
213,202,3,97.306715
213,203,3,103.68944
213,204,3,112.84117
213,205,3,127.04964
213,206,3,152.06868
213,207,3,207.66835
213,208,3,436.59095
213,209,1,-1.0
213,210,1,-1.0
213,211,1,-1.0
213,212,1,-1.0
213,213,4,-1.0
213,214,4,-1.0
213,215,4,-1.0
213,216,4,-1.0
213,217,4,-1.0
213,218,4,-1.0
213,219,4,-1.0
213,220,4,-1.0
213,221,4,-1.0
213,222,4,-1.0
213,223,4,-1.0
213,224,4,-1.0
213,225,4,-1.0
213,226,4,-1.0
213,227,4,-1.0
213,228,4,-1.0
213,229,4,-1.0
213,230,4,-1.0
213,231,4,-1.0
213,232,4,-1.0
213,233,4,-1.0
213,234,4,-1.0
213,235,4,-1.0
213,236,4,-1.0
213,237,4,-1.0
213,238,4,-1.0
213,239,4,-1.0
213,240,4,-1.0
213,241,4,-1.0
213,242,4,-1.0
213,243,4,-1.0
213,244,4,-1.0
213,245,4,-1.0
213,246,4,-1.0
213,247,4,-1.0
213,248,4,-1.0
213,249,4,-1.0
213,250,4,-1.0
214,0,3,56.821598
214,1,3,56.821886
214,2,3,56.822751
214,3,3,56.824194
214,4,3,56.826214
214,5,3,56.828812
214,6,3,56.831989
214,7,3,56.835746
214,8,3,56.840084
214,9,3,56.845004
214,10,3,56.850508
214,11,3,56.856585
214,12,3,56.863224
214,13,3,56.870449
214,14,3,56.878262
214,15,3,56.886665
214,16,3,56.895627
214,17,3,56.905165
214,18,3,56.915298
214,19,3,56.926019
214,20,3,56.937289
214,21,3,56.94916
214,22,3,56.96162
214,23,3,56.974632
214,24,3,56.988253
214,25,3,57.002437
214,26,3,57.017207
214,27,3,57.032569
214,28,3,57.048492
214,29,3,57.065024
214,30,3,57.082108
214,31,3,57.099802
214,32,3,57.118054
214,33,3,57.136906
214,34,3,57.156335
214,35,3,57.176341
214,36,3,57.196959
214,37,3,57.218117
214,38,3,57.239884
214,39,3,57.262247
214,40,3,57.285161
214,41,3,57.308677
214,42,3,57.332792
214,43,3,57.357474
214,44,3,57.382735
214,45,3,57.40859
214,46,3,57.435038
214,47,3,57.462074
214,48,3,57.489687
214,49,3,57.517877
214,50,3,57.546655
214,51,3,57.576022
214,52,3,57.605976
214,53,3,57.636515
214,54,3,57.667641
214,55,3,57.699352
214,56,3,57.731649
214,57,3,57.764532
214,58,3,57.798001
214,59,3,57.832058
214,60,3,57.866698
214,61,3,57.901906
214,62,3,57.937701
214,63,3,57.974085
214,64,3,58.011061
214,65,3,58.048609
214,66,3,58.086728
214,67,3,58.125442
214,68,3,58.164734
214,69,3,58.20459
214,70,3,58.245048
214,71,3,58.28605
214,72,3,58.327654
214,73,3,58.369807
214,74,3,58.412558
214,75,3,58.455847
214,76,3,58.499726
214,77,3,58.544164
214,78,3,58.589155
214,79,3,58.634718
214,80,3,58.680846
214,81,3,58.727512
214,82,3,58.774729
214,83,3,58.822498
214,84,3,58.870812
214,85,3,58.919666
214,86,3,58.969056
214,87,3,59.018978
214,88,3,59.069427
214,89,3,59.120401
214,90,3,59.171878
214,91,3,59.223859
214,92,3,59.276352
214,93,3,59.329336
214,94,3,59.382797
214,95,3,59.436747
214,96,3,59.491151
214,97,3,59.546015
214,98,3,59.601333
214,99,3,59.657077
214,100,3,59.713235
214,101,3,59.769802
214,102,3,59.826761
214,103,3,59.884096
214,104,3,59.941773
214,105,3,59.999786
214,106,3,60.058121
214,107,3,60.116726
214,108,3,60.175597
214,109,3,60.234697
214,110,3,60.293989
214,111,3,60.353436
214,112,3,60.413002
214,113,3,60.472621
214,114,3,60.532254
214,115,3,60.591829
214,116,3,60.618967
214,117,3,60.644468
214,118,3,60.67051
214,119,3,60.697108
214,120,3,60.724278
214,121,3,60.752038
214,122,3,60.780407
214,123,3,60.809401
214,124,3,60.839043
214,125,3,60.869351
214,126,3,60.900347
214,127,3,60.932054
214,128,3,60.964497
214,129,3,60.997698
214,130,3,61.031685
214,131,3,61.066485
214,132,3,61.102127
214,133,3,61.138641
214,134,3,61.176058
214,135,3,61.214413
214,136,3,61.253741
214,137,3,61.294078
214,138,3,61.335465
214,139,3,61.377942
214,140,3,61.421554
214,141,3,61.466348
214,142,3,61.512371
214,143,3,61.559676
214,144,3,61.608319
214,145,3,61.658357
214,146,3,61.709854
214,147,3,61.762874
214,148,3,61.817489
214,149,3,61.873773
214,150,3,61.931806
214,151,3,61.991674
214,152,3,62.053467
214,153,3,62.117283
214,154,3,62.183227
214,155,3,62.25141
214,156,3,62.321952
214,157,3,62.394983
214,158,3,62.470641
214,159,3,62.549078
214,160,3,62.630453
214,161,3,62.714944
214,162,3,62.802738
214,163,3,62.894041
214,164,3,62.989078
214,165,3,63.08809
214,166,3,63.191343
214,167,3,63.299126
214,168,3,63.411756
214,169,3,63.529581
214,170,3,63.652982
214,171,3,63.782382
214,172,3,63.918245
214,173,3,64.061086
214,174,3,64.211477
214,175,3,64.370055
214,176,3,64.537531
214,177,3,64.714701
214,178,3,64.902462
214,179,3,65.101822
214,180,3,65.313925
214,181,3,65.540071
214,182,3,65.781743
214,183,3,66.040642
214,184,3,66.318726
214,185,3,66.618265
214,186,3,66.941901
214,187,3,67.29273
214,188,3,67.674402
214,189,3,68.091251
214,190,3,68.548465
214,191,3,69.052302
214,192,3,69.610385
214,193,3,70.232093
214,194,3,70.929094
214,195,3,71.716093
214,196,3,72.611879
214,197,3,73.640848
214,198,3,74.835261
214,199,3,76.238678
214,200,3,77.911369
214,201,3,79.939152
214,202,3,82.448498
214,203,3,85.633771
214,204,3,89.809722
214,205,3,95.521509
214,206,3,103.80217
214,207,3,116.87416
214,208,3,140.54813
214,209,3,196.34079
214,210,3,484.69045
214,211,1,-1.0
214,212,1,-1.0
214,213,1,-1.0
214,214,1,-1.0
214,215,4,-1.0
214,216,4,-1.0
214,217,4,-1.0
214,218,4,-1.0
214,219,4,-1.0
214,220,4,-1.0
214,221,4,-1.0
214,222,4,-1.0
214,223,4,-1.0
214,224,4,-1.0
214,225,4,-1.0
214,226,4,-1.0
214,227,4,-1.0
214,228,4,-1.0
214,229,4,-1.0
214,230,4,-1.0
214,231,4,-1.0
214,232,4,-1.0
214,233,4,-1.0
214,234,4,-1.0
214,235,4,-1.0
214,236,4,-1.0
214,237,4,-1.0
214,238,4,-1.0
214,239,4,-1.0
214,240,4,-1.0
214,241,4,-1.0
214,242,4,-1.0
214,243,4,-1.0
214,244,4,-1.0
214,245,4,-1.0
214,246,4,-1.0
214,247,4,-1.0
214,248,4,-1.0
214,249,4,-1.0
214,250,4,-1.0
215,0,3,55.18491
215,1,3,55.185161
215,2,3,55.185913
215,3,3,55.187168
215,4,3,55.188918
215,5,3,55.191165
215,6,3,55.193913
215,7,3,55.197162
215,8,3,55.200914
215,9,3,55.205169
215,10,3,55.209929
215,11,3,55.215195
215,12,3,55.22094
215,13,3,55.227187
215,14,3,55.233942
215,15,3,55.241208
215,16,3,55.248957
215,17,3,55.257202
215,18,3,55.265962
215,19,3,55.275218
215,20,3,55.284958
215,21,3,55.295217
215,22,3,55.305961
215,23,3,55.317204
215,24,3,55.328961
215,25,3,55.34119
215,26,3,55.353948
215,27,3,55.367167
215,28,3,55.380919
215,29,3,55.395132
215,30,3,55.409874
215,31,3,55.425083
215,32,3,55.440807
215,33,3,55.45702
215,34,3,55.473721
215,35,3,55.490935
215,36,3,55.508622
215,37,3,55.526805
215,38,3,55.545493
215,39,3,55.564668
215,40,3,55.58432
215,41,3,55.604471
215,42,3,55.625118
215,43,3,55.646257
215,44,3,55.667873
215,45,3,55.689971
215,46,3,55.712558
215,47,3,55.735632
215,48,3,55.759189
215,49,3,55.78323
215,50,3,55.807751
215,51,3,55.832752
215,52,3,55.858232
215,53,3,55.88419
215,54,3,55.910624
215,55,3,55.937534
215,56,3,55.964911
215,57,3,55.992748
215,58,3,56.021058
215,59,3,56.04984
215,60,3,56.079092
215,61,3,56.108781
215,62,3,56.138941
215,63,3,56.169566
215,64,3,56.200622
215,65,3,56.23215
215,66,3,56.264101
215,67,3,56.296517
215,68,3,56.329348
215,69,3,56.362634
215,70,3,56.396338
215,71,3,56.430467
215,72,3,56.465027
215,73,3,56.500003
215,74,3,56.535376
215,75,3,56.571158
215,76,3,56.607339
215,77,3,56.643913
215,78,3,56.680871
215,79,3,56.718206
215,80,3,56.739503
215,81,3,56.750726
215,82,3,56.762157
215,83,3,56.773798
215,84,3,56.785654
215,85,3,56.797728
215,86,3,56.810024
215,87,3,56.822545
215,88,3,56.835296
215,89,3,56.84828
215,90,3,56.861502
215,91,3,56.874966
215,92,3,56.888677
215,93,3,56.902639
215,94,3,56.916857
215,95,3,56.931337
215,96,3,56.946083
215,97,3,56.961101
215,98,3,56.976396
215,99,3,56.991974
215,100,3,57.007841
215,101,3,57.024003
215,102,3,57.040467
215,103,3,57.057239
215,104,3,57.074326
215,105,3,57.091735
215,106,3,57.109473
215,107,3,57.127549
215,108,3,57.14597
215,109,3,57.164744
215,110,3,57.18388
215,111,3,57.203387
215,112,3,57.223275
215,113,3,57.243552
215,114,3,57.264229
215,115,3,57.285317
215,116,3,57.306826
215,117,3,57.328768
215,118,3,57.351154
215,119,3,57.373997
215,120,3,57.39731
215,121,3,57.421105
215,122,3,57.445398
215,123,3,57.470203
215,124,3,57.495535
215,125,3,57.52141
215,126,3,57.547845
215,127,3,57.574857
215,128,3,57.602465
215,129,3,57.630687
215,130,3,57.659545
215,131,3,57.689059
215,132,3,57.719252
215,133,3,57.750146
215,134,3,57.781766
215,135,3,57.814139
215,136,3,57.84729
215,137,3,57.881249
215,138,3,57.916046
215,139,3,57.951712
215,140,3,57.988281
215,141,3,58.025787
215,142,3,58.06427
215,143,3,58.103766
215,144,3,58.14432
215,145,3,58.185974
215,146,3,58.228776
215,147,3,58.272776
215,148,3,58.318026
215,149,3,58.364582
215,150,3,58.412505
215,151,3,58.461857
215,152,3,58.512708
215,153,3,58.565129
215,154,3,58.619197
215,155,3,58.674997
215,156,3,58.732616
215,157,3,58.79215
215,158,3,58.8537
215,159,3,58.917378
215,160,3,58.9833
215,161,3,59.051595
215,162,3,59.122401
215,163,3,59.195865
215,164,3,59.27215
215,165,3,59.351431
215,166,3,59.433897
215,167,3,59.519756
215,168,3,59.609233
215,169,3,59.702574
215,170,3,59.800051
215,171,3,59.901959
215,172,3,60.008623
215,173,3,60.120405
215,174,3,60.237699
215,175,3,60.360946
215,176,3,60.490634
215,177,3,60.627307
215,178,3,60.771573
215,179,3,60.924113
215,180,3,61.085693
215,181,3,61.257179
215,182,3,61.439548
215,183,3,61.633916
215,184,3,61.841555
215,185,3,62.063925
215,186,3,62.302709
215,187,3,62.55986
215,188,3,62.837652
215,189,3,63.138755
215,190,3,63.466318
215,191,3,63.824088
215,192,3,64.216553
215,193,3,64.64914
215,194,3,65.128468
215,195,3,65.662698
215,196,3,66.262006
215,197,3,66.939245
215,198,3,67.710887
215,199,3,68.598384
215,200,3,69.630206
215,201,3,70.844958
215,202,3,72.296306
215,203,3,74.061109
215,204,3,76.253418
215,205,3,79.050003
215,206,3,82.740195
215,207,3,87.832163
215,208,3,95.307364
215,209,3,107.33691
215,210,3,129.86116
215,211,3,187.0038
215,212,2,616.04373
215,213,1,-1.0
215,214,1,-1.0
215,215,1,-1.0
215,216,4,-1.0
215,217,4,-1.0
215,218,4,-1.0
215,219,4,-1.0
215,220,4,-1.0
215,221,4,-1.0
215,222,4,-1.0
215,223,4,-1.0
215,224,4,-1.0
215,225,4,-1.0
215,226,4,-1.0
215,227,4,-1.0
215,228,4,-1.0
215,229,4,-1.0
215,230,4,-1.0
215,231,4,-1.0
215,232,4,-1.0
215,233,4,-1.0
215,234,4,-1.0
215,235,4,-1.0
215,236,4,-1.0
215,237,4,-1.0
215,238,4,-1.0
215,239,4,-1.0
215,240,4,-1.0
215,241,4,-1.0
215,242,4,-1.0
215,243,4,-1.0
215,244,4,-1.0
215,245,4,-1.0
215,246,4,-1.0
215,247,4,-1.0
215,248,4,-1.0
215,249,4,-1.0
215,250,4,-1.0
216,0,3,53.175336
216,1,3,53.175387
216,2,3,53.175541
216,3,3,53.175796
216,4,3,53.176153
216,5,3,53.176613
216,6,3,53.177175
216,7,3,53.17784
216,8,3,53.178607
216,9,3,53.179476
216,10,3,53.180449
216,11,3,53.181524
216,12,3,53.182703
216,13,3,53.183984
216,14,3,53.18537
216,15,3,53.186859
216,16,3,53.188452
216,17,3,53.190149
216,18,3,53.191951
216,19,3,53.193857
216,20,3,53.195869
216,21,3,53.197986
216,22,3,53.200209
216,23,3,53.202538
216,24,3,53.204974
216,25,3,53.207516
216,26,3,53.210166
216,27,3,53.212924
216,28,3,53.21579
216,29,3,53.218765
216,30,3,53.221849
216,31,3,53.225043
216,32,3,53.228348
216,33,3,53.231763
216,34,3,53.23529
216,35,3,53.238929
216,36,3,53.242681
216,37,3,53.246546
216,38,3,53.250525
216,39,3,53.25462
216,40,3,53.258829
216,41,3,53.263156
216,42,3,53.267599
216,43,3,53.27216
216,44,3,53.27684
216,45,3,53.281639
216,46,3,53.286559
216,47,3,53.291601
216,48,3,53.296764
216,49,3,53.302051
216,50,3,53.307463
216,51,3,53.313
216,52,3,53.318663
216,53,3,53.324454
216,54,3,53.330374
216,55,3,53.336423
216,56,3,53.342604
216,57,3,53.348917
216,58,3,53.355364
216,59,3,53.361945
216,60,3,53.368663
216,61,3,53.375519
216,62,3,53.382514
216,63,3,53.38965
216,64,3,53.396927
216,65,3,53.404349
216,66,3,53.411916
216,67,3,53.41963
216,68,3,53.427493
216,69,3,53.435507
216,70,3,53.443673
216,71,3,53.451993
216,72,3,53.460469
216,73,3,53.469104
216,74,3,53.4779
216,75,3,53.486857
216,76,3,53.49598
216,77,3,53.505269
216,78,3,53.514727
216,79,3,53.524358
216,80,3,53.534162
216,81,3,53.544143
216,82,3,53.554303
216,83,3,53.564646
216,84,3,53.575173
216,85,3,53.585888
216,86,3,53.596794
216,87,3,53.607893
216,88,3,53.61919
216,89,3,53.630686
216,90,3,53.642387
216,91,3,53.654294
216,92,3,53.666412
216,93,3,53.678745
216,94,3,53.691296
216,95,3,53.70407
216,96,3,53.71707
216,97,3,53.7303
216,98,3,53.743766
216,99,3,53.757472
216,100,3,53.771422
216,101,3,53.785621
216,102,3,53.800075
216,103,3,53.814788
216,104,3,53.829766
216,105,3,53.845016
216,106,3,53.860541
216,107,3,53.87635
216,108,3,53.892447
216,109,3,53.90884
216,110,3,53.925535
216,111,3,53.942539
216,112,3,53.95986
216,113,3,53.977505
216,114,3,53.995482
216,115,3,54.013799
216,116,3,54.032465
216,117,3,54.051488
216,118,3,54.070879
216,119,3,54.090646
216,120,3,54.110799
216,121,3,54.13135
216,122,3,54.152308
216,123,3,54.173686
216,124,3,54.195495
216,125,3,54.217747
216,126,3,54.240456
216,127,3,54.263635
216,128,3,54.287299
216,129,3,54.311461
216,130,3,54.336138
216,131,3,54.361346
216,132,3,54.387102
216,133,3,54.413424
216,134,3,54.440331
216,135,3,54.467842
216,136,3,54.495977
216,137,3,54.52476
216,138,3,54.554212
216,139,3,54.584358
216,140,3,54.615223
216,141,3,54.646834
216,142,3,54.679219
216,143,3,54.712408
216,144,3,54.746433
216,145,3,54.781327
216,146,3,54.817124
216,147,3,54.853863
216,148,3,54.891583
216,149,3,54.930326
216,150,3,54.970136
216,151,3,55.011062
216,152,3,55.053153
216,153,3,55.096463
216,154,3,55.141049
216,155,3,55.186974
216,156,3,55.234301
216,157,3,55.283101
216,158,3,55.333449
216,159,3,55.385426
216,160,3,55.439116
216,161,3,55.494614
216,162,3,55.552019
216,163,3,55.611438
216,164,3,55.672988
216,165,3,55.736795
216,166,3,55.802994
216,167,3,55.871733
216,168,3,55.943173
216,169,3,56.017489
216,170,3,56.094871
216,171,3,56.175528
216,172,3,56.259687
216,173,3,56.3476
216,174,3,56.439541
216,175,3,56.535815
216,176,3,56.636757
216,177,3,56.742739
216,178,3,56.854176
216,179,3,56.971526
216,180,3,57.095307
216,181,3,57.226095
216,182,3,57.364539
216,183,3,57.511375
216,184,3,57.667434
216,185,3,57.833663
216,186,3,58.011144
216,187,3,58.20112
216,188,3,58.405026
216,189,3,58.624527
216,190,3,58.861566
216,191,3,59.118424
216,192,3,59.397797
216,193,3,59.702896
216,194,3,60.037576
216,195,3,60.406503
216,196,3,60.815381
216,197,3,61.271256
216,198,3,61.782935
216,199,3,62.361573
216,200,3,63.021505
216,201,3,63.78147
216,202,3,64.66643
216,203,3,65.710384
216,204,3,66.960855
216,205,3,68.486329
216,206,3,70.389212
216,207,3,72.829723
216,208,3,76.073255
216,209,3,80.593287
216,210,3,87.324266
216,211,3,98.400709
216,212,3,119.98567
216,213,3,180.20132
216,214,2,1212.8883
216,215,1,-1.0
216,216,1,-1.0
216,217,4,-1.0
216,218,4,-1.0
216,219,4,-1.0
216,220,4,-1.0
216,221,4,-1.0
216,222,4,-1.0
216,223,4,-1.0
216,224,4,-1.0
216,225,4,-1.0
216,226,4,-1.0
216,227,4,-1.0
216,228,4,-1.0
216,229,4,-1.0
216,230,4,-1.0
216,231,4,-1.0
216,232,4,-1.0
216,233,4,-1.0
216,234,4,-1.0
216,235,4,-1.0
216,236,4,-1.0
216,237,4,-1.0
216,238,4,-1.0
216,239,4,-1.0
216,240,4,-1.0
216,241,4,-1.0
216,242,4,-1.0
216,243,4,-1.0
216,244,4,-1.0
216,245,4,-1.0
216,246,4,-1.0
216,247,4,-1.0
216,248,4,-1.0
216,249,4,-1.0
216,250,4,-1.0
217,0,3,50.021653
217,1,3,50.021699
217,2,3,50.02184
217,3,3,50.022073
217,4,3,50.0224
217,5,3,50.022821
217,6,3,50.023335
217,7,3,50.023943
217,8,3,50.024645
217,9,3,50.025441
217,10,3,50.02633
217,11,3,50.027314
217,12,3,50.028392
217,13,3,50.029565
217,14,3,50.030832
217,15,3,50.032194
217,16,3,50.033651
217,17,3,50.035203
217,18,3,50.03685
217,19,3,50.038593
217,20,3,50.040432
217,21,3,50.042368
217,22,3,50.044399
217,23,3,50.046528
217,24,3,50.048754
217,25,3,50.051077
217,26,3,50.053498
217,27,3,50.056017
217,28,3,50.058635
217,29,3,50.061351
217,30,3,50.064167
217,31,3,50.067083
217,32,3,50.070099
217,33,3,50.073216
217,34,3,50.076434
217,35,3,50.079754
217,36,3,50.083176
217,37,3,50.086701
217,38,3,50.090329
217,39,3,50.094062
217,40,3,50.097898
217,41,3,50.10184
217,42,3,50.105888
217,43,3,50.110042
217,44,3,50.114303
217,45,3,50.118673
217,46,3,50.123151
217,47,3,50.127738
217,48,3,50.132435
217,49,3,50.137243
217,50,3,50.142163
217,51,3,50.147196
217,52,3,50.152342
217,53,3,50.157603
217,54,3,50.162979
217,55,3,50.168471
217,56,3,50.17408
217,57,3,50.179808
217,58,3,50.185656
217,59,3,50.191623
217,60,3,50.197712
217,61,3,50.203924
217,62,3,50.21026
217,63,3,50.216721
217,64,3,50.223308
217,65,3,50.230023
217,66,3,50.236867
217,67,3,50.243841
217,68,3,50.250947
217,69,3,50.258186
217,70,3,50.26556
217,71,3,50.27307
217,72,3,50.280718
217,73,3,50.288505
217,74,3,50.296433
217,75,3,50.304504
217,76,3,50.31272
217,77,3,50.321082
217,78,3,50.329592
217,79,3,50.338252
217,80,3,50.347065
217,81,3,50.356032
217,82,3,50.365155
217,83,3,50.374437
217,84,3,50.38388
217,85,3,50.393486
217,86,3,50.403257
217,87,3,50.413197
217,88,3,50.423307
217,89,3,50.43359
217,90,3,50.444049
217,91,3,50.454687
217,92,3,50.465507
217,93,3,50.476511
217,94,3,50.487703
217,95,3,50.499085
217,96,3,50.510662
217,97,3,50.522436
217,98,3,50.534411
217,99,3,50.546591
217,100,3,50.55898
217,101,3,50.571581
217,102,3,50.584398
217,103,3,50.597435
217,104,3,50.610698
217,105,3,50.624189
217,106,3,50.637915
217,107,3,50.651879
217,108,3,50.666086
217,109,3,50.680543
217,110,3,50.695253
217,111,3,50.710223
217,112,3,50.725459
217,113,3,50.740965
217,114,3,50.756749
217,115,3,50.772817
217,116,3,50.789175
217,117,3,50.805831
217,118,3,50.822792
217,119,3,50.840064
217,120,3,50.857657
217,121,3,50.875578
217,122,3,50.893835
217,123,3,50.912438
217,124,3,50.931395
217,125,3,50.950717
217,126,3,50.970413
217,127,3,50.990493
217,128,3,51.010969
217,129,3,51.031852
217,130,3,51.053154
217,131,3,51.074887
217,132,3,51.097065
217,133,3,51.119701
217,134,3,51.142809
217,135,3,51.166405
217,136,3,51.190504
217,137,3,51.215123
217,138,3,51.240279
217,139,3,51.265991
217,140,3,51.292278
217,141,3,51.319159
217,142,3,51.346657
217,143,3,51.374793
217,144,3,51.403592
217,145,3,51.433078
217,146,3,51.463278
217,147,3,51.49422
217,148,3,51.525933
217,149,3,51.558449
217,150,3,51.5918
217,151,3,51.626023
217,152,3,51.661154
217,153,3,51.697232
217,154,3,51.734301
217,155,3,51.772406
217,156,3,51.811593
217,157,3,51.851915
217,158,3,51.893426
217,159,3,51.936185
217,160,3,51.980253
217,161,3,52.0257
217,162,3,52.072596
217,163,3,52.121019
217,164,3,52.171053
217,165,3,52.222788
217,166,3,52.276321
217,167,3,52.331757
217,168,3,52.389211
217,169,3,52.448805
217,170,3,52.510674
217,171,3,52.574964
217,172,3,52.641835
217,173,3,52.711462
217,174,3,52.784035
217,175,3,52.859764
217,176,3,52.938881
217,177,3,53.021638
217,178,3,53.108319
217,179,3,53.199235
217,180,3,53.294732
217,181,3,53.395198
217,182,3,53.501065
217,183,3,53.612817
217,184,3,53.731001
217,185,3,53.856235
217,186,3,53.989217
217,187,3,54.130746
217,188,3,54.281733
217,189,3,54.443227
217,190,3,54.616438
217,191,3,54.802774
217,192,3,55.003877
217,193,3,55.22168
217,194,3,55.45847
217,195,3,55.716973
217,196,3,56.000469
217,197,3,56.312935
217,198,3,56.659242
217,199,3,57.04542
217,200,3,57.479028
217,201,3,57.969664
217,202,3,58.529706
217,203,3,59.175389
217,204,3,59.928436
217,205,3,60.818583
217,206,3,61.887632
217,207,3,63.196245
217,208,3,64.835897
217,209,3,66.95121
217,210,3,69.784953
217,211,3,73.777958
217,212,3,79.821936
217,213,3,90.031015
217,214,3,110.9158
217,215,3,177.07112
217,216,1,-1.0
217,217,1,-1.0
217,218,1,-1.0
217,219,4,-1.0
217,220,4,-1.0
217,221,4,-1.0
217,222,4,-1.0
217,223,4,-1.0
217,224,4,-1.0
217,225,4,-1.0
217,226,4,-1.0
217,227,4,-1.0
217,228,4,-1.0
217,229,4,-1.0
217,230,4,-1.0
217,231,4,-1.0
217,232,4,-1.0
217,233,4,-1.0
217,234,4,-1.0
217,235,4,-1.0
217,236,4,-1.0
217,237,4,-1.0
217,238,4,-1.0
217,239,4,-1.0
217,240,4,-1.0
217,241,4,-1.0
217,242,4,-1.0
217,243,4,-1.0
217,244,4,-1.0
217,245,4,-1.0
217,246,4,-1.0
217,247,4,-1.0
217,248,4,-1.0
217,249,4,-1.0
217,250,4,-1.0
218,0,3,46.87506
218,1,3,46.875103
218,2,3,46.875233
218,3,3,46.875449
218,4,3,46.875752
218,5,3,46.876141
218,6,3,46.876617
218,7,3,46.87718
218,8,3,46.877829
218,9,3,46.878565
218,10,3,46.879388
218,11,3,46.880299
218,12,3,46.881296
218,13,3,46.88238
218,14,3,46.883552
218,15,3,46.884812
218,16,3,46.886159
218,17,3,46.887595
218,18,3,46.889118
218,19,3,46.89073
218,20,3,46.89243
218,21,3,46.894219
218,22,3,46.896098
218,23,3,46.898065
218,24,3,46.900122
218,25,3,46.902268
218,26,3,46.904505
218,27,3,46.906833
218,28,3,46.90925
218,29,3,46.911759
218,30,3,46.91436
218,31,3,46.917052
218,32,3,46.919836
218,33,3,46.922713
218,34,3,46.925683
218,35,3,46.928746
218,36,3,46.931903
218,37,3,46.935154
218,38,3,46.9385
218,39,3,46.941941
218,40,3,46.945477
218,41,3,46.94911
218,42,3,46.95284
218,43,3,46.956667
218,44,3,46.960592
218,45,3,46.964615
218,46,3,46.968737
218,47,3,46.972959
218,48,3,46.977281
218,49,3,46.981704
218,50,3,46.986229
218,51,3,46.990856
218,52,3,46.995586
218,53,3,47.00042
218,54,3,47.005358
218,55,3,47.010402
218,56,3,47.015552
218,57,3,47.020809
218,58,3,47.026174
218,59,3,47.031648
218,60,3,47.037231
218,61,3,47.042925
218,62,3,47.048731
218,63,3,47.054649
218,64,3,47.060681
218,65,3,47.066827
218,66,3,47.073089
218,67,3,47.079468
218,68,3,47.085965
218,69,3,47.092581
218,70,3,47.099317
218,71,3,47.106175
218,72,3,47.113156
218,73,3,47.120261
218,74,3,47.127492
218,75,3,47.13485
218,76,3,47.142336
218,77,3,47.149952
218,78,3,47.157699
218,79,3,47.16558
218,80,3,47.173595
218,81,3,47.181746
218,82,3,47.190035
218,83,3,47.198464
218,84,3,47.207035
218,85,3,47.215748
218,86,3,47.224608
218,87,3,47.233614
218,88,3,47.242771
218,89,3,47.252078
218,90,3,47.261539
218,91,3,47.271156
218,92,3,47.280932
218,93,3,47.290868
218,94,3,47.300967
218,95,3,47.311232
218,96,3,47.321665
218,97,3,47.332268
218,98,3,47.343046
218,99,3,47.354
218,100,3,47.365134
218,101,3,47.376451
218,102,3,47.387953
218,103,3,47.399645
218,104,3,47.411529
218,105,3,47.42361
218,106,3,47.43589
218,107,3,47.448374
218,108,3,47.461065
218,109,3,47.473967
218,110,3,47.487086
218,111,3,47.500424
218,112,3,47.513987
218,113,3,47.527779
218,114,3,47.541805
218,115,3,47.55607
218,116,3,47.570579
218,117,3,47.585338
218,118,3,47.600352
218,119,3,47.615628
218,120,3,47.63117
218,121,3,47.646986
218,122,3,47.663082
218,123,3,47.679465
218,124,3,47.696142
218,125,3,47.713121
218,126,3,47.730409
218,127,3,47.748013
218,128,3,47.765944
218,129,3,47.784209
218,130,3,47.802817
218,131,3,47.821779
218,132,3,47.841103
218,133,3,47.860801
218,134,3,47.880884
218,135,3,47.901363
218,136,3,47.922249
218,137,3,47.943556
218,138,3,47.965297
218,139,3,47.987485
218,140,3,48.010135
218,141,3,48.033262
218,142,3,48.056883
218,143,3,48.081014
218,144,3,48.105672
218,145,3,48.130878
218,146,3,48.15665
218,147,3,48.183009
218,148,3,48.209977
218,149,3,48.237578
218,150,3,48.265836
218,151,3,48.294777
218,152,3,48.324429
218,153,3,48.35482
218,154,3,48.385983
218,155,3,48.41795
218,156,3,48.450756
218,157,3,48.484438
218,158,3,48.519036
218,159,3,48.554594
218,160,3,48.591156
218,161,3,48.62877
218,162,3,48.667489
218,163,3,48.707369
218,164,3,48.74847
218,165,3,48.790855
218,166,3,48.834594
218,167,3,48.879762
218,168,3,48.926439
218,169,3,48.974713
218,170,3,49.024677
218,171,3,49.076436
218,172,3,49.130099
218,173,3,49.185788
218,174,3,49.243636
218,175,3,49.303786
218,176,3,49.366398
218,177,3,49.431646
218,178,3,49.499721
218,179,3,49.570833
218,180,3,49.645218
218,181,3,49.723133
218,182,3,49.804866
218,183,3,49.89074
218,184,3,49.981112
218,185,3,50.076386
218,186,3,50.177017
218,187,3,50.283517
218,188,3,50.39647
218,189,3,50.51654
218,190,3,50.644487
218,191,3,50.781186
218,192,3,50.927649
218,193,3,51.085052
218,194,3,51.25477
218,195,3,51.438423
218,196,3,51.637929
218,197,3,51.855582
218,198,3,52.094141
218,199,3,52.356962
218,200,3,52.648163
218,201,3,52.972855
218,202,3,53.337458
218,203,3,53.750155
218,204,3,54.22153
218,205,3,54.765525
218,206,3,55.40088
218,207,3,56.153384
218,208,3,57.059522
218,209,3,58.172649
218,210,3,59.573972
218,211,3,61.393377
218,212,3,63.852178
218,213,3,67.360344
218,214,3,72.770883
218,215,3,82.196076
218,216,3,102.67164
218,217,3,180.2874
218,218,1,-1.0
218,219,1,-1.0
218,220,4,-1.0
218,221,4,-1.0
218,222,4,-1.0
218,223,4,-1.0
218,224,4,-1.0
218,225,4,-1.0
218,226,4,-1.0
218,227,4,-1.0
218,228,4,-1.0
218,229,4,-1.0
218,230,4,-1.0
218,231,4,-1.0
218,232,4,-1.0
218,233,4,-1.0
218,234,4,-1.0
218,235,4,-1.0
218,236,4,-1.0
218,237,4,-1.0
218,238,4,-1.0
218,239,4,-1.0
218,240,4,-1.0
218,241,4,-1.0
218,242,4,-1.0
218,243,4,-1.0
218,244,4,-1.0
218,245,4,-1.0
218,246,4,-1.0
218,247,4,-1.0
218,248,4,-1.0
218,249,4,-1.0
218,250,4,-1.0
219,0,3,43.731852
219,1,3,43.731892
219,2,3,43.732014
219,3,3,43.732216
219,4,3,43.7325
219,5,3,43.732864
219,6,3,43.73331
219,7,3,43.733837
219,8,3,43.734445
219,9,3,43.735134
219,10,3,43.735905
219,11,3,43.736757
219,12,3,43.737691
219,13,3,43.738707
219,14,3,43.739804
219,15,3,43.740983
219,16,3,43.742244
219,17,3,43.743588
219,18,3,43.745014
219,19,3,43.746522
219,20,3,43.748113
219,21,3,43.749787
219,22,3,43.751545
219,23,3,43.753385
219,24,3,43.755309
219,25,3,43.757317
219,26,3,43.759409
219,27,3,43.761585
219,28,3,43.763846
219,29,3,43.766191
219,30,3,43.768622
219,31,3,43.771138
219,32,3,43.77374
219,33,3,43.776427
219,34,3,43.779202
219,35,3,43.782063
219,36,3,43.785011
219,37,3,43.788046
219,38,3,43.79117
219,39,3,43.794382
219,40,3,43.797682
219,41,3,43.801071
219,42,3,43.80455
219,43,3,43.80812
219,44,3,43.811779
219,45,3,43.81553
219,46,3,43.819372
219,47,3,43.823306
219,48,3,43.827332
219,49,3,43.831452
219,50,3,43.835665
219,51,3,43.839972
219,52,3,43.844374
219,53,3,43.848872
219,54,3,43.853466
219,55,3,43.858156
219,56,3,43.862944
219,57,3,43.86783
219,58,3,43.872815
219,59,3,43.877899
219,60,3,43.883083
219,61,3,43.888369
219,62,3,43.893756
219,63,3,43.899246
219,64,3,43.90484
219,65,3,43.910538
219,66,3,43.916341
219,67,3,43.92225
219,68,3,43.928267
219,69,3,43.934391
219,70,3,43.940625
219,71,3,43.946968
219,72,3,43.953423
219,73,3,43.95999
219,74,3,43.96667
219,75,3,43.973465
219,76,3,43.980375
219,77,3,43.987403
219,78,3,43.994548
219,79,3,44.001812
219,80,3,44.009198
219,81,3,44.016705
219,82,3,44.024336
219,83,3,44.032091
219,84,3,44.039973
219,85,3,44.047983
219,86,3,44.056122
219,87,3,44.064392
219,88,3,44.072795
219,89,3,44.081332
219,90,3,44.090005
219,91,3,44.098816
219,92,3,44.107767
219,93,3,44.11686
219,94,3,44.126096
219,95,3,44.135478
219,96,3,44.145008
219,97,3,44.154688
219,98,3,44.164519
219,99,3,44.174506
219,100,3,44.184649
219,101,3,44.194952
219,102,3,44.205416
219,103,3,44.216046
219,104,3,44.226842
219,105,3,44.237808
219,106,3,44.248947
219,107,3,44.260262
219,108,3,44.271756
219,109,3,44.283433
219,110,3,44.295294
219,111,3,44.307345
219,112,3,44.319588
219,113,3,44.332027
219,114,3,44.344666
219,115,3,44.357509
219,116,3,44.37056
219,117,3,44.383823
219,118,3,44.397303
219,119,3,44.411003
219,120,3,44.42493
219,121,3,44.439087
219,122,3,44.45348
219,123,3,44.468114
219,124,3,44.482995
219,125,3,44.498128
219,126,3,44.51352
219,127,3,44.529176
219,128,3,44.545103
219,129,3,44.561308
219,130,3,44.577798
219,131,3,44.59458
219,132,3,44.611662
219,133,3,44.629052
219,134,3,44.646757
219,135,3,44.664788
219,136,3,44.683152
219,137,3,44.70186
219,138,3,44.720922
219,139,3,44.740347
219,140,3,44.760148
219,141,3,44.780334
219,142,3,44.80092
219,143,3,44.821916
219,144,3,44.843337
219,145,3,44.865196
219,146,3,44.887509
219,147,3,44.91029
219,148,3,44.933556
219,149,3,44.957325
219,150,3,44.981614
219,151,3,45.006443
219,152,3,45.031833
219,153,3,45.057804
219,154,3,45.084379
219,155,3,45.111583
219,156,3,45.139441
219,157,3,45.16798
219,158,3,45.19723
219,159,3,45.227222
219,160,3,45.257987
219,161,3,45.289562
219,162,3,45.321983
219,163,3,45.35529
219,164,3,45.389527
219,165,3,45.424739
219,166,3,45.460975
219,167,3,45.498289
219,168,3,45.536737
219,169,3,45.576381
219,170,3,45.617287
219,171,3,45.659526
219,172,3,45.703176
219,173,3,45.748322
219,174,3,45.795054
219,175,3,45.843473
219,176,3,45.893686
219,177,3,45.945814
219,178,3,45.999985
219,179,3,46.056342
219,180,3,46.115044
219,181,3,46.176262
219,182,3,46.240189
219,183,3,46.307038
219,184,3,46.377044
219,185,3,46.450472
219,186,3,46.527617
219,187,3,46.608811
219,188,3,46.694426
219,189,3,46.784886
219,190,3,46.880669
219,191,3,46.982324
219,192,3,47.090477
219,193,3,47.205849
219,194,3,47.329275
219,195,3,47.461728
219,196,3,47.604345
219,197,3,47.758467
219,198,3,47.925687
219,199,3,48.107909
219,200,3,48.30743
219,201,3,48.527047
219,202,3,48.770203
219,203,3,49.041177
219,204,3,49.345366
219,205,3,49.689665
219,206,3,50.083029
219,207,3,50.537304
219,208,3,51.06849
219,209,3,51.698736
219,210,3,52.4596
219,211,3,53.397611
219,212,3,54.584326
219,213,3,56.135683
219,214,3,58.252565
219,215,3,61.315613
219,216,3,66.14296
219,217,3,74.867291
219,218,3,95.319159
219,219,3,197.66131
219,220,1,-1.0
219,221,1,-1.0
219,222,4,-1.0
219,223,4,-1.0
219,224,4,-1.0
219,225,4,-1.0
219,226,4,-1.0
219,227,4,-1.0
219,228,4,-1.0
219,229,4,-1.0
219,230,4,-1.0
219,231,4,-1.0
219,232,4,-1.0
219,233,4,-1.0
219,234,4,-1.0
219,235,4,-1.0
219,236,4,-1.0
219,237,4,-1.0
219,238,4,-1.0
219,239,4,-1.0
219,240,4,-1.0
219,241,4,-1.0
219,242,4,-1.0
219,243,4,-1.0
219,244,4,-1.0
219,245,4,-1.0
219,246,4,-1.0
219,247,4,-1.0
219,248,4,-1.0
219,249,4,-1.0
219,250,4,-1.0
220,0,3,40.588251
220,1,3,40.588289
220,2,3,40.588404
220,3,3,40.588596
220,4,3,40.588865
220,5,3,40.589211
220,6,3,40.589634
220,7,3,40.590133
220,8,3,40.59071
220,9,3,40.591364
220,10,3,40.592094
220,11,3,40.592902
220,12,3,40.593788
220,13,3,40.59475
220,14,3,40.59579
220,15,3,40.596908
220,16,3,40.598104
220,17,3,40.599377
220,18,3,40.600728
220,19,3,40.602158
220,20,3,40.603665
220,21,3,40.605251
220,22,3,40.606916
220,23,3,40.60866
220,24,3,40.610482
220,25,3,40.612384
220,26,3,40.614365
220,27,3,40.616425
220,28,3,40.618566
220,29,3,40.620786
220,30,3,40.623087
220,31,3,40.625469
220,32,3,40.627931
220,33,3,40.630474
220,34,3,40.633099
220,35,3,40.635805
220,36,3,40.638593
220,37,3,40.641464
220,38,3,40.644417
220,39,3,40.647453
220,40,3,40.650573
220,41,3,40.653776
220,42,3,40.657063
220,43,3,40.660435
220,44,3,40.663891
220,45,3,40.667433
220,46,3,40.67106
220,47,3,40.674773
220,48,3,40.678573
220,49,3,40.68246
220,50,3,40.686434
220,51,3,40.690497
220,52,3,40.694647
220,53,3,40.698887
220,54,3,40.703216
220,55,3,40.707636
220,56,3,40.712146
220,57,3,40.716747
220,58,3,40.721439
220,59,3,40.726225
220,60,3,40.731103
220,61,3,40.736075
220,62,3,40.741141
220,63,3,40.746302
220,64,3,40.751559
220,65,3,40.756912
220,66,3,40.762363
220,67,3,40.767911
220,68,3,40.773558
220,69,3,40.779305
220,70,3,40.785152
220,71,3,40.7911
220,72,3,40.79715
220,73,3,40.803303
220,74,3,40.809559
220,75,3,40.815921
220,76,3,40.822388
220,77,3,40.828962
220,78,3,40.835644
220,79,3,40.842434
220,80,3,40.849334
220,81,3,40.856346
220,82,3,40.863469
220,83,3,40.870706
220,84,3,40.878057
220,85,3,40.885524
220,86,3,40.893108
220,87,3,40.90081
220,88,3,40.908632
220,89,3,40.916575
220,90,3,40.924641
220,91,3,40.93283
220,92,3,40.941145
220,93,3,40.949587
220,94,3,40.958157
220,95,3,40.966858
220,96,3,40.97569
220,97,3,40.984656
220,98,3,40.993758
220,99,3,41.002997
220,100,3,41.012376
220,101,3,41.021895
220,102,3,41.031558
220,103,3,41.041367
220,104,3,41.051322
220,105,3,41.061428
220,106,3,41.071686
220,107,3,41.082098
220,108,3,41.092667
220,109,3,41.103396
220,110,3,41.114286
220,111,3,41.125342
220,112,3,41.136565
220,113,3,41.147958
220,114,3,41.159526
220,115,3,41.171269
220,116,3,41.183193
220,117,3,41.1953
220,118,3,41.207593
220,119,3,41.220077
220,120,3,41.232754
220,121,3,41.245629
220,122,3,41.258706
220,123,3,41.271989
220,124,3,41.285482
220,125,3,41.299189
220,126,3,41.313116
220,127,3,41.327267
220,128,3,41.341647
220,129,3,41.356261
220,130,3,41.371115
220,131,3,41.386214
220,132,3,41.401565
220,133,3,41.417173
220,134,3,41.433044
220,135,3,41.449186
220,136,3,41.465605
220,137,3,41.482309
220,138,3,41.499305
220,139,3,41.516601
220,140,3,41.534206
220,141,3,41.552127
220,142,3,41.570375
220,143,3,41.588959
220,144,3,41.607888
220,145,3,41.627174
220,146,3,41.646827
220,147,3,41.666859
220,148,3,41.687282
220,149,3,41.708109
220,150,3,41.729353
220,151,3,41.751029
220,152,3,41.773151
220,153,3,41.795736
220,154,3,41.8188
220,155,3,41.842361
220,156,3,41.866438
220,157,3,41.89105
220,158,3,41.916218
220,159,3,41.941966
220,160,3,41.968316
220,161,3,41.995294
220,162,3,42.022927
220,163,3,42.051243
220,164,3,42.080274
220,165,3,42.110051
220,166,3,42.14061
220,167,3,42.171988
220,168,3,42.204225
220,169,3,42.237365
220,170,3,42.271454
220,171,3,42.306541
220,172,3,42.342682
220,173,3,42.379934
220,174,3,42.418361
220,175,3,42.45803
220,176,3,42.499017
220,177,3,42.541402
220,178,3,42.585274
220,179,3,42.630728
220,180,3,42.677872
220,181,3,42.72682
220,182,3,42.777701
220,183,3,42.830655
220,184,3,42.885837
220,185,3,42.943421
220,186,3,43.003599
220,187,3,43.066585
220,188,3,43.132618
220,189,3,43.201968
220,190,3,43.274938
220,191,3,43.351871
220,192,3,43.433158
220,193,3,43.519244
220,194,3,43.610638
220,195,3,43.707928
220,196,3,43.811795
220,197,3,43.923031
220,198,3,44.042567
220,199,3,44.171497
220,200,3,44.311126
220,201,3,44.463015
220,202,3,44.62905
220,203,3,44.811533
220,204,3,45.013303
220,205,3,45.237899
220,206,3,45.489796
220,207,3,45.774732
220,208,3,46.100189
220,209,3,46.476105
220,210,3,46.915983
220,211,3,47.438627
220,212,3,48.071032
220,213,3,48.853374
220,214,3,49.848136
220,215,3,51.158028
220,216,3,52.964393
220,217,3,55.619827
220,218,3,59.911271
220,219,3,68.019963
220,220,3,89.015265
220,221,3,264.87704
220,222,1,-1.0
220,223,4,-1.0
220,224,4,-1.0
220,225,4,-1.0
220,226,4,-1.0
220,227,4,-1.0
220,228,4,-1.0
220,229,4,-1.0
220,230,4,-1.0
220,231,4,-1.0
220,232,4,-1.0
220,233,4,-1.0
220,234,4,-1.0
220,235,4,-1.0
220,236,4,-1.0
220,237,4,-1.0
220,238,4,-1.0
220,239,4,-1.0
220,240,4,-1.0
220,241,4,-1.0
220,242,4,-1.0
220,243,4,-1.0
220,244,4,-1.0
220,245,4,-1.0
220,246,4,-1.0
220,247,4,-1.0
220,248,4,-1.0
220,249,4,-1.0
220,250,4,-1.0
221,0,3,37.440344
221,1,3,37.440381
221,2,3,37.440492
221,3,3,37.440676
221,4,3,37.440934
221,5,3,37.441266
221,6,3,37.441672
221,7,3,37.442152
221,8,3,37.442705
221,9,3,37.443333
221,10,3,37.444034
221,11,3,37.44481
221,12,3,37.445659
221,13,3,37.446583
221,14,3,37.447582
221,15,3,37.448654
221,16,3,37.449802
221,17,3,37.451024
221,18,3,37.45232
221,19,3,37.453692
221,20,3,37.455138
221,21,3,37.45666
221,22,3,37.458257
221,23,3,37.459929
221,24,3,37.461677
221,25,3,37.463501
221,26,3,37.465401
221,27,3,37.467377
221,28,3,37.469429
221,29,3,37.471557
221,30,3,37.473763
221,31,3,37.476045
221,32,3,37.478405
221,33,3,37.480842
221,34,3,37.483357
221,35,3,37.485949
221,36,3,37.48862
221,37,3,37.49137
221,38,3,37.494198
221,39,3,37.497105
221,40,3,37.500091
221,41,3,37.503157
221,42,3,37.506303
221,43,3,37.509529
221,44,3,37.512836
221,45,3,37.516224
221,46,3,37.519693
221,47,3,37.523244
221,48,3,37.526876
221,49,3,37.530592
221,50,3,37.53439
221,51,3,37.538271
221,52,3,37.542237
221,53,3,37.546286
221,54,3,37.55042
221,55,3,37.554639
221,56,3,37.558943
221,57,3,37.563334
221,58,3,37.567811
221,59,3,37.572375
221,60,3,37.577027
221,61,3,37.581767
221,62,3,37.586595
221,63,3,37.591513
221,64,3,37.596521
221,65,3,37.601619
221,66,3,37.606808
221,67,3,37.612089
221,68,3,37.617462
221,69,3,37.622928
221,70,3,37.628488
221,71,3,37.634142
221,72,3,37.639892
221,73,3,37.645737
221,74,3,37.651679
221,75,3,37.657719
221,76,3,37.663856
221,77,3,37.670093
221,78,3,37.67643
221,79,3,37.682868
221,80,3,37.689407
221,81,3,37.696049
221,82,3,37.702795
221,83,3,37.709645
221,84,3,37.7166
221,85,3,37.723662
221,86,3,37.730832
221,87,3,37.738111
221,88,3,37.745499
221,89,3,37.752999
221,90,3,37.76061
221,91,3,37.768335
221,92,3,37.776174
221,93,3,37.78413
221,94,3,37.792202
221,95,3,37.800393
221,96,3,37.808704
221,97,3,37.817136
221,98,3,37.825691
221,99,3,37.834371
221,100,3,37.843176
221,101,3,37.852109
221,102,3,37.861171
221,103,3,37.870364
221,104,3,37.879689
221,105,3,37.889149
221,106,3,37.898745
221,107,3,37.90848
221,108,3,37.918354
221,109,3,37.928371
221,110,3,37.938532
221,111,3,37.94884
221,112,3,37.959296
221,113,3,37.969904
221,114,3,37.980665
221,115,3,37.991582
221,116,3,38.002657
221,117,3,38.013894
221,118,3,38.025295
221,119,3,38.036862
221,120,3,38.0486
221,121,3,38.060509
221,122,3,38.072595
221,123,3,38.08486
221,124,3,38.097307
221,125,3,38.109941
221,126,3,38.122764
221,127,3,38.13578
221,128,3,38.148994
221,129,3,38.162409
221,130,3,38.17603
221,131,3,38.189861
221,132,3,38.203906
221,133,3,38.21817
221,134,3,38.232659
221,135,3,38.247377
221,136,3,38.26233
221,137,3,38.277523
221,138,3,38.292962
221,139,3,38.308653
221,140,3,38.324603
221,141,3,38.340817
221,142,3,38.357304
221,143,3,38.37407
221,144,3,38.391123
221,145,3,38.40847
221,146,3,38.426121
221,147,3,38.444083
221,148,3,38.462366
221,149,3,38.48098
221,150,3,38.499934
221,151,3,38.519239
221,152,3,38.538906
221,153,3,38.558947
221,154,3,38.579374
221,155,3,38.600201
221,156,3,38.621441
221,157,3,38.643108
221,158,3,38.665218
221,159,3,38.687788
221,160,3,38.710834
221,161,3,38.734374
221,162,3,38.758429
221,163,3,38.783019
221,164,3,38.808165
221,165,3,38.833891
221,166,3,38.860222
221,167,3,38.887184
221,168,3,38.914807
221,169,3,38.943119
221,170,3,38.972155
221,171,3,39.001949
221,172,3,39.032538
221,173,3,39.063963
221,174,3,39.096268
221,175,3,39.129499
221,176,3,39.163709
221,177,3,39.198952
221,178,3,39.235288
221,179,3,39.272782
221,180,3,39.311505
221,181,3,39.351536
221,182,3,39.392959
221,183,3,39.435868
221,184,3,39.480365
221,185,3,39.526563
221,186,3,39.574587
221,187,3,39.624576
221,188,3,39.676685
221,189,3,39.731084
221,190,3,39.787967
221,191,3,39.847549
221,192,3,39.910075
221,193,3,39.975818
221,194,3,40.045093
221,195,3,40.118257
221,196,3,40.195719
221,197,3,40.277951
221,198,3,40.365501
221,199,3,40.459005
221,200,3,40.559213
221,201,3,40.667007
221,202,3,40.783439
221,203,3,40.90977
221,204,3,41.047526
221,205,3,41.198575
221,206,3,41.365223
221,207,3,41.550352
221,208,3,41.75762
221,209,3,41.99173
221,210,3,42.258842
221,211,3,42.567178
221,212,3,42.92797
221,213,3,43.356968
221,214,3,43.876968
221,215,3,44.522237
221,216,3,45.346743
221,217,3,46.440628
221,218,3,47.966471
221,219,3,50.249837
221,220,3,54.050091
221,221,3,61.634806
221,222,3,84.124318
221,223,2,1522.6504
221,224,1,-1.0
221,225,4,-1.0
221,226,4,-1.0
221,227,4,-1.0
221,228,4,-1.0
221,229,4,-1.0
221,230,4,-1.0
221,231,4,-1.0
221,232,4,-1.0
221,233,4,-1.0
221,234,4,-1.0
221,235,4,-1.0
221,236,4,-1.0
221,237,4,-1.0
221,238,4,-1.0
221,239,4,-1.0
221,240,4,-1.0
221,241,4,-1.0
221,242,4,-1.0
221,243,4,-1.0
221,244,4,-1.0
221,245,4,-1.0
221,246,4,-1.0
221,247,4,-1.0
221,248,4,-1.0
221,249,4,-1.0
221,250,4,-1.0
222,0,3,34.283986
222,1,3,34.284022
222,2,3,34.284129
222,3,3,34.284308
222,4,3,34.284559
222,5,3,34.284882
222,6,3,34.285276
222,7,3,34.285742
222,8,3,34.286279
222,9,3,34.286889
222,10,3,34.28757
222,11,3,34.288324
222,12,3,34.289149
222,13,3,34.290047
222,14,3,34.291016
222,15,3,34.292058
222,16,3,34.293172
222,17,3,34.294359
222,18,3,34.295618
222,19,3,34.29695
222,20,3,34.298354
222,21,3,34.299832
222,22,3,34.301382
222,23,3,34.303006
222,24,3,34.304702
222,25,3,34.306473
222,26,3,34.308316
222,27,3,34.310234
222,28,3,34.312225
222,29,3,34.314291
222,30,3,34.316431
222,31,3,34.318645
222,32,3,34.320934
222,33,3,34.323298
222,34,3,34.325737
222,35,3,34.328251
222,36,3,34.330841
222,37,3,34.333506
222,38,3,34.336248
222,39,3,34.339066
222,40,3,34.34196
222,41,3,34.344931
222,42,3,34.34798
222,43,3,34.351105
222,44,3,34.354308
222,45,3,34.357589
222,46,3,34.360949
222,47,3,34.364387
222,48,3,34.367904
222,49,3,34.3715
222,50,3,34.375176
222,51,3,34.378932
222,52,3,34.382768
222,53,3,34.386685
222,54,3,34.390683
222,55,3,34.394762
222,56,3,34.398924
222,57,3,34.403168
222,58,3,34.407494
222,59,3,34.411904
222,60,3,34.416397
222,61,3,34.420975
222,62,3,34.425637
222,63,3,34.430384
222,64,3,34.435217
222,65,3,34.440137
222,66,3,34.445142
222,67,3,34.450236
222,68,3,34.455416
222,69,3,34.460686
222,70,3,34.466044
222,71,3,34.471492
222,72,3,34.47703
222,73,3,34.482658
222,74,3,34.488379
222,75,3,34.494191
222,76,3,34.500096
222,77,3,34.506095
222,78,3,34.512188
222,79,3,34.518376
222,80,3,34.52466
222,81,3,34.531041
222,82,3,34.537518
222,83,3,34.544094
222,84,3,34.550769
222,85,3,34.557544
222,86,3,34.56442
222,87,3,34.571397
222,88,3,34.578477
222,89,3,34.585661
222,90,3,34.592949
222,91,3,34.600342
222,92,3,34.607843
222,93,3,34.615451
222,94,3,34.623168
222,95,3,34.630994
222,96,3,34.638932
222,97,3,34.646982
222,98,3,34.655146
222,99,3,34.663424
222,100,3,34.671818
222,101,3,34.68033
222,102,3,34.688961
222,103,3,34.697711
222,104,3,34.706584
222,105,3,34.715579
222,106,3,34.724699
222,107,3,34.733945
222,108,3,34.743319
222,109,3,34.752823
222,110,3,34.762457
222,111,3,34.772225
222,112,3,34.782128
222,113,3,34.792167
222,114,3,34.802345
222,115,3,34.812664
222,116,3,34.823126
222,117,3,34.833732
222,118,3,34.844486
222,119,3,34.855389
222,120,3,34.866444
222,121,3,34.877653
222,122,3,34.889019
222,123,3,34.900544
222,124,3,34.912231
222,125,3,34.924083
222,126,3,34.936103
222,127,3,34.948293
222,128,3,34.960658
222,129,3,34.973199
222,130,3,34.985921
222,131,3,34.998827
222,132,3,35.01192
222,133,3,35.025204
222,134,3,35.038683
222,135,3,35.052362
222,136,3,35.066243
222,137,3,35.080332
222,138,3,35.094633
222,139,3,35.109151
222,140,3,35.12389
222,141,3,35.138856
222,142,3,35.154055
222,143,3,35.169491
222,144,3,35.18517
222,145,3,35.201099
222,146,3,35.217284
222,147,3,35.233731
222,148,3,35.250447
222,149,3,35.26744
222,150,3,35.284717
222,151,3,35.302286
222,152,3,35.320156
222,153,3,35.338335
222,154,3,35.356833
222,155,3,35.375658
222,156,3,35.394822
222,157,3,35.414336
222,158,3,35.434209
222,159,3,35.454455
222,160,3,35.475086
222,161,3,35.496115
222,162,3,35.517557
222,163,3,35.539426
222,164,3,35.561738
222,165,3,35.584511
222,166,3,35.607761
222,167,3,35.631508
222,168,3,35.655772
222,169,3,35.680576
222,170,3,35.705941
222,171,3,35.731892
222,172,3,35.758457
222,173,3,35.785662
222,174,3,35.813539
222,175,3,35.84212
222,176,3,35.87144
222,177,3,35.901538
222,178,3,35.932454
222,179,3,35.964232
222,180,3,35.996921
222,181,3,36.030573
222,182,3,36.065244
222,183,3,36.100997
222,184,3,36.1379
222,185,3,36.176028
222,186,3,36.215461
222,187,3,36.25629
222,188,3,36.298615
222,189,3,36.342545
222,190,3,36.388204
222,191,3,36.435727
222,192,3,36.485267
222,193,3,36.536997
222,194,3,36.591108
222,195,3,36.647819
222,196,3,36.707378
222,197,3,36.770068
222,198,3,36.836213
222,199,3,36.906187
222,200,3,36.980424
222,201,3,37.059429
222,202,3,37.143795
222,203,3,37.234223
222,204,3,37.331548
222,205,3,37.436773
222,206,3,37.551114
222,207,3,37.676058
222,208,3,37.813448
222,209,3,37.965595
222,210,3,38.135436
222,211,3,38.326763
222,212,3,38.544561
222,213,3,38.79552
222,214,3,39.08883
222,215,3,39.437471
222,216,3,39.860398
222,217,3,40.386412
222,218,3,41.061503
222,219,3,41.963875
222,220,3,43.237994
222,221,3,45.183163
222,222,3,48.534793
222,223,3,55.701098
222,224,3,81.583695
222,225,1,-1.0
222,226,4,-1.0
222,227,4,-1.0
222,228,4,-1.0
222,229,4,-1.0
222,230,4,-1.0
222,231,4,-1.0
222,232,4,-1.0
222,233,4,-1.0
222,234,4,-1.0
222,235,4,-1.0
222,236,4,-1.0
222,237,4,-1.0
222,238,4,-1.0
222,239,4,-1.0
222,240,4,-1.0
222,241,4,-1.0
222,242,4,-1.0
222,243,4,-1.0
222,244,4,-1.0
222,245,4,-1.0
222,246,4,-1.0
222,247,4,-1.0
222,248,4,-1.0
222,249,4,-1.0
222,250,4,-1.0
223,0,3,31.114641
223,1,3,31.114676
223,2,3,31.114782
223,3,3,31.114958
223,4,3,31.115204
223,5,3,31.115521
223,6,3,31.115908
223,7,3,31.116366
223,8,3,31.116894
223,9,3,31.117493
223,10,3,31.118162
223,11,3,31.118902
223,12,3,31.119712
223,13,3,31.120594
223,14,3,31.121546
223,15,3,31.122569
223,16,3,31.123663
223,17,3,31.124829
223,18,3,31.126065
223,19,3,31.127373
223,20,3,31.128752
223,21,3,31.130202
223,22,3,31.131724
223,23,3,31.133318
223,24,3,31.134983
223,25,3,31.136721
223,26,3,31.138531
223,27,3,31.140413
223,28,3,31.142367
223,29,3,31.144394
223,30,3,31.146494
223,31,3,31.148666
223,32,3,31.150912
223,33,3,31.153231
223,34,3,31.155623
223,35,3,31.158089
223,36,3,31.160629
223,37,3,31.163243
223,38,3,31.165932
223,39,3,31.168695
223,40,3,31.171532
223,41,3,31.174445
223,42,3,31.177432
223,43,3,31.180496
223,44,3,31.183635
223,45,3,31.18685
223,46,3,31.190141
223,47,3,31.193509
223,48,3,31.196954
223,49,3,31.200476
223,50,3,31.204075
223,51,3,31.207753
223,52,3,31.211508
223,53,3,31.215342
223,54,3,31.219255
223,55,3,31.223247
223,56,3,31.227318
223,57,3,31.231469
223,58,3,31.235701
223,59,3,31.240013
223,60,3,31.244407
223,61,3,31.248882
223,62,3,31.253439
223,63,3,31.258078
223,64,3,31.2628
223,65,3,31.267605
223,66,3,31.272495
223,67,3,31.277468
223,68,3,31.282526
223,69,3,31.287669
223,70,3,31.292898
223,71,3,31.298214
223,72,3,31.303616
223,73,3,31.309105
223,74,3,31.314683
223,75,3,31.320349
223,76,3,31.326104
223,77,3,31.331949
223,78,3,31.337884
223,79,3,31.34391
223,80,3,31.350028
223,81,3,31.356238
223,82,3,31.362542
223,83,3,31.368939
223,84,3,31.37543
223,85,3,31.382017
223,86,3,31.3887
223,87,3,31.39548
223,88,3,31.402357
223,89,3,31.409333
223,90,3,31.416408
223,91,3,31.423583
223,92,3,31.430859
223,93,3,31.438238
223,94,3,31.445719
223,95,3,31.453304
223,96,3,31.460994
223,97,3,31.468789
223,98,3,31.476692
223,99,3,31.484703
223,100,3,31.492822
223,101,3,31.501052
223,102,3,31.509394
223,103,3,31.517848
223,104,3,31.526415
223,105,3,31.535098
223,106,3,31.543897
223,107,3,31.552814
223,108,3,31.56185
223,109,3,31.571006
223,110,3,31.580285
223,111,3,31.589686
223,112,3,31.599213
223,113,3,31.608866
223,114,3,31.618647
223,115,3,31.628558
223,116,3,31.638601
223,117,3,31.648776
223,118,3,31.659087
223,119,3,31.669535
223,120,3,31.680122
223,121,3,31.69085
223,122,3,31.701721
223,123,3,31.712737
223,124,3,31.723901
223,125,3,31.735214
223,126,3,31.74668
223,127,3,31.758299
223,128,3,31.770076
223,129,3,31.782012
223,130,3,31.794111
223,131,3,31.806374
223,132,3,31.818806
223,133,3,31.831409
223,134,3,31.844185
223,135,3,31.857139
223,136,3,31.870273
223,137,3,31.883592
223,138,3,31.897098
223,139,3,31.910795
223,140,3,31.924688
223,141,3,31.93878
223,142,3,31.953075
223,143,3,31.967578
223,144,3,31.982293
223,145,3,31.997226
223,146,3,32.01238
223,147,3,32.027762
223,148,3,32.043376
223,149,3,32.059228
223,150,3,32.075324
223,151,3,32.09167
223,152,3,32.108272
223,153,3,32.125137
223,154,3,32.142273
223,155,3,32.159685
223,156,3,32.177383
223,157,3,32.195374
223,158,3,32.213667
223,159,3,32.232271
223,160,3,32.251194
223,161,3,32.270448
223,162,3,32.290042
223,163,3,32.309987
223,164,3,32.330296
223,165,3,32.35098
223,166,3,32.372052
223,167,3,32.393526
223,168,3,32.415418
223,169,3,32.437742
223,170,3,32.460514
223,171,3,32.483754
223,172,3,32.507478
223,173,3,32.531709
223,174,3,32.556465
223,175,3,32.581772
223,176,3,32.607652
223,177,3,32.634134
223,178,3,32.661244
223,179,3,32.689013
223,180,3,32.717475
223,181,3,32.746664
223,182,3,32.77662
223,183,3,32.807384
223,184,3,32.839001
223,185,3,32.871521
223,186,3,32.904998
223,187,3,32.93949
223,188,3,32.975064
223,189,3,33.01179
223,190,3,33.049746
223,191,3,33.08902
223,192,3,33.129708
223,193,3,33.171918
223,194,3,33.21577
223,195,3,33.261398
223,196,3,33.308954
223,197,3,33.358609
223,198,3,33.410557
223,199,3,33.465019
223,200,3,33.52225
223,201,3,33.582541
223,202,3,33.646231
223,203,3,33.713715
223,204,3,33.785456
223,205,3,33.862001
223,206,3,33.944004
223,207,3,34.032247
223,208,3,34.127682
223,209,3,34.231475
223,210,3,34.345072
223,211,3,34.470291
223,212,3,34.609445
223,213,3,34.765534
223,214,3,34.942518
223,215,3,35.145732
223,216,3,35.382554
223,217,3,35.66348
223,218,3,36.00398
223,219,3,36.427836
223,220,3,36.973599
223,221,3,37.708138
223,222,3,38.758383
223,223,3,40.397853
223,224,3,43.341807
223,225,3,50.223767
223,226,3,84.479986
223,227,1,-1.0
223,228,4,-1.0
223,229,4,-1.0
223,230,4,-1.0
223,231,4,-1.0
223,232,4,-1.0
223,233,4,-1.0
223,234,4,-1.0
223,235,4,-1.0
223,236,4,-1.0
223,237,4,-1.0
223,238,4,-1.0
223,239,4,-1.0
223,240,4,-1.0
223,241,4,-1.0
223,242,4,-1.0
223,243,4,-1.0
223,244,4,-1.0
223,245,4,-1.0
223,246,4,-1.0
223,247,4,-1.0
223,248,4,-1.0
223,249,4,-1.0
223,250,4,-1.0
224,0,3,27.927127
224,1,3,27.927162
224,2,3,27.927267
224,3,3,27.927441
224,4,3,27.927686
224,5,3,27.928
224,6,3,27.928384
224,7,3,27.928838
224,8,3,27.929362
224,9,3,27.929956
224,10,3,27.93062
224,11,3,27.931354
224,12,3,27.932158
224,13,3,27.933033
224,14,3,27.933977
224,15,3,27.934992
224,16,3,27.936077
224,17,3,27.937233
224,18,3,27.938459
224,19,3,27.939756
224,20,3,27.941124
224,21,3,27.942563
224,22,3,27.944072
224,23,3,27.945652
224,24,3,27.947304
224,25,3,27.949027
224,26,3,27.950822
224,27,3,27.952688
224,28,3,27.954625
224,29,3,27.956635
224,30,3,27.958716
224,31,3,27.96087
224,32,3,27.963096
224,33,3,27.965394
224,34,3,27.967765
224,35,3,27.970209
224,36,3,27.972726
224,37,3,27.975316
224,38,3,27.97798
224,39,3,27.980717
224,40,3,27.983528
224,41,3,27.986413
224,42,3,27.989373
224,43,3,27.992406
224,44,3,27.995515
224,45,3,27.998699
224,46,3,28.001958
224,47,3,28.005292
224,48,3,28.008702
224,49,3,28.012188
224,50,3,28.015751
224,51,3,28.01939
224,52,3,28.023106
224,53,3,28.0269
224,54,3,28.030771
224,55,3,28.034719
224,56,3,28.038746
224,57,3,28.042852
224,58,3,28.047036
224,59,3,28.0513
224,60,3,28.055643
224,61,3,28.060067
224,62,3,28.06457
224,63,3,28.069155
224,64,3,28.07382
224,65,3,28.078567
224,66,3,28.083397
224,67,3,28.088308
224,68,3,28.093303
224,69,3,28.09838
224,70,3,28.103542
224,71,3,28.108788
224,72,3,28.114119
224,73,3,28.119535
224,74,3,28.125036
224,75,3,28.130625
224,76,3,28.136299
224,77,3,28.142062
224,78,3,28.147912
224,79,3,28.153851
224,80,3,28.159879
224,81,3,28.165997
224,82,3,28.172205
224,83,3,28.178504
224,84,3,28.184894
224,85,3,28.191377
224,86,3,28.197953
224,87,3,28.204623
224,88,3,28.211387
224,89,3,28.218246
224,90,3,28.225201
224,91,3,28.232253
224,92,3,28.239402
224,93,3,28.24665
224,94,3,28.253996
224,95,3,28.261443
224,96,3,28.26899
224,97,3,28.276639
224,98,3,28.284391
224,99,3,28.292246
224,100,3,28.300205
224,101,3,28.30827
224,102,3,28.316442
224,103,3,28.324721
224,104,3,28.333109
224,105,3,28.341606
224,106,3,28.350215
224,107,3,28.358935
224,108,3,28.367769
224,109,3,28.376716
224,110,3,28.38578
224,111,3,28.39496
224,112,3,28.404259
224,113,3,28.413677
224,114,3,28.423216
224,115,3,28.432878
224,116,3,28.442663
224,117,3,28.452574
224,118,3,28.462612
224,119,3,28.472779
224,120,3,28.483075
224,121,3,28.493504
224,122,3,28.504066
224,123,3,28.514764
224,124,3,28.525599
224,125,3,28.536573
224,126,3,28.547689
224,127,3,28.558948
224,128,3,28.570352
224,129,3,28.581904
224,130,3,28.593606
224,131,3,28.605459
224,132,3,28.617468
224,133,3,28.629633
224,134,3,28.641958
224,135,3,28.654445
224,136,3,28.667097
224,137,3,28.679917
224,138,3,28.692907
224,139,3,28.706072
224,140,3,28.719413
224,141,3,28.732934
224,142,3,28.746639
224,143,3,28.760531
224,144,3,28.774614
224,145,3,28.788891
224,146,3,28.803367
224,147,3,28.818046
224,148,3,28.832931
224,149,3,28.848028
224,150,3,28.86334
224,151,3,28.878874
224,152,3,28.894633
224,153,3,28.910623
224,154,3,28.92685
224,155,3,28.943319
224,156,3,28.960036
224,157,3,28.977008
224,158,3,28.99424
224,159,3,29.011741
224,160,3,29.029517
224,161,3,29.047576
224,162,3,29.065925
224,163,3,29.084574
224,164,3,29.10353
224,165,3,29.122804
224,166,3,29.142404
224,167,3,29.162342
224,168,3,29.182627
224,169,3,29.203272
224,170,3,29.224289
224,171,3,29.245691
224,172,3,29.267491
224,173,3,29.289703
224,174,3,29.312344
224,175,3,29.33543
224,176,3,29.358978
224,177,3,29.383007
224,178,3,29.407538
224,179,3,29.43259
224,180,3,29.458189
224,181,3,29.484357
224,182,3,29.511122
224,183,3,29.538513
224,184,3,29.566561
224,185,3,29.595298
224,186,3,29.624762
224,187,3,29.654992
224,188,3,29.686031
224,189,3,29.717926
224,190,3,29.750729
224,191,3,29.784495
224,192,3,29.819287
224,193,3,29.855175
224,194,3,29.892232
224,195,3,29.930545
224,196,3,29.970207
224,197,3,30.011323
224,198,3,30.054012
224,199,3,30.098406
224,200,3,30.144657
224,201,3,30.192936
224,202,3,30.24344
224,203,3,30.296395
224,204,3,30.352063
224,205,3,30.410747
224,206,3,30.472806
224,207,3,30.53866
224,208,3,30.608812
224,209,3,30.683865
224,210,3,30.764551
224,211,3,30.851766
224,212,3,30.946626
224,213,3,31.05053
224,214,3,31.165267
224,215,3,31.293161
224,216,3,31.437289
224,217,3,31.601816
224,218,3,31.792533
224,219,3,32.017744
224,220,3,32.289799
224,221,3,32.62792
224,222,3,33.063777
224,223,3,33.653517
224,224,3,34.507048
224,225,3,35.872313
224,226,3,38.448641
224,227,3,45.241279
224,228,3,111.21628
224,229,4,-1.0
224,230,4,-1.0
224,231,4,-1.0
224,232,4,-1.0
224,233,4,-1.0
224,234,4,-1.0
224,235,4,-1.0
224,236,4,-1.0
224,237,4,-1.0
224,238,4,-1.0
224,239,4,-1.0
224,240,4,-1.0
224,241,4,-1.0
224,242,4,-1.0
224,243,4,-1.0
224,244,4,-1.0
224,245,4,-1.0
224,246,4,-1.0
224,247,4,-1.0
224,248,4,-1.0
224,249,4,-1.0
224,250,4,-1.0
225,0,3,24.715134
225,1,3,24.715169
225,2,3,24.715274
225,3,3,24.715449
225,4,3,24.715694
225,5,3,24.716008
225,6,3,24.716393
225,7,3,24.716847
225,8,3,24.717372
225,9,3,24.717966
225,10,3,24.718631
225,11,3,24.719366
225,12,3,24.720171
225,13,3,24.721046
225,14,3,24.721992
225,15,3,24.723008
225,16,3,24.724094
225,17,3,24.725251
225,18,3,24.726478
225,19,3,24.727776
225,20,3,24.729145
225,21,3,24.730585
225,22,3,24.732096
225,23,3,24.733677
225,24,3,24.73533
225,25,3,24.737055
225,26,3,24.73885
225,27,3,24.740717
225,28,3,24.742656
225,29,3,24.744667
225,30,3,24.746749
225,31,3,24.748904
225,32,3,24.751131
225,33,3,24.75343
225,34,3,24.755802
225,35,3,24.758246
225,36,3,24.760764
225,37,3,24.763355
225,38,3,24.766018
225,39,3,24.768756
225,40,3,24.771567
225,41,3,24.774452
225,42,3,24.777411
225,43,3,24.780444
225,44,3,24.783552
225,45,3,24.786734
225,46,3,24.789992
225,47,3,24.793325
225,48,3,24.796733
225,49,3,24.800217
225,50,3,24.803777
225,51,3,24.807414
225,52,3,24.811127
225,53,3,24.814916
225,54,3,24.818783
225,55,3,24.822728
225,56,3,24.82675
225,57,3,24.83085
225,58,3,24.835029
225,59,3,24.839286
225,60,3,24.843622
225,61,3,24.848038
225,62,3,24.852534
225,63,3,24.857109
225,64,3,24.861766
225,65,3,24.866503
225,66,3,24.871321
225,67,3,24.876221
225,68,3,24.881203
225,69,3,24.886268
225,70,3,24.891416
225,71,3,24.896647
225,72,3,24.901962
225,73,3,24.907361
225,74,3,24.912845
225,75,3,24.918414
225,76,3,24.924069
225,77,3,24.929811
225,78,3,24.935639
225,79,3,24.941554
225,80,3,24.947557
225,81,3,24.953649
225,82,3,24.95983
225,83,3,24.9661
225,84,3,24.97246
225,85,3,24.978912
225,86,3,24.985454
225,87,3,24.992089
225,88,3,24.998816
225,89,3,25.005637
225,90,3,25.012551
225,91,3,25.019561
225,92,3,25.026666
225,93,3,25.033867
225,94,3,25.041165
225,95,3,25.048561
225,96,3,25.056055
225,97,3,25.063648
225,98,3,25.071342
225,99,3,25.079137
225,100,3,25.087033
225,101,3,25.095032
225,102,3,25.103135
225,103,3,25.111343
225,104,3,25.119656
225,105,3,25.128075
225,106,3,25.136602
225,107,3,25.145238
225,108,3,25.153983
225,109,3,25.162839
225,110,3,25.171807
225,111,3,25.180888
225,112,3,25.190083
225,113,3,25.199393
225,114,3,25.20882
225,115,3,25.218365
225,116,3,25.228028
225,117,3,25.237813
225,118,3,25.247719
225,119,3,25.257748
225,120,3,25.267902
225,121,3,25.278183
225,122,3,25.288591
225,123,3,25.299128
225,124,3,25.309797
225,125,3,25.320598
225,126,3,25.331533
225,127,3,25.342605
225,128,3,25.353814
225,129,3,25.365164
225,130,3,25.376655
225,131,3,25.38829
225,132,3,25.40007
225,133,3,25.411999
225,134,3,25.424078
225,135,3,25.436309
225,136,3,25.448695
225,137,3,25.461238
225,138,3,25.473941
225,139,3,25.486806
225,140,3,25.499836
225,141,3,25.513034
225,142,3,25.526402
225,143,3,25.539944
225,144,3,25.553662
225,145,3,25.56756
225,146,3,25.581641
225,147,3,25.595908
225,148,3,25.610365
225,149,3,25.625016
225,150,3,25.639864
225,151,3,25.654914
225,152,3,25.670169
225,153,3,25.685634
225,154,3,25.701313
225,155,3,25.717211
225,156,3,25.733333
225,157,3,25.749684
225,158,3,25.766269
225,159,3,25.783093
225,160,3,25.800163
225,161,3,25.817484
225,162,3,25.835062
225,163,3,25.852905
225,164,3,25.871019
225,165,3,25.889412
225,166,3,25.90809
225,167,3,25.927063
225,168,3,25.946337
225,169,3,25.965923
225,170,3,25.98583
225,171,3,26.006067
225,172,3,26.026644
225,173,3,26.047573
225,174,3,26.068866
225,175,3,26.090534
225,176,3,26.112591
225,177,3,26.13505
225,178,3,26.157927
225,179,3,26.181236
225,180,3,26.204995
225,181,3,26.229221
225,182,3,26.253934
225,183,3,26.279154
225,184,3,26.304902
225,185,3,26.331203
225,186,3,26.358081
225,187,3,26.385565
225,188,3,26.413683
225,189,3,26.442469
225,190,3,26.471956
225,191,3,26.502182
225,192,3,26.533189
225,193,3,26.565023
225,194,3,26.597732
225,195,3,26.631371
225,196,3,26.666001
225,197,3,26.701688
225,198,3,26.738506
225,199,3,26.776539
225,200,3,26.815878
225,201,3,26.856627
225,202,3,26.898904
225,203,3,26.942843
225,204,3,26.988594
225,205,3,27.036333
225,206,3,27.08626
225,207,3,27.138609
225,208,3,27.193652
225,209,3,27.251713
225,210,3,27.313172
225,211,3,27.378489
225,212,3,27.448218
225,213,3,27.52304
225,214,3,27.603799
225,215,3,27.691555
225,216,3,27.787663
225,217,3,27.893886
225,218,3,28.012563
225,219,3,28.14687
225,220,3,28.301246
225,221,3,28.482094
225,222,3,28.699028
225,223,3,28.967197
225,224,3,29.311983
225,225,3,29.779474
225,226,3,30.463067
225,227,3,31.585069
225,228,3,33.834019
225,229,3,40.879473
225,230,1,-1.0
225,231,4,-1.0
225,232,4,-1.0
225,233,4,-1.0
225,234,4,-1.0
225,235,4,-1.0
225,236,4,-1.0
225,237,4,-1.0
225,238,4,-1.0
225,239,4,-1.0
225,240,4,-1.0
225,241,4,-1.0
225,242,4,-1.0
225,243,4,-1.0
225,244,4,-1.0
225,245,4,-1.0
225,246,4,-1.0
225,247,4,-1.0
225,248,4,-1.0
225,249,4,-1.0
225,250,4,-1.0
226,0,3,21.470259
226,1,3,21.470294
226,2,3,21.4704
226,3,3,21.470577
226,4,3,21.470824
226,5,3,21.471141
226,6,3,21.471529
226,7,3,21.471988
226,8,3,21.472518
226,9,3,21.473118
226,10,3,21.473789
226,11,3,21.474531
226,12,3,21.475344
226,13,3,21.476227
226,14,3,21.477182
226,15,3,21.478207
226,16,3,21.479304
226,17,3,21.480472
226,18,3,21.481711
226,19,3,21.483021
226,20,3,21.484403
226,21,3,21.485856
226,22,3,21.487381
226,23,3,21.488977
226,24,3,21.490645
226,25,3,21.492385
226,26,3,21.494198
226,27,3,21.496082
226,28,3,21.498038
226,29,3,21.500067
226,30,3,21.502169
226,31,3,21.504343
226,32,3,21.50659
226,33,3,21.50891
226,34,3,21.511303
226,35,3,21.51377
226,36,3,21.51631
226,37,3,21.518923
226,38,3,21.52161
226,39,3,21.524372
226,40,3,21.527207
226,41,3,21.530117
226,42,3,21.533102
226,43,3,21.536161
226,44,3,21.539295
226,45,3,21.542505
226,46,3,21.54579
226,47,3,21.549151
226,48,3,21.552587
226,49,3,21.5561
226,50,3,21.559689
226,51,3,21.563355
226,52,3,21.567098
226,53,3,21.570919
226,54,3,21.574816
226,55,3,21.578792
226,56,3,21.582845
226,57,3,21.586977
226,58,3,21.591188
226,59,3,21.595478
226,60,3,21.599847
226,61,3,21.604296
226,62,3,21.608824
226,63,3,21.613434
226,64,3,21.618123
226,65,3,21.622894
226,66,3,21.627747
226,67,3,21.632681
226,68,3,21.637698
226,69,3,21.642797
226,70,3,21.647979
226,71,3,21.653245
226,72,3,21.658594
226,73,3,21.664028
226,74,3,21.669547
226,75,3,21.675151
226,76,3,21.68084
226,77,3,21.686616
226,78,3,21.692478
226,79,3,21.698428
226,80,3,21.704465
226,81,3,21.710591
226,82,3,21.716805
226,83,3,21.723109
226,84,3,21.729502
226,85,3,21.735986
226,86,3,21.742561
226,87,3,21.749227
226,88,3,21.755986
226,89,3,21.762837
226,90,3,21.769783
226,91,3,21.776822
226,92,3,21.783956
226,93,3,21.791185
226,94,3,21.798511
226,95,3,21.805934
226,96,3,21.813454
226,97,3,21.821073
226,98,3,21.828791
226,99,3,21.836609
226,100,3,21.844527
226,101,3,21.852548
226,102,3,21.860671
226,103,3,21.868897
226,104,3,21.877227
226,105,3,21.885663
226,106,3,21.894204
226,107,3,21.902853
226,108,3,21.911609
226,109,3,21.920475
226,110,3,21.92945
226,111,3,21.938537
226,112,3,21.947736
226,113,3,21.957048
226,114,3,21.966474
226,115,3,21.976016
226,116,3,21.985675
226,117,3,21.995451
226,118,3,22.005347
226,119,3,22.015363
226,120,3,22.025501
226,121,3,22.035763
226,122,3,22.046149
226,123,3,22.056661
226,124,3,22.0673
226,125,3,22.078068
226,126,3,22.088967
226,127,3,22.099998
226,128,3,22.111163
226,129,3,22.122464
226,130,3,22.133901
226,131,3,22.145478
226,132,3,22.157195
226,133,3,22.169055
226,134,3,22.18106
226,135,3,22.193212
226,136,3,22.205512
226,137,3,22.217963
226,138,3,22.230568
226,139,3,22.243328
226,140,3,22.256245
226,141,3,22.269323
226,142,3,22.282564
226,143,3,22.29597
226,144,3,22.309543
226,145,3,22.323288
226,146,3,22.337206
226,147,3,22.3513
226,148,3,22.365574
226,149,3,22.380031
226,150,3,22.394674
226,151,3,22.409507
226,152,3,22.424532
226,153,3,22.439754
226,154,3,22.455176
226,155,3,22.470803
226,156,3,22.486639
226,157,3,22.502687
226,158,3,22.518952
226,159,3,22.535439
226,160,3,22.552153
226,161,3,22.569098
226,162,3,22.58628
226,163,3,22.603705
226,164,3,22.621377
226,165,3,22.639304
226,166,3,22.657491
226,167,3,22.675944
226,168,3,22.694671
226,169,3,22.713678
226,170,3,22.732974
226,171,3,22.752566
226,172,3,22.772462
226,173,3,22.792671
226,174,3,22.813203
226,175,3,22.834066
226,176,3,22.855271
226,177,3,22.876829
226,178,3,22.898752
226,179,3,22.92105
226,180,3,22.943738
226,181,3,22.966828
226,182,3,22.990336
226,183,3,23.014275
226,184,3,23.038664
226,185,3,23.063519
226,186,3,23.088858
226,187,3,23.114703
226,188,3,23.141074
226,189,3,23.167994
226,190,3,23.195489
226,191,3,23.223584
226,192,3,23.25231
226,193,3,23.281697
226,194,3,23.31178
226,195,3,23.342596
226,196,3,23.374186
226,197,3,23.406593
226,198,3,23.439868
226,199,3,23.474063
226,200,3,23.50924
226,201,3,23.545463
226,202,3,23.582806
226,203,3,23.621353
226,204,3,23.661196
226,205,3,23.702439
226,206,3,23.745202
226,207,3,23.78962
226,208,3,23.83585
226,209,3,23.884072
226,210,3,23.934494
226,211,3,23.987365
226,212,3,24.042973
226,213,3,24.101668
226,214,3,24.163869
226,215,3,24.230088
226,216,3,24.300958
226,217,3,24.377273
226,218,3,24.460045
226,219,3,24.550588
226,220,3,24.650647
226,221,3,24.762591
226,222,3,24.889743
226,223,3,25.036914
226,224,3,25.211384
226,225,3,25.424752
226,226,3,25.696782
226,227,3,26.064265
226,228,3,26.604677
226,229,3,27.514415
226,230,3,29.478351
226,231,3,37.566504
226,232,4,-1.0
226,233,4,-1.0
226,234,4,-1.0
226,235,4,-1.0
226,236,4,-1.0
226,237,4,-1.0
226,238,4,-1.0
226,239,4,-1.0
226,240,4,-1.0
226,241,4,-1.0
226,242,4,-1.0
226,243,4,-1.0
226,244,4,-1.0
226,245,4,-1.0
226,246,4,-1.0
226,247,4,-1.0
226,248,4,-1.0
226,249,4,-1.0
226,250,4,-1.0
227,0,3,18.179761
227,1,3,18.179797
227,2,3,18.179904
227,3,3,18.180084
227,4,3,18.180336
227,5,3,18.180659
227,6,3,18.181055
227,7,3,18.181522
227,8,3,18.182061
227,9,3,18.182673
227,10,3,18.183356
227,11,3,18.184112
227,12,3,18.184939
227,13,3,18.185839
227,14,3,18.186811
227,15,3,18.187856
227,16,3,18.188972
227,17,3,18.190162
227,18,3,18.191423
227,19,3,18.192758
227,20,3,18.194165
227,21,3,18.195645
227,22,3,18.197197
227,23,3,18.198823
227,24,3,18.200522
227,25,3,18.202294
227,26,3,18.204139
227,27,3,18.206058
227,28,3,18.20805
227,29,3,18.210116
227,30,3,18.212256
227,31,3,18.214469
227,32,3,18.216757
227,33,3,18.219119
227,34,3,18.221555
227,35,3,18.224066
227,36,3,18.226651
227,37,3,18.229312
227,38,3,18.232047
227,39,3,18.234858
227,40,3,18.237744
227,41,3,18.240706
227,42,3,18.243744
227,43,3,18.246857
227,44,3,18.250047
227,45,3,18.253313
227,46,3,18.256656
227,47,3,18.260076
227,48,3,18.263573
227,49,3,18.267148
227,50,3,18.2708
227,51,3,18.274529
227,52,3,18.278337
227,53,3,18.282224
227,54,3,18.286189
227,55,3,18.290233
227,56,3,18.294356
227,57,3,18.298559
227,58,3,18.302841
227,59,3,18.307204
227,60,3,18.311647
227,61,3,18.316171
227,62,3,18.320776
227,63,3,18.325462
227,64,3,18.330231
227,65,3,18.335081
227,66,3,18.340014
227,67,3,18.34503
227,68,3,18.350129
227,69,3,18.355312
227,70,3,18.360578
227,71,3,18.36593
227,72,3,18.371366
227,73,3,18.376887
227,74,3,18.382494
227,75,3,18.388187
227,76,3,18.393967
227,77,3,18.399834
227,78,3,18.405788
227,79,3,18.411831
227,80,3,18.417962
227,81,3,18.424182
227,82,3,18.430492
227,83,3,18.436892
227,84,3,18.443382
227,85,3,18.449963
227,86,3,18.456637
227,87,3,18.463402
227,88,3,18.470261
227,89,3,18.477213
227,90,3,18.484259
227,91,3,18.4914
227,92,3,18.498637
227,93,3,18.505969
227,94,3,18.513398
227,95,3,18.520925
227,96,3,18.52855
227,97,3,18.536273
227,98,3,18.544096
227,99,3,18.55202
227,100,3,18.560045
227,101,3,18.568171
227,102,3,18.576401
227,103,3,18.584734
227,104,3,18.593171
227,105,3,18.601713
227,106,3,18.610362
227,107,3,18.619118
227,108,3,18.627982
227,109,3,18.636954
227,110,3,18.646037
227,111,3,18.65523
227,112,3,18.664536
227,113,3,18.673954
227,114,3,18.683487
227,115,3,18.693134
227,116,3,18.702898
227,117,3,18.712779
227,118,3,18.722779
227,119,3,18.732899
227,120,3,18.74314
227,121,3,18.753503
227,122,3,18.763989
227,123,3,18.774601
227,124,3,18.785339
227,125,3,18.796205
227,126,3,18.8072
227,127,3,18.818326
227,128,3,18.829584
227,129,3,18.840976
227,130,3,18.852504
227,131,3,18.864168
227,132,3,18.875971
227,133,3,18.887915
227,134,3,18.900002
227,135,3,18.912232
227,136,3,18.924609
227,137,3,18.937134
227,138,3,18.949809
227,139,3,18.962636
227,140,3,18.975618
227,141,3,18.988756
227,142,3,19.002053
227,143,3,19.015512
227,144,3,19.029134
227,145,3,19.042923
227,146,3,19.05688
227,147,3,19.071009
227,148,3,19.085312
227,149,3,19.099792
227,150,3,19.114452
227,151,3,19.129295
227,152,3,19.144325
227,153,3,19.159544
227,154,3,19.174956
227,155,3,19.190565
227,156,3,19.206374
227,157,3,19.222387
227,158,3,19.238607
227,159,3,19.25504
227,160,3,19.271689
227,161,3,19.288558
227,162,3,19.305652
227,163,3,19.322976
227,164,3,19.340535
227,165,3,19.358334
227,166,3,19.376378
227,167,3,19.394674
227,168,3,19.413226
227,169,3,19.432041
227,170,3,19.451125
227,171,3,19.470485
227,172,3,19.490128
227,173,3,19.510062
227,174,3,19.530294
227,175,3,19.550831
227,176,3,19.571683
227,177,3,19.592859
227,178,3,19.614368
227,179,3,19.636219
227,180,3,19.658424
227,181,3,19.680992
227,182,3,19.703937
227,183,3,19.727269
227,184,3,19.751003
227,185,3,19.775152
227,186,3,19.79973
227,187,3,19.824754
227,188,3,19.85024
227,189,3,19.876205
227,190,3,19.90267
227,191,3,19.929653
227,192,3,19.957178
227,193,3,19.985268
227,194,3,20.013947
227,195,3,20.043244
227,196,3,20.073187
227,197,3,20.103809
227,198,3,20.135145
227,199,3,20.167233
227,200,3,20.200113
227,201,3,20.233833
227,202,3,20.268441
227,203,3,20.303993
227,204,3,20.340551
227,205,3,20.378182
227,206,3,20.416963
227,207,3,20.456979
227,208,3,20.498326
227,209,3,20.541114
227,210,3,20.585468
227,211,3,20.631531
227,212,3,20.679467
227,213,3,20.729471
227,214,3,20.781769
227,215,3,20.836628
227,216,3,20.894372
227,217,3,20.95539
227,218,3,21.020162
227,219,3,21.089284
227,220,3,21.163513
227,221,3,21.243826
227,222,3,21.331513
227,223,3,21.428323
227,224,3,21.536699
227,225,3,21.660184
227,226,3,21.804153
227,227,3,21.977239
227,228,3,22.194356
227,229,3,22.48394
227,230,3,22.908369
227,231,3,23.637806
227,232,3,25.365086
227,233,3,37.518531
227,234,4,-1.0
227,235,4,-1.0
227,236,4,-1.0
227,237,4,-1.0
227,238,4,-1.0
227,239,4,-1.0
227,240,4,-1.0
227,241,4,-1.0
227,242,4,-1.0
227,243,4,-1.0
227,244,4,-1.0
227,245,4,-1.0
227,246,4,-1.0
227,247,4,-1.0
227,248,4,-1.0
227,249,4,-1.0
227,250,4,-1.0
228,0,3,14.820444
228,1,3,14.820481
228,2,3,14.820592
228,3,3,14.820777
228,4,3,14.821037
228,5,3,14.82137
228,6,3,14.821778
228,7,3,14.82226
228,8,3,14.822816
228,9,3,14.823446
228,10,3,14.824151
228,11,3,14.82493
228,12,3,14.825783
228,13,3,14.826711
228,14,3,14.827713
228,15,3,14.82879
228,16,3,14.829941
228,17,3,14.831167
228,18,3,14.832468
228,19,3,14.833843
228,20,3,14.835294
228,21,3,14.836819
228,22,3,14.83842
228,23,3,14.840096
228,24,3,14.841847
228,25,3,14.843674
228,26,3,14.845576
228,27,3,14.847553
228,28,3,14.849607
228,29,3,14.851736
228,30,3,14.853941
228,31,3,14.856223
228,32,3,14.858581
228,33,3,14.861015
228,34,3,14.863526
228,35,3,14.866113
228,36,3,14.868778
228,37,3,14.871519
228,38,3,14.874338
228,39,3,14.877235
228,40,3,14.880209
228,41,3,14.88326
228,42,3,14.88639
228,43,3,14.889598
228,44,3,14.892884
228,45,3,14.89625
228,46,3,14.899693
228,47,3,14.903216
228,48,3,14.906819
228,49,3,14.910501
228,50,3,14.914262
228,51,3,14.918104
228,52,3,14.922026
228,53,3,14.926029
228,54,3,14.930112
228,55,3,14.934277
228,56,3,14.938523
228,57,3,14.94285
228,58,3,14.94726
228,59,3,14.951752
228,60,3,14.956327
228,61,3,14.960984
228,62,3,14.965725
228,63,3,14.970549
228,64,3,14.975458
228,65,3,14.98045
228,66,3,14.985527
228,67,3,14.990689
228,68,3,14.995937
228,69,3,15.00127
228,70,3,15.00669
228,71,3,15.012196
228,72,3,15.017789
228,73,3,15.023469
228,74,3,15.029238
228,75,3,15.035094
228,76,3,15.041039
228,77,3,15.047074
228,78,3,15.053198
228,79,3,15.059412
228,80,3,15.065716
228,81,3,15.072112
228,82,3,15.078599
228,83,3,15.085179
228,84,3,15.091851
228,85,3,15.098616
228,86,3,15.105475
228,87,3,15.112428
228,88,3,15.119476
228,89,3,15.12662
228,90,3,15.13386
228,91,3,15.141196
228,92,3,15.14863
228,93,3,15.156162
228,94,3,15.163792
228,95,3,15.171522
228,96,3,15.179352
228,97,3,15.187282
228,98,3,15.195314
228,99,3,15.203449
228,100,3,15.211686
228,101,3,15.220026
228,102,3,15.228472
228,103,3,15.237022
228,104,3,15.245679
228,105,3,15.254442
228,106,3,15.263314
228,107,3,15.272294
228,108,3,15.281384
228,109,3,15.290584
228,110,3,15.299896
228,111,3,15.309321
228,112,3,15.318858
228,113,3,15.328511
228,114,3,15.338278
228,115,3,15.348163
228,116,3,15.358165
228,117,3,15.368286
228,118,3,15.378526
228,119,3,15.388888
228,120,3,15.399373
228,121,3,15.40998
228,122,3,15.420713
228,123,3,15.431571
228,124,3,15.442557
228,125,3,15.453672
228,126,3,15.464917
228,127,3,15.476294
228,128,3,15.487804
228,129,3,15.499448
228,130,3,15.511229
228,131,3,15.523147
228,132,3,15.535204
228,133,3,15.547403
228,134,3,15.559745
228,135,3,15.572231
228,136,3,15.584863
228,137,3,15.597644
228,138,3,15.610575
228,139,3,15.623658
228,140,3,15.636896
228,141,3,15.650289
228,142,3,15.663842
228,143,3,15.677555
228,144,3,15.691431
228,145,3,15.705472
228,146,3,15.719681
228,147,3,15.734061
228,148,3,15.748614
228,149,3,15.763342
228,150,3,15.778249
228,151,3,15.793337
228,152,3,15.808609
228,153,3,15.824069
228,154,3,15.839719
228,155,3,15.855563
228,156,3,15.871604
228,157,3,15.887846
228,158,3,15.904292
228,159,3,15.920946
228,160,3,15.937812
228,161,3,15.954893
228,162,3,15.972195
228,163,3,15.989722
228,164,3,16.007477
228,165,3,16.025467
228,166,3,16.043694
228,167,3,16.062166
228,168,3,16.080886
228,169,3,16.099861
228,170,3,16.119096
228,171,3,16.138598
228,172,3,16.158372
228,173,3,16.178425
228,174,3,16.198764
228,175,3,16.219396
228,176,3,16.240328
228,177,3,16.261569
228,178,3,16.283126
228,179,3,16.305009
228,180,3,16.327226
228,181,3,16.349786
228,182,3,16.372701
228,183,3,16.39598
228,184,3,16.419634
228,185,3,16.443676
228,186,3,16.468118
228,187,3,16.492973
228,188,3,16.518255
228,189,3,16.543978
228,190,3,16.570159
228,191,3,16.596814
228,192,3,16.623962
228,193,3,16.651621
228,194,3,16.679811
228,195,3,16.708555
228,196,3,16.737876
228,197,3,16.767799
228,198,3,16.798352
228,199,3,16.829563
228,200,3,16.861464
228,201,3,16.894091
228,202,3,16.92748
228,203,3,16.961672
228,204,3,16.996713
228,205,3,17.032651
228,206,3,17.069541
228,207,3,17.107442
228,208,3,17.146422
228,209,3,17.186553
228,210,3,17.22792
228,211,3,17.270616
228,212,3,17.314747
228,213,3,17.360434
228,214,3,17.407814
228,215,3,17.457049
228,216,3,17.508323
228,217,3,17.561855
228,218,3,17.617905
228,219,3,17.676784
228,220,3,17.73887
228,221,3,17.804629
228,222,3,17.874645
228,223,3,17.949664
228,224,3,18.030662
228,225,3,18.118947
228,226,3,18.216331
228,227,3,18.325421
228,228,3,18.450152
228,229,3,18.596842
228,230,3,18.776472
228,231,3,19.010352
228,232,3,19.347072
228,233,3,19.930608
228,234,3,21.485175
228,235,3,353.54692
228,236,4,-1.0
228,237,4,-1.0
228,238,4,-1.0
228,239,4,-1.0
228,240,4,-1.0
228,241,4,-1.0
228,242,4,-1.0
228,243,4,-1.0
228,244,4,-1.0
228,245,4,-1.0
228,246,4,-1.0
228,247,4,-1.0
228,248,4,-1.0
228,249,4,-1.0
228,250,4,-1.0
229,0,3,11.338166
229,1,3,11.338205
229,2,3,11.338323
229,3,3,11.338519
229,4,3,11.338793
229,5,3,11.339146
229,6,3,11.339577
229,7,3,11.340087
229,8,3,11.340675
229,9,3,11.341342
229,10,3,11.342087
229,11,3,11.342911
229,12,3,11.343813
229,13,3,11.344794
229,14,3,11.345854
229,15,3,11.346993
229,16,3,11.348211
229,17,3,11.349507
229,18,3,11.350883
229,19,3,11.352338
229,20,3,11.353872
229,21,3,11.355485
229,22,3,11.357177
229,23,3,11.358949
229,24,3,11.360801
229,25,3,11.362732
229,26,3,11.364743
229,27,3,11.366834
229,28,3,11.369005
229,29,3,11.371256
229,30,3,11.373588
229,31,3,11.375999
229,32,3,11.378492
229,33,3,11.381065
229,34,3,11.383719
229,35,3,11.386454
229,36,3,11.38927
229,37,3,11.392168
229,38,3,11.395147
229,39,3,11.398208
229,40,3,11.40135
229,41,3,11.404575
229,42,3,11.407882
229,43,3,11.411272
229,44,3,11.414744
229,45,3,11.418299
229,46,3,11.421937
229,47,3,11.425659
229,48,3,11.429464
229,49,3,11.433353
229,50,3,11.437326
229,51,3,11.441383
229,52,3,11.445525
229,53,3,11.449752
229,54,3,11.454064
229,55,3,11.458461
229,56,3,11.462944
229,57,3,11.467513
229,58,3,11.472168
229,59,3,11.476909
229,60,3,11.481738
229,61,3,11.486653
229,62,3,11.491656
229,63,3,11.496747
229,64,3,11.501926
229,65,3,11.507194
229,66,3,11.512551
229,67,3,11.517996
229,68,3,11.523532
229,69,3,11.529157
229,70,3,11.534873
229,71,3,11.540679
229,72,3,11.546577
229,73,3,11.552566
229,74,3,11.558647
229,75,3,11.564821
229,76,3,11.571088
229,77,3,11.577448
229,78,3,11.583902
229,79,3,11.59045
229,80,3,11.597093
229,81,3,11.603831
229,82,3,11.610665
229,83,3,11.617596
229,84,3,11.624623
229,85,3,11.631748
229,86,3,11.63897
229,87,3,11.646291
229,88,3,11.653711
229,89,3,11.661231
229,90,3,11.668851
229,91,3,11.676572
229,92,3,11.684394
229,93,3,11.692319
229,94,3,11.700346
229,95,3,11.708477
229,96,3,11.716712
229,97,3,11.725052
229,98,3,11.733497
229,99,3,11.742049
229,100,3,11.750708
229,101,3,11.759474
229,102,3,11.768349
229,103,3,11.777334
229,104,3,11.786429
229,105,3,11.795634
229,106,3,11.804952
229,107,3,11.814383
229,108,3,11.823927
229,109,3,11.833585
229,110,3,11.84336
229,111,3,11.853251
229,112,3,11.863259
229,113,3,11.873386
229,114,3,11.883632
229,115,3,11.893999
229,116,3,11.904487
229,117,3,11.915098
229,118,3,11.925833
229,119,3,11.936693
229,120,3,11.947679
229,121,3,11.958793
229,122,3,11.970035
229,123,3,11.981408
229,124,3,11.992911
229,125,3,12.004547
229,126,3,12.016317
229,127,3,12.028223
229,128,3,12.040265
229,129,3,12.052445
229,130,3,12.064766
229,131,3,12.077227
229,132,3,12.089832
229,133,3,12.102581
229,134,3,12.115477
229,135,3,12.128521
229,136,3,12.141715
229,137,3,12.15506
229,138,3,12.168559
229,139,3,12.182213
229,140,3,12.196025
229,141,3,12.209996
229,142,3,12.22413
229,143,3,12.238427
229,144,3,12.25289
229,145,3,12.267521
229,146,3,12.282323
229,147,3,12.297299
229,148,3,12.31245
229,149,3,12.327779
229,150,3,12.34329
229,151,3,12.358984
229,152,3,12.374865
229,153,3,12.390936
229,154,3,12.407199
229,155,3,12.423658
229,156,3,12.440316
229,157,3,12.457176
229,158,3,12.474242
229,159,3,12.491518
229,160,3,12.509007
229,161,3,12.526713
229,162,3,12.54464
229,163,3,12.562792
229,164,3,12.581174
229,165,3,12.599789
229,166,3,12.618644
229,167,3,12.637741
229,168,3,12.657088
229,169,3,12.676687
229,170,3,12.696546
229,171,3,12.71667
229,172,3,12.737064
229,173,3,12.757735
229,174,3,12.778688
229,175,3,12.799932
229,176,3,12.821472
229,177,3,12.843316
229,178,3,12.865472
229,179,3,12.887948
229,180,3,12.910751
229,181,3,12.933891
229,182,3,12.957376
229,183,3,12.981218
229,184,3,13.005425
229,185,3,13.030008
229,186,3,13.054979
229,187,3,13.080349
229,188,3,13.106131
229,189,3,13.132339
229,190,3,13.158985
229,191,3,13.186086
229,192,3,13.213657
229,193,3,13.241714
229,194,3,13.270275
229,195,3,13.29936
229,196,3,13.328988
229,197,3,13.359182
229,198,3,13.389964
229,199,3,13.421359
229,200,3,13.453394
229,201,3,13.486098
229,202,3,13.519501
229,203,3,13.553638
229,204,3,13.588545
229,205,3,13.624261
229,206,3,13.66083
229,207,3,13.698299
229,208,3,13.736719
229,209,3,13.776148
229,210,3,13.816649
229,211,3,13.858292
229,212,3,13.901155
229,213,3,13.945324
229,214,3,13.990899
229,215,3,14.03799
229,216,3,14.086723
229,217,3,14.137243
229,218,3,14.189718
229,219,3,14.244341
229,220,3,14.301341
229,221,3,14.360989
229,222,3,14.423611
229,223,3,14.489602
229,224,3,14.559454
229,225,3,14.633783
229,226,3,14.713384
229,227,3,14.799303
229,228,3,14.892967
229,229,3,14.996394
229,230,3,15.11258
229,231,3,15.246261
229,232,3,15.405598
229,233,3,15.606443
229,234,3,15.885838
229,235,3,16.363087
229,236,3,17.855956
229,237,4,-1.0
229,238,4,-1.0
229,239,4,-1.0
229,240,4,-1.0
229,241,4,-1.0
229,242,4,-1.0
229,243,4,-1.0
229,244,4,-1.0
229,245,4,-1.0
229,246,4,-1.0
229,247,4,-1.0
229,248,4,-1.0
229,249,4,-1.0
229,250,4,-1.0
230,0,3,7.5648729
230,1,3,7.5649175
230,2,3,7.5650515
230,3,3,7.5652747
230,4,3,7.5655872
230,5,3,7.5659891
230,6,3,7.5664803
230,7,3,7.5670609
230,8,3,7.5677308
230,9,3,7.5684902
230,10,3,7.5693391
230,11,3,7.5702774
230,12,3,7.5713053
230,13,3,7.5724228
230,14,3,7.57363
230,15,3,7.5749268
230,16,3,7.5763135
230,17,3,7.57779
230,18,3,7.5793563
230,19,3,7.5810127
230,20,3,7.5827592
230,21,3,7.5845958
230,22,3,7.5865227
230,23,3,7.5885399
230,24,3,7.5906475
230,25,3,7.5928457
230,26,3,7.5951346
230,27,3,7.5975142
230,28,3,7.5999847
230,29,3,7.6025462
230,30,3,7.6051988
230,31,3,7.6079427
230,32,3,7.6107781
230,33,3,7.6137049
230,34,3,7.6167235
230,35,3,7.6198339
230,36,3,7.6230364
230,37,3,7.626331
230,38,3,7.629718
230,39,3,7.6331974
230,40,3,7.6367696
230,41,3,7.6404346
230,42,3,7.6441928
230,43,3,7.6480441
230,44,3,7.651989
230,45,3,7.6560275
230,46,3,7.6601599
230,47,3,7.6643864
230,48,3,7.6687073
230,49,3,7.6731227
230,50,3,7.6776329
230,51,3,7.6822381
230,52,3,7.6869387
230,53,3,7.6917348
230,54,3,7.6966267
230,55,3,7.7016146
230,56,3,7.706699
230,57,3,7.7118799
230,58,3,7.7171578
230,59,3,7.7225329
230,60,3,7.7280055
230,61,3,7.733576
230,62,3,7.7392446
230,63,3,7.7450117
230,64,3,7.7508776
230,65,3,7.7568426
230,66,3,7.7629071
230,67,3,7.7690715
230,68,3,7.7753361
230,69,3,7.7817013
230,70,3,7.7881675
230,71,3,7.794735
230,72,3,7.8014043
230,73,3,7.8081757
230,74,3,7.8150497
230,75,3,7.8220268
230,76,3,7.8291073
230,77,3,7.8362916
230,78,3,7.8435803
230,79,3,7.8509739
230,80,3,7.8584727
230,81,3,7.8660773
230,82,3,7.8737881
230,83,3,7.8816057
230,84,3,7.8895306
230,85,3,7.8975633
230,86,3,7.9057044
230,87,3,7.9139544
230,88,3,7.9223139
230,89,3,7.9307835
230,90,3,7.9393637
230,91,3,7.9480552
230,92,3,7.9568585
230,93,3,7.9657743
230,94,3,7.9748033
230,95,3,7.9839461
230,96,3,7.9932034
230,97,3,8.0025759
230,98,3,8.0120642
230,99,3,8.0216692
230,100,3,8.0313914
230,101,3,8.0412318
230,102,3,8.051191
230,103,3,8.0612699
230,104,3,8.0714693
230,105,3,8.0817899
230,106,3,8.0922326
230,107,3,8.1027984
230,108,3,8.113488
230,109,3,8.1243024
230,110,3,8.1352424
230,111,3,8.1463092
230,112,3,8.1575035
230,113,3,8.1688265
230,114,3,8.180279
230,115,3,8.1918623
230,116,3,8.2035772
230,117,3,8.215425
230,118,3,8.2274067
230,119,3,8.2395235
230,120,3,8.2517766
230,121,3,8.2641671
230,122,3,8.2766962
230,123,3,8.2893654
230,124,3,8.3021757
230,125,3,8.3151286
230,126,3,8.3282255
230,127,3,8.3414677
230,128,3,8.3548566
230,129,3,8.3683937
230,130,3,8.3820806
230,131,3,8.3959187
230,132,3,8.4099098
230,133,3,8.4240553
230,134,3,8.4383569
230,135,3,8.4528165
230,136,3,8.4674357
230,137,3,8.4822164
230,138,3,8.4971604
230,139,3,8.5122696
230,140,3,8.5275461
230,141,3,8.5429919
230,142,3,8.558609
230,143,3,8.5743996
230,144,3,8.5903659
230,145,3,8.6065103
230,146,3,8.6228349
230,147,3,8.6393423
230,148,3,8.6560349
230,149,3,8.6729154
230,150,3,8.6899863
230,151,3,8.7072504
230,152,3,8.7247105
230,153,3,8.7423695
230,154,3,8.7602304
230,155,3,8.7782964
230,156,3,8.7965706
230,157,3,8.8150563
230,158,3,8.8337569
230,159,3,8.8526761
230,160,3,8.8718174
230,161,3,8.8911847
230,162,3,8.9107818
230,163,3,8.9306129
230,164,3,8.9506822
230,165,3,8.970994
230,166,3,8.9915529
230,167,3,9.0123636
230,168,3,9.0334309
230,169,3,9.05476
230,170,3,9.0763561
230,171,3,9.0982248
230,172,3,9.1203717
230,173,3,9.1428028
230,174,3,9.1655243
230,175,3,9.1885426
230,176,3,9.2118646
230,177,3,9.2354972
230,178,3,9.2594477
230,179,3,9.283724
230,180,3,9.308334
230,181,3,9.3332861
230,182,3,9.3585892
230,183,3,9.3842524
230,184,3,9.4102856
230,185,3,9.4366988
230,186,3,9.4635029
230,187,3,9.490709
230,188,3,9.518329
230,189,3,9.5463755
230,190,3,9.5748617
230,191,3,9.6038015
230,192,3,9.6332097
230,193,3,9.663102
230,194,3,9.6934948
230,195,3,9.7244059
230,196,3,9.755854
230,197,3,9.7878589
230,198,3,9.820442
230,199,3,9.853626
230,200,3,9.8874352
230,201,3,9.9218956
230,202,3,9.9570353
230,203,3,9.9928843
230,204,3,10.029475
230,205,3,10.066843
230,206,3,10.105025
230,207,3,10.144064
230,208,3,10.184003
230,209,3,10.224893
230,210,3,10.266786
230,211,3,10.309743
230,212,3,10.353827
230,213,3,10.39911
230,214,3,10.445673
230,215,3,10.493606
230,216,3,10.543007
230,217,3,10.59399
230,218,3,10.646682
230,219,3,10.701229
230,220,3,10.757799
230,221,3,10.816586
230,222,3,10.877815
230,223,3,10.941753
230,224,3,11.008718
230,225,3,11.079093
230,226,3,11.153346
230,227,3,11.232061
230,228,3,11.31598
230,229,3,11.406063
230,230,3,11.5036
230,231,3,11.610374
230,232,3,11.728976
230,233,3,11.863401
230,234,3,12.020349
230,235,3,12.212532
230,236,3,12.469429
230,237,3,12.891599
230,238,3,14.664048
230,239,4,-1.0
230,240,4,-1.0
230,241,4,-1.0
230,242,4,-1.0
230,243,4,-1.0
230,244,4,-1.0
230,245,4,-1.0
230,246,4,-1.0
230,247,4,-1.0
230,248,4,-1.0
230,249,4,-1.0
230,250,4,-1.0
231,0,3,3.0582238
231,1,3,3.058277
231,2,3,3.0584366
231,3,3,3.0587025
231,4,3,3.0590748
231,5,3,3.0595536
231,6,3,3.0601388
231,7,3,3.0608306
231,8,3,3.0616288
231,9,3,3.0625337
231,10,3,3.0635453
231,11,3,3.0646636
231,12,3,3.0658888
231,13,3,3.0672208
231,14,3,3.0686599
231,15,3,3.0702061
231,16,3,3.0718595
231,17,3,3.0736202
231,18,3,3.0754884
231,19,3,3.0774642
231,20,3,3.0795478
231,21,3,3.0817393
231,22,3,3.0840387
231,23,3,3.0864465
231,24,3,3.0889626
231,25,3,3.0915872
231,26,3,3.0943206
231,27,3,3.097163
231,28,3,3.1001145
231,29,3,3.1031754
231,30,3,3.1063459
231,31,3,3.1096262
231,32,3,3.1130165
231,33,3,3.1165171
231,34,3,3.1201283
231,35,3,3.1238502
231,36,3,3.1276832
231,37,3,3.1316276
231,38,3,3.1356836
231,39,3,3.1398515
231,40,3,3.1441317
231,41,3,3.1485244
231,42,3,3.1530299
231,43,3,3.1576485
231,44,3,3.1623807
231,45,3,3.1672268
231,46,3,3.172187
231,47,3,3.1772618
231,48,3,3.1824514
231,49,3,3.1877564
231,50,3,3.1931771
231,51,3,3.1987138
231,52,3,3.204367
231,53,3,3.2101371
231,54,3,3.2160245
231,55,3,3.2220297
231,56,3,3.228153
231,57,3,3.2343949
231,58,3,3.2407559
231,59,3,3.2472364
231,60,3,3.2538369
231,61,3,3.2605579
231,62,3,3.2673999
231,63,3,3.2743634
231,64,3,3.2814489
231,65,3,3.2886569
231,66,3,3.2959879
231,67,3,3.3034426
231,68,3,3.3110213
231,69,3,3.3187248
231,70,3,3.3265536
231,71,3,3.3345082
231,72,3,3.3425893
231,73,3,3.3507974
231,74,3,3.3591331
231,75,3,3.3675972
231,76,3,3.3761902
231,77,3,3.3849127
231,78,3,3.3937655
231,79,3,3.4027492
231,80,3,3.4118644
231,81,3,3.4211119
231,82,3,3.4304924
231,83,3,3.4400066
231,84,3,3.4496551
231,85,3,3.4594389
231,86,3,3.4693585
231,87,3,3.4794148
231,88,3,3.4896086
231,89,3,3.4999406
231,90,3,3.5104116
231,91,3,3.5210225
231,92,3,3.5317742
231,93,3,3.5426673
231,94,3,3.5537029
231,95,3,3.5648818
231,96,3,3.5762049
231,97,3,3.587673
231,98,3,3.5992872
231,99,3,3.6110483
231,100,3,3.6229573
231,101,3,3.6350152
231,102,3,3.6472229
231,103,3,3.6595816
231,104,3,3.6720921
231,105,3,3.6847556
231,106,3,3.6975731
231,107,3,3.7105456
231,108,3,3.7236744
231,109,3,3.7369605
231,110,3,3.750405
231,111,3,3.7640091
231,112,3,3.777774
231,113,3,3.791701
231,114,3,3.8057911
231,115,3,3.8200458
231,116,3,3.8344662
231,117,3,3.8490537
231,118,3,3.8638096
231,119,3,3.8787352
231,120,3,3.893832
231,121,3,3.9091013
231,122,3,3.9245446
231,123,3,3.9401633
231,124,3,3.955959
231,125,3,3.9719332
231,126,3,3.9880874
231,127,3,4.0044233
231,128,3,4.0209424
231,129,3,4.0376464
231,130,3,4.0545371
231,131,3,4.0716162
231,132,3,4.0888854
231,133,3,4.1063466
231,134,3,4.1240017
231,135,3,4.1418525
231,136,3,4.1599011
231,137,3,4.1781494
231,138,3,4.1965994
231,139,3,4.2152533
231,140,3,4.2341132
231,141,3,4.2531814
231,142,3,4.27246
231,143,3,4.2919515
231,144,3,4.3116581
231,145,3,4.3315825
231,146,3,4.351727
231,147,3,4.3720942
231,148,3,4.3926869
231,149,3,4.4135077
231,150,3,4.4345594
231,151,3,4.455845
231,152,3,4.4773674
231,153,3,4.4991297
231,154,3,4.521135
231,155,3,4.5433866
231,156,3,4.5658878
231,157,3,4.5886421
231,158,3,4.611653
231,159,3,4.6349243
231,160,3,4.6584598
231,161,3,4.6822633
231,162,3,4.7063389
231,163,3,4.7306909
231,164,3,4.7553236
231,165,3,4.7802414
231,166,3,4.8054491
231,167,3,4.8309515
231,168,3,4.8567535
231,169,3,4.8828605
231,170,3,4.9092777
231,171,3,4.9360107
231,172,3,4.9630655
231,173,3,4.990448
231,174,3,5.0181646
231,175,3,5.0462218
231,176,3,5.0746265
231,177,3,5.1033857
231,178,3,5.1325069
231,179,3,5.1619979
231,180,3,5.1918667
231,181,3,5.2221219
231,182,3,5.2527723
231,183,3,5.2838272
231,184,3,5.3152963
231,185,3,5.3471899
231,186,3,5.3795187
231,187,3,5.4122938
231,188,3,5.4455273
231,189,3,5.4792314
231,190,3,5.5134195
231,191,3,5.5481053
231,192,3,5.5833035
231,193,3,5.6190296
231,194,3,5.6552999
231,195,3,5.6921318
231,196,3,5.7295438
231,197,3,5.7675554
231,198,3,5.8061874
231,199,3,5.8454621
231,200,3,5.8854032
231,201,3,5.9260359
231,202,3,5.9673875
231,203,3,6.0094869
231,204,3,6.0523654
231,205,3,6.0960567
231,206,3,6.1405971
231,207,3,6.1860258
231,208,3,6.2323854
231,209,3,6.2797221
231,210,3,6.3280862
231,211,3,6.3775328
231,212,3,6.428122
231,213,3,6.4799201
231,214,3,6.5330001
231,215,3,6.587443
231,216,3,6.6433384
231,217,3,6.7007867
231,218,3,6.7599003
231,219,3,6.820806
231,220,3,6.8836474
231,221,3,6.9485883
231,222,3,7.0158168
231,223,3,7.0855502
231,224,3,7.1580423
231,225,3,7.2335917
231,226,3,7.3125538
231,227,3,7.3953565
231,228,3,7.4825224
231,229,3,7.5746996
231,230,3,7.6727082
231,231,3,7.7776087
231,232,3,7.8908107
231,233,3,8.0142532
231,234,3,8.1507214
231,235,3,8.3044517
231,236,3,8.4824222
231,237,3,8.6975722
231,238,3,8.9791707
231,239,3,9.4284496
231,240,4,-1.0
231,241,4,-1.0
231,242,4,-1.0
231,243,4,-1.0
231,244,4,-1.0
231,245,4,-1.0
231,246,4,-1.0
231,247,4,-1.0
231,248,4,-1.0
231,249,4,-1.0
231,250,4,-1.0
232,0,4,-1.0
232,1,4,-1.0
232,2,4,-1.0
232,3,4,-1.0
232,4,4,-1.0
232,5,4,-1.0
232,6,4,-1.0
232,7,4,-1.0
232,8,4,-1.0
232,9,4,-1.0
232,10,4,-1.0
232,11,4,-1.0
232,12,4,-1.0
232,13,4,-1.0
232,14,4,-1.0
232,15,4,-1.0
232,16,4,-1.0
232,17,4,-1.0
232,18,4,-1.0
232,19,4,-1.0
232,20,4,-1.0
232,21,4,-1.0
232,22,4,-1.0
232,23,4,-1.0
232,24,4,-1.0
232,25,4,-1.0
232,26,4,-1.0
232,27,4,-1.0
232,28,4,-1.0
232,29,4,-1.0
232,30,4,-1.0
232,31,4,-1.0
232,32,4,-1.0
232,33,4,-1.0
232,34,4,-1.0
232,35,4,-1.0
232,36,4,-1.0
232,37,4,-1.0
232,38,4,-1.0
232,39,4,-1.0
232,40,4,-1.0
232,41,4,-1.0
232,42,4,-1.0
232,43,4,-1.0
232,44,4,-1.0
232,45,4,-1.0
232,46,4,-1.0
232,47,4,-1.0
232,48,4,-1.0
232,49,4,-1.0
232,50,4,-1.0
232,51,4,-1.0
232,52,4,-1.0
232,53,4,-1.0
232,54,4,-1.0
232,55,4,-1.0
232,56,4,-1.0
232,57,4,-1.0
232,58,4,-1.0
232,59,4,-1.0
232,60,4,-1.0
232,61,4,-1.0
232,62,4,-1.0
232,63,4,-1.0
232,64,4,-1.0
232,65,4,-1.0
232,66,4,-1.0
232,67,4,-1.0
232,68,4,-1.0
232,69,4,-1.0
232,70,4,-1.0
232,71,4,-1.0
232,72,4,-1.0
232,73,4,-1.0
232,74,4,-1.0
232,75,4,-1.0
232,76,4,-1.0
232,77,4,-1.0
232,78,4,-1.0
232,79,4,-1.0
232,80,4,-1.0
232,81,4,-1.0
232,82,4,-1.0
232,83,4,-1.0
232,84,4,-1.0
232,85,4,-1.0
232,86,4,-1.0
232,87,4,-1.0
232,88,4,-1.0
232,89,4,-1.0
232,90,4,-1.0
232,91,4,-1.0
232,92,4,-1.0
232,93,4,-1.0
232,94,4,-1.0
232,95,4,-1.0
232,96,4,-1.0
232,97,4,-1.0
232,98,4,-1.0
232,99,4,-1.0
232,100,4,-1.0
232,101,4,-1.0
232,102,4,-1.0
232,103,4,-1.0
232,104,4,-1.0
232,105,4,-1.0
232,106,4,-1.0
232,107,4,-1.0
232,108,4,-1.0
232,109,4,-1.0
232,110,4,-1.0
232,111,4,-1.0
232,112,4,-1.0
232,113,4,-1.0
232,114,4,-1.0
232,115,4,-1.0
232,116,4,-1.0
232,117,4,-1.0
232,118,4,-1.0
232,119,4,-1.0
232,120,4,-1.0
232,121,4,-1.0
232,122,4,-1.0
232,123,4,-1.0
232,124,4,-1.0
232,125,4,-1.0
232,126,4,-1.0
232,127,4,-1.0
232,128,4,-1.0
232,129,4,-1.0
232,130,4,-1.0
232,131,4,-1.0
232,132,4,-1.0
232,133,4,-1.0
232,134,3,0.38410312
232,135,3,0.38950952
232,136,3,0.39504752
232,137,3,0.40072088
232,138,3,0.40653348
232,139,3,0.4124893
232,140,3,0.41859245
232,141,3,0.42484713
232,142,3,0.4312577
232,143,3,0.43782864
232,144,3,0.44456455
232,145,3,0.45147021
232,146,3,0.45855052
232,147,3,0.46581055
232,148,3,0.47325553
232,149,3,0.48089086
232,150,3,0.4887221
232,151,3,0.49675503
232,152,3,0.50499558
232,153,3,0.5134499
232,154,3,0.52212434
232,155,3,0.53102546
232,156,3,0.54016005
232,157,3,0.54953512
232,158,3,0.55915792
232,159,3,0.56903596
232,160,3,0.57917699
232,161,3,0.58958904
232,162,3,0.60028042
232,163,3,0.61125973
232,164,3,0.62253586
232,165,3,0.63411803
232,166,3,0.64601579
232,167,3,0.658239
232,168,3,0.67079792
232,169,3,0.68370315
232,170,3,0.69696567
232,171,3,0.71059689
232,172,3,0.72460861
232,173,3,0.73901309
232,174,3,0.75382303
232,175,3,0.76905161
232,176,3,0.78471251
232,177,3,0.80081994
232,178,3,0.81738864
232,179,3,0.83443392
232,180,3,0.8519717
232,181,3,0.87001852
232,182,3,0.88859158
232,183,3,0.90770874
232,184,3,0.92738863
232,185,3,0.94765061
232,186,3,0.96851485
232,187,3,0.99000237
232,188,3,1.0121351
232,189,3,1.0349358
232,190,3,1.0584284
232,191,3,1.0826377
232,192,3,1.1075897
232,193,3,1.1333117
232,194,3,1.1598321
232,195,3,1.1871807
232,196,3,1.2153886
232,197,3,1.2444887
232,198,3,1.2745153
232,199,3,1.3055045
232,200,3,1.3374944
232,201,3,1.3705251
232,202,3,1.4046387
232,203,3,1.43988
232,204,3,1.4762962
232,205,3,1.5139373
232,206,3,1.5528565
232,207,3,1.5931103
232,208,3,1.634759
232,209,3,1.6778669
232,210,3,1.7225028
232,211,3,1.7687407
232,212,3,1.8166602
232,213,3,1.8663472
232,214,3,1.9178947
232,215,3,1.9714037
232,216,3,2.0269846
232,217,3,2.084758
232,218,3,2.1448569
232,219,3,2.2074279
232,220,3,2.2726342
232,221,3,2.340658
232,222,3,2.411704
232,223,3,2.4860041
232,224,3,2.5638225
232,225,3,2.6454631
232,226,3,2.7312784
232,227,3,2.8216814
232,228,3,2.9171618
232,229,3,3.0183078
232,230,3,3.1258359
232,231,3,3.2406351
232,232,3,3.3638294
232,233,3,3.4968754
232,234,3,3.6417153
232,235,3,3.8010337
232,236,3,3.978714
232,237,3,4.1807235
232,238,3,4.4170354
232,239,3,4.7065583
232,240,3,5.0937417
232,241,3,5.7495032
232,242,4,-1.0
232,243,4,-1.0
232,244,4,-1.0
232,245,4,-1.0
232,246,4,-1.0
232,247,4,-1.0
232,248,4,-1.0
232,249,4,-1.0
232,250,4,-1.0
233,0,4,-1.0
233,1,4,-1.0
233,2,4,-1.0
233,3,4,-1.0
233,4,4,-1.0
233,5,4,-1.0
233,6,4,-1.0
233,7,4,-1.0
233,8,4,-1.0
233,9,4,-1.0
233,10,4,-1.0
233,11,4,-1.0
233,12,4,-1.0
233,13,4,-1.0
233,14,4,-1.0
233,15,4,-1.0
233,16,4,-1.0
233,17,4,-1.0
233,18,4,-1.0
233,19,4,-1.0
233,20,4,-1.0
233,21,4,-1.0
233,22,4,-1.0
233,23,4,-1.0
233,24,4,-1.0
233,25,4,-1.0
233,26,4,-1.0
233,27,4,-1.0
233,28,4,-1.0
233,29,4,-1.0
233,30,4,-1.0
233,31,4,-1.0
233,32,4,-1.0
233,33,4,-1.0
233,34,4,-1.0
233,35,4,-1.0
233,36,4,-1.0
233,37,4,-1.0
233,38,4,-1.0
233,39,4,-1.0
233,40,4,-1.0
233,41,4,-1.0
233,42,4,-1.0
233,43,4,-1.0
233,44,4,-1.0
233,45,4,-1.0
233,46,4,-1.0
233,47,4,-1.0
233,48,4,-1.0
233,49,4,-1.0
233,50,4,-1.0
233,51,4,-1.0
233,52,4,-1.0
233,53,4,-1.0
233,54,4,-1.0
233,55,4,-1.0
233,56,4,-1.0
233,57,4,-1.0
233,58,4,-1.0
233,59,4,-1.0
233,60,4,-1.0
233,61,4,-1.0
233,62,4,-1.0
233,63,4,-1.0
233,64,4,-1.0
233,65,4,-1.0
233,66,4,-1.0
233,67,4,-1.0
233,68,4,-1.0
233,69,4,-1.0
233,70,4,-1.0
233,71,4,-1.0
233,72,4,-1.0
233,73,4,-1.0
233,74,4,-1.0
233,75,4,-1.0
233,76,4,-1.0
233,77,4,-1.0
233,78,4,-1.0
233,79,4,-1.0
233,80,4,-1.0
233,81,4,-1.0
233,82,4,-1.0
233,83,4,-1.0
233,84,4,-1.0
233,85,4,-1.0
233,86,4,-1.0
233,87,4,-1.0
233,88,4,-1.0
233,89,4,-1.0
233,90,4,-1.0
233,91,4,-1.0
233,92,4,-1.0
233,93,4,-1.0
233,94,4,-1.0
233,95,4,-1.0
233,96,4,-1.0
233,97,4,-1.0
233,98,4,-1.0
233,99,4,-1.0
233,100,4,-1.0
233,101,4,-1.0
233,102,4,-1.0
233,103,4,-1.0
233,104,4,-1.0
233,105,4,-1.0
233,106,4,-1.0
233,107,4,-1.0
233,108,4,-1.0
233,109,4,-1.0
233,110,4,-1.0
233,111,4,-1.0
233,112,4,-1.0
233,113,4,-1.0
233,114,4,-1.0
233,115,4,-1.0
233,116,4,-1.0
233,117,4,-1.0
233,118,4,-1.0
233,119,4,-1.0
233,120,4,-1.0
233,121,4,-1.0
233,122,4,-1.0
233,123,4,-1.0
233,124,4,-1.0
233,125,4,-1.0
233,126,4,-1.0
233,127,4,-1.0
233,128,4,-1.0
233,129,4,-1.0
233,130,4,-1.0
233,131,4,-1.0
233,132,4,-1.0
233,133,4,-1.0
233,134,4,-1.0
233,135,4,-1.0
233,136,4,-1.0
233,137,4,-1.0
233,138,4,-1.0
233,139,4,-1.0
233,140,4,-1.0
233,141,4,-1.0
233,142,4,-1.0
233,143,4,-1.0
233,144,4,-1.0
233,145,4,-1.0
233,146,4,-1.0
233,147,4,-1.0
233,148,4,-1.0
233,149,4,-1.0
233,150,4,-1.0
233,151,4,-1.0
233,152,4,-1.0
233,153,4,-1.0
233,154,4,-1.0
233,155,4,-1.0
233,156,4,-1.0
233,157,4,-1.0
233,158,4,-1.0
233,159,4,-1.0
233,160,4,-1.0
233,161,4,-1.0
233,162,4,-1.0
233,163,4,-1.0
233,164,4,-1.0
233,165,4,-1.0
233,166,4,-1.0
233,167,4,-1.0
233,168,4,-1.0
233,169,4,-1.0
233,170,4,-1.0
233,171,4,-1.0
233,172,4,-1.0
233,173,4,-1.0
233,174,4,-1.0
233,175,4,-1.0
233,176,4,-1.0
233,177,4,-1.0
233,178,4,-1.0
233,179,4,-1.0
233,180,4,-1.0
233,181,4,-1.0
233,182,4,-1.0
233,183,4,-1.0
233,184,4,-1.0
233,185,4,-1.0
233,186,4,-1.0
233,187,4,-1.0
233,188,4,-1.0
233,189,4,-1.0
233,190,4,-1.0
233,191,4,-1.0
233,192,4,-1.0
233,193,4,-1.0
233,194,4,-1.0
233,195,4,-1.0
233,196,4,-1.0
233,197,4,-1.0
233,198,4,-1.0
233,199,4,-1.0
233,200,4,-1.0
233,201,4,-1.0
233,202,4,-1.0
233,203,4,-1.0
233,204,4,-1.0
233,205,4,-1.0
233,206,4,-1.0
233,207,4,-1.0
233,208,4,-1.0
233,209,4,-1.0
233,210,4,-1.0
233,211,4,-1.0
233,212,4,-1.0
233,213,4,-1.0
233,214,4,-1.0
233,215,4,-1.0
233,216,4,-1.0
233,217,4,-1.0
233,218,4,-1.0
233,219,4,-1.0
233,220,4,-1.0
233,221,4,-1.0
233,222,4,-1.0
233,223,4,-1.0
233,224,4,-1.0
233,225,4,-1.0
233,226,4,-1.0
233,227,4,-1.0
233,228,4,-1.0
233,229,4,-1.0
233,230,4,-1.0
233,231,4,-1.0
233,232,4,-1.0
233,233,4,-1.0
233,234,4,-1.0
233,235,4,-1.0
233,236,4,-1.0
233,237,3,0.35118237
233,238,3,0.4076749
233,239,3,0.48276163
233,240,3,0.58769414
233,241,3,0.74646532
233,242,3,1.0270794
233,243,3,1.8736419
233,244,4,-1.0
233,245,4,-1.0
233,246,4,-1.0
233,247,4,-1.0
233,248,4,-1.0
233,249,4,-1.0
233,250,4,-1.0
234,0,4,-1.0
234,1,4,-1.0
234,2,4,-1.0
234,3,4,-1.0
234,4,4,-1.0
234,5,4,-1.0
234,6,4,-1.0
234,7,4,-1.0
234,8,4,-1.0
234,9,4,-1.0
234,10,4,-1.0
234,11,4,-1.0
234,12,4,-1.0
234,13,4,-1.0
234,14,4,-1.0
234,15,4,-1.0
234,16,4,-1.0
234,17,4,-1.0
234,18,4,-1.0
234,19,4,-1.0
234,20,4,-1.0
234,21,4,-1.0
234,22,4,-1.0
234,23,4,-1.0
234,24,4,-1.0
234,25,4,-1.0
234,26,4,-1.0
234,27,4,-1.0
234,28,4,-1.0
234,29,4,-1.0
234,30,4,-1.0
234,31,4,-1.0
234,32,4,-1.0
234,33,4,-1.0
234,34,4,-1.0
234,35,4,-1.0
234,36,4,-1.0
234,37,4,-1.0
234,38,4,-1.0
234,39,4,-1.0
234,40,4,-1.0
234,41,4,-1.0
234,42,4,-1.0
234,43,4,-1.0
234,44,4,-1.0
234,45,4,-1.0
234,46,4,-1.0
234,47,4,-1.0
234,48,4,-1.0
234,49,4,-1.0
234,50,4,-1.0
234,51,4,-1.0
234,52,4,-1.0
234,53,4,-1.0
234,54,4,-1.0
234,55,4,-1.0
234,56,4,-1.0
234,57,4,-1.0
234,58,4,-1.0
234,59,4,-1.0
234,60,4,-1.0
234,61,4,-1.0
234,62,4,-1.0
234,63,4,-1.0
234,64,4,-1.0
234,65,4,-1.0
234,66,4,-1.0
234,67,4,-1.0
234,68,4,-1.0
234,69,4,-1.0
234,70,4,-1.0
234,71,4,-1.0
234,72,4,-1.0
234,73,4,-1.0
234,74,4,-1.0
234,75,4,-1.0
234,76,4,-1.0
234,77,4,-1.0
234,78,4,-1.0
234,79,4,-1.0
234,80,4,-1.0
234,81,4,-1.0
234,82,4,-1.0
234,83,4,-1.0
234,84,4,-1.0
234,85,4,-1.0
234,86,4,-1.0
234,87,4,-1.0
234,88,4,-1.0
234,89,4,-1.0
234,90,4,-1.0
234,91,4,-1.0
234,92,4,-1.0
234,93,4,-1.0
234,94,4,-1.0
234,95,4,-1.0
234,96,4,-1.0
234,97,4,-1.0
234,98,4,-1.0
234,99,4,-1.0
234,100,4,-1.0
234,101,4,-1.0
234,102,4,-1.0
234,103,4,-1.0
234,104,4,-1.0
234,105,4,-1.0
234,106,4,-1.0
234,107,4,-1.0
234,108,4,-1.0
234,109,4,-1.0
234,110,4,-1.0
234,111,4,-1.0
234,112,4,-1.0
234,113,4,-1.0
234,114,4,-1.0
234,115,4,-1.0
234,116,4,-1.0
234,117,4,-1.0
234,118,4,-1.0
234,119,4,-1.0
234,120,4,-1.0
234,121,4,-1.0
234,122,4,-1.0
234,123,4,-1.0
234,124,4,-1.0
234,125,4,-1.0
234,126,4,-1.0
234,127,4,-1.0
234,128,4,-1.0
234,129,4,-1.0
234,130,4,-1.0
234,131,4,-1.0
234,132,4,-1.0
234,133,4,-1.0
234,134,4,-1.0
234,135,4,-1.0
234,136,4,-1.0
234,137,4,-1.0
234,138,4,-1.0
234,139,4,-1.0
234,140,4,-1.0
234,141,4,-1.0
234,142,4,-1.0
234,143,4,-1.0
234,144,4,-1.0
234,145,4,-1.0
234,146,4,-1.0
234,147,4,-1.0
234,148,4,-1.0
234,149,4,-1.0
234,150,4,-1.0
234,151,4,-1.0
234,152,4,-1.0
234,153,4,-1.0
234,154,4,-1.0
234,155,4,-1.0
234,156,4,-1.0
234,157,4,-1.0
234,158,4,-1.0
234,159,4,-1.0
234,160,4,-1.0
234,161,4,-1.0
234,162,4,-1.0
234,163,4,-1.0
234,164,4,-1.0
234,165,4,-1.0
234,166,4,-1.0
234,167,4,-1.0
234,168,4,-1.0
234,169,4,-1.0
234,170,4,-1.0
234,171,4,-1.0
234,172,4,-1.0
234,173,4,-1.0
234,174,4,-1.0
234,175,4,-1.0
234,176,4,-1.0
234,177,4,-1.0
234,178,4,-1.0
234,179,4,-1.0
234,180,4,-1.0
234,181,4,-1.0
234,182,4,-1.0
234,183,4,-1.0
234,184,4,-1.0
234,185,4,-1.0
234,186,4,-1.0
234,187,4,-1.0
234,188,4,-1.0
234,189,4,-1.0
234,190,4,-1.0
234,191,4,-1.0
234,192,4,-1.0
234,193,4,-1.0
234,194,4,-1.0
234,195,4,-1.0
234,196,4,-1.0
234,197,4,-1.0
234,198,4,-1.0
234,199,4,-1.0
234,200,4,-1.0
234,201,4,-1.0
234,202,4,-1.0
234,203,4,-1.0
234,204,4,-1.0
234,205,4,-1.0
234,206,4,-1.0
234,207,4,-1.0
234,208,4,-1.0
234,209,4,-1.0
234,210,4,-1.0
234,211,4,-1.0
234,212,4,-1.0
234,213,4,-1.0
234,214,4,-1.0
234,215,4,-1.0
234,216,4,-1.0
234,217,4,-1.0
234,218,4,-1.0
234,219,4,-1.0
234,220,4,-1.0
234,221,4,-1.0
234,222,4,-1.0
234,223,4,-1.0
234,224,4,-1.0
234,225,4,-1.0
234,226,4,-1.0
234,227,4,-1.0
234,228,4,-1.0
234,229,4,-1.0
234,230,4,-1.0
234,231,4,-1.0
234,232,4,-1.0
234,233,4,-1.0
234,234,4,-1.0
234,235,4,-1.0
234,236,4,-1.0
234,237,4,-1.0
234,238,4,-1.0
234,239,4,-1.0
234,240,4,-1.0
234,241,4,-1.0
234,242,4,-1.0
234,243,4,-1.0
234,244,4,-1.0
234,245,4,-1.0
234,246,4,-1.0
234,247,4,-1.0
234,248,4,-1.0
234,249,4,-1.0
234,250,4,-1.0
235,0,4,-1.0
235,1,4,-1.0
235,2,4,-1.0
235,3,4,-1.0
235,4,4,-1.0
235,5,4,-1.0
235,6,4,-1.0
235,7,4,-1.0
235,8,4,-1.0
235,9,4,-1.0
235,10,4,-1.0
235,11,4,-1.0
235,12,4,-1.0
235,13,4,-1.0
235,14,4,-1.0
235,15,4,-1.0
235,16,4,-1.0
235,17,4,-1.0
235,18,4,-1.0
235,19,4,-1.0
235,20,4,-1.0
235,21,4,-1.0
235,22,4,-1.0
235,23,4,-1.0
235,24,4,-1.0
235,25,4,-1.0
235,26,4,-1.0
235,27,4,-1.0
235,28,4,-1.0
235,29,4,-1.0
235,30,4,-1.0
235,31,4,-1.0
235,32,4,-1.0
235,33,4,-1.0
235,34,4,-1.0
235,35,4,-1.0
235,36,4,-1.0
235,37,4,-1.0
235,38,4,-1.0
235,39,4,-1.0
235,40,4,-1.0
235,41,4,-1.0
235,42,4,-1.0
235,43,4,-1.0
235,44,4,-1.0
235,45,4,-1.0
235,46,4,-1.0
235,47,4,-1.0
235,48,4,-1.0
235,49,4,-1.0
235,50,4,-1.0
235,51,4,-1.0
235,52,4,-1.0
235,53,4,-1.0
235,54,4,-1.0
235,55,4,-1.0
235,56,4,-1.0
235,57,4,-1.0
235,58,4,-1.0
235,59,4,-1.0
235,60,4,-1.0
235,61,4,-1.0
235,62,4,-1.0
235,63,4,-1.0
235,64,4,-1.0
235,65,4,-1.0
235,66,4,-1.0
235,67,4,-1.0
235,68,4,-1.0
235,69,4,-1.0
235,70,4,-1.0
235,71,4,-1.0
235,72,4,-1.0
235,73,4,-1.0
235,74,4,-1.0
235,75,4,-1.0
235,76,4,-1.0
235,77,4,-1.0
235,78,4,-1.0
235,79,4,-1.0
235,80,4,-1.0
235,81,4,-1.0
235,82,4,-1.0
235,83,4,-1.0
235,84,4,-1.0
235,85,4,-1.0
235,86,4,-1.0
235,87,4,-1.0
235,88,4,-1.0
235,89,4,-1.0
235,90,4,-1.0
235,91,4,-1.0
235,92,4,-1.0
235,93,4,-1.0
235,94,4,-1.0
235,95,4,-1.0
235,96,4,-1.0
235,97,4,-1.0
235,98,4,-1.0
235,99,4,-1.0
235,100,4,-1.0
235,101,4,-1.0
235,102,4,-1.0
235,103,4,-1.0
235,104,4,-1.0
235,105,4,-1.0
235,106,4,-1.0
235,107,4,-1.0
235,108,4,-1.0
235,109,4,-1.0
235,110,4,-1.0
235,111,4,-1.0
235,112,4,-1.0
235,113,4,-1.0
235,114,4,-1.0
235,115,4,-1.0
235,116,4,-1.0
235,117,4,-1.0
235,118,4,-1.0
235,119,4,-1.0
235,120,4,-1.0
235,121,4,-1.0
235,122,4,-1.0
235,123,4,-1.0
235,124,4,-1.0
235,125,4,-1.0
235,126,4,-1.0
235,127,4,-1.0
235,128,4,-1.0
235,129,4,-1.0
235,130,4,-1.0
235,131,4,-1.0
235,132,4,-1.0
235,133,4,-1.0
235,134,4,-1.0
235,135,4,-1.0
235,136,4,-1.0
235,137,4,-1.0
235,138,4,-1.0
235,139,4,-1.0
235,140,4,-1.0
235,141,4,-1.0
235,142,4,-1.0
235,143,4,-1.0
235,144,4,-1.0
235,145,4,-1.0
235,146,4,-1.0
235,147,4,-1.0
235,148,4,-1.0
235,149,4,-1.0
235,150,4,-1.0
235,151,4,-1.0
235,152,4,-1.0
235,153,4,-1.0
235,154,4,-1.0
235,155,4,-1.0
235,156,4,-1.0
235,157,4,-1.0
235,158,4,-1.0
235,159,4,-1.0
235,160,4,-1.0
235,161,4,-1.0
235,162,4,-1.0
235,163,4,-1.0
235,164,4,-1.0
235,165,4,-1.0
235,166,4,-1.0
235,167,4,-1.0
235,168,4,-1.0
235,169,4,-1.0
235,170,4,-1.0
235,171,4,-1.0
235,172,4,-1.0
235,173,4,-1.0
235,174,4,-1.0
235,175,4,-1.0
235,176,4,-1.0
235,177,4,-1.0
235,178,4,-1.0
235,179,4,-1.0
235,180,4,-1.0
235,181,4,-1.0
235,182,4,-1.0
235,183,4,-1.0
235,184,4,-1.0
235,185,4,-1.0
235,186,4,-1.0
235,187,4,-1.0
235,188,4,-1.0
235,189,4,-1.0
235,190,4,-1.0
235,191,4,-1.0
235,192,4,-1.0
235,193,4,-1.0
235,194,4,-1.0
235,195,4,-1.0
235,196,4,-1.0
235,197,4,-1.0
235,198,4,-1.0
235,199,4,-1.0
235,200,4,-1.0
235,201,4,-1.0
235,202,4,-1.0
235,203,4,-1.0
235,204,4,-1.0
235,205,4,-1.0
235,206,4,-1.0
235,207,4,-1.0
235,208,4,-1.0
235,209,4,-1.0
235,210,4,-1.0
235,211,4,-1.0
235,212,4,-1.0
235,213,4,-1.0
235,214,4,-1.0
235,215,4,-1.0
235,216,4,-1.0
235,217,4,-1.0
235,218,4,-1.0
235,219,4,-1.0
235,220,4,-1.0
235,221,4,-1.0
235,222,4,-1.0
235,223,4,-1.0
235,224,4,-1.0
235,225,4,-1.0
235,226,4,-1.0
235,227,4,-1.0
235,228,4,-1.0
235,229,4,-1.0
235,230,4,-1.0
235,231,4,-1.0
235,232,4,-1.0
235,233,4,-1.0
235,234,4,-1.0
235,235,4,-1.0
235,236,4,-1.0
235,237,4,-1.0
235,238,4,-1.0
235,239,4,-1.0
235,240,4,-1.0
235,241,4,-1.0
235,242,4,-1.0
235,243,4,-1.0
235,244,4,-1.0
235,245,4,-1.0
235,246,4,-1.0
235,247,4,-1.0
235,248,4,-1.0
235,249,4,-1.0
235,250,4,-1.0
236,0,4,-1.0
236,1,4,-1.0
236,2,4,-1.0
236,3,4,-1.0
236,4,4,-1.0
236,5,4,-1.0
236,6,4,-1.0
236,7,4,-1.0
236,8,4,-1.0
236,9,4,-1.0
236,10,4,-1.0
236,11,4,-1.0
236,12,4,-1.0
236,13,4,-1.0
236,14,4,-1.0
236,15,4,-1.0
236,16,4,-1.0
236,17,4,-1.0
236,18,4,-1.0
236,19,4,-1.0
236,20,4,-1.0
236,21,4,-1.0
236,22,4,-1.0
236,23,4,-1.0
236,24,4,-1.0
236,25,4,-1.0
236,26,4,-1.0
236,27,4,-1.0
236,28,4,-1.0
236,29,4,-1.0
236,30,4,-1.0
236,31,4,-1.0
236,32,4,-1.0
236,33,4,-1.0
236,34,4,-1.0
236,35,4,-1.0
236,36,4,-1.0
236,37,4,-1.0
236,38,4,-1.0
236,39,4,-1.0
236,40,4,-1.0
236,41,4,-1.0
236,42,4,-1.0
236,43,4,-1.0
236,44,4,-1.0
236,45,4,-1.0
236,46,4,-1.0
236,47,4,-1.0
236,48,4,-1.0
236,49,4,-1.0
236,50,4,-1.0
236,51,4,-1.0
236,52,4,-1.0
236,53,4,-1.0
236,54,4,-1.0
236,55,4,-1.0
236,56,4,-1.0
236,57,4,-1.0
236,58,4,-1.0
236,59,4,-1.0
236,60,4,-1.0
236,61,4,-1.0
236,62,4,-1.0
236,63,4,-1.0
236,64,4,-1.0
236,65,4,-1.0
236,66,4,-1.0
236,67,4,-1.0
236,68,4,-1.0
236,69,4,-1.0
236,70,4,-1.0
236,71,4,-1.0
236,72,4,-1.0
236,73,4,-1.0
236,74,4,-1.0
236,75,4,-1.0
236,76,4,-1.0
236,77,4,-1.0
236,78,4,-1.0
236,79,4,-1.0
236,80,4,-1.0
236,81,4,-1.0
236,82,4,-1.0
236,83,4,-1.0
236,84,4,-1.0
236,85,4,-1.0
236,86,4,-1.0
236,87,4,-1.0
236,88,4,-1.0
236,89,4,-1.0
236,90,4,-1.0
236,91,4,-1.0
236,92,4,-1.0
236,93,4,-1.0
236,94,4,-1.0
236,95,4,-1.0
236,96,4,-1.0
236,97,4,-1.0
236,98,4,-1.0
236,99,4,-1.0
236,100,4,-1.0
236,101,4,-1.0
236,102,4,-1.0
236,103,4,-1.0
236,104,4,-1.0
236,105,4,-1.0
236,106,4,-1.0
236,107,4,-1.0
236,108,4,-1.0
236,109,4,-1.0
236,110,4,-1.0
236,111,4,-1.0
236,112,4,-1.0
236,113,4,-1.0
236,114,4,-1.0
236,115,4,-1.0
236,116,4,-1.0
236,117,4,-1.0
236,118,4,-1.0
236,119,4,-1.0
236,120,4,-1.0
236,121,4,-1.0
236,122,4,-1.0
236,123,4,-1.0
236,124,4,-1.0
236,125,4,-1.0
236,126,4,-1.0
236,127,4,-1.0
236,128,4,-1.0
236,129,4,-1.0
236,130,4,-1.0
236,131,4,-1.0
236,132,4,-1.0
236,133,4,-1.0
236,134,4,-1.0
236,135,4,-1.0
236,136,4,-1.0
236,137,4,-1.0
236,138,4,-1.0
236,139,4,-1.0
236,140,4,-1.0
236,141,4,-1.0
236,142,4,-1.0
236,143,4,-1.0
236,144,4,-1.0
236,145,4,-1.0
236,146,4,-1.0
236,147,4,-1.0
236,148,4,-1.0
236,149,4,-1.0
236,150,4,-1.0
236,151,4,-1.0
236,152,4,-1.0
236,153,4,-1.0
236,154,4,-1.0
236,155,4,-1.0
236,156,4,-1.0
236,157,4,-1.0
236,158,4,-1.0
236,159,4,-1.0
236,160,4,-1.0
236,161,4,-1.0
236,162,4,-1.0
236,163,4,-1.0
236,164,4,-1.0
236,165,4,-1.0
236,166,4,-1.0
236,167,4,-1.0
236,168,4,-1.0
236,169,4,-1.0
236,170,4,-1.0
236,171,4,-1.0
236,172,4,-1.0
236,173,4,-1.0
236,174,4,-1.0
236,175,4,-1.0
236,176,4,-1.0
236,177,4,-1.0
236,178,4,-1.0
236,179,4,-1.0
236,180,4,-1.0
236,181,4,-1.0
236,182,4,-1.0
236,183,4,-1.0
236,184,4,-1.0
236,185,4,-1.0
236,186,4,-1.0
236,187,4,-1.0
236,188,4,-1.0
236,189,4,-1.0
236,190,4,-1.0
236,191,4,-1.0
236,192,4,-1.0
236,193,4,-1.0
236,194,4,-1.0
236,195,4,-1.0
236,196,4,-1.0
236,197,4,-1.0
236,198,4,-1.0
236,199,4,-1.0
236,200,4,-1.0
236,201,4,-1.0
236,202,4,-1.0
236,203,4,-1.0
236,204,4,-1.0
236,205,4,-1.0
236,206,4,-1.0
236,207,4,-1.0
236,208,4,-1.0
236,209,4,-1.0
236,210,4,-1.0
236,211,4,-1.0
236,212,4,-1.0
236,213,4,-1.0
236,214,4,-1.0
236,215,4,-1.0
236,216,4,-1.0
236,217,4,-1.0
236,218,4,-1.0
236,219,4,-1.0
236,220,4,-1.0
236,221,4,-1.0
236,222,4,-1.0
236,223,4,-1.0
236,224,4,-1.0
236,225,4,-1.0
236,226,4,-1.0
236,227,4,-1.0
236,228,4,-1.0
236,229,4,-1.0
236,230,4,-1.0
236,231,4,-1.0
236,232,4,-1.0
236,233,4,-1.0
236,234,4,-1.0
236,235,4,-1.0
236,236,4,-1.0
236,237,4,-1.0
236,238,4,-1.0
236,239,4,-1.0
236,240,4,-1.0
236,241,4,-1.0
236,242,4,-1.0
236,243,4,-1.0
236,244,4,-1.0
236,245,4,-1.0
236,246,4,-1.0
236,247,4,-1.0
236,248,4,-1.0
236,249,4,-1.0
236,250,4,-1.0
237,0,4,-1.0
237,1,4,-1.0
237,2,4,-1.0
237,3,4,-1.0
237,4,4,-1.0
237,5,4,-1.0
237,6,4,-1.0
237,7,4,-1.0
237,8,4,-1.0
237,9,4,-1.0
237,10,4,-1.0
237,11,4,-1.0
237,12,4,-1.0
237,13,4,-1.0
237,14,4,-1.0
237,15,4,-1.0
237,16,4,-1.0
237,17,4,-1.0
237,18,4,-1.0
237,19,4,-1.0
237,20,4,-1.0
237,21,4,-1.0
237,22,4,-1.0
237,23,4,-1.0
237,24,4,-1.0
237,25,4,-1.0
237,26,4,-1.0
237,27,4,-1.0
237,28,4,-1.0
237,29,4,-1.0
237,30,4,-1.0
237,31,4,-1.0
237,32,4,-1.0
237,33,4,-1.0
237,34,4,-1.0
237,35,4,-1.0
237,36,4,-1.0
237,37,4,-1.0
237,38,4,-1.0
237,39,4,-1.0
237,40,4,-1.0
237,41,4,-1.0
237,42,4,-1.0
237,43,4,-1.0
237,44,4,-1.0
237,45,4,-1.0
237,46,4,-1.0
237,47,4,-1.0
237,48,4,-1.0
237,49,4,-1.0
237,50,4,-1.0
237,51,4,-1.0
237,52,4,-1.0
237,53,4,-1.0
237,54,4,-1.0
237,55,4,-1.0
237,56,4,-1.0
237,57,4,-1.0
237,58,4,-1.0
237,59,4,-1.0
237,60,4,-1.0
237,61,4,-1.0
237,62,4,-1.0
237,63,4,-1.0
237,64,4,-1.0
237,65,4,-1.0
237,66,4,-1.0
237,67,4,-1.0
237,68,4,-1.0
237,69,4,-1.0
237,70,4,-1.0
237,71,4,-1.0
237,72,4,-1.0
237,73,4,-1.0
237,74,4,-1.0
237,75,4,-1.0
237,76,4,-1.0
237,77,4,-1.0
237,78,4,-1.0
237,79,4,-1.0
237,80,4,-1.0
237,81,4,-1.0
237,82,4,-1.0
237,83,4,-1.0
237,84,4,-1.0
237,85,4,-1.0
237,86,4,-1.0
237,87,4,-1.0
237,88,4,-1.0
237,89,4,-1.0
237,90,4,-1.0
237,91,4,-1.0
237,92,4,-1.0
237,93,4,-1.0
237,94,4,-1.0
237,95,4,-1.0
237,96,4,-1.0
237,97,4,-1.0
237,98,4,-1.0
237,99,4,-1.0
237,100,4,-1.0
237,101,4,-1.0
237,102,4,-1.0
237,103,4,-1.0
237,104,4,-1.0
237,105,4,-1.0
237,106,4,-1.0
237,107,4,-1.0
237,108,4,-1.0
237,109,4,-1.0
237,110,4,-1.0
237,111,4,-1.0
237,112,4,-1.0
237,113,4,-1.0
237,114,4,-1.0
237,115,4,-1.0
237,116,4,-1.0
237,117,4,-1.0
237,118,4,-1.0
237,119,4,-1.0
237,120,4,-1.0
237,121,4,-1.0
237,122,4,-1.0
237,123,4,-1.0
237,124,4,-1.0
237,125,4,-1.0
237,126,4,-1.0
237,127,4,-1.0
237,128,4,-1.0
237,129,4,-1.0
237,130,4,-1.0
237,131,4,-1.0
237,132,4,-1.0
237,133,4,-1.0
237,134,4,-1.0
237,135,4,-1.0
237,136,4,-1.0
237,137,4,-1.0
237,138,4,-1.0
237,139,4,-1.0
237,140,4,-1.0
237,141,4,-1.0
237,142,4,-1.0
237,143,4,-1.0
237,144,4,-1.0
237,145,4,-1.0
237,146,4,-1.0
237,147,4,-1.0
237,148,4,-1.0
237,149,4,-1.0
237,150,4,-1.0
237,151,4,-1.0
237,152,4,-1.0
237,153,4,-1.0
237,154,4,-1.0
237,155,4,-1.0
237,156,4,-1.0
237,157,4,-1.0
237,158,4,-1.0
237,159,4,-1.0
237,160,4,-1.0
237,161,4,-1.0
237,162,4,-1.0
237,163,4,-1.0
237,164,4,-1.0
237,165,4,-1.0
237,166,4,-1.0
237,167,4,-1.0
237,168,4,-1.0
237,169,4,-1.0
237,170,4,-1.0
237,171,4,-1.0
237,172,4,-1.0
237,173,4,-1.0
237,174,4,-1.0
237,175,4,-1.0
237,176,4,-1.0
237,177,4,-1.0
237,178,4,-1.0
237,179,4,-1.0
237,180,4,-1.0
237,181,4,-1.0
237,182,4,-1.0
237,183,4,-1.0
237,184,4,-1.0
237,185,4,-1.0
237,186,4,-1.0
237,187,4,-1.0
237,188,4,-1.0
237,189,4,-1.0
237,190,4,-1.0
237,191,4,-1.0
237,192,4,-1.0
237,193,4,-1.0
237,194,4,-1.0
237,195,4,-1.0
237,196,4,-1.0
237,197,4,-1.0
237,198,4,-1.0
237,199,4,-1.0
237,200,4,-1.0
237,201,4,-1.0
237,202,4,-1.0
237,203,4,-1.0
237,204,4,-1.0
237,205,4,-1.0
237,206,4,-1.0
237,207,4,-1.0
237,208,4,-1.0
237,209,4,-1.0
237,210,4,-1.0
237,211,4,-1.0
237,212,4,-1.0
237,213,4,-1.0
237,214,4,-1.0
237,215,4,-1.0
237,216,4,-1.0
237,217,4,-1.0
237,218,4,-1.0
237,219,4,-1.0
237,220,4,-1.0
237,221,4,-1.0
237,222,4,-1.0
237,223,4,-1.0
237,224,4,-1.0
237,225,4,-1.0
237,226,4,-1.0
237,227,4,-1.0
237,228,4,-1.0
237,229,4,-1.0
237,230,4,-1.0
237,231,4,-1.0
237,232,4,-1.0
237,233,4,-1.0
237,234,4,-1.0
237,235,4,-1.0
237,236,4,-1.0
237,237,4,-1.0
237,238,4,-1.0
237,239,4,-1.0
237,240,4,-1.0
237,241,4,-1.0
237,242,4,-1.0
237,243,4,-1.0
237,244,4,-1.0
237,245,4,-1.0
237,246,4,-1.0
237,247,4,-1.0
237,248,4,-1.0
237,249,4,-1.0
237,250,4,-1.0
238,0,4,-1.0
238,1,4,-1.0
238,2,4,-1.0
238,3,4,-1.0
238,4,4,-1.0
238,5,4,-1.0
238,6,4,-1.0
238,7,4,-1.0
238,8,4,-1.0
238,9,4,-1.0
238,10,4,-1.0
238,11,4,-1.0
238,12,4,-1.0
238,13,4,-1.0
238,14,4,-1.0
238,15,4,-1.0
238,16,4,-1.0
238,17,4,-1.0
238,18,4,-1.0
238,19,4,-1.0
238,20,4,-1.0
238,21,4,-1.0
238,22,4,-1.0
238,23,4,-1.0
238,24,4,-1.0
238,25,4,-1.0
238,26,4,-1.0
238,27,4,-1.0
238,28,4,-1.0
238,29,4,-1.0
238,30,4,-1.0
238,31,4,-1.0
238,32,4,-1.0
238,33,4,-1.0
238,34,4,-1.0
238,35,4,-1.0
238,36,4,-1.0
238,37,4,-1.0
238,38,4,-1.0
238,39,4,-1.0
238,40,4,-1.0
238,41,4,-1.0
238,42,4,-1.0
238,43,4,-1.0
238,44,4,-1.0
238,45,4,-1.0
238,46,4,-1.0
238,47,4,-1.0
238,48,4,-1.0
238,49,4,-1.0
238,50,4,-1.0
238,51,4,-1.0
238,52,4,-1.0
238,53,4,-1.0
238,54,4,-1.0
238,55,4,-1.0
238,56,4,-1.0
238,57,4,-1.0
238,58,4,-1.0
238,59,4,-1.0
238,60,4,-1.0
238,61,4,-1.0
238,62,4,-1.0
238,63,4,-1.0
238,64,4,-1.0
238,65,4,-1.0
238,66,4,-1.0
238,67,4,-1.0
238,68,4,-1.0
238,69,4,-1.0
238,70,4,-1.0
238,71,4,-1.0
238,72,4,-1.0
238,73,4,-1.0
238,74,4,-1.0
238,75,4,-1.0
238,76,4,-1.0
238,77,4,-1.0
238,78,4,-1.0
238,79,4,-1.0
238,80,4,-1.0
238,81,4,-1.0
238,82,4,-1.0
238,83,4,-1.0
238,84,4,-1.0
238,85,4,-1.0
238,86,4,-1.0
238,87,4,-1.0
238,88,4,-1.0
238,89,4,-1.0
238,90,4,-1.0
238,91,4,-1.0
238,92,4,-1.0
238,93,4,-1.0
238,94,4,-1.0
238,95,4,-1.0
238,96,4,-1.0
238,97,4,-1.0
238,98,4,-1.0
238,99,4,-1.0
238,100,4,-1.0
238,101,4,-1.0
238,102,4,-1.0
238,103,4,-1.0
238,104,4,-1.0
238,105,4,-1.0
238,106,4,-1.0
238,107,4,-1.0
238,108,4,-1.0
238,109,4,-1.0
238,110,4,-1.0
238,111,4,-1.0
238,112,4,-1.0
238,113,4,-1.0
238,114,4,-1.0
238,115,4,-1.0
238,116,4,-1.0
238,117,4,-1.0
238,118,4,-1.0
238,119,4,-1.0
238,120,4,-1.0
238,121,4,-1.0
238,122,4,-1.0
238,123,4,-1.0
238,124,4,-1.0
238,125,4,-1.0
238,126,4,-1.0
238,127,4,-1.0
238,128,4,-1.0
238,129,4,-1.0
238,130,4,-1.0
238,131,4,-1.0
238,132,4,-1.0
238,133,4,-1.0
238,134,4,-1.0
238,135,4,-1.0
238,136,4,-1.0
238,137,4,-1.0
238,138,4,-1.0
238,139,4,-1.0
238,140,4,-1.0
238,141,4,-1.0
238,142,4,-1.0
238,143,4,-1.0
238,144,4,-1.0
238,145,4,-1.0
238,146,4,-1.0
238,147,4,-1.0
238,148,4,-1.0
238,149,4,-1.0
238,150,4,-1.0
238,151,4,-1.0
238,152,4,-1.0
238,153,4,-1.0
238,154,4,-1.0
238,155,4,-1.0
238,156,4,-1.0
238,157,4,-1.0
238,158,4,-1.0
238,159,4,-1.0
238,160,4,-1.0
238,161,4,-1.0
238,162,4,-1.0
238,163,4,-1.0
238,164,4,-1.0
238,165,4,-1.0
238,166,4,-1.0
238,167,4,-1.0
238,168,4,-1.0
238,169,4,-1.0
238,170,4,-1.0
238,171,4,-1.0
238,172,4,-1.0
238,173,4,-1.0
238,174,4,-1.0
238,175,4,-1.0
238,176,4,-1.0
238,177,4,-1.0
238,178,4,-1.0
238,179,4,-1.0
238,180,4,-1.0
238,181,4,-1.0
238,182,4,-1.0
238,183,4,-1.0
238,184,4,-1.0
238,185,4,-1.0
238,186,4,-1.0
238,187,4,-1.0
238,188,4,-1.0
238,189,4,-1.0
238,190,4,-1.0
238,191,4,-1.0
238,192,4,-1.0
238,193,4,-1.0
238,194,4,-1.0
238,195,4,-1.0
238,196,4,-1.0
238,197,4,-1.0
238,198,4,-1.0
238,199,4,-1.0
238,200,4,-1.0
238,201,4,-1.0
238,202,4,-1.0
238,203,4,-1.0
238,204,4,-1.0
238,205,4,-1.0
238,206,4,-1.0
238,207,4,-1.0
238,208,4,-1.0
238,209,4,-1.0
238,210,4,-1.0
238,211,4,-1.0
238,212,4,-1.0
238,213,4,-1.0
238,214,4,-1.0
238,215,4,-1.0
238,216,4,-1.0
238,217,4,-1.0
238,218,4,-1.0
238,219,4,-1.0
238,220,4,-1.0
238,221,4,-1.0
238,222,4,-1.0
238,223,4,-1.0
238,224,4,-1.0
238,225,4,-1.0
238,226,4,-1.0
238,227,4,-1.0
238,228,4,-1.0
238,229,4,-1.0
238,230,4,-1.0
238,231,4,-1.0
238,232,4,-1.0
238,233,4,-1.0
238,234,4,-1.0
238,235,4,-1.0
238,236,4,-1.0
238,237,4,-1.0
238,238,4,-1.0
238,239,4,-1.0
238,240,4,-1.0
238,241,4,-1.0
238,242,4,-1.0
238,243,4,-1.0
238,244,4,-1.0
238,245,4,-1.0
238,246,4,-1.0
238,247,4,-1.0
238,248,4,-1.0
238,249,4,-1.0
238,250,4,-1.0
239,0,4,-1.0
239,1,4,-1.0
239,2,4,-1.0
239,3,4,-1.0
239,4,4,-1.0
239,5,4,-1.0
239,6,4,-1.0
239,7,4,-1.0
239,8,4,-1.0
239,9,4,-1.0
239,10,4,-1.0
239,11,4,-1.0
239,12,4,-1.0
239,13,4,-1.0
239,14,4,-1.0
239,15,4,-1.0
239,16,4,-1.0
239,17,4,-1.0
239,18,4,-1.0
239,19,4,-1.0
239,20,4,-1.0
239,21,4,-1.0
239,22,4,-1.0
239,23,4,-1.0
239,24,4,-1.0
239,25,4,-1.0
239,26,4,-1.0
239,27,4,-1.0
239,28,4,-1.0
239,29,4,-1.0
239,30,4,-1.0
239,31,4,-1.0
239,32,4,-1.0
239,33,4,-1.0
239,34,4,-1.0
239,35,4,-1.0
239,36,4,-1.0
239,37,4,-1.0
239,38,4,-1.0
239,39,4,-1.0
239,40,4,-1.0
239,41,4,-1.0
239,42,4,-1.0
239,43,4,-1.0
239,44,4,-1.0
239,45,4,-1.0
239,46,4,-1.0
239,47,4,-1.0
239,48,4,-1.0
239,49,4,-1.0
239,50,4,-1.0
239,51,4,-1.0
239,52,4,-1.0
239,53,4,-1.0
239,54,4,-1.0
239,55,4,-1.0
239,56,4,-1.0
239,57,4,-1.0
239,58,4,-1.0
239,59,4,-1.0
239,60,4,-1.0
239,61,4,-1.0
239,62,4,-1.0
239,63,4,-1.0
239,64,4,-1.0
239,65,4,-1.0
239,66,4,-1.0
239,67,4,-1.0
239,68,4,-1.0
239,69,4,-1.0
239,70,4,-1.0
239,71,4,-1.0
239,72,4,-1.0
239,73,4,-1.0
239,74,4,-1.0
239,75,4,-1.0
239,76,4,-1.0
239,77,4,-1.0
239,78,4,-1.0
239,79,4,-1.0
239,80,4,-1.0
239,81,4,-1.0
239,82,4,-1.0
239,83,4,-1.0
239,84,4,-1.0
239,85,4,-1.0
239,86,4,-1.0
239,87,4,-1.0
239,88,4,-1.0
239,89,4,-1.0
239,90,4,-1.0
239,91,4,-1.0
239,92,4,-1.0
239,93,4,-1.0
239,94,4,-1.0
239,95,4,-1.0
239,96,4,-1.0
239,97,4,-1.0
239,98,4,-1.0
239,99,4,-1.0
239,100,4,-1.0
239,101,4,-1.0
239,102,4,-1.0
239,103,4,-1.0
239,104,4,-1.0
239,105,4,-1.0
239,106,4,-1.0
239,107,4,-1.0
239,108,4,-1.0
239,109,4,-1.0
239,110,4,-1.0
239,111,4,-1.0
239,112,4,-1.0
239,113,4,-1.0
239,114,4,-1.0
239,115,4,-1.0
239,116,4,-1.0
239,117,4,-1.0
239,118,4,-1.0
239,119,4,-1.0
239,120,4,-1.0
239,121,4,-1.0
239,122,4,-1.0
239,123,4,-1.0
239,124,4,-1.0
239,125,4,-1.0
239,126,4,-1.0
239,127,4,-1.0
239,128,4,-1.0
239,129,4,-1.0
239,130,4,-1.0
239,131,4,-1.0
239,132,4,-1.0
239,133,4,-1.0
239,134,4,-1.0
239,135,4,-1.0
239,136,4,-1.0
239,137,4,-1.0
239,138,4,-1.0
239,139,4,-1.0
239,140,4,-1.0
239,141,4,-1.0
239,142,4,-1.0
239,143,4,-1.0
239,144,4,-1.0
239,145,4,-1.0
239,146,4,-1.0
239,147,4,-1.0
239,148,4,-1.0
239,149,4,-1.0
239,150,4,-1.0
239,151,4,-1.0
239,152,4,-1.0
239,153,4,-1.0
239,154,4,-1.0
239,155,4,-1.0
239,156,4,-1.0
239,157,4,-1.0
239,158,4,-1.0
239,159,4,-1.0
239,160,4,-1.0
239,161,4,-1.0
239,162,4,-1.0
239,163,4,-1.0
239,164,4,-1.0
239,165,4,-1.0
239,166,4,-1.0
239,167,4,-1.0
239,168,4,-1.0
239,169,4,-1.0
239,170,4,-1.0
239,171,4,-1.0
239,172,4,-1.0
239,173,4,-1.0
239,174,4,-1.0
239,175,4,-1.0
239,176,4,-1.0
239,177,4,-1.0
239,178,4,-1.0
239,179,4,-1.0
239,180,4,-1.0
239,181,4,-1.0
239,182,4,-1.0
239,183,4,-1.0
239,184,4,-1.0
239,185,4,-1.0
239,186,4,-1.0
239,187,4,-1.0
239,188,4,-1.0
239,189,4,-1.0
239,190,4,-1.0
239,191,4,-1.0
239,192,4,-1.0
239,193,4,-1.0
239,194,4,-1.0
239,195,4,-1.0
239,196,4,-1.0
239,197,4,-1.0
239,198,4,-1.0
239,199,4,-1.0
239,200,4,-1.0
239,201,4,-1.0
239,202,4,-1.0
239,203,4,-1.0
239,204,4,-1.0
239,205,4,-1.0
239,206,4,-1.0
239,207,4,-1.0
239,208,4,-1.0
239,209,4,-1.0
239,210,4,-1.0
239,211,4,-1.0
239,212,4,-1.0
239,213,4,-1.0
239,214,4,-1.0
239,215,4,-1.0
239,216,4,-1.0
239,217,4,-1.0
239,218,4,-1.0
239,219,4,-1.0
239,220,4,-1.0
239,221,4,-1.0
239,222,4,-1.0
239,223,4,-1.0
239,224,4,-1.0
239,225,4,-1.0
239,226,4,-1.0
239,227,4,-1.0
239,228,4,-1.0
239,229,4,-1.0
239,230,4,-1.0
239,231,4,-1.0
239,232,4,-1.0
239,233,4,-1.0
239,234,4,-1.0
239,235,4,-1.0
239,236,4,-1.0
239,237,4,-1.0
239,238,4,-1.0
239,239,4,-1.0
239,240,4,-1.0
239,241,4,-1.0
239,242,4,-1.0
239,243,4,-1.0
239,244,4,-1.0
239,245,4,-1.0
239,246,4,-1.0
239,247,4,-1.0
239,248,4,-1.0
239,249,4,-1.0
239,250,4,-1.0
240,0,4,-1.0
240,1,4,-1.0
240,2,4,-1.0
240,3,4,-1.0
240,4,4,-1.0
240,5,4,-1.0
240,6,4,-1.0
240,7,4,-1.0
240,8,4,-1.0
240,9,4,-1.0
240,10,4,-1.0
240,11,4,-1.0
240,12,4,-1.0
240,13,4,-1.0
240,14,4,-1.0
240,15,4,-1.0
240,16,4,-1.0
240,17,4,-1.0
240,18,4,-1.0
240,19,4,-1.0
240,20,4,-1.0
240,21,4,-1.0
240,22,4,-1.0
240,23,4,-1.0
240,24,4,-1.0
240,25,4,-1.0
240,26,4,-1.0
240,27,4,-1.0
240,28,4,-1.0
240,29,4,-1.0
240,30,4,-1.0
240,31,4,-1.0
240,32,4,-1.0
240,33,4,-1.0
240,34,4,-1.0
240,35,4,-1.0
240,36,4,-1.0
240,37,4,-1.0
240,38,4,-1.0
240,39,4,-1.0
240,40,4,-1.0
240,41,4,-1.0
240,42,4,-1.0
240,43,4,-1.0
240,44,4,-1.0
240,45,4,-1.0
240,46,4,-1.0
240,47,4,-1.0
240,48,4,-1.0
240,49,4,-1.0
240,50,4,-1.0
240,51,4,-1.0
240,52,4,-1.0
240,53,4,-1.0
240,54,4,-1.0
240,55,4,-1.0
240,56,4,-1.0
240,57,4,-1.0
240,58,4,-1.0
240,59,4,-1.0
240,60,4,-1.0
240,61,4,-1.0
240,62,4,-1.0
240,63,4,-1.0
240,64,4,-1.0
240,65,4,-1.0
240,66,4,-1.0
240,67,4,-1.0
240,68,4,-1.0
240,69,4,-1.0
240,70,4,-1.0
240,71,4,-1.0
240,72,4,-1.0
240,73,4,-1.0
240,74,4,-1.0
240,75,4,-1.0
240,76,4,-1.0
240,77,4,-1.0
240,78,4,-1.0
240,79,4,-1.0
240,80,4,-1.0
240,81,4,-1.0
240,82,4,-1.0
240,83,4,-1.0
240,84,4,-1.0
240,85,4,-1.0
240,86,4,-1.0
240,87,4,-1.0
240,88,4,-1.0
240,89,4,-1.0
240,90,4,-1.0
240,91,4,-1.0
240,92,4,-1.0
240,93,4,-1.0
240,94,4,-1.0
240,95,4,-1.0
240,96,4,-1.0
240,97,4,-1.0
240,98,4,-1.0
240,99,4,-1.0
240,100,4,-1.0
240,101,4,-1.0
240,102,4,-1.0
240,103,4,-1.0
240,104,4,-1.0
240,105,4,-1.0
240,106,4,-1.0
240,107,4,-1.0
240,108,4,-1.0
240,109,4,-1.0
240,110,4,-1.0
240,111,4,-1.0
240,112,4,-1.0
240,113,4,-1.0
240,114,4,-1.0
240,115,4,-1.0
240,116,4,-1.0
240,117,4,-1.0
240,118,4,-1.0
240,119,4,-1.0
240,120,4,-1.0
240,121,4,-1.0
240,122,4,-1.0
240,123,4,-1.0
240,124,4,-1.0
240,125,4,-1.0
240,126,4,-1.0
240,127,4,-1.0
240,128,4,-1.0
240,129,4,-1.0
240,130,4,-1.0
240,131,4,-1.0
240,132,4,-1.0
240,133,4,-1.0
240,134,4,-1.0
240,135,4,-1.0
240,136,4,-1.0
240,137,4,-1.0
240,138,4,-1.0
240,139,4,-1.0
240,140,4,-1.0
240,141,4,-1.0
240,142,4,-1.0
240,143,4,-1.0
240,144,4,-1.0
240,145,4,-1.0
240,146,4,-1.0
240,147,4,-1.0
240,148,4,-1.0
240,149,4,-1.0
240,150,4,-1.0
240,151,4,-1.0
240,152,4,-1.0
240,153,4,-1.0
240,154,4,-1.0
240,155,4,-1.0
240,156,4,-1.0
240,157,4,-1.0
240,158,4,-1.0
240,159,4,-1.0
240,160,4,-1.0
240,161,4,-1.0
240,162,4,-1.0
240,163,4,-1.0
240,164,4,-1.0
240,165,4,-1.0
240,166,4,-1.0
240,167,4,-1.0
240,168,4,-1.0
240,169,4,-1.0
240,170,4,-1.0
240,171,4,-1.0
240,172,4,-1.0
240,173,4,-1.0
240,174,4,-1.0
240,175,4,-1.0
240,176,4,-1.0
240,177,4,-1.0
240,178,4,-1.0
240,179,4,-1.0
240,180,4,-1.0
240,181,4,-1.0
240,182,4,-1.0
240,183,4,-1.0
240,184,4,-1.0
240,185,4,-1.0
240,186,4,-1.0
240,187,4,-1.0
240,188,4,-1.0
240,189,4,-1.0
240,190,4,-1.0
240,191,4,-1.0
240,192,4,-1.0
240,193,4,-1.0
240,194,4,-1.0
240,195,4,-1.0
240,196,4,-1.0
240,197,4,-1.0
240,198,4,-1.0
240,199,4,-1.0
240,200,4,-1.0
240,201,4,-1.0
240,202,4,-1.0
240,203,4,-1.0
240,204,4,-1.0
240,205,4,-1.0
240,206,4,-1.0
240,207,4,-1.0
240,208,4,-1.0
240,209,4,-1.0
240,210,4,-1.0
240,211,4,-1.0
240,212,4,-1.0
240,213,4,-1.0
240,214,4,-1.0
240,215,4,-1.0
240,216,4,-1.0
240,217,4,-1.0
240,218,4,-1.0
240,219,4,-1.0
240,220,4,-1.0
240,221,4,-1.0
240,222,4,-1.0
240,223,4,-1.0
240,224,4,-1.0
240,225,4,-1.0
240,226,4,-1.0
240,227,4,-1.0
240,228,4,-1.0
240,229,4,-1.0
240,230,4,-1.0
240,231,4,-1.0
240,232,4,-1.0
240,233,4,-1.0
240,234,4,-1.0
240,235,4,-1.0
240,236,4,-1.0
240,237,4,-1.0
240,238,4,-1.0
240,239,4,-1.0
240,240,4,-1.0
240,241,4,-1.0
240,242,4,-1.0
240,243,4,-1.0
240,244,4,-1.0
240,245,4,-1.0
240,246,4,-1.0
240,247,4,-1.0
240,248,4,-1.0
240,249,4,-1.0
240,250,4,-1.0
241,0,4,-1.0
241,1,4,-1.0
241,2,4,-1.0
241,3,4,-1.0
241,4,4,-1.0
241,5,4,-1.0
241,6,4,-1.0
241,7,4,-1.0
241,8,4,-1.0
241,9,4,-1.0
241,10,4,-1.0
241,11,4,-1.0
241,12,4,-1.0
241,13,4,-1.0
241,14,4,-1.0
241,15,4,-1.0
241,16,4,-1.0
241,17,4,-1.0
241,18,4,-1.0
241,19,4,-1.0
241,20,4,-1.0
241,21,4,-1.0
241,22,4,-1.0
241,23,4,-1.0
241,24,4,-1.0
241,25,4,-1.0
241,26,4,-1.0
241,27,4,-1.0
241,28,4,-1.0
241,29,4,-1.0
241,30,4,-1.0
241,31,4,-1.0
241,32,4,-1.0
241,33,4,-1.0
241,34,4,-1.0
241,35,4,-1.0
241,36,4,-1.0
241,37,4,-1.0
241,38,4,-1.0
241,39,4,-1.0
241,40,4,-1.0
241,41,4,-1.0
241,42,4,-1.0
241,43,4,-1.0
241,44,4,-1.0
241,45,4,-1.0
241,46,4,-1.0
241,47,4,-1.0
241,48,4,-1.0
241,49,4,-1.0
241,50,4,-1.0
241,51,4,-1.0
241,52,4,-1.0
241,53,4,-1.0
241,54,4,-1.0
241,55,4,-1.0
241,56,4,-1.0
241,57,4,-1.0
241,58,4,-1.0
241,59,4,-1.0
241,60,4,-1.0
241,61,4,-1.0
241,62,4,-1.0
241,63,4,-1.0
241,64,4,-1.0
241,65,4,-1.0
241,66,4,-1.0
241,67,4,-1.0
241,68,4,-1.0
241,69,4,-1.0
241,70,4,-1.0
241,71,4,-1.0
241,72,4,-1.0
241,73,4,-1.0
241,74,4,-1.0
241,75,4,-1.0
241,76,4,-1.0
241,77,4,-1.0
241,78,4,-1.0
241,79,4,-1.0
241,80,4,-1.0
241,81,4,-1.0
241,82,4,-1.0
241,83,4,-1.0
241,84,4,-1.0
241,85,4,-1.0
241,86,4,-1.0
241,87,4,-1.0
241,88,4,-1.0
241,89,4,-1.0
241,90,4,-1.0
241,91,4,-1.0
241,92,4,-1.0
241,93,4,-1.0
241,94,4,-1.0
241,95,4,-1.0
241,96,4,-1.0
241,97,4,-1.0
241,98,4,-1.0
241,99,4,-1.0
241,100,4,-1.0
241,101,4,-1.0
241,102,4,-1.0
241,103,4,-1.0
241,104,4,-1.0
241,105,4,-1.0
241,106,4,-1.0
241,107,4,-1.0
241,108,4,-1.0
241,109,4,-1.0
241,110,4,-1.0
241,111,4,-1.0
241,112,4,-1.0
241,113,4,-1.0
241,114,4,-1.0
241,115,4,-1.0
241,116,4,-1.0
241,117,4,-1.0
241,118,4,-1.0
241,119,4,-1.0
241,120,4,-1.0
241,121,4,-1.0
241,122,4,-1.0
241,123,4,-1.0
241,124,4,-1.0
241,125,4,-1.0
241,126,4,-1.0
241,127,4,-1.0
241,128,4,-1.0
241,129,4,-1.0
241,130,4,-1.0
241,131,4,-1.0
241,132,4,-1.0
241,133,4,-1.0
241,134,4,-1.0
241,135,4,-1.0
241,136,4,-1.0
241,137,4,-1.0
241,138,4,-1.0
241,139,4,-1.0
241,140,4,-1.0
241,141,4,-1.0
241,142,4,-1.0
241,143,4,-1.0
241,144,4,-1.0
241,145,4,-1.0
241,146,4,-1.0
241,147,4,-1.0
241,148,4,-1.0
241,149,4,-1.0
241,150,4,-1.0
241,151,4,-1.0
241,152,4,-1.0
241,153,4,-1.0
241,154,4,-1.0
241,155,4,-1.0
241,156,4,-1.0
241,157,4,-1.0
241,158,4,-1.0
241,159,4,-1.0
241,160,4,-1.0
241,161,4,-1.0
241,162,4,-1.0
241,163,4,-1.0
241,164,4,-1.0
241,165,4,-1.0
241,166,4,-1.0
241,167,4,-1.0
241,168,4,-1.0
241,169,4,-1.0
241,170,4,-1.0
241,171,4,-1.0
241,172,4,-1.0
241,173,4,-1.0
241,174,4,-1.0
241,175,4,-1.0
241,176,4,-1.0
241,177,4,-1.0
241,178,4,-1.0
241,179,4,-1.0
241,180,4,-1.0
241,181,4,-1.0
241,182,4,-1.0
241,183,4,-1.0
241,184,4,-1.0
241,185,4,-1.0
241,186,4,-1.0
241,187,4,-1.0
241,188,4,-1.0
241,189,4,-1.0
241,190,4,-1.0
241,191,4,-1.0
241,192,4,-1.0
241,193,4,-1.0
241,194,4,-1.0
241,195,4,-1.0
241,196,4,-1.0
241,197,4,-1.0
241,198,4,-1.0
241,199,4,-1.0
241,200,4,-1.0
241,201,4,-1.0
241,202,4,-1.0
241,203,4,-1.0
241,204,4,-1.0
241,205,4,-1.0
241,206,4,-1.0
241,207,4,-1.0
241,208,4,-1.0
241,209,4,-1.0
241,210,4,-1.0
241,211,4,-1.0
241,212,4,-1.0
241,213,4,-1.0
241,214,4,-1.0
241,215,4,-1.0
241,216,4,-1.0
241,217,4,-1.0
241,218,4,-1.0
241,219,4,-1.0
241,220,4,-1.0
241,221,4,-1.0
241,222,4,-1.0
241,223,4,-1.0
241,224,4,-1.0
241,225,4,-1.0
241,226,4,-1.0
241,227,4,-1.0
241,228,4,-1.0
241,229,4,-1.0
241,230,4,-1.0
241,231,4,-1.0
241,232,4,-1.0
241,233,4,-1.0
241,234,4,-1.0
241,235,4,-1.0
241,236,4,-1.0
241,237,4,-1.0
241,238,4,-1.0
241,239,4,-1.0
241,240,4,-1.0
241,241,4,-1.0
241,242,4,-1.0
241,243,4,-1.0
241,244,4,-1.0
241,245,4,-1.0
241,246,4,-1.0
241,247,4,-1.0
241,248,4,-1.0
241,249,4,-1.0
241,250,4,-1.0
242,0,4,-1.0
242,1,4,-1.0
242,2,4,-1.0
242,3,4,-1.0
242,4,4,-1.0
242,5,4,-1.0
242,6,4,-1.0
242,7,4,-1.0
242,8,4,-1.0
242,9,4,-1.0
242,10,4,-1.0
242,11,4,-1.0
242,12,4,-1.0
242,13,4,-1.0
242,14,4,-1.0
242,15,4,-1.0
242,16,4,-1.0
242,17,4,-1.0
242,18,4,-1.0
242,19,4,-1.0
242,20,4,-1.0
242,21,4,-1.0
242,22,4,-1.0
242,23,4,-1.0
242,24,4,-1.0
242,25,4,-1.0
242,26,4,-1.0
242,27,4,-1.0
242,28,4,-1.0
242,29,4,-1.0
242,30,4,-1.0
242,31,4,-1.0
242,32,4,-1.0
242,33,4,-1.0
242,34,4,-1.0
242,35,4,-1.0
242,36,4,-1.0
242,37,4,-1.0
242,38,4,-1.0
242,39,4,-1.0
242,40,4,-1.0
242,41,4,-1.0
242,42,4,-1.0
242,43,4,-1.0
242,44,4,-1.0
242,45,4,-1.0
242,46,4,-1.0
242,47,4,-1.0
242,48,4,-1.0
242,49,4,-1.0
242,50,4,-1.0
242,51,4,-1.0
242,52,4,-1.0
242,53,4,-1.0
242,54,4,-1.0
242,55,4,-1.0
242,56,4,-1.0
242,57,4,-1.0
242,58,4,-1.0
242,59,4,-1.0
242,60,4,-1.0
242,61,4,-1.0
242,62,4,-1.0
242,63,4,-1.0
242,64,4,-1.0
242,65,4,-1.0
242,66,4,-1.0
242,67,4,-1.0
242,68,4,-1.0
242,69,4,-1.0
242,70,4,-1.0
242,71,4,-1.0
242,72,4,-1.0
242,73,4,-1.0
242,74,4,-1.0
242,75,4,-1.0
242,76,4,-1.0
242,77,4,-1.0
242,78,4,-1.0
242,79,4,-1.0
242,80,4,-1.0
242,81,4,-1.0
242,82,4,-1.0
242,83,4,-1.0
242,84,4,-1.0
242,85,4,-1.0
242,86,4,-1.0
242,87,4,-1.0
242,88,4,-1.0
242,89,4,-1.0
242,90,4,-1.0
242,91,4,-1.0
242,92,4,-1.0
242,93,4,-1.0
242,94,4,-1.0
242,95,4,-1.0
242,96,4,-1.0
242,97,4,-1.0
242,98,4,-1.0
242,99,4,-1.0
242,100,4,-1.0
242,101,4,-1.0
242,102,4,-1.0
242,103,4,-1.0
242,104,4,-1.0
242,105,4,-1.0
242,106,4,-1.0
242,107,4,-1.0
242,108,4,-1.0
242,109,4,-1.0
242,110,4,-1.0
242,111,4,-1.0
242,112,4,-1.0
242,113,4,-1.0
242,114,4,-1.0
242,115,4,-1.0
242,116,4,-1.0
242,117,4,-1.0
242,118,4,-1.0
242,119,4,-1.0
242,120,4,-1.0
242,121,4,-1.0
242,122,4,-1.0
242,123,4,-1.0
242,124,4,-1.0
242,125,4,-1.0
242,126,4,-1.0
242,127,4,-1.0
242,128,4,-1.0
242,129,4,-1.0
242,130,4,-1.0
242,131,4,-1.0
242,132,4,-1.0
242,133,4,-1.0
242,134,4,-1.0
242,135,4,-1.0
242,136,4,-1.0
242,137,4,-1.0
242,138,4,-1.0
242,139,4,-1.0
242,140,4,-1.0
242,141,4,-1.0
242,142,4,-1.0
242,143,4,-1.0
242,144,4,-1.0
242,145,4,-1.0
242,146,4,-1.0
242,147,4,-1.0
242,148,4,-1.0
242,149,4,-1.0
242,150,4,-1.0
242,151,4,-1.0
242,152,4,-1.0
242,153,4,-1.0
242,154,4,-1.0
242,155,4,-1.0
242,156,4,-1.0
242,157,4,-1.0
242,158,4,-1.0
242,159,4,-1.0
242,160,4,-1.0
242,161,4,-1.0
242,162,4,-1.0
242,163,4,-1.0
242,164,4,-1.0
242,165,4,-1.0
242,166,4,-1.0
242,167,4,-1.0
242,168,4,-1.0
242,169,4,-1.0
242,170,4,-1.0
242,171,4,-1.0
242,172,4,-1.0
242,173,4,-1.0
242,174,4,-1.0
242,175,4,-1.0
242,176,4,-1.0
242,177,4,-1.0
242,178,4,-1.0
242,179,4,-1.0
242,180,4,-1.0
242,181,4,-1.0
242,182,4,-1.0
242,183,4,-1.0
242,184,4,-1.0
242,185,4,-1.0
242,186,4,-1.0
242,187,4,-1.0
242,188,4,-1.0
242,189,4,-1.0
242,190,4,-1.0
242,191,4,-1.0
242,192,4,-1.0
242,193,4,-1.0
242,194,4,-1.0
242,195,4,-1.0
242,196,4,-1.0
242,197,4,-1.0
242,198,4,-1.0
242,199,4,-1.0
242,200,4,-1.0
242,201,4,-1.0
242,202,4,-1.0
242,203,4,-1.0
242,204,4,-1.0
242,205,4,-1.0
242,206,4,-1.0
242,207,4,-1.0
242,208,4,-1.0
242,209,4,-1.0
242,210,4,-1.0
242,211,4,-1.0
242,212,4,-1.0
242,213,4,-1.0
242,214,4,-1.0
242,215,4,-1.0
242,216,4,-1.0
242,217,4,-1.0
242,218,4,-1.0
242,219,4,-1.0
242,220,4,-1.0
242,221,4,-1.0
242,222,4,-1.0
242,223,4,-1.0
242,224,4,-1.0
242,225,4,-1.0
242,226,4,-1.0
242,227,4,-1.0
242,228,4,-1.0
242,229,4,-1.0
242,230,4,-1.0
242,231,4,-1.0
242,232,4,-1.0
242,233,4,-1.0
242,234,4,-1.0
242,235,4,-1.0
242,236,4,-1.0
242,237,4,-1.0
242,238,4,-1.0
242,239,4,-1.0
242,240,4,-1.0
242,241,4,-1.0
242,242,4,-1.0
242,243,4,-1.0
242,244,4,-1.0
242,245,4,-1.0
242,246,4,-1.0
242,247,4,-1.0
242,248,4,-1.0
242,249,4,-1.0
242,250,4,-1.0
243,0,4,-1.0
243,1,4,-1.0
243,2,4,-1.0
243,3,4,-1.0
243,4,4,-1.0
243,5,4,-1.0
243,6,4,-1.0
243,7,4,-1.0
243,8,4,-1.0
243,9,4,-1.0
243,10,4,-1.0
243,11,4,-1.0
243,12,4,-1.0
243,13,4,-1.0
243,14,4,-1.0
243,15,4,-1.0
243,16,4,-1.0
243,17,4,-1.0
243,18,4,-1.0
243,19,4,-1.0
243,20,4,-1.0
243,21,4,-1.0
243,22,4,-1.0
243,23,4,-1.0
243,24,4,-1.0
243,25,4,-1.0
243,26,4,-1.0
243,27,4,-1.0
243,28,4,-1.0
243,29,4,-1.0
243,30,4,-1.0
243,31,4,-1.0
243,32,4,-1.0
243,33,4,-1.0
243,34,4,-1.0
243,35,4,-1.0
243,36,4,-1.0
243,37,4,-1.0
243,38,4,-1.0
243,39,4,-1.0
243,40,4,-1.0
243,41,4,-1.0
243,42,4,-1.0
243,43,4,-1.0
243,44,4,-1.0
243,45,4,-1.0
243,46,4,-1.0
243,47,4,-1.0
243,48,4,-1.0
243,49,4,-1.0
243,50,4,-1.0
243,51,4,-1.0
243,52,4,-1.0
243,53,4,-1.0
243,54,4,-1.0
243,55,4,-1.0
243,56,4,-1.0
243,57,4,-1.0
243,58,4,-1.0
243,59,4,-1.0
243,60,4,-1.0
243,61,4,-1.0
243,62,4,-1.0
243,63,4,-1.0
243,64,4,-1.0
243,65,4,-1.0
243,66,4,-1.0
243,67,4,-1.0
243,68,4,-1.0
243,69,4,-1.0
243,70,4,-1.0
243,71,4,-1.0
243,72,4,-1.0
243,73,4,-1.0
243,74,4,-1.0
243,75,4,-1.0
243,76,4,-1.0
243,77,4,-1.0
243,78,4,-1.0
243,79,4,-1.0
243,80,4,-1.0
243,81,4,-1.0
243,82,4,-1.0
243,83,4,-1.0
243,84,4,-1.0
243,85,4,-1.0
243,86,4,-1.0
243,87,4,-1.0
243,88,4,-1.0
243,89,4,-1.0
243,90,4,-1.0
243,91,4,-1.0
243,92,4,-1.0
243,93,4,-1.0
243,94,4,-1.0
243,95,4,-1.0
243,96,4,-1.0
243,97,4,-1.0
243,98,4,-1.0
243,99,4,-1.0
243,100,4,-1.0
243,101,4,-1.0
243,102,4,-1.0
243,103,4,-1.0
243,104,4,-1.0
243,105,4,-1.0
243,106,4,-1.0
243,107,4,-1.0
243,108,4,-1.0
243,109,4,-1.0
243,110,4,-1.0
243,111,4,-1.0
243,112,4,-1.0
243,113,4,-1.0
243,114,4,-1.0
243,115,4,-1.0
243,116,4,-1.0
243,117,4,-1.0
243,118,4,-1.0
243,119,4,-1.0
243,120,4,-1.0
243,121,4,-1.0
243,122,4,-1.0
243,123,4,-1.0
243,124,4,-1.0
243,125,4,-1.0
243,126,4,-1.0
243,127,4,-1.0
243,128,4,-1.0
243,129,4,-1.0
243,130,4,-1.0
243,131,4,-1.0
243,132,4,-1.0
243,133,4,-1.0
243,134,4,-1.0
243,135,4,-1.0
243,136,4,-1.0
243,137,4,-1.0
243,138,4,-1.0
243,139,4,-1.0
243,140,4,-1.0
243,141,4,-1.0
243,142,4,-1.0
243,143,4,-1.0
243,144,4,-1.0
243,145,4,-1.0
243,146,4,-1.0
243,147,4,-1.0
243,148,4,-1.0
243,149,4,-1.0
243,150,4,-1.0
243,151,4,-1.0
243,152,4,-1.0
243,153,4,-1.0
243,154,4,-1.0
243,155,4,-1.0
243,156,4,-1.0
243,157,4,-1.0
243,158,4,-1.0
243,159,4,-1.0
243,160,4,-1.0
243,161,4,-1.0
243,162,4,-1.0
243,163,4,-1.0
243,164,4,-1.0
243,165,4,-1.0
243,166,4,-1.0
243,167,4,-1.0
243,168,4,-1.0
243,169,4,-1.0
243,170,4,-1.0
243,171,4,-1.0
243,172,4,-1.0
243,173,4,-1.0
243,174,4,-1.0
243,175,4,-1.0
243,176,4,-1.0
243,177,4,-1.0
243,178,4,-1.0
243,179,4,-1.0
243,180,4,-1.0
243,181,4,-1.0
243,182,4,-1.0
243,183,4,-1.0
243,184,4,-1.0
243,185,4,-1.0
243,186,4,-1.0
243,187,4,-1.0
243,188,4,-1.0
243,189,4,-1.0
243,190,4,-1.0
243,191,4,-1.0
243,192,4,-1.0
243,193,4,-1.0
243,194,4,-1.0
243,195,4,-1.0
243,196,4,-1.0
243,197,4,-1.0
243,198,4,-1.0
243,199,4,-1.0
243,200,4,-1.0
243,201,4,-1.0
243,202,4,-1.0
243,203,4,-1.0
243,204,4,-1.0
243,205,4,-1.0
243,206,4,-1.0
243,207,4,-1.0
243,208,4,-1.0
243,209,4,-1.0
243,210,4,-1.0
243,211,4,-1.0
243,212,4,-1.0
243,213,4,-1.0
243,214,4,-1.0
243,215,4,-1.0
243,216,4,-1.0
243,217,4,-1.0
243,218,4,-1.0
243,219,4,-1.0
243,220,4,-1.0
243,221,4,-1.0
243,222,4,-1.0
243,223,4,-1.0
243,224,4,-1.0
243,225,4,-1.0
243,226,4,-1.0
243,227,4,-1.0
243,228,4,-1.0
243,229,4,-1.0
243,230,4,-1.0
243,231,4,-1.0
243,232,4,-1.0
243,233,4,-1.0
243,234,4,-1.0
243,235,4,-1.0
243,236,4,-1.0
243,237,4,-1.0
243,238,4,-1.0
243,239,4,-1.0
243,240,4,-1.0
243,241,4,-1.0
243,242,4,-1.0
243,243,4,-1.0
243,244,4,-1.0
243,245,4,-1.0
243,246,4,-1.0
243,247,4,-1.0
243,248,4,-1.0
243,249,4,-1.0
243,250,4,-1.0
244,0,4,-1.0
244,1,4,-1.0
244,2,4,-1.0
244,3,4,-1.0
244,4,4,-1.0
244,5,4,-1.0
244,6,4,-1.0
244,7,4,-1.0
244,8,4,-1.0
244,9,4,-1.0
244,10,4,-1.0
244,11,4,-1.0
244,12,4,-1.0
244,13,4,-1.0
244,14,4,-1.0
244,15,4,-1.0
244,16,4,-1.0
244,17,4,-1.0
244,18,4,-1.0
244,19,4,-1.0
244,20,4,-1.0
244,21,4,-1.0
244,22,4,-1.0
244,23,4,-1.0
244,24,4,-1.0
244,25,4,-1.0
244,26,4,-1.0
244,27,4,-1.0
244,28,4,-1.0
244,29,4,-1.0
244,30,4,-1.0
244,31,4,-1.0
244,32,4,-1.0
244,33,4,-1.0
244,34,4,-1.0
244,35,4,-1.0
244,36,4,-1.0
244,37,4,-1.0
244,38,4,-1.0
244,39,4,-1.0
244,40,4,-1.0
244,41,4,-1.0
244,42,4,-1.0
244,43,4,-1.0
244,44,4,-1.0
244,45,4,-1.0
244,46,4,-1.0
244,47,4,-1.0
244,48,4,-1.0
244,49,4,-1.0
244,50,4,-1.0
244,51,4,-1.0
244,52,4,-1.0
244,53,4,-1.0
244,54,4,-1.0
244,55,4,-1.0
244,56,4,-1.0
244,57,4,-1.0
244,58,4,-1.0
244,59,4,-1.0
244,60,4,-1.0
244,61,4,-1.0
244,62,4,-1.0
244,63,4,-1.0
244,64,4,-1.0
244,65,4,-1.0
244,66,4,-1.0
244,67,4,-1.0
244,68,4,-1.0
244,69,4,-1.0
244,70,4,-1.0
244,71,4,-1.0
244,72,4,-1.0
244,73,4,-1.0
244,74,4,-1.0
244,75,4,-1.0
244,76,4,-1.0
244,77,4,-1.0
244,78,4,-1.0
244,79,4,-1.0
244,80,4,-1.0
244,81,4,-1.0
244,82,4,-1.0
244,83,4,-1.0
244,84,4,-1.0
244,85,4,-1.0
244,86,4,-1.0
244,87,4,-1.0
244,88,4,-1.0
244,89,4,-1.0
244,90,4,-1.0
244,91,4,-1.0
244,92,4,-1.0
244,93,4,-1.0
244,94,4,-1.0
244,95,4,-1.0
244,96,4,-1.0
244,97,4,-1.0
244,98,4,-1.0
244,99,4,-1.0
244,100,4,-1.0
244,101,4,-1.0
244,102,4,-1.0
244,103,4,-1.0
244,104,4,-1.0
244,105,4,-1.0
244,106,4,-1.0
244,107,4,-1.0
244,108,4,-1.0
244,109,4,-1.0
244,110,4,-1.0
244,111,4,-1.0
244,112,4,-1.0
244,113,4,-1.0
244,114,4,-1.0
244,115,4,-1.0
244,116,4,-1.0
244,117,4,-1.0
244,118,4,-1.0
244,119,4,-1.0
244,120,4,-1.0
244,121,4,-1.0
244,122,4,-1.0
244,123,4,-1.0
244,124,4,-1.0
244,125,4,-1.0
244,126,4,-1.0
244,127,4,-1.0
244,128,4,-1.0
244,129,4,-1.0
244,130,4,-1.0
244,131,4,-1.0
244,132,4,-1.0
244,133,4,-1.0
244,134,4,-1.0
244,135,4,-1.0
244,136,4,-1.0
244,137,4,-1.0
244,138,4,-1.0
244,139,4,-1.0
244,140,4,-1.0
244,141,4,-1.0
244,142,4,-1.0
244,143,4,-1.0
244,144,4,-1.0
244,145,4,-1.0
244,146,4,-1.0
244,147,4,-1.0
244,148,4,-1.0
244,149,4,-1.0
244,150,4,-1.0
244,151,4,-1.0
244,152,4,-1.0
244,153,4,-1.0
244,154,4,-1.0
244,155,4,-1.0
244,156,4,-1.0
244,157,4,-1.0
244,158,4,-1.0
244,159,4,-1.0
244,160,4,-1.0
244,161,4,-1.0
244,162,4,-1.0
244,163,4,-1.0
244,164,4,-1.0
244,165,4,-1.0
244,166,4,-1.0
244,167,4,-1.0
244,168,4,-1.0
244,169,4,-1.0
244,170,4,-1.0
244,171,4,-1.0
244,172,4,-1.0
244,173,4,-1.0
244,174,4,-1.0
244,175,4,-1.0
244,176,4,-1.0
244,177,4,-1.0
244,178,4,-1.0
244,179,4,-1.0
244,180,4,-1.0
244,181,4,-1.0
244,182,4,-1.0
244,183,4,-1.0
244,184,4,-1.0
244,185,4,-1.0
244,186,4,-1.0
244,187,4,-1.0
244,188,4,-1.0
244,189,4,-1.0
244,190,4,-1.0
244,191,4,-1.0
244,192,4,-1.0
244,193,4,-1.0
244,194,4,-1.0
244,195,4,-1.0
244,196,4,-1.0
244,197,4,-1.0
244,198,4,-1.0
244,199,4,-1.0
244,200,4,-1.0
244,201,4,-1.0
244,202,4,-1.0
244,203,4,-1.0
244,204,4,-1.0
244,205,4,-1.0
244,206,4,-1.0
244,207,4,-1.0
244,208,4,-1.0
244,209,4,-1.0
244,210,4,-1.0
244,211,4,-1.0
244,212,4,-1.0
244,213,4,-1.0
244,214,4,-1.0
244,215,4,-1.0
244,216,4,-1.0
244,217,4,-1.0
244,218,4,-1.0
244,219,4,-1.0
244,220,4,-1.0
244,221,4,-1.0
244,222,4,-1.0
244,223,4,-1.0
244,224,4,-1.0
244,225,4,-1.0
244,226,4,-1.0
244,227,4,-1.0
244,228,4,-1.0
244,229,4,-1.0
244,230,4,-1.0
244,231,4,-1.0
244,232,4,-1.0
244,233,4,-1.0
244,234,4,-1.0
244,235,4,-1.0
244,236,4,-1.0
244,237,4,-1.0
244,238,4,-1.0
244,239,4,-1.0
244,240,4,-1.0
244,241,4,-1.0
244,242,4,-1.0
244,243,4,-1.0
244,244,4,-1.0
244,245,4,-1.0
244,246,4,-1.0
244,247,4,-1.0
244,248,4,-1.0
244,249,4,-1.0
244,250,4,-1.0
245,0,4,-1.0
245,1,4,-1.0
245,2,4,-1.0
245,3,4,-1.0
245,4,4,-1.0
245,5,4,-1.0
245,6,4,-1.0
245,7,4,-1.0
245,8,4,-1.0
245,9,4,-1.0
245,10,4,-1.0
245,11,4,-1.0
245,12,4,-1.0
245,13,4,-1.0
245,14,4,-1.0
245,15,4,-1.0
245,16,4,-1.0
245,17,4,-1.0
245,18,4,-1.0
245,19,4,-1.0
245,20,4,-1.0
245,21,4,-1.0
245,22,4,-1.0
245,23,4,-1.0
245,24,4,-1.0
245,25,4,-1.0
245,26,4,-1.0
245,27,4,-1.0
245,28,4,-1.0
245,29,4,-1.0
245,30,4,-1.0
245,31,4,-1.0
245,32,4,-1.0
245,33,4,-1.0
245,34,4,-1.0
245,35,4,-1.0
245,36,4,-1.0
245,37,4,-1.0
245,38,4,-1.0
245,39,4,-1.0
245,40,4,-1.0
245,41,4,-1.0
245,42,4,-1.0
245,43,4,-1.0
245,44,4,-1.0
245,45,4,-1.0
245,46,4,-1.0
245,47,4,-1.0
245,48,4,-1.0
245,49,4,-1.0
245,50,4,-1.0
245,51,4,-1.0
245,52,4,-1.0
245,53,4,-1.0
245,54,4,-1.0
245,55,4,-1.0
245,56,4,-1.0
245,57,4,-1.0
245,58,4,-1.0
245,59,4,-1.0
245,60,4,-1.0
245,61,4,-1.0
245,62,4,-1.0
245,63,4,-1.0
245,64,4,-1.0
245,65,4,-1.0
245,66,4,-1.0
245,67,4,-1.0
245,68,4,-1.0
245,69,4,-1.0
245,70,4,-1.0
245,71,4,-1.0
245,72,4,-1.0
245,73,4,-1.0
245,74,4,-1.0
245,75,4,-1.0
245,76,4,-1.0
245,77,4,-1.0
245,78,4,-1.0
245,79,4,-1.0
245,80,4,-1.0
245,81,4,-1.0
245,82,4,-1.0
245,83,4,-1.0
245,84,4,-1.0
245,85,4,-1.0
245,86,4,-1.0
245,87,4,-1.0
245,88,4,-1.0
245,89,4,-1.0
245,90,4,-1.0
245,91,4,-1.0
245,92,4,-1.0
245,93,4,-1.0
245,94,4,-1.0
245,95,4,-1.0
245,96,4,-1.0
245,97,4,-1.0
245,98,4,-1.0
245,99,4,-1.0
245,100,4,-1.0
245,101,4,-1.0
245,102,4,-1.0
245,103,4,-1.0
245,104,4,-1.0
245,105,4,-1.0
245,106,4,-1.0
245,107,4,-1.0
245,108,4,-1.0
245,109,4,-1.0
245,110,4,-1.0
245,111,4,-1.0
245,112,4,-1.0
245,113,4,-1.0
245,114,4,-1.0
245,115,4,-1.0
245,116,4,-1.0
245,117,4,-1.0
245,118,4,-1.0
245,119,4,-1.0
245,120,4,-1.0
245,121,4,-1.0
245,122,4,-1.0
245,123,4,-1.0
245,124,4,-1.0
245,125,4,-1.0
245,126,4,-1.0
245,127,4,-1.0
245,128,4,-1.0
245,129,4,-1.0
245,130,4,-1.0
245,131,4,-1.0
245,132,4,-1.0
245,133,4,-1.0
245,134,4,-1.0
245,135,4,-1.0
245,136,4,-1.0
245,137,4,-1.0
245,138,4,-1.0
245,139,4,-1.0
245,140,4,-1.0
245,141,4,-1.0
245,142,4,-1.0
245,143,4,-1.0
245,144,4,-1.0
245,145,4,-1.0
245,146,4,-1.0
245,147,4,-1.0
245,148,4,-1.0
245,149,4,-1.0
245,150,4,-1.0
245,151,4,-1.0
245,152,4,-1.0
245,153,4,-1.0
245,154,4,-1.0
245,155,4,-1.0
245,156,4,-1.0
245,157,4,-1.0
245,158,4,-1.0
245,159,4,-1.0
245,160,4,-1.0
245,161,4,-1.0
245,162,4,-1.0
245,163,4,-1.0
245,164,4,-1.0
245,165,4,-1.0
245,166,4,-1.0
245,167,4,-1.0
245,168,4,-1.0
245,169,4,-1.0
245,170,4,-1.0
245,171,4,-1.0
245,172,4,-1.0
245,173,4,-1.0
245,174,4,-1.0
245,175,4,-1.0
245,176,4,-1.0
245,177,4,-1.0
245,178,4,-1.0
245,179,4,-1.0
245,180,4,-1.0
245,181,4,-1.0
245,182,4,-1.0
245,183,4,-1.0
245,184,4,-1.0
245,185,4,-1.0
245,186,4,-1.0
245,187,4,-1.0
245,188,4,-1.0
245,189,4,-1.0
245,190,4,-1.0
245,191,4,-1.0
245,192,4,-1.0
245,193,4,-1.0
245,194,4,-1.0
245,195,4,-1.0
245,196,4,-1.0
245,197,4,-1.0
245,198,4,-1.0
245,199,4,-1.0
245,200,4,-1.0
245,201,4,-1.0
245,202,4,-1.0
245,203,4,-1.0
245,204,4,-1.0
245,205,4,-1.0
245,206,4,-1.0
245,207,4,-1.0
245,208,4,-1.0
245,209,4,-1.0
245,210,4,-1.0
245,211,4,-1.0
245,212,4,-1.0
245,213,4,-1.0
245,214,4,-1.0
245,215,4,-1.0
245,216,4,-1.0
245,217,4,-1.0
245,218,4,-1.0
245,219,4,-1.0
245,220,4,-1.0
245,221,4,-1.0
245,222,4,-1.0
245,223,4,-1.0
245,224,4,-1.0
245,225,4,-1.0
245,226,4,-1.0
245,227,4,-1.0
245,228,4,-1.0
245,229,4,-1.0
245,230,4,-1.0
245,231,4,-1.0
245,232,4,-1.0
245,233,4,-1.0
245,234,4,-1.0
245,235,4,-1.0
245,236,4,-1.0
245,237,4,-1.0
245,238,4,-1.0
245,239,4,-1.0
245,240,4,-1.0
245,241,4,-1.0
245,242,4,-1.0
245,243,4,-1.0
245,244,4,-1.0
245,245,4,-1.0
245,246,4,-1.0
245,247,4,-1.0
245,248,4,-1.0
245,249,4,-1.0
245,250,4,-1.0
246,0,4,-1.0
246,1,4,-1.0
246,2,4,-1.0
246,3,4,-1.0
246,4,4,-1.0
246,5,4,-1.0
246,6,4,-1.0
246,7,4,-1.0
246,8,4,-1.0
246,9,4,-1.0
246,10,4,-1.0
246,11,4,-1.0
246,12,4,-1.0
246,13,4,-1.0
246,14,4,-1.0
246,15,4,-1.0
246,16,4,-1.0
246,17,4,-1.0
246,18,4,-1.0
246,19,4,-1.0
246,20,4,-1.0
246,21,4,-1.0
246,22,4,-1.0
246,23,4,-1.0
246,24,4,-1.0
246,25,4,-1.0
246,26,4,-1.0
246,27,4,-1.0
246,28,4,-1.0
246,29,4,-1.0
246,30,4,-1.0
246,31,4,-1.0
246,32,4,-1.0
246,33,4,-1.0
246,34,4,-1.0
246,35,4,-1.0
246,36,4,-1.0
246,37,4,-1.0
246,38,4,-1.0
246,39,4,-1.0
246,40,4,-1.0
246,41,4,-1.0
246,42,4,-1.0
246,43,4,-1.0
246,44,4,-1.0
246,45,4,-1.0
246,46,4,-1.0
246,47,4,-1.0
246,48,4,-1.0
246,49,4,-1.0
246,50,4,-1.0
246,51,4,-1.0
246,52,4,-1.0
246,53,4,-1.0
246,54,4,-1.0
246,55,4,-1.0
246,56,4,-1.0
246,57,4,-1.0
246,58,4,-1.0
246,59,4,-1.0
246,60,4,-1.0
246,61,4,-1.0
246,62,4,-1.0
246,63,4,-1.0
246,64,4,-1.0
246,65,4,-1.0
246,66,4,-1.0
246,67,4,-1.0
246,68,4,-1.0
246,69,4,-1.0
246,70,4,-1.0
246,71,4,-1.0
246,72,4,-1.0
246,73,4,-1.0
246,74,4,-1.0
246,75,4,-1.0
246,76,4,-1.0
246,77,4,-1.0
246,78,4,-1.0
246,79,4,-1.0
246,80,4,-1.0
246,81,4,-1.0
246,82,4,-1.0
246,83,4,-1.0
246,84,4,-1.0
246,85,4,-1.0
246,86,4,-1.0
246,87,4,-1.0
246,88,4,-1.0
246,89,4,-1.0
246,90,4,-1.0
246,91,4,-1.0
246,92,4,-1.0
246,93,4,-1.0
246,94,4,-1.0
246,95,4,-1.0
246,96,4,-1.0
246,97,4,-1.0
246,98,4,-1.0
246,99,4,-1.0
246,100,4,-1.0
246,101,4,-1.0
246,102,4,-1.0
246,103,4,-1.0
246,104,4,-1.0
246,105,4,-1.0
246,106,4,-1.0
246,107,4,-1.0
246,108,4,-1.0
246,109,4,-1.0
246,110,4,-1.0
246,111,4,-1.0
246,112,4,-1.0
246,113,4,-1.0
246,114,4,-1.0
246,115,4,-1.0
246,116,4,-1.0
246,117,4,-1.0
246,118,4,-1.0
246,119,4,-1.0
246,120,4,-1.0
246,121,4,-1.0
246,122,4,-1.0
246,123,4,-1.0
246,124,4,-1.0
246,125,4,-1.0
246,126,4,-1.0
246,127,4,-1.0
246,128,4,-1.0
246,129,4,-1.0
246,130,4,-1.0
246,131,4,-1.0
246,132,4,-1.0
246,133,4,-1.0
246,134,4,-1.0
246,135,4,-1.0
246,136,4,-1.0
246,137,4,-1.0
246,138,4,-1.0
246,139,4,-1.0
246,140,4,-1.0
246,141,4,-1.0
246,142,4,-1.0
246,143,4,-1.0
246,144,4,-1.0
246,145,4,-1.0
246,146,4,-1.0
246,147,4,-1.0
246,148,4,-1.0
246,149,4,-1.0
246,150,4,-1.0
246,151,4,-1.0
246,152,4,-1.0
246,153,4,-1.0
246,154,4,-1.0
246,155,4,-1.0
246,156,4,-1.0
246,157,4,-1.0
246,158,4,-1.0
246,159,4,-1.0
246,160,4,-1.0
246,161,4,-1.0
246,162,4,-1.0
246,163,4,-1.0
246,164,4,-1.0
246,165,4,-1.0
246,166,4,-1.0
246,167,4,-1.0
246,168,4,-1.0
246,169,4,-1.0
246,170,4,-1.0
246,171,4,-1.0
246,172,4,-1.0
246,173,4,-1.0
246,174,4,-1.0
246,175,4,-1.0
246,176,4,-1.0
246,177,4,-1.0
246,178,4,-1.0
246,179,4,-1.0
246,180,4,-1.0
246,181,4,-1.0
246,182,4,-1.0
246,183,4,-1.0
246,184,4,-1.0
246,185,4,-1.0
246,186,4,-1.0
246,187,4,-1.0
246,188,4,-1.0
246,189,4,-1.0
246,190,4,-1.0
246,191,4,-1.0
246,192,4,-1.0
246,193,4,-1.0
246,194,4,-1.0
246,195,4,-1.0
246,196,4,-1.0
246,197,4,-1.0
246,198,4,-1.0
246,199,4,-1.0
246,200,4,-1.0
246,201,4,-1.0
246,202,4,-1.0
246,203,4,-1.0
246,204,4,-1.0
246,205,4,-1.0
246,206,4,-1.0
246,207,4,-1.0
246,208,4,-1.0
246,209,4,-1.0
246,210,4,-1.0
246,211,4,-1.0
246,212,4,-1.0
246,213,4,-1.0
246,214,4,-1.0
246,215,4,-1.0
246,216,4,-1.0
246,217,4,-1.0
246,218,4,-1.0
246,219,4,-1.0
246,220,4,-1.0
246,221,4,-1.0
246,222,4,-1.0
246,223,4,-1.0
246,224,4,-1.0
246,225,4,-1.0
246,226,4,-1.0
246,227,4,-1.0
246,228,4,-1.0
246,229,4,-1.0
246,230,4,-1.0
246,231,4,-1.0
246,232,4,-1.0
246,233,4,-1.0
246,234,4,-1.0
246,235,4,-1.0
246,236,4,-1.0
246,237,4,-1.0
246,238,4,-1.0
246,239,4,-1.0
246,240,4,-1.0
246,241,4,-1.0
246,242,4,-1.0
246,243,4,-1.0
246,244,4,-1.0
246,245,4,-1.0
246,246,4,-1.0
246,247,4,-1.0
246,248,4,-1.0
246,249,4,-1.0
246,250,4,-1.0
247,0,4,-1.0
247,1,4,-1.0
247,2,4,-1.0
247,3,4,-1.0
247,4,4,-1.0
247,5,4,-1.0
247,6,4,-1.0
247,7,4,-1.0
247,8,4,-1.0
247,9,4,-1.0
247,10,4,-1.0
247,11,4,-1.0
247,12,4,-1.0
247,13,4,-1.0
247,14,4,-1.0
247,15,4,-1.0
247,16,4,-1.0
247,17,4,-1.0
247,18,4,-1.0
247,19,4,-1.0
247,20,4,-1.0
247,21,4,-1.0
247,22,4,-1.0
247,23,4,-1.0
247,24,4,-1.0
247,25,4,-1.0
247,26,4,-1.0
247,27,4,-1.0
247,28,4,-1.0
247,29,4,-1.0
247,30,4,-1.0
247,31,4,-1.0
247,32,4,-1.0
247,33,4,-1.0
247,34,4,-1.0
247,35,4,-1.0
247,36,4,-1.0
247,37,4,-1.0
247,38,4,-1.0
247,39,4,-1.0
247,40,4,-1.0
247,41,4,-1.0
247,42,4,-1.0
247,43,4,-1.0
247,44,4,-1.0
247,45,4,-1.0
247,46,4,-1.0
247,47,4,-1.0
247,48,4,-1.0
247,49,4,-1.0
247,50,4,-1.0
247,51,4,-1.0
247,52,4,-1.0
247,53,4,-1.0
247,54,4,-1.0
247,55,4,-1.0
247,56,4,-1.0
247,57,4,-1.0
247,58,4,-1.0
247,59,4,-1.0
247,60,4,-1.0
247,61,4,-1.0
247,62,4,-1.0
247,63,4,-1.0
247,64,4,-1.0
247,65,4,-1.0
247,66,4,-1.0
247,67,4,-1.0
247,68,4,-1.0
247,69,4,-1.0
247,70,4,-1.0
247,71,4,-1.0
247,72,4,-1.0
247,73,4,-1.0
247,74,4,-1.0
247,75,4,-1.0
247,76,4,-1.0
247,77,4,-1.0
247,78,4,-1.0
247,79,4,-1.0
247,80,4,-1.0
247,81,4,-1.0
247,82,4,-1.0
247,83,4,-1.0
247,84,4,-1.0
247,85,4,-1.0
247,86,4,-1.0
247,87,4,-1.0
247,88,4,-1.0
247,89,4,-1.0
247,90,4,-1.0
247,91,4,-1.0
247,92,4,-1.0
247,93,4,-1.0
247,94,4,-1.0
247,95,4,-1.0
247,96,4,-1.0
247,97,4,-1.0
247,98,4,-1.0
247,99,4,-1.0
247,100,4,-1.0
247,101,4,-1.0
247,102,4,-1.0
247,103,4,-1.0
247,104,4,-1.0
247,105,4,-1.0
247,106,4,-1.0
247,107,4,-1.0
247,108,4,-1.0
247,109,4,-1.0
247,110,4,-1.0
247,111,4,-1.0
247,112,4,-1.0
247,113,4,-1.0
247,114,4,-1.0
247,115,4,-1.0
247,116,4,-1.0
247,117,4,-1.0
247,118,4,-1.0
247,119,4,-1.0
247,120,4,-1.0
247,121,4,-1.0
247,122,4,-1.0
247,123,4,-1.0
247,124,4,-1.0
247,125,4,-1.0
247,126,4,-1.0
247,127,4,-1.0
247,128,4,-1.0
247,129,4,-1.0
247,130,4,-1.0
247,131,4,-1.0
247,132,4,-1.0
247,133,4,-1.0
247,134,4,-1.0
247,135,4,-1.0
247,136,4,-1.0
247,137,4,-1.0
247,138,4,-1.0
247,139,4,-1.0
247,140,4,-1.0
247,141,4,-1.0
247,142,4,-1.0
247,143,4,-1.0
247,144,4,-1.0
247,145,4,-1.0
247,146,4,-1.0
247,147,4,-1.0
247,148,4,-1.0
247,149,4,-1.0
247,150,4,-1.0
247,151,4,-1.0
247,152,4,-1.0
247,153,4,-1.0
247,154,4,-1.0
247,155,4,-1.0
247,156,4,-1.0
247,157,4,-1.0
247,158,4,-1.0
247,159,4,-1.0
247,160,4,-1.0
247,161,4,-1.0
247,162,4,-1.0
247,163,4,-1.0
247,164,4,-1.0
247,165,4,-1.0
247,166,4,-1.0
247,167,4,-1.0
247,168,4,-1.0
247,169,4,-1.0
247,170,4,-1.0
247,171,4,-1.0
247,172,4,-1.0
247,173,4,-1.0
247,174,4,-1.0
247,175,4,-1.0
247,176,4,-1.0
247,177,4,-1.0
247,178,4,-1.0
247,179,4,-1.0
247,180,4,-1.0
247,181,4,-1.0
247,182,4,-1.0
247,183,4,-1.0
247,184,4,-1.0
247,185,4,-1.0
247,186,4,-1.0
247,187,4,-1.0
247,188,4,-1.0
247,189,4,-1.0
247,190,4,-1.0
247,191,4,-1.0
247,192,4,-1.0
247,193,4,-1.0
247,194,4,-1.0
247,195,4,-1.0
247,196,4,-1.0
247,197,4,-1.0
247,198,4,-1.0
247,199,4,-1.0
247,200,4,-1.0
247,201,4,-1.0
247,202,4,-1.0
247,203,4,-1.0
247,204,4,-1.0
247,205,4,-1.0
247,206,4,-1.0
247,207,4,-1.0
247,208,4,-1.0
247,209,4,-1.0
247,210,4,-1.0
247,211,4,-1.0
247,212,4,-1.0
247,213,4,-1.0
247,214,4,-1.0
247,215,4,-1.0
247,216,4,-1.0
247,217,4,-1.0
247,218,4,-1.0
247,219,4,-1.0
247,220,4,-1.0
247,221,4,-1.0
247,222,4,-1.0
247,223,4,-1.0
247,224,4,-1.0
247,225,4,-1.0
247,226,4,-1.0
247,227,4,-1.0
247,228,4,-1.0
247,229,4,-1.0
247,230,4,-1.0
247,231,4,-1.0
247,232,4,-1.0
247,233,4,-1.0
247,234,4,-1.0
247,235,4,-1.0
247,236,4,-1.0
247,237,4,-1.0
247,238,4,-1.0
247,239,4,-1.0
247,240,4,-1.0
247,241,4,-1.0
247,242,4,-1.0
247,243,4,-1.0
247,244,4,-1.0
247,245,4,-1.0
247,246,4,-1.0
247,247,4,-1.0
247,248,4,-1.0
247,249,4,-1.0
247,250,4,-1.0
248,0,4,-1.0
248,1,4,-1.0
248,2,4,-1.0
248,3,4,-1.0
248,4,4,-1.0
248,5,4,-1.0
248,6,4,-1.0
248,7,4,-1.0
248,8,4,-1.0
248,9,4,-1.0
248,10,4,-1.0
248,11,4,-1.0
248,12,4,-1.0
248,13,4,-1.0
248,14,4,-1.0
248,15,4,-1.0
248,16,4,-1.0
248,17,4,-1.0
248,18,4,-1.0
248,19,4,-1.0
248,20,4,-1.0
248,21,4,-1.0
248,22,4,-1.0
248,23,4,-1.0
248,24,4,-1.0
248,25,4,-1.0
248,26,4,-1.0
248,27,4,-1.0
248,28,4,-1.0
248,29,4,-1.0
248,30,4,-1.0
248,31,4,-1.0
248,32,4,-1.0
248,33,4,-1.0
248,34,4,-1.0
248,35,4,-1.0
248,36,4,-1.0
248,37,4,-1.0
248,38,4,-1.0
248,39,4,-1.0
248,40,4,-1.0
248,41,4,-1.0
248,42,4,-1.0
248,43,4,-1.0
248,44,4,-1.0
248,45,4,-1.0
248,46,4,-1.0
248,47,4,-1.0
248,48,4,-1.0
248,49,4,-1.0
248,50,4,-1.0
248,51,4,-1.0
248,52,4,-1.0
248,53,4,-1.0
248,54,4,-1.0
248,55,4,-1.0
248,56,4,-1.0
248,57,4,-1.0
248,58,4,-1.0
248,59,4,-1.0
248,60,4,-1.0
248,61,4,-1.0
248,62,4,-1.0
248,63,4,-1.0
248,64,4,-1.0
248,65,4,-1.0
248,66,4,-1.0
248,67,4,-1.0
248,68,4,-1.0
248,69,4,-1.0
248,70,4,-1.0
248,71,4,-1.0
248,72,4,-1.0
248,73,4,-1.0
248,74,4,-1.0
248,75,4,-1.0
248,76,4,-1.0
248,77,4,-1.0
248,78,4,-1.0
248,79,4,-1.0
248,80,4,-1.0
248,81,4,-1.0
248,82,4,-1.0
248,83,4,-1.0
248,84,4,-1.0
248,85,4,-1.0
248,86,4,-1.0
248,87,4,-1.0
248,88,4,-1.0
248,89,4,-1.0
248,90,4,-1.0
248,91,4,-1.0
248,92,4,-1.0
248,93,4,-1.0
248,94,4,-1.0
248,95,4,-1.0
248,96,4,-1.0
248,97,4,-1.0
248,98,4,-1.0
248,99,4,-1.0
248,100,4,-1.0
248,101,4,-1.0
248,102,4,-1.0
248,103,4,-1.0
248,104,4,-1.0
248,105,4,-1.0
248,106,4,-1.0
248,107,4,-1.0
248,108,4,-1.0
248,109,4,-1.0
248,110,4,-1.0
248,111,4,-1.0
248,112,4,-1.0
248,113,4,-1.0
248,114,4,-1.0
248,115,4,-1.0
248,116,4,-1.0
248,117,4,-1.0
248,118,4,-1.0
248,119,4,-1.0
248,120,4,-1.0
248,121,4,-1.0
248,122,4,-1.0
248,123,4,-1.0
248,124,4,-1.0
248,125,4,-1.0
248,126,4,-1.0
248,127,4,-1.0
248,128,4,-1.0
248,129,4,-1.0
248,130,4,-1.0
248,131,4,-1.0
248,132,4,-1.0
248,133,4,-1.0
248,134,4,-1.0
248,135,4,-1.0
248,136,4,-1.0
248,137,4,-1.0
248,138,4,-1.0
248,139,4,-1.0
248,140,4,-1.0
248,141,4,-1.0
248,142,4,-1.0
248,143,4,-1.0
248,144,4,-1.0
248,145,4,-1.0
248,146,4,-1.0
248,147,4,-1.0
248,148,4,-1.0
248,149,4,-1.0
248,150,4,-1.0
248,151,4,-1.0
248,152,4,-1.0
248,153,4,-1.0
248,154,4,-1.0
248,155,4,-1.0
248,156,4,-1.0
248,157,4,-1.0
248,158,4,-1.0
248,159,4,-1.0
248,160,4,-1.0
248,161,4,-1.0
248,162,4,-1.0
248,163,4,-1.0
248,164,4,-1.0
248,165,4,-1.0
248,166,4,-1.0
248,167,4,-1.0
248,168,4,-1.0
248,169,4,-1.0
248,170,4,-1.0
248,171,4,-1.0
248,172,4,-1.0
248,173,4,-1.0
248,174,4,-1.0
248,175,4,-1.0
248,176,4,-1.0
248,177,4,-1.0
248,178,4,-1.0
248,179,4,-1.0
248,180,4,-1.0
248,181,4,-1.0
248,182,4,-1.0
248,183,4,-1.0
248,184,4,-1.0
248,185,4,-1.0
248,186,4,-1.0
248,187,4,-1.0
248,188,4,-1.0
248,189,4,-1.0
248,190,4,-1.0
248,191,4,-1.0
248,192,4,-1.0
248,193,4,-1.0
248,194,4,-1.0
248,195,4,-1.0
248,196,4,-1.0
248,197,4,-1.0
248,198,4,-1.0
248,199,4,-1.0
248,200,4,-1.0
248,201,4,-1.0
248,202,4,-1.0
248,203,4,-1.0
248,204,4,-1.0
248,205,4,-1.0
248,206,4,-1.0
248,207,4,-1.0
248,208,4,-1.0
248,209,4,-1.0
248,210,4,-1.0
248,211,4,-1.0
248,212,4,-1.0
248,213,4,-1.0
248,214,4,-1.0
248,215,4,-1.0
248,216,4,-1.0
248,217,4,-1.0
248,218,4,-1.0
248,219,4,-1.0
248,220,4,-1.0
248,221,4,-1.0
248,222,4,-1.0
248,223,4,-1.0
248,224,4,-1.0
248,225,4,-1.0
248,226,4,-1.0
248,227,4,-1.0
248,228,4,-1.0
248,229,4,-1.0
248,230,4,-1.0
248,231,4,-1.0
248,232,4,-1.0
248,233,4,-1.0
248,234,4,-1.0
248,235,4,-1.0
248,236,4,-1.0
248,237,4,-1.0
248,238,4,-1.0
248,239,4,-1.0
248,240,4,-1.0
248,241,4,-1.0
248,242,4,-1.0
248,243,4,-1.0
248,244,4,-1.0
248,245,4,-1.0
248,246,4,-1.0
248,247,4,-1.0
248,248,4,-1.0
248,249,4,-1.0
248,250,4,-1.0
249,0,4,-1.0
249,1,4,-1.0
249,2,4,-1.0
249,3,4,-1.0
249,4,4,-1.0
249,5,4,-1.0
249,6,4,-1.0
249,7,4,-1.0
249,8,4,-1.0
249,9,4,-1.0
249,10,4,-1.0
249,11,4,-1.0
249,12,4,-1.0
249,13,4,-1.0
249,14,4,-1.0
249,15,4,-1.0
249,16,4,-1.0
249,17,4,-1.0
249,18,4,-1.0
249,19,4,-1.0
249,20,4,-1.0
249,21,4,-1.0
249,22,4,-1.0
249,23,4,-1.0
249,24,4,-1.0
249,25,4,-1.0
249,26,4,-1.0
249,27,4,-1.0
249,28,4,-1.0
249,29,4,-1.0
249,30,4,-1.0
249,31,4,-1.0
249,32,4,-1.0
249,33,4,-1.0
249,34,4,-1.0
249,35,4,-1.0
249,36,4,-1.0
249,37,4,-1.0
249,38,4,-1.0
249,39,4,-1.0
249,40,4,-1.0
249,41,4,-1.0
249,42,4,-1.0
249,43,4,-1.0
249,44,4,-1.0
249,45,4,-1.0
249,46,4,-1.0
249,47,4,-1.0
249,48,4,-1.0
249,49,4,-1.0
249,50,4,-1.0
249,51,4,-1.0
249,52,4,-1.0
249,53,4,-1.0
249,54,4,-1.0
249,55,4,-1.0
249,56,4,-1.0
249,57,4,-1.0
249,58,4,-1.0
249,59,4,-1.0
249,60,4,-1.0
249,61,4,-1.0
249,62,4,-1.0
249,63,4,-1.0
249,64,4,-1.0
249,65,4,-1.0
249,66,4,-1.0
249,67,4,-1.0
249,68,4,-1.0
249,69,4,-1.0
249,70,4,-1.0
249,71,4,-1.0
249,72,4,-1.0
249,73,4,-1.0
249,74,4,-1.0
249,75,4,-1.0
249,76,4,-1.0
249,77,4,-1.0
249,78,4,-1.0
249,79,4,-1.0
249,80,4,-1.0
249,81,4,-1.0
249,82,4,-1.0
249,83,4,-1.0
249,84,4,-1.0
249,85,4,-1.0
249,86,4,-1.0
249,87,4,-1.0
249,88,4,-1.0
249,89,4,-1.0
249,90,4,-1.0
249,91,4,-1.0
249,92,4,-1.0
249,93,4,-1.0
249,94,4,-1.0
249,95,4,-1.0
249,96,4,-1.0
249,97,4,-1.0
249,98,4,-1.0
249,99,4,-1.0
249,100,4,-1.0
249,101,4,-1.0
249,102,4,-1.0
249,103,4,-1.0
249,104,4,-1.0
249,105,4,-1.0
249,106,4,-1.0
249,107,4,-1.0
249,108,4,-1.0
249,109,4,-1.0
249,110,4,-1.0
249,111,4,-1.0
249,112,4,-1.0
249,113,4,-1.0
249,114,4,-1.0
249,115,4,-1.0
249,116,4,-1.0
249,117,4,-1.0
249,118,4,-1.0
249,119,4,-1.0
249,120,4,-1.0
249,121,4,-1.0
249,122,4,-1.0
249,123,4,-1.0
249,124,4,-1.0
249,125,4,-1.0
249,126,4,-1.0
249,127,4,-1.0
249,128,4,-1.0
249,129,4,-1.0
249,130,4,-1.0
249,131,4,-1.0
249,132,4,-1.0
249,133,4,-1.0
249,134,4,-1.0
249,135,4,-1.0
249,136,4,-1.0
249,137,4,-1.0
249,138,4,-1.0
249,139,4,-1.0
249,140,4,-1.0
249,141,4,-1.0
249,142,4,-1.0
249,143,4,-1.0
249,144,4,-1.0
249,145,4,-1.0
249,146,4,-1.0
249,147,4,-1.0
249,148,4,-1.0
249,149,4,-1.0
249,150,4,-1.0
249,151,4,-1.0
249,152,4,-1.0
249,153,4,-1.0
249,154,4,-1.0
249,155,4,-1.0
249,156,4,-1.0
249,157,4,-1.0
249,158,4,-1.0
249,159,4,-1.0
249,160,4,-1.0
249,161,4,-1.0
249,162,4,-1.0
249,163,4,-1.0
249,164,4,-1.0
249,165,4,-1.0
249,166,4,-1.0
249,167,4,-1.0
249,168,4,-1.0
249,169,4,-1.0
249,170,4,-1.0
249,171,4,-1.0
249,172,4,-1.0
249,173,4,-1.0
249,174,4,-1.0
249,175,4,-1.0
249,176,4,-1.0
249,177,4,-1.0
249,178,4,-1.0
249,179,4,-1.0
249,180,4,-1.0
249,181,4,-1.0
249,182,4,-1.0
249,183,4,-1.0
249,184,4,-1.0
249,185,4,-1.0
249,186,4,-1.0
249,187,4,-1.0
249,188,4,-1.0
249,189,4,-1.0
249,190,4,-1.0
249,191,4,-1.0
249,192,4,-1.0
249,193,4,-1.0
249,194,4,-1.0
249,195,4,-1.0
249,196,4,-1.0
249,197,4,-1.0
249,198,4,-1.0
249,199,4,-1.0
249,200,4,-1.0
249,201,4,-1.0
249,202,4,-1.0
249,203,4,-1.0
249,204,4,-1.0
249,205,4,-1.0
249,206,4,-1.0
249,207,4,-1.0
249,208,4,-1.0
249,209,4,-1.0
249,210,4,-1.0
249,211,4,-1.0
249,212,4,-1.0
249,213,4,-1.0
249,214,4,-1.0
249,215,4,-1.0
249,216,4,-1.0
249,217,4,-1.0
249,218,4,-1.0
249,219,4,-1.0
249,220,4,-1.0
249,221,4,-1.0
249,222,4,-1.0
249,223,4,-1.0
249,224,4,-1.0
249,225,4,-1.0
249,226,4,-1.0
249,227,4,-1.0
249,228,4,-1.0
249,229,4,-1.0
249,230,4,-1.0
249,231,4,-1.0
249,232,4,-1.0
249,233,4,-1.0
249,234,4,-1.0
249,235,4,-1.0
249,236,4,-1.0
249,237,4,-1.0
249,238,4,-1.0
249,239,4,-1.0
249,240,4,-1.0
249,241,4,-1.0
249,242,4,-1.0
249,243,4,-1.0
249,244,4,-1.0
249,245,4,-1.0
249,246,4,-1.0
249,247,4,-1.0
249,248,4,-1.0
249,249,4,-1.0
249,250,4,-1.0
250,0,4,-1.0
250,1,4,-1.0
250,2,4,-1.0
250,3,4,-1.0
250,4,4,-1.0
250,5,4,-1.0
250,6,4,-1.0
250,7,4,-1.0
250,8,4,-1.0
250,9,4,-1.0
250,10,4,-1.0
250,11,4,-1.0
250,12,4,-1.0
250,13,4,-1.0
250,14,4,-1.0
250,15,4,-1.0
250,16,4,-1.0
250,17,4,-1.0
250,18,4,-1.0
250,19,4,-1.0
250,20,4,-1.0
250,21,4,-1.0
250,22,4,-1.0
250,23,4,-1.0
250,24,4,-1.0
250,25,4,-1.0
250,26,4,-1.0
250,27,4,-1.0
250,28,4,-1.0
250,29,4,-1.0
250,30,4,-1.0
250,31,4,-1.0
250,32,4,-1.0
250,33,4,-1.0
250,34,4,-1.0
250,35,4,-1.0
250,36,4,-1.0
250,37,4,-1.0
250,38,4,-1.0
250,39,4,-1.0
250,40,4,-1.0
250,41,4,-1.0
250,42,4,-1.0
250,43,4,-1.0
250,44,4,-1.0
250,45,4,-1.0
250,46,4,-1.0
250,47,4,-1.0
250,48,4,-1.0
250,49,4,-1.0
250,50,4,-1.0
250,51,4,-1.0
250,52,4,-1.0
250,53,4,-1.0
250,54,4,-1.0
250,55,4,-1.0
250,56,4,-1.0
250,57,4,-1.0
250,58,4,-1.0
250,59,4,-1.0
250,60,4,-1.0
250,61,4,-1.0
250,62,4,-1.0
250,63,4,-1.0
250,64,4,-1.0
250,65,4,-1.0
250,66,4,-1.0
250,67,4,-1.0
250,68,4,-1.0
250,69,4,-1.0
250,70,4,-1.0
250,71,4,-1.0
250,72,4,-1.0
250,73,4,-1.0
250,74,4,-1.0
250,75,4,-1.0
250,76,4,-1.0
250,77,4,-1.0
250,78,4,-1.0
250,79,4,-1.0
250,80,4,-1.0
250,81,4,-1.0
250,82,4,-1.0
250,83,4,-1.0
250,84,4,-1.0
250,85,4,-1.0
250,86,4,-1.0
250,87,4,-1.0
250,88,4,-1.0
250,89,4,-1.0
250,90,4,-1.0
250,91,4,-1.0
250,92,4,-1.0
250,93,4,-1.0
250,94,4,-1.0
250,95,4,-1.0
250,96,4,-1.0
250,97,4,-1.0
250,98,4,-1.0
250,99,4,-1.0
250,100,4,-1.0
250,101,4,-1.0
250,102,4,-1.0
250,103,4,-1.0
250,104,4,-1.0
250,105,4,-1.0
250,106,4,-1.0
250,107,4,-1.0
250,108,4,-1.0
250,109,4,-1.0
250,110,4,-1.0
250,111,4,-1.0
250,112,4,-1.0
250,113,4,-1.0
250,114,4,-1.0
250,115,4,-1.0
250,116,4,-1.0
250,117,4,-1.0
250,118,4,-1.0
250,119,4,-1.0
250,120,4,-1.0
250,121,4,-1.0
250,122,4,-1.0
250,123,4,-1.0
250,124,4,-1.0
250,125,4,-1.0
250,126,4,-1.0
250,127,4,-1.0
250,128,4,-1.0
250,129,4,-1.0
250,130,4,-1.0
250,131,4,-1.0
250,132,4,-1.0
250,133,4,-1.0
250,134,4,-1.0
250,135,4,-1.0
250,136,4,-1.0
250,137,4,-1.0
250,138,4,-1.0
250,139,4,-1.0
250,140,4,-1.0
250,141,4,-1.0
250,142,4,-1.0
250,143,4,-1.0
250,144,4,-1.0
250,145,4,-1.0
250,146,4,-1.0
250,147,4,-1.0
250,148,4,-1.0
250,149,4,-1.0
250,150,4,-1.0
250,151,4,-1.0
250,152,4,-1.0
250,153,4,-1.0
250,154,4,-1.0
250,155,4,-1.0
250,156,4,-1.0
250,157,4,-1.0
250,158,4,-1.0
250,159,4,-1.0
250,160,4,-1.0
250,161,4,-1.0
250,162,4,-1.0
250,163,4,-1.0
250,164,4,-1.0
250,165,4,-1.0
250,166,4,-1.0
250,167,4,-1.0
250,168,4,-1.0
250,169,4,-1.0
250,170,4,-1.0
250,171,4,-1.0
250,172,4,-1.0
250,173,4,-1.0
250,174,4,-1.0
250,175,4,-1.0
250,176,4,-1.0
250,177,4,-1.0
250,178,4,-1.0
250,179,4,-1.0
250,180,4,-1.0
250,181,4,-1.0
250,182,4,-1.0
250,183,4,-1.0
250,184,4,-1.0
250,185,4,-1.0
250,186,4,-1.0
250,187,4,-1.0
250,188,4,-1.0
250,189,4,-1.0
250,190,4,-1.0
250,191,4,-1.0
250,192,4,-1.0
250,193,4,-1.0
250,194,4,-1.0
250,195,4,-1.0
250,196,4,-1.0
250,197,4,-1.0
250,198,4,-1.0
250,199,4,-1.0
250,200,4,-1.0
250,201,4,-1.0
250,202,4,-1.0
250,203,4,-1.0
250,204,4,-1.0
250,205,4,-1.0
250,206,4,-1.0
250,207,4,-1.0
250,208,4,-1.0
250,209,4,-1.0
250,210,4,-1.0
250,211,4,-1.0
250,212,4,-1.0
250,213,4,-1.0
250,214,4,-1.0
250,215,4,-1.0
250,216,4,-1.0
250,217,4,-1.0
250,218,4,-1.0
250,219,4,-1.0
250,220,4,-1.0
250,221,4,-1.0
250,222,4,-1.0
250,223,4,-1.0
250,224,4,-1.0
250,225,4,-1.0
250,226,4,-1.0
250,227,4,-1.0
250,228,4,-1.0
250,229,4,-1.0
250,230,4,-1.0
250,231,4,-1.0
250,232,4,-1.0
250,233,4,-1.0
250,234,4,-1.0
250,235,4,-1.0
250,236,4,-1.0
250,237,4,-1.0
250,238,4,-1.0
250,239,4,-1.0
250,240,4,-1.0
250,241,4,-1.0
250,242,4,-1.0
250,243,4,-1.0
250,244,4,-1.0
250,245,4,-1.0
250,246,4,-1.0
250,247,4,-1.0
250,248,4,-1.0
250,249,4,-1.0
250,250,4,-1.0
