Mt,Mh_calc,Stability,S_trial,S_conformal,S_kinetic,S_potential,S_threshold,mu_inst,lambda_min,method_flag,c6
155.0,112.0,1,,,,,,-1.0,0.042467339,0,1
155.0,112.25,1,,,,,,-1.0,0.04318123,0,1
155.0,112.5,1,,,,,,-1.0,0.043900096,0,1
155.0,112.75,1,,,,,,-1.0,0.044623968,0,1
155.0,113.0,1,,,,,,-1.0,0.045352824,0,1
155.0,113.25,1,,,,,,-1.0,0.046086698,0,1
155.0,113.5,1,,,,,,-1.0,0.04682559,0,1
155.0,113.75,1,,,,,,-1.0,0.047569488,0,1
155.0,114.0,1,,,,,,-1.0,0.048318394,0,1
155.0,114.25,1,,,,,,-1.0,0.049072309,0,1
155.0,114.5,1,,,,,,-1.0,0.049831225,0,1
155.0,114.75,1,,,,,,-1.0,0.050595114,0,1
155.0,115.0,1,,,,,,-1.0,0.051363974,0,1
155.0,115.25,1,,,,,,-1.0,0.052137798,0,1
155.0,115.5,1,,,,,,-1.0,0.052916542,0,1
155.0,115.75,1,,,,,,-1.0,0.053700196,0,1
155.0,116.0,1,,,,,,-1.0,0.054488719,0,1
155.0,116.25,1,,,,,,-1.0,0.055282098,0,1
155.0,116.5,1,,,,,,-1.0,0.056080277,0,1
155.0,116.75,1,,,,,,-1.0,0.05688322,0,1
155.0,117.0,1,,,,,,-1.0,0.057690895,0,1
155.0,117.25,1,,,,,,-1.0,0.058503252,0,1
155.0,117.5,1,,,,,,-1.0,0.059320244,0,1
155.0,117.75,1,,,,,,-1.0,0.060141821,0,1
155.0,118.0,1,,,,,,-1.0,0.060967929,0,1
155.0,118.25,1,,,,,,-1.0,0.061798488,0,1
155.0,118.5,1,,,,,,-1.0,0.062633461,0,1
155.0,118.75,1,,,,,,-1.0,0.063472794,0,1
155.0,119.0,1,,,,,,-1.0,0.06431639,0,1
155.0,119.25,1,,,,,,-1.0,0.065164206,0,1
155.0,119.5,1,,,,,,-1.0,0.066016162,0,1
155.0,119.75,1,,,,,,-1.0,0.066872188,0,1
155.0,120.0,1,,,,,,-1.0,0.067732201,0,1
155.0,120.25,1,,,,,,-1.0,0.068596154,0,1
155.0,120.5,1,,,,,,-1.0,0.069463912,0,1
155.0,120.75,1,,,,,,-1.0,0.070335446,0,1
155.0,121.0,1,,,,,,-1.0,0.071210672,0,1
155.0,121.25,1,,,,,,-1.0,0.07208947,0,1
155.0,121.5,1,,,,,,-1.0,0.072971783,0,1
155.0,121.75,1,,,,,,-1.0,0.073857533,0,1
155.0,122.0,1,,,,,,-1.0,0.074746633,0,1
155.0,122.25,1,,,,,,-1.0,0.075638982,0,1
155.0,122.5,1,,,,,,-1.0,0.076534488,0,1
155.0,122.75,1,,,,,,-1.0,0.077433083,0,1
155.0,123.0,1,,,,,,-1.0,0.078334679,0,1
155.0,123.25,1,,,,,,-1.0,0.079239191,0,1
155.0,123.5,1,,,,,,-1.0,0.080146531,0,1
155.0,123.75,1,,,,,,-1.0,0.081056593,0,1
155.0,124.0,1,,,,,,-1.0,0.081969295,0,1
155.0,124.25,1,,,,,,-1.0,0.082884567,0,1
155.0,124.5,1,,,,,,-1.0,0.083802322,0,1
155.0,124.75,1,,,,,,-1.0,0.084722478,0,1
155.0,125.0,1,,,,,,-1.0,0.085644947,0,1
155.0,125.25,1,,,,,,-1.0,0.086569609,0,1
155.0,125.5,1,,,,,,-1.0,0.087496422,0,1
155.0,125.75,1,,,,,,-1.0,0.08842531,0,1
155.0,126.0,1,,,,,,-1.0,0.089356195,0,1
155.0,126.25,1,,,,,,-1.0,0.090288931,0,1
155.0,126.5,1,,,,,,-1.0,0.091223506,0,1
155.0,126.75,1,,,,,,-1.0,0.092159854,0,1
155.0,127.0,1,,,,,,-1.0,0.09309783,0,1
155.0,127.25,1,,,,,,-1.0,0.094037409,0,1
155.0,127.5,1,,,,,,-1.0,0.09497854,0,1
155.0,127.75,1,,,,,,-1.0,0.095921057,0,1
155.0,128.0,1,,,,,,-1.0,0.096865006,0,1
155.0,128.25,1,,,,,,-1.0,0.09781021,0,1
155.0,128.5,1,,,,,,-1.0,0.098756698,0,1
155.0,128.75,1,,,,,,-1.0,0.099704307,0,1
155.0,129.0,1,,,,,,-1.0,0.10065309,0,1
155.0,129.25,1,,,,,,-1.0,0.10160282,0,1
155.0,129.5,1,,,,,,-1.0,0.10255359,0,1
155.0,129.75,1,,,,,,-1.0,0.10350527,0,1
155.0,130.0,1,,,,,,-1.0,0.10445778,0,1
155.0,130.25,1,,,,,,-1.0,0.10541111,0,1
155.0,130.5,1,,,,,,-1.0,0.10636521,0,1
155.0,130.75,1,,,,,,-1.0,0.10731993,0,1
155.0,131.0,1,,,,,,-1.0,0.10827529,0,1
155.0,131.25,1,,,,,,-1.0,0.10923125,0,1
155.0,131.5,1,,,,,,-1.0,0.11018774,0,1
155.0,131.75,1,,,,,,-1.0,0.11114471,0,1
155.0,132.0,1,,,,,,-1.0,0.1121021,0,1
155.0,132.25,1,,,,,,-1.0,0.11305987,0,1
155.0,132.5,1,,,,,,-1.0,0.11401797,0,1
155.0,132.75,1,,,,,,-1.0,0.11497635,0,1
155.0,133.0,1,,,,,,-1.0,0.11593496,0,1
155.0,133.25,1,,,,,,-1.0,0.11689378,0,1
155.0,133.5,1,,,,,,-1.0,0.11785275,0,1
155.0,133.75,1,,,,,,-1.0,0.11881186,0,1
155.0,134.0,1,,,,,,-1.0,0.11977106,0,1
155.0,134.25,1,,,,,,-1.0,0.12073033,0,1
155.0,134.5,1,,,,,,-1.0,0.12168954,0,1
155.0,134.75,1,,,,,,-1.0,0.12264872,0,1
155.0,135.0,1,,,,,,-1.0,0.12360789,0,1
155.0,135.25,1,,,,,,-1.0,0.12456695,0,1
155.0,135.5,1,,,,,,-1.0,0.12552582,0,1
155.0,135.75,1,,,,,,-1.0,0.12648463,0,1
155.0,136.0,1,,,,,,-1.0,0.12744316,0,1
155.0,136.25,1,,,,,,-1.0,0.12840152,0,1
155.0,136.5,1,,,,,,-1.0,0.1293596,0,1
155.0,136.75,1,,,,,,-1.0,0.13031743,0,1
155.0,137.0,1,,,,,,-1.0,0.13127493,0,1
155.0,137.25,1,,,,,,-1.0,0.13223217,0,1
155.0,137.5,1,,,,,,-1.0,0.13318894,0,1
155.0,137.75,1,,,,,,-1.0,0.13414545,0,1
155.0,138.0,1,,,,,,-1.0,0.13510148,0,1
155.25,112.0,1,,,,,,-1.0,0.041540067,0,1
155.25,112.25,1,,,,,,-1.0,0.042252811,0,1
155.25,112.5,1,,,,,,-1.0,0.042970586,0,1
155.25,112.75,1,,,,,,-1.0,0.043693425,0,1
155.25,113.0,1,,,,,,-1.0,0.044421312,0,1
155.25,113.25,1,,,,,,-1.0,0.045154291,0,1
155.25,113.5,1,,,,,,-1.0,0.045892329,0,1
155.25,113.75,1,,,,,,-1.0,0.046635462,0,1
155.25,114.0,1,,,,,,-1.0,0.047383685,0,1
155.25,114.25,1,,,,,,-1.0,0.048136991,0,1
155.25,114.5,1,,,,,,-1.0,0.048895375,0,1
155.25,114.75,1,,,,,,-1.0,0.049658829,0,1
155.25,115.0,1,,,,,,-1.0,0.050427344,0,1
155.25,115.25,1,,,,,,-1.0,0.051200912,0,1
155.25,115.5,1,,,,,,-1.0,0.051979494,0,1
155.25,115.75,1,,,,,,-1.0,0.052763084,0,1
155.25,116.0,1,,,,,,-1.0,0.053551652,0,1
155.25,116.25,1,,,,,,-1.0,0.054345177,0,1
155.25,116.5,1,,,,,,-1.0,0.055143602,0,1
155.25,116.75,1,,,,,,-1.0,0.055946916,0,1
155.25,117.0,1,,,,,,-1.0,0.056755072,0,1
155.25,117.25,1,,,,,,-1.0,0.057568025,0,1
155.25,117.5,1,,,,,,-1.0,0.058385728,0,1
155.25,117.75,1,,,,,,-1.0,0.05920813,0,1
155.25,118.0,1,,,,,,-1.0,0.06003518,0,1
155.25,118.25,1,,,,,,-1.0,0.060866827,0,1
155.25,118.5,1,,,,,,-1.0,0.061703015,0,1
155.25,118.75,1,,,,,,-1.0,0.062543648,0,1
155.25,119.0,1,,,,,,-1.0,0.063388703,0,1
155.25,119.25,1,,,,,,-1.0,0.064238095,0,1
155.25,119.5,1,,,,,,-1.0,0.06509175,0,1
155.25,119.75,1,,,,,,-1.0,0.065949604,0,1
155.25,120.0,1,,,,,,-1.0,0.066811583,0,1
155.25,120.25,1,,,,,,-1.0,0.067677592,0,1
155.25,120.5,1,,,,,,-1.0,0.068547583,0,1
155.25,120.75,1,,,,,,-1.0,0.069421451,0,1
155.25,121.0,1,,,,,,-1.0,0.070299111,0,1
155.25,121.25,1,,,,,,-1.0,0.0711805,0,1
155.25,121.5,1,,,,,,-1.0,0.07206553,0,1
155.25,121.75,1,,,,,,-1.0,0.072954106,0,1
155.25,122.0,1,,,,,,-1.0,0.073846127,0,1
155.25,122.25,1,,,,,,-1.0,0.074741526,0,1
155.25,122.5,1,,,,,,-1.0,0.075640214,0,1
155.25,122.75,1,,,,,,-1.0,0.076542101,0,1
155.25,123.0,1,,,,,,-1.0,0.077447099,0,1
155.25,123.25,1,,,,,,-1.0,0.078355117,0,1
155.25,123.5,1,,,,,,-1.0,0.079266064,0,1
155.25,123.75,1,,,,,,-1.0,0.080179832,0,1
155.25,124.0,1,,,,,,-1.0,0.081096353,0,1
155.25,124.25,1,,,,,,-1.0,0.082015536,0,1
155.25,124.5,1,,,,,,-1.0,0.082937296,0,1
155.25,124.75,1,,,,,,-1.0,0.083861544,0,1
155.25,125.0,1,,,,,,-1.0,0.084788195,0,1
155.25,125.25,1,,,,,,-1.0,0.085717163,0,1
155.25,125.5,1,,,,,,-1.0,0.086648342,0,1
155.25,125.75,1,,,,,,-1.0,0.087581651,0,1
155.25,126.0,1,,,,,,-1.0,0.088517024,0,1
155.25,126.25,1,,,,,,-1.0,0.089454384,0,1
155.25,126.5,1,,,,,,-1.0,0.090393652,0,1
155.25,126.75,1,,,,,,-1.0,0.091334694,0,1
155.25,127.0,1,,,,,,-1.0,0.092277475,0,1
155.25,127.25,1,,,,,,-1.0,0.093221936,0,1
155.25,127.5,1,,,,,,-1.0,0.094167967,0,1
155.25,127.75,1,,,,,,-1.0,0.095115477,0,1
155.25,128.0,1,,,,,,-1.0,0.096064459,0,1
155.25,128.25,1,,,,,,-1.0,0.097014757,0,1
155.25,128.5,1,,,,,,-1.0,0.097966362,0,1
155.25,128.75,1,,,,,,-1.0,0.098919183,0,1
155.25,129.0,1,,,,,,-1.0,0.099873141,0,1
155.25,129.25,1,,,,,,-1.0,0.10082819,0,1
155.25,129.5,1,,,,,,-1.0,0.10178426,0,1
155.25,129.75,1,,,,,,-1.0,0.10274126,0,1
155.25,130.0,1,,,,,,-1.0,0.1036992,0,1
155.25,130.25,1,,,,,,-1.0,0.10465789,0,1
155.25,130.5,1,,,,,,-1.0,0.10561739,0,1
155.25,130.75,1,,,,,,-1.0,0.10657764,0,1
155.25,131.0,1,,,,,,-1.0,0.10753848,0,1
155.25,131.25,1,,,,,,-1.0,0.10849993,0,1
155.25,131.5,1,,,,,,-1.0,0.10946195,0,1
155.25,131.75,1,,,,,,-1.0,0.11042446,0,1
155.25,132.0,1,,,,,,-1.0,0.11138743,0,1
155.25,132.25,1,,,,,,-1.0,0.11235079,0,1
155.25,132.5,1,,,,,,-1.0,0.11331447,0,1
155.25,132.75,1,,,,,,-1.0,0.11427845,0,1
155.25,133.0,1,,,,,,-1.0,0.11524269,0,1
155.25,133.25,1,,,,,,-1.0,0.11620714,0,1
155.25,133.5,1,,,,,,-1.0,0.11717175,0,1
155.25,133.75,1,,,,,,-1.0,0.11813647,0,1
155.25,134.0,1,,,,,,-1.0,0.11910126,0,1
155.25,134.25,1,,,,,,-1.0,0.12006611,0,1
155.25,134.5,1,,,,,,-1.0,0.12103098,0,1
155.25,134.75,1,,,,,,-1.0,0.12199586,0,1
155.25,135.0,1,,,,,,-1.0,0.12296063,0,1
155.25,135.25,1,,,,,,-1.0,0.12392526,0,1
155.25,135.5,1,,,,,,-1.0,0.12488981,0,1
155.25,135.75,1,,,,,,-1.0,0.12585422,0,1
155.25,136.0,1,,,,,,-1.0,0.12681833,0,1
155.25,136.25,1,,,,,,-1.0,0.12778232,0,1
155.25,136.5,1,,,,,,-1.0,0.12874597,0,1
155.25,136.75,1,,,,,,-1.0,0.12970938,0,1
155.25,137.0,1,,,,,,-1.0,0.13067245,0,1
155.25,137.25,1,,,,,,-1.0,0.13163521,0,1
155.25,137.5,1,,,,,,-1.0,0.13259755,0,1
155.25,137.75,1,,,,,,-1.0,0.13355961,0,1
155.25,138.0,1,,,,,,-1.0,0.13452109,0,1
155.5,112.0,1,,,,,,-1.0,0.04060367,0,1
155.5,112.25,1,,,,,,-1.0,0.04131515,0,1
155.5,112.5,1,,,,,,-1.0,0.042031717,0,1
155.5,112.75,1,,,,,,-1.0,0.042753397,0,1
155.5,113.0,1,,,,,,-1.0,0.043480196,0,1
155.5,113.25,1,,,,,,-1.0,0.044212126,0,1
155.5,113.5,1,,,,,,-1.0,0.044949208,0,1
155.5,113.75,1,,,,,,-1.0,0.04569145,0,1
155.5,114.0,1,,,,,,-1.0,0.046438837,0,1
155.5,114.25,1,,,,,,-1.0,0.047191392,0,1
155.5,114.5,1,,,,,,-1.0,0.047949109,0,1
155.5,114.75,1,,,,,,-1.0,0.048711983,0,1
155.5,115.0,1,,,,,,-1.0,0.049480005,0,1
155.5,115.25,1,,,,,,-1.0,0.05025317,0,1
155.5,115.5,1,,,,,,-1.0,0.051031442,0,1
155.5,115.75,1,,,,,,-1.0,0.05181482,0,1
155.5,116.0,1,,,,,,-1.0,0.052603287,0,1
155.5,116.25,1,,,,,,-1.0,0.053396796,0,1
155.5,116.5,1,,,,,,-1.0,0.054195334,0,1
155.5,116.75,1,,,,,,-1.0,0.054998871,0,1
155.5,117.0,1,,,,,,-1.0,0.055807358,0,1
155.5,117.25,1,,,,,,-1.0,0.056620751,0,1
155.5,117.5,1,,,,,,-1.0,0.057439017,0,1
155.5,117.75,1,,,,,,-1.0,0.058262108,0,1
155.5,118.0,1,,,,,,-1.0,0.059089975,0,1
155.5,118.25,1,,,,,,-1.0,0.059922542,0,1
155.5,118.5,1,,,,,,-1.0,0.060759771,0,1
155.5,118.75,1,,,,,,-1.0,0.061601608,0,1
155.5,119.0,1,,,,,,-1.0,0.062447978,0,1
155.5,119.25,1,,,,,,-1.0,0.063298805,0,1
155.5,119.5,1,,,,,,-1.0,0.064154048,0,1
155.5,119.75,1,,,,,,-1.0,0.065013596,0,1
155.5,120.0,1,,,,,,-1.0,0.065877408,0,1
155.5,120.25,1,,,,,,-1.0,0.066745396,0,1
155.5,120.5,1,,,,,,-1.0,0.067617465,0,1
155.5,120.75,1,,,,,,-1.0,0.068493561,0,1
155.5,121.0,1,,,,,,-1.0,0.069373598,0,1
155.5,121.25,1,,,,,,-1.0,0.070257458,0,1
155.5,121.5,1,,,,,,-1.0,0.071145083,0,1
155.5,121.75,1,,,,,,-1.0,0.072036387,0,1
155.5,122.0,1,,,,,,-1.0,0.072931279,0,1
155.5,122.25,1,,,,,,-1.0,0.073829669,0,1
155.5,122.5,1,,,,,,-1.0,0.074731466,0,1
155.5,122.75,1,,,,,,-1.0,0.075636578,0,1
155.5,123.0,1,,,,,,-1.0,0.076544901,0,1
155.5,123.25,1,,,,,,-1.0,0.077456355,0,1
155.5,123.5,1,,,,,,-1.0,0.078370851,0,1
155.5,123.75,1,,,,,,-1.0,0.079288295,0,1
155.5,124.0,1,,,,,,-1.0,0.080208596,0,1
155.5,124.25,1,,,,,,-1.0,0.081131662,0,1
155.5,124.5,1,,,,,,-1.0,0.082057403,0,1
155.5,124.75,1,,,,,,-1.0,0.082985727,0,1
155.5,125.0,1,,,,,,-1.0,0.083916546,0,1
155.5,125.25,1,,,,,,-1.0,0.08484977,0,1
155.5,125.5,1,,,,,,-1.0,0.085785311,0,1
155.5,125.75,1,,,,,,-1.0,0.086723085,0,1
155.5,126.0,1,,,,,,-1.0,0.087662975,0,1
155.5,126.25,1,,,,,,-1.0,0.088604919,0,1
155.5,126.5,1,,,,,,-1.0,0.089548837,0,1
155.5,126.75,1,,,,,,-1.0,0.09049465,0,1
155.5,127.0,1,,,,,,-1.0,0.091442279,0,1
155.5,127.25,1,,,,,,-1.0,0.092391617,0,1
155.5,127.5,1,,,,,,-1.0,0.093342578,0,1
155.5,127.75,1,,,,,,-1.0,0.094295124,0,1
155.5,128.0,1,,,,,,-1.0,0.095249187,0,1
155.5,128.25,1,,,,,,-1.0,0.096204599,0,1
155.5,128.5,1,,,,,,-1.0,0.097161385,0,1
155.5,128.75,1,,,,,,-1.0,0.09811945,0,1
155.5,129.0,1,,,,,,-1.0,0.099078669,0,1
155.5,129.25,1,,,,,,-1.0,0.10003908,0,1
155.5,129.5,1,,,,,,-1.0,0.10100046,0,1
155.5,129.75,1,,,,,,-1.0,0.10196292,0,1
155.5,130.0,1,,,,,,-1.0,0.10292622,0,1
155.5,130.25,1,,,,,,-1.0,0.10389045,0,1
155.5,130.5,1,,,,,,-1.0,0.10485544,0,1
155.5,130.75,1,,,,,,-1.0,0.10582118,0,1
155.5,131.0,1,,,,,,-1.0,0.10678763,0,1
155.5,131.25,1,,,,,,-1.0,0.10775467,0,1
155.5,131.5,1,,,,,,-1.0,0.10872227,0,1
155.5,131.75,1,,,,,,-1.0,0.10969041,0,1
155.5,132.0,1,,,,,,-1.0,0.11065902,0,1
155.5,132.25,1,,,,,,-1.0,0.11162805,0,1
155.5,132.5,1,,,,,,-1.0,0.1125974,0,1
155.5,132.75,1,,,,,,-1.0,0.11356705,0,1
155.5,133.0,1,,,,,,-1.0,0.11453698,0,1
155.5,133.25,1,,,,,,-1.0,0.11550713,0,1
155.5,133.5,1,,,,,,-1.0,0.11647746,0,1
155.5,133.75,1,,,,,,-1.0,0.11744792,0,1
155.5,134.0,1,,,,,,-1.0,0.11841847,0,1
155.5,134.25,1,,,,,,-1.0,0.11938909,0,1
155.5,134.5,1,,,,,,-1.0,0.12035965,0,1
155.5,134.75,1,,,,,,-1.0,0.12133019,0,1
155.5,135.0,1,,,,,,-1.0,0.12230067,0,1
155.5,135.25,1,,,,,,-1.0,0.12327108,0,1
155.5,135.5,1,,,,,,-1.0,0.12424138,0,1
155.5,135.75,1,,,,,,-1.0,0.1252114,0,1
155.5,136.0,1,,,,,,-1.0,0.12618127,0,1
155.5,136.25,1,,,,,,-1.0,0.12715097,0,1
155.5,136.5,1,,,,,,-1.0,0.12812026,0,1
155.5,136.75,1,,,,,,-1.0,0.12908937,0,1
155.5,137.0,1,,,,,,-1.0,0.13005809,0,1
155.5,137.25,1,,,,,,-1.0,0.1310265,0,1
155.5,137.5,1,,,,,,-1.0,0.13199449,0,1
155.5,137.75,1,,,,,,-1.0,0.13296213,0,1
155.5,138.0,1,,,,,,-1.0,0.13392926,0,1
155.75,112.0,1,,,,,,-1.0,0.039658226,0,1
155.75,112.25,1,,,,,,-1.0,0.040368332,0,1
155.75,112.5,1,,,,,,-1.0,0.041083571,0,1
155.75,112.75,1,,,,,,-1.0,0.041803971,0,1
155.75,113.0,1,,,,,,-1.0,0.042529554,0,1
155.75,113.25,1,,,,,,-1.0,0.043260313,0,1
155.75,113.5,1,,,,,,-1.0,0.043996302,0,1
155.75,113.75,1,,,,,,-1.0,0.044737494,0,1
155.75,114.0,1,,,,,,-1.0,0.04548393,0,1
155.75,114.25,1,,,,,,-1.0,0.046235604,0,1
155.75,114.5,1,,,,,,-1.0,0.046992505,0,1
155.75,114.75,1,,,,,,-1.0,0.047754649,0,1
155.75,115.0,1,,,,,,-1.0,0.048522029,0,1
155.75,115.25,1,,,,,,-1.0,0.049294639,0,1
155.75,115.5,1,,,,,,-1.0,0.050072449,0,1
155.75,115.75,1,,,,,,-1.0,0.050855464,0,1
155.75,116.0,1,,,,,,-1.0,0.051643675,0,1
155.75,116.25,1,,,,,,-1.0,0.052437019,0,1
155.75,116.5,1,,,,,,-1.0,0.053235517,0,1
155.75,116.75,1,,,,,,-1.0,0.054039102,0,1
155.75,117.0,1,,,,,,-1.0,0.054847756,0,1
155.75,117.25,1,,,,,,-1.0,0.055661445,0,1
155.75,117.5,1,,,,,,-1.0,0.056480124,0,1
155.75,117.75,1,,,,,,-1.0,0.057303744,0,1
155.75,118.0,1,,,,,,-1.0,0.058132259,0,1
155.75,118.25,1,,,,,,-1.0,0.058965618,0,1
155.75,118.5,1,,,,,,-1.0,0.059803769,0,1
155.75,118.75,1,,,,,,-1.0,0.060646645,0,1
155.75,119.0,1,,,,,,-1.0,0.061494175,0,1
155.75,119.25,1,,,,,,-1.0,0.062346324,0,1
155.75,119.5,1,,,,,,-1.0,0.063202983,0,1
155.75,119.75,1,,,,,,-1.0,0.064064124,0,1
155.75,120.0,1,,,,,,-1.0,0.064929626,0,1
155.75,120.25,1,,,,,,-1.0,0.065799457,0,1
155.75,120.5,1,,,,,,-1.0,0.066673511,0,1
155.75,120.75,1,,,,,,-1.0,0.067551704,0,1
155.75,121.0,1,,,,,,-1.0,0.068433972,0,1
155.75,121.25,1,,,,,,-1.0,0.069320225,0,1
155.75,121.5,1,,,,,,-1.0,0.070210371,0,1
155.75,121.75,1,,,,,,-1.0,0.071104305,0,1
155.75,122.0,1,,,,,,-1.0,0.072001957,0,1
155.75,122.25,1,,,,,,-1.0,0.072903234,0,1
155.75,122.5,1,,,,,,-1.0,0.073808044,0,1
155.75,122.75,1,,,,,,-1.0,0.074716293,0,1
155.75,123.0,1,,,,,,-1.0,0.075627887,0,1
155.75,123.25,1,,,,,,-1.0,0.076542733,0,1
155.75,123.5,1,,,,,,-1.0,0.077460736,0,1
155.75,123.75,1,,,,,,-1.0,0.078381801,0,1
155.75,124.0,1,,,,,,-1.0,0.079305833,0,1
155.75,124.25,1,,,,,,-1.0,0.08023274,0,1
155.75,124.5,1,,,,,,-1.0,0.081162427,0,1
155.75,124.75,1,,,,,,-1.0,0.082094799,0,1
155.75,125.0,1,,,,,,-1.0,0.083029765,0,1
155.75,125.25,1,,,,,,-1.0,0.083967232,0,1
155.75,125.5,1,,,,,,-1.0,0.084907109,0,1
155.75,125.75,1,,,,,,-1.0,0.085849305,0,1
155.75,126.0,1,,,,,,-1.0,0.086793731,0,1
155.75,126.25,1,,,,,,-1.0,0.0877403,0,1
155.75,126.5,1,,,,,,-1.0,0.088688902,0,1
155.75,126.75,1,,,,,,-1.0,0.089639465,0,1
155.75,127.0,1,,,,,,-1.0,0.090591909,0,1
155.75,127.25,1,,,,,,-1.0,0.091546155,0,1
155.75,127.5,1,,,,,,-1.0,0.092502122,0,1
155.75,127.75,1,,,,,,-1.0,0.093459734,0,1
155.75,128.0,1,,,,,,-1.0,0.094418853,0,1
155.75,128.25,1,,,,,,-1.0,0.095379454,0,1
155.75,128.5,1,,,,,,-1.0,0.096341474,0,1
155.75,128.75,1,,,,,,-1.0,0.097304806,0,1
155.75,129.0,1,,,,,,-1.0,0.098269356,0,1
155.75,129.25,1,,,,,,-1.0,0.099235126,0,1
155.75,129.5,1,,,,,,-1.0,0.10020195,0,1
155.75,129.75,1,,,,,,-1.0,0.10116984,0,1
155.75,130.0,1,,,,,,-1.0,0.10213868,0,1
155.75,130.25,1,,,,,,-1.0,0.10310843,0,1
155.75,130.5,1,,,,,,-1.0,0.104079,0,1
155.75,130.75,1,,,,,,-1.0,0.10505037,0,1
155.75,131.0,1,,,,,,-1.0,0.1060224,0,1
155.75,131.25,1,,,,,,-1.0,0.10699513,0,1
155.75,131.5,1,,,,,,-1.0,0.10796844,0,1
155.75,131.75,1,,,,,,-1.0,0.10894226,0,1
155.75,132.0,1,,,,,,-1.0,0.10991658,0,1
155.75,132.25,1,,,,,,-1.0,0.11089135,0,1
155.75,132.5,1,,,,,,-1.0,0.11186649,0,1
155.75,132.75,1,,,,,,-1.0,0.11284191,0,1
155.75,133.0,1,,,,,,-1.0,0.11381762,0,1
155.75,133.25,1,,,,,,-1.0,0.11479356,0,1
155.75,133.5,1,,,,,,-1.0,0.11576969,0,1
155.75,133.75,1,,,,,,-1.0,0.11674595,0,1
155.75,134.0,1,,,,,,-1.0,0.11772231,0,1
155.75,134.25,1,,,,,,-1.0,0.11869872,0,1
155.75,134.5,1,,,,,,-1.0,0.11967514,0,1
155.75,134.75,1,,,,,,-1.0,0.12065155,0,1
155.75,135.0,1,,,,,,-1.0,0.12162789,0,1
155.75,135.25,1,,,,,,-1.0,0.12260406,0,1
155.75,135.5,1,,,,,,-1.0,0.1235801,0,1
155.75,135.75,1,,,,,,-1.0,0.12455599,0,1
155.75,136.0,1,,,,,,-1.0,0.12553172,0,1
155.75,136.25,1,,,,,,-1.0,0.1265071,0,1
155.75,136.5,1,,,,,,-1.0,0.12748223,0,1
155.75,136.75,1,,,,,,-1.0,0.12845716,0,1
155.75,137.0,1,,,,,,-1.0,0.12943158,0,1
155.75,137.25,1,,,,,,-1.0,0.13040576,0,1
155.75,137.5,1,,,,,,-1.0,0.13137948,0,1
155.75,137.75,1,,,,,,-1.0,0.13235283,0,1
155.75,138.0,1,,,,,,-1.0,0.13332569,0,1
156.0,112.0,1,,,,,,-1.0,0.038703833,0,1
156.0,112.25,1,,,,,,-1.0,0.039412444,0,1
156.0,112.5,1,,,,,,-1.0,0.040126235,0,1
156.0,112.75,1,,,,,,-1.0,0.040845233,0,1
156.0,113.0,1,,,,,,-1.0,0.041569466,0,1
156.0,113.25,1,,,,,,-1.0,0.042298935,0,1
156.0,113.5,1,,,,,,-1.0,0.043033679,0,1
156.0,113.75,1,,,,,,-1.0,0.043773715,0,1
156.0,114.0,1,,,,,,-1.0,0.044519041,0,1
156.0,114.25,1,,,,,,-1.0,0.045269675,0,1
156.0,114.5,1,,,,,,-1.0,0.046025631,0,1
156.0,114.75,1,,,,,,-1.0,0.046786904,0,1
156.0,115.0,1,,,,,,-1.0,0.047553491,0,1
156.0,115.25,1,,,,,,-1.0,0.048325388,0,1
156.0,115.5,1,,,,,,-1.0,0.049102587,0,1
156.0,115.75,1,,,,,,-1.0,0.049885083,0,1
156.0,116.0,1,,,,,,-1.0,0.050672869,0,1
156.0,116.25,1,,,,,,-1.0,0.051465906,0,1
156.0,116.5,1,,,,,,-1.0,0.052264188,0,1
156.0,116.75,1,,,,,,-1.0,0.053067673,0,1
156.0,117.0,1,,,,,,-1.0,0.053876352,0,1
156.0,117.25,1,,,,,,-1.0,0.054690174,0,1
156.0,117.5,1,,,,,,-1.0,0.055509096,0,1
156.0,117.75,1,,,,,,-1.0,0.056333088,0,1
156.0,118.0,1,,,,,,-1.0,0.057162103,0,1
156.0,118.25,1,,,,,,-1.0,0.057996092,0,1
156.0,118.5,1,,,,,,-1.0,0.058834989,0,1
156.0,118.75,1,,,,,,-1.0,0.059678741,0,1
156.0,119.0,1,,,,,,-1.0,0.060527303,0,1
156.0,119.25,1,,,,,,-1.0,0.061380601,0,1
156.0,119.5,1,,,,,,-1.0,0.062238555,0,1
156.0,119.75,1,,,,,,-1.0,0.06310112,0,1
156.0,120.0,1,,,,,,-1.0,0.063968196,0,1
156.0,120.25,1,,,,,,-1.0,0.064839723,0,1
156.0,120.5,1,,,,,,-1.0,0.065715633,0,1
156.0,120.75,1,,,,,,-1.0,0.066595808,0,1
156.0,121.0,1,,,,,,-1.0,0.06748019,0,1
156.0,121.25,1,,,,,,-1.0,0.068368695,0,1
156.0,121.5,1,,,,,,-1.0,0.069261233,0,1
156.0,121.75,1,,,,,,-1.0,0.070157713,0,1
156.0,122.0,1,,,,,,-1.0,0.071058042,0,1
156.0,122.25,1,,,,,,-1.0,0.071962121,0,1
156.0,122.5,1,,,,,,-1.0,0.072869861,0,1
156.0,122.75,1,,,,,,-1.0,0.07378117,0,1
156.0,123.0,1,,,,,,-1.0,0.074695953,0,1
156.0,123.25,1,,,,,,-1.0,0.075614114,0,1
156.0,123.5,1,,,,,,-1.0,0.076535555,0,1
156.0,123.75,1,,,,,,-1.0,0.07746018,0,1
156.0,124.0,1,,,,,,-1.0,0.078387886,0,1
156.0,124.25,1,,,,,,-1.0,0.07931858,0,1
156.0,124.5,1,,,,,,-1.0,0.080252166,0,1
156.0,124.75,1,,,,,,-1.0,0.081188547,0,1
156.0,125.0,1,,,,,,-1.0,0.082127628,0,1
156.0,125.25,1,,,,,,-1.0,0.083069313,0,1
156.0,125.5,1,,,,,,-1.0,0.084013508,0,1
156.0,125.75,1,,,,,,-1.0,0.084960117,0,1
156.0,126.0,1,,,,,,-1.0,0.085909049,0,1
156.0,126.25,1,,,,,,-1.0,0.086860211,0,1
156.0,126.5,1,,,,,,-1.0,0.087813512,0,1
156.0,126.75,1,,,,,,-1.0,0.088768864,0,1
156.0,127.0,1,,,,,,-1.0,0.089726175,0,1
156.0,127.25,1,,,,,,-1.0,0.09068534,0,1
156.0,127.5,1,,,,,,-1.0,0.09164629,0,1
156.0,127.75,1,,,,,,-1.0,0.092608945,0,1
156.0,128.0,1,,,,,,-1.0,0.093573223,0,1
156.0,128.25,1,,,,,,-1.0,0.094539049,0,1
156.0,128.5,1,,,,,,-1.0,0.09550634,0,1
156.0,128.75,1,,,,,,-1.0,0.096474961,0,1
156.0,129.0,1,,,,,,-1.0,0.097444902,0,1
156.0,129.25,1,,,,,,-1.0,0.098416098,0,1
156.0,129.5,1,,,,,,-1.0,0.099388402,0,1
156.0,129.75,1,,,,,,-1.0,0.1003618,0,1
156.0,130.0,1,,,,,,-1.0,0.10133623,0,1
156.0,130.25,1,,,,,,-1.0,0.10231155,0,1
156.0,130.5,1,,,,,,-1.0,0.10328781,0,1
156.0,130.75,1,,,,,,-1.0,0.10426479,0,1
156.0,131.0,1,,,,,,-1.0,0.10524259,0,1
156.0,131.25,1,,,,,,-1.0,0.10622101,0,1
156.0,131.5,1,,,,,,-1.0,0.10720008,0,1
156.0,131.75,1,,,,,,-1.0,0.10817973,0,1
156.0,132.0,1,,,,,,-1.0,0.10915983,0,1
156.0,132.25,1,,,,,,-1.0,0.11014041,0,1
156.0,132.5,1,,,,,,-1.0,0.11112141,0,1
156.0,132.75,1,,,,,,-1.0,0.11210271,0,1
156.0,133.0,1,,,,,,-1.0,0.11308429,0,1
156.0,133.25,1,,,,,,-1.0,0.11406611,0,1
156.0,133.5,1,,,,,,-1.0,0.11504814,0,1
156.0,133.75,1,,,,,,-1.0,0.11603031,0,1
156.0,134.0,1,,,,,,-1.0,0.11701258,0,1
156.0,134.25,1,,,,,,-1.0,0.1179949,0,1
156.0,134.5,1,,,,,,-1.0,0.11897723,0,1
156.0,134.75,1,,,,,,-1.0,0.11995953,0,1
156.0,135.0,1,,,,,,-1.0,0.12094176,0,1
156.0,135.25,1,,,,,,-1.0,0.12192389,0,1
156.0,135.5,1,,,,,,-1.0,0.1229059,0,1
156.0,135.75,1,,,,,,-1.0,0.1238877,0,1
156.0,136.0,1,,,,,,-1.0,0.12486923,0,1
156.0,136.25,1,,,,,,-1.0,0.12585055,0,1
156.0,136.5,1,,,,,,-1.0,0.12683163,0,1
156.0,136.75,1,,,,,,-1.0,0.12781233,0,1
156.0,137.0,1,,,,,,-1.0,0.12879268,0,1
156.0,137.25,1,,,,,,-1.0,0.12977274,0,1
156.0,137.5,1,,,,,,-1.0,0.13075226,0,1
156.0,137.75,1,,,,,,-1.0,0.13173145,0,1
156.0,138.0,1,,,,,,-1.0,0.13271013,0,1
156.25,112.0,1,,,,,,-1.0,0.037740582,0,1
156.25,112.25,1,,,,,,-1.0,0.038447582,0,1
156.25,112.5,1,,,,,,-1.0,0.039159803,0,1
156.25,112.75,1,,,,,,-1.0,0.039877277,0,1
156.25,113.0,1,,,,,,-1.0,0.040600032,0,1
156.25,113.25,1,,,,,,-1.0,0.041328082,0,1
156.25,113.5,1,,,,,,-1.0,0.042061456,0,1
156.25,113.75,1,,,,,,-1.0,0.042800186,0,1
156.25,114.0,1,,,,,,-1.0,0.043544269,0,1
156.25,114.25,1,,,,,,-1.0,0.044293739,0,1
156.25,114.5,1,,,,,,-1.0,0.04504858,0,1
156.25,114.75,1,,,,,,-1.0,0.045808823,0,1
156.25,115.0,1,,,,,,-1.0,0.046574467,0,1
156.25,115.25,1,,,,,,-1.0,0.047345507,0,1
156.25,115.5,1,,,,,,-1.0,0.048121939,0,1
156.25,115.75,1,,,,,,-1.0,0.048903759,0,1
156.25,116.0,1,,,,,,-1.0,0.049690961,0,1
156.25,116.25,1,,,,,,-1.0,0.050483529,0,1
156.25,116.5,1,,,,,,-1.0,0.051281425,0,1
156.25,116.75,1,,,,,,-1.0,0.052084659,0,1
156.25,117.0,1,,,,,,-1.0,0.052893172,0,1
156.25,117.25,1,,,,,,-1.0,0.053706952,0,1
156.25,117.5,1,,,,,,-1.0,0.054525965,0,1
156.25,117.75,1,,,,,,-1.0,0.055350167,0,1
156.25,118.0,1,,,,,,-1.0,0.056179512,0,1
156.25,118.25,1,,,,,,-1.0,0.057013953,0,1
156.25,118.5,1,,,,,,-1.0,0.057853442,0,1
156.25,118.75,1,,,,,,-1.0,0.058697927,0,1
156.25,119.0,1,,,,,,-1.0,0.059547357,0,1
156.25,119.25,1,,,,,,-1.0,0.060401639,0,1
156.25,119.5,1,,,,,,-1.0,0.061260739,0,1
156.25,119.75,1,,,,,,-1.0,0.062124573,0,1
156.25,120.0,1,,,,,,-1.0,0.062993077,0,1
156.25,120.25,1,,,,,,-1.0,0.063866159,0,1
156.25,120.5,1,,,,,,-1.0,0.064743767,0,1
156.25,120.75,1,,,,,,-1.0,0.065625799,0,1
156.25,121.0,1,,,,,,-1.0,0.066512167,0,1
156.25,121.25,1,,,,,,-1.0,0.067402801,0,1
156.25,121.5,1,,,,,,-1.0,0.06829761,0,1
156.25,121.75,1,,,,,,-1.0,0.069196502,0,1
156.25,122.0,1,,,,,,-1.0,0.070099382,0,1
156.25,122.25,1,,,,,,-1.0,0.071006157,0,1
156.25,122.5,1,,,,,,-1.0,0.071916731,0,1
156.25,122.75,1,,,,,,-1.0,0.072831007,0,1
156.25,123.0,1,,,,,,-1.0,0.073748888,0,1
156.25,123.25,1,,,,,,-1.0,0.074670277,0,1
156.25,123.5,1,,,,,,-1.0,0.075595075,0,1
156.25,123.75,1,,,,,,-1.0,0.076523183,0,1
156.25,124.0,1,,,,,,-1.0,0.077454502,0,1
156.25,124.25,1,,,,,,-1.0,0.078388933,0,1
156.25,124.5,1,,,,,,-1.0,0.079326376,0,1
156.25,124.75,1,,,,,,-1.0,0.080266732,0,1
156.25,125.0,1,,,,,,-1.0,0.0812099,0,1
156.25,125.25,1,,,,,,-1.0,0.082155783,0,1
156.25,125.5,1,,,,,,-1.0,0.083104273,0,1
156.25,125.75,1,,,,,,-1.0,0.084055274,0,1
156.25,126.0,1,,,,,,-1.0,0.085008698,0,1
156.25,126.25,1,,,,,,-1.0,0.085964447,0,1
156.25,126.5,1,,,,,,-1.0,0.086922428,0,1
156.25,126.75,1,,,,,,-1.0,0.087882547,0,1
156.25,127.0,1,,,,,,-1.0,0.088844712,0,1
156.25,127.25,1,,,,,,-1.0,0.089808832,0,1
156.25,127.5,1,,,,,,-1.0,0.090774819,0,1
156.25,127.75,1,,,,,,-1.0,0.091742586,0,1
156.25,128.0,1,,,,,,-1.0,0.092712026,0,1
156.25,128.25,1,,,,,,-1.0,0.093683063,0,1
156.25,128.5,1,,,,,,-1.0,0.094655624,0,1
156.25,128.75,1,,,,,,-1.0,0.095629632,0,1
156.25,129.0,1,,,,,,-1.0,0.096605012,0,1
156.25,129.25,1,,,,,,-1.0,0.097581677,0,1
156.25,129.5,1,,,,,,-1.0,0.0985595,0,1
156.25,129.75,1,,,,,,-1.0,0.099538477,0,1
156.25,130.0,1,,,,,,-1.0,0.10051855,0,1
156.25,130.25,1,,,,,,-1.0,0.10149952,0,1
156.25,130.5,1,,,,,,-1.0,0.10248146,0,1
156.25,130.75,1,,,,,,-1.0,0.10346422,0,1
156.25,131.0,1,,,,,,-1.0,0.10444777,0,1
156.25,131.25,1,,,,,,-1.0,0.10543203,0,1
156.25,131.5,1,,,,,,-1.0,0.10641694,0,1
156.25,131.75,1,,,,,,-1.0,0.10740242,0,1
156.25,132.0,1,,,,,,-1.0,0.10838849,0,1
156.25,132.25,1,,,,,,-1.0,0.10937493,0,1
156.25,132.5,1,,,,,,-1.0,0.11036183,0,1
156.25,132.75,1,,,,,,-1.0,0.11134913,0,1
156.25,133.0,1,,,,,,-1.0,0.11233668,0,1
156.25,133.25,1,,,,,,-1.0,0.11332447,0,1
156.25,133.5,1,,,,,,-1.0,0.11431248,0,1
156.25,133.75,1,,,,,,-1.0,0.11530066,0,1
156.25,134.0,1,,,,,,-1.0,0.11628894,0,1
156.25,134.25,1,,,,,,-1.0,0.11727728,0,1
156.25,134.5,1,,,,,,-1.0,0.11826563,0,1
156.25,134.75,1,,,,,,-1.0,0.11925395,0,1
156.25,135.0,1,,,,,,-1.0,0.1202422,0,1
156.25,135.25,1,,,,,,-1.0,0.12123033,0,1
156.25,135.5,1,,,,,,-1.0,0.12221831,0,1
156.25,135.75,1,,,,,,-1.0,0.12320611,0,1
156.25,136.0,1,,,,,,-1.0,0.1241937,0,1
156.25,136.25,1,,,,,,-1.0,0.12518107,0,1
156.25,136.5,1,,,,,,-1.0,0.12616806,0,1
156.25,136.75,1,,,,,,-1.0,0.12715473,0,1
156.25,137.0,1,,,,,,-1.0,0.1281411,0,1
156.25,137.25,1,,,,,,-1.0,0.12912708,0,1
156.25,137.5,1,,,,,,-1.0,0.13011256,0,1
156.25,137.75,1,,,,,,-1.0,0.13109771,0,1
156.25,138.0,1,,,,,,-1.0,0.13208228,0,1
156.5,112.0,1,,,,,,-1.0,0.036768538,0,1
156.5,112.25,1,,,,,,-1.0,0.037473821,0,1
156.5,112.5,1,,,,,,-1.0,0.038184365,0,1
156.5,112.75,1,,,,,,-1.0,0.038900198,0,1
156.5,113.0,1,,,,,,-1.0,0.03962135,0,1
156.5,113.25,1,,,,,,-1.0,0.040347849,0,1
156.5,113.5,1,,,,,,-1.0,0.041079726,0,1
156.5,113.75,1,,,,,,-1.0,0.041817008,0,1
156.5,114.0,1,,,,,,-1.0,0.042559724,0,1
156.5,114.25,1,,,,,,-1.0,0.043307858,0,1
156.5,114.5,1,,,,,,-1.0,0.044061469,0,1
156.5,114.75,1,,,,,,-1.0,0.044820531,0,1
156.5,115.0,1,,,,,,-1.0,0.045585071,0,1
156.5,115.25,1,,,,,,-1.0,0.046355095,0,1
156.5,115.5,1,,,,,,-1.0,0.0471306,0,1
156.5,115.75,1,,,,,,-1.0,0.047911582,0,1
156.5,116.0,1,,,,,,-1.0,0.048698037,0,1
156.5,116.25,1,,,,,,-1.0,0.049489961,0,1
156.5,116.5,1,,,,,,-1.0,0.050287317,0,1
156.5,116.75,1,,,,,,-1.0,0.051090109,0,1
156.5,117.0,1,,,,,,-1.0,0.051898303,0,1
156.5,117.25,1,,,,,,-1.0,0.052711888,0,1
156.5,117.5,1,,,,,,-1.0,0.0535308,0,1
156.5,117.75,1,,,,,,-1.0,0.054355029,0,1
156.5,118.0,1,,,,,,-1.0,0.055184533,0,1
156.5,118.25,1,,,,,,-1.0,0.056019265,0,1
156.5,118.5,1,,,,,,-1.0,0.056859178,0,1
156.5,118.75,1,,,,,,-1.0,0.057704223,0,1
156.5,119.0,1,,,,,,-1.0,0.058554338,0,1
156.5,119.25,1,,,,,,-1.0,0.059409451,0,1
156.5,119.5,1,,,,,,-1.0,0.060269528,0,1
156.5,119.75,1,,,,,,-1.0,0.061134474,0,1
156.5,120.0,1,,,,,,-1.0,0.062004242,0,1
156.5,120.25,1,,,,,,-1.0,0.062878729,0,1
156.5,120.5,1,,,,,,-1.0,0.063757889,0,1
156.5,120.75,1,,,,,,-1.0,0.064641622,0,1
156.5,121.0,1,,,,,,-1.0,0.065529837,0,1
156.5,121.25,1,,,,,,-1.0,0.066422465,0,1
156.5,121.5,1,,,,,,-1.0,0.067319415,0,1
156.5,121.75,1,,,,,,-1.0,0.068220594,0,1
156.5,122.0,1,,,,,,-1.0,0.069125907,0,1
156.5,122.25,1,,,,,,-1.0,0.070035258,0,1
156.5,122.5,1,,,,,,-1.0,0.070948552,0,1
156.5,122.75,1,,,,,,-1.0,0.07186569,0,1
156.5,123.0,1,,,,,,-1.0,0.072786574,0,1
156.5,123.25,1,,,,,,-1.0,0.073711104,0,1
156.5,123.5,1,,,,,,-1.0,0.074639181,0,1
156.5,123.75,1,,,,,,-1.0,0.075570703,0,1
156.5,124.0,1,,,,,,-1.0,0.076505569,0,1
156.5,124.25,1,,,,,,-1.0,0.077443677,0,1
156.5,124.5,1,,,,,,-1.0,0.0783849,0,1
156.5,124.75,1,,,,,,-1.0,0.079329157,0,1
156.5,125.0,1,,,,,,-1.0,0.080276349,0,1
156.5,125.25,1,,,,,,-1.0,0.081226373,0,1
156.5,125.5,1,,,,,,-1.0,0.082179127,0,1
156.5,125.75,1,,,,,,-1.0,0.083134511,0,1
156.5,126.0,1,,,,,,-1.0,0.084092424,0,1
156.5,126.25,1,,,,,,-1.0,0.085052751,0,1
156.5,126.5,1,,,,,,-1.0,0.086015401,0,1
156.5,126.75,1,,,,,,-1.0,0.086980285,0,1
156.5,127.0,1,,,,,,-1.0,0.087947307,0,1
156.5,127.25,1,,,,,,-1.0,0.088916372,0,1
156.5,127.5,1,,,,,,-1.0,0.089887385,0,1
156.5,127.75,1,,,,,,-1.0,0.090860256,0,1
156.5,128.0,1,,,,,,-1.0,0.091834895,0,1
156.5,128.25,1,,,,,,-1.0,0.092811213,0,1
156.5,128.5,1,,,,,,-1.0,0.093789126,0,1
156.5,128.75,1,,,,,,-1.0,0.094768551,0,1
156.5,129.0,1,,,,,,-1.0,0.095749364,0,1
156.5,129.25,1,,,,,,-1.0,0.096731519,0,1
156.5,129.5,1,,,,,,-1.0,0.097714944,0,1
156.5,129.75,1,,,,,,-1.0,0.098699565,0,1
156.5,130.0,1,,,,,,-1.0,0.099685298,0,1
156.5,130.25,1,,,,,,-1.0,0.10067201,0,1
156.5,130.5,1,,,,,,-1.0,0.10165971,0,1
156.5,130.75,1,,,,,,-1.0,0.10264832,0,1
156.5,131.0,1,,,,,,-1.0,0.10363768,0,1
156.5,131.25,1,,,,,,-1.0,0.10462786,0,1
156.5,131.5,1,,,,,,-1.0,0.10561865,0,1
156.5,131.75,1,,,,,,-1.0,0.10661013,0,1
156.5,132.0,1,,,,,,-1.0,0.10760209,0,1
156.5,132.25,1,,,,,,-1.0,0.10859461,0,1
156.5,132.5,1,,,,,,-1.0,0.10958751,0,1
156.5,132.75,1,,,,,,-1.0,0.1105808,0,1
156.5,133.0,1,,,,,,-1.0,0.11157446,0,1
156.5,133.25,1,,,,,,-1.0,0.11256833,0,1
156.5,133.5,1,,,,,,-1.0,0.11356241,0,1
156.5,133.75,1,,,,,,-1.0,0.11455667,0,1
156.5,134.0,1,,,,,,-1.0,0.11555106,0,1
156.5,134.25,1,,,,,,-1.0,0.11654553,0,1
156.5,134.5,1,,,,,,-1.0,0.11754001,0,1
156.5,134.75,1,,,,,,-1.0,0.11853446,0,1
156.5,135.0,1,,,,,,-1.0,0.11952882,0,1
156.5,135.25,1,,,,,,-1.0,0.12052309,0,1
156.5,135.5,1,,,,,,-1.0,0.12151719,0,1
156.5,135.75,1,,,,,,-1.0,0.12251109,0,1
156.5,136.0,1,,,,,,-1.0,0.12350476,0,1
156.5,136.25,1,,,,,,-1.0,0.12449817,0,1
156.5,136.5,1,,,,,,-1.0,0.12549129,0,1
156.5,136.75,1,,,,,,-1.0,0.12648411,0,1
156.5,137.0,1,,,,,,-1.0,0.12747655,0,1
156.5,137.25,1,,,,,,-1.0,0.12846852,0,1
156.5,137.5,1,,,,,,-1.0,0.12946012,0,1
156.5,137.75,1,,,,,,-1.0,0.1304513,0,1
156.5,138.0,1,,,,,,-1.0,0.13144187,0,1
156.75,112.0,1,,,,,,-1.0,0.03578783,0,1
156.75,112.25,1,,,,,,-1.0,0.036491277,0,1
156.75,112.5,1,,,,,,-1.0,0.037200013,0,1
156.75,112.75,1,,,,,,-1.0,0.037914082,0,1
156.75,113.0,1,,,,,,-1.0,0.038633515,0,1
156.75,113.25,1,,,,,,-1.0,0.039358341,0,1
156.75,113.5,1,,,,,,-1.0,0.040088591,0,1
156.75,113.75,1,,,,,,-1.0,0.040824295,0,1
156.75,114.0,1,,,,,,-1.0,0.041565483,0,1
156.75,114.25,1,,,,,,-1.0,0.042312173,0,1
156.75,114.5,1,,,,,,-1.0,0.043064373,0,1
156.75,114.75,1,,,,,,-1.0,0.04382212,0,1
156.75,115.0,1,,,,,,-1.0,0.044585413,0,1
156.75,115.25,1,,,,,,-1.0,0.045354258,0,1
156.75,115.5,1,,,,,,-1.0,0.046128671,0,1
156.75,115.75,1,,,,,,-1.0,0.046908651,0,1
156.75,116.0,1,,,,,,-1.0,0.047694195,0,1
156.75,116.25,1,,,,,,-1.0,0.0484853,0,1
156.75,116.5,1,,,,,,-1.0,0.049281956,0,1
156.75,116.75,1,,,,,,-1.0,0.050084128,0,1
156.75,117.0,1,,,,,,-1.0,0.050891834,0,1
156.75,117.25,1,,,,,,-1.0,0.051705014,0,1
156.75,117.5,1,,,,,,-1.0,0.052523673,0,1
156.75,117.75,1,,,,,,-1.0,0.053347766,0,1
156.75,118.0,1,,,,,,-1.0,0.054177245,0,1
156.75,118.25,1,,,,,,-1.0,0.055012085,0,1
156.75,118.5,1,,,,,,-1.0,0.05585224,0,1
156.75,118.75,1,,,,,,-1.0,0.056697663,0,1
156.75,119.0,1,,,,,,-1.0,0.057548283,0,1
156.75,119.25,1,,,,,,-1.0,0.058404057,0,1
156.75,119.5,1,,,,,,-1.0,0.059264936,0,1
156.75,119.75,1,,,,,,-1.0,0.060130827,0,1
156.75,120.0,1,,,,,,-1.0,0.061001686,0,1
156.75,120.25,1,,,,,,-1.0,0.061877416,0,1
156.75,120.5,1,,,,,,-1.0,0.062757972,0,1
156.75,120.75,1,,,,,,-1.0,0.06364324,0,1
156.75,121.0,1,,,,,,-1.0,0.064533152,0,1
156.75,121.25,1,,,,,,-1.0,0.065427629,0,1
156.75,121.5,1,,,,,,-1.0,0.066326579,0,1
156.75,121.75,1,,,,,,-1.0,0.067229908,0,1
156.75,122.0,1,,,,,,-1.0,0.068137521,0,1
156.75,122.25,1,,,,,,-1.0,0.069049323,0,1
156.75,122.5,1,,,,,,-1.0,0.069965216,0,1
156.75,122.75,1,,,,,,-1.0,0.070885101,0,1
156.75,123.0,1,,,,,,-1.0,0.071808878,0,1
156.75,123.25,1,,,,,,-1.0,0.072736447,0,1
156.75,123.5,1,,,,,,-1.0,0.073667706,0,1
156.75,123.75,1,,,,,,-1.0,0.074602553,0,1
156.75,124.0,1,,,,,,-1.0,0.075540875,0,1
156.75,124.25,1,,,,,,-1.0,0.076482552,0,1
156.75,124.5,1,,,,,,-1.0,0.077427502,0,1
156.75,124.75,1,,,,,,-1.0,0.07837562,0,1
156.75,125.0,1,,,,,,-1.0,0.079326802,0,1
156.75,125.25,1,,,,,,-1.0,0.080280935,0,1
156.75,125.5,1,,,,,,-1.0,0.08123789,0,1
156.75,125.75,1,,,,,,-1.0,0.082197595,0,1
156.75,126.0,1,,,,,,-1.0,0.083159944,0,1
156.75,126.25,1,,,,,,-1.0,0.084124834,0,1
156.75,126.5,1,,,,,,-1.0,0.085092164,0,1
156.75,126.75,1,,,,,,-1.0,0.086061811,0,1
156.75,127.0,1,,,,,,-1.0,0.087033683,0,1
156.75,127.25,1,,,,,,-1.0,0.088007694,0,1
156.75,127.5,1,,,,,,-1.0,0.088983745,0,1
156.75,127.75,1,,,,,,-1.0,0.089961741,0,1
156.75,128.0,1,,,,,,-1.0,0.090941586,0,1
156.75,128.25,1,,,,,,-1.0,0.091923187,0,1
156.75,128.5,1,,,,,,-1.0,0.092906454,0,1
156.75,128.75,1,,,,,,-1.0,0.093891298,0,1
156.75,129.0,1,,,,,,-1.0,0.094877632,0,1
156.75,129.25,1,,,,,,-1.0,0.095865373,0,1
156.75,129.5,1,,,,,,-1.0,0.096854441,0,1
156.75,129.75,1,,,,,,-1.0,0.097844745,0,1
156.75,130.0,1,,,,,,-1.0,0.098836174,0,1
156.75,130.25,1,,,,,,-1.0,0.099828694,0,1
156.75,130.5,1,,,,,,-1.0,0.10082224,0,1
156.75,130.75,1,,,,,,-1.0,0.10181672,0,1
156.75,131.0,1,,,,,,-1.0,0.10281201,0,1
156.75,131.25,1,,,,,,-1.0,0.10380812,0,1
156.75,131.5,1,,,,,,-1.0,0.10480495,0,1
156.75,131.75,1,,,,,,-1.0,0.1058024,0,1
156.75,132.0,1,,,,,,-1.0,0.10680048,0,1
156.75,132.25,1,,,,,,-1.0,0.10779902,0,1
156.75,132.5,1,,,,,,-1.0,0.10879807,0,1
156.75,132.75,1,,,,,,-1.0,0.1097975,0,1
156.75,133.0,1,,,,,,-1.0,0.11079725,0,1
156.75,133.25,1,,,,,,-1.0,0.11179734,0,1
156.75,133.5,1,,,,,,-1.0,0.1127976,0,1
156.75,133.75,1,,,,,,-1.0,0.11379804,0,1
156.75,134.0,1,,,,,,-1.0,0.11479863,0,1
156.75,134.25,1,,,,,,-1.0,0.11579931,0,1
156.75,134.5,1,,,,,,-1.0,0.11680002,0,1
156.75,134.75,1,,,,,,-1.0,0.11780065,0,1
156.75,135.0,1,,,,,,-1.0,0.11880124,0,1
156.75,135.25,1,,,,,,-1.0,0.11980172,0,1
156.75,135.5,1,,,,,,-1.0,0.12080205,0,1
156.75,135.75,1,,,,,,-1.0,0.12180219,0,1
156.75,136.0,1,,,,,,-1.0,0.12280211,0,1
156.75,136.25,1,,,,,,-1.0,0.12380178,0,1
156.75,136.5,1,,,,,,-1.0,0.12480109,0,1
156.75,136.75,1,,,,,,-1.0,0.12580004,0,1
156.75,137.0,1,,,,,,-1.0,0.12679863,0,1
156.75,137.25,1,,,,,,-1.0,0.12779684,0,1
156.75,137.5,1,,,,,,-1.0,0.12879466,0,1
156.75,137.75,1,,,,,,-1.0,0.12979187,0,1
156.75,138.0,1,,,,,,-1.0,0.13078864,0,1
157.0,112.0,1,,,,,,-1.0,0.034798534,0,1
157.0,112.25,1,,,,,,-1.0,0.035500037,0,1
157.0,112.5,1,,,,,,-1.0,0.036206877,0,1
157.0,112.75,1,,,,,,-1.0,0.036919056,0,1
157.0,113.0,1,,,,,,-1.0,0.037636643,0,1
157.0,113.25,1,,,,,,-1.0,0.038359667,0,1
157.0,113.5,1,,,,,,-1.0,0.039088162,0,1
157.0,113.75,1,,,,,,-1.0,0.039822156,0,1
157.0,114.0,1,,,,,,-1.0,0.040561683,0,1
157.0,114.25,1,,,,,,-1.0,0.041306773,0,1
157.0,114.5,1,,,,,,-1.0,0.042057436,0,1
157.0,114.75,1,,,,,,-1.0,0.042813701,0,1
157.0,115.0,1,,,,,,-1.0,0.043575588,0,1
157.0,115.25,1,,,,,,-1.0,0.044343113,0,1
157.0,115.5,1,,,,,,-1.0,0.045116268,0,1
157.0,115.75,1,,,,,,-1.0,0.045895078,0,1
157.0,116.0,1,,,,,,-1.0,0.046679542,0,1
157.0,116.25,1,,,,,,-1.0,0.047469659,0,1
157.0,116.5,1,,,,,,-1.0,0.048265424,0,1
157.0,116.75,1,,,,,,-1.0,0.049066822,0,1
157.0,117.0,1,,,,,,-1.0,0.049873835,0,1
157.0,117.25,1,,,,,,-1.0,0.050686468,0,1
157.0,117.5,1,,,,,,-1.0,0.051504662,0,1
157.0,117.75,1,,,,,,-1.0,0.052328421,0,1
157.0,118.0,1,,,,,,-1.0,0.053157706,0,1
157.0,118.25,1,,,,,,-1.0,0.053992476,0,1
157.0,118.5,1,,,,,,-1.0,0.054832687,0,1
157.0,118.75,1,,,,,,-1.0,0.055678292,0,1
157.0,119.0,1,,,,,,-1.0,0.056529244,0,1
157.0,119.25,1,,,,,,-1.0,0.057385494,0,1
157.0,119.5,1,,,,,,-1.0,0.05824699,0,1
157.0,119.75,1,,,,,,-1.0,0.05911365,0,1
157.0,120.0,1,,,,,,-1.0,0.059985419,0,1
157.0,120.25,1,,,,,,-1.0,0.060862223,0,1
157.0,120.5,1,,,,,,-1.0,0.061743998,0,1
157.0,120.75,1,,,,,,-1.0,0.062630636,0,1
157.0,121.0,1,,,,,,-1.0,0.063522084,0,1
157.0,121.25,1,,,,,,-1.0,0.064418252,0,1
157.0,121.5,1,,,,,,-1.0,0.065319049,0,1
157.0,121.75,1,,,,,,-1.0,0.06622438,0,1
157.0,122.0,1,,,,,,-1.0,0.067134151,0,1
157.0,122.25,1,,,,,,-1.0,0.068048265,0,1
157.0,122.5,1,,,,,,-1.0,0.068966623,0,1
157.0,122.75,1,,,,,,-1.0,0.069889127,0,1
157.0,123.0,1,,,,,,-1.0,0.070815676,0,1
157.0,123.25,1,,,,,,-1.0,0.071746167,0,1
157.0,123.5,1,,,,,,-1.0,0.072680498,0,1
157.0,123.75,1,,,,,,-1.0,0.073618565,0,1
157.0,124.0,1,,,,,,-1.0,0.074560247,0,1
157.0,124.25,1,,,,,,-1.0,0.07550543,0,1
157.0,124.5,1,,,,,,-1.0,0.076454027,0,1
157.0,124.75,1,,,,,,-1.0,0.077405933,0,1
157.0,125.0,1,,,,,,-1.0,0.078361023,0,1
157.0,125.25,1,,,,,,-1.0,0.079319174,0,1
157.0,125.5,1,,,,,,-1.0,0.08028031,0,1
157.0,125.75,1,,,,,,-1.0,0.081244322,0,1
157.0,126.0,1,,,,,,-1.0,0.082211081,0,1
157.0,126.25,1,,,,,,-1.0,0.083180474,0,1
157.0,126.5,1,,,,,,-1.0,0.084152424,0,1
157.0,126.75,1,,,,,,-1.0,0.085126824,0,1
157.0,127.0,1,,,,,,-1.0,0.086103569,0,1
157.0,127.25,1,,,,,,-1.0,0.087082519,0,1
157.0,127.5,1,,,,,,-1.0,0.088063606,0,1
157.0,127.75,1,,,,,,-1.0,0.089046733,0,1
157.0,128.0,1,,,,,,-1.0,0.0900318,0,1
157.0,128.25,1,,,,,,-1.0,0.09101871,0,1
157.0,128.5,1,,,,,,-1.0,0.092007367,0,1
157.0,128.75,1,,,,,,-1.0,0.092997675,0,1
157.0,129.0,1,,,,,,-1.0,0.093989544,0,1
157.0,129.25,1,,,,,,-1.0,0.094982884,0,1
157.0,129.5,1,,,,,,-1.0,0.095977607,0,1
157.0,129.75,1,,,,,,-1.0,0.09697363,0,1
157.0,130.0,1,,,,,,-1.0,0.097970873,0,1
157.0,130.25,1,,,,,,-1.0,0.098969257,0,1
157.0,130.5,1,,,,,,-1.0,0.099968709,0,1
157.0,130.75,1,,,,,,-1.0,0.10096911,0,1
157.0,131.0,1,,,,,,-1.0,0.1019704,0,1
157.0,131.25,1,,,,,,-1.0,0.10297254,0,1
157.0,131.5,1,,,,,,-1.0,0.10397545,0,1
157.0,131.75,1,,,,,,-1.0,0.10497899,0,1
157.0,132.0,1,,,,,,-1.0,0.10598321,0,1
157.0,132.25,1,,,,,,-1.0,0.10698793,0,1
157.0,132.5,1,,,,,,-1.0,0.10799316,0,1
157.0,132.75,1,,,,,,-1.0,0.1089988,0,1
157.0,133.0,1,,,,,,-1.0,0.11000483,0,1
157.0,133.25,1,,,,,,-1.0,0.11101112,0,1
157.0,133.5,1,,,,,,-1.0,0.11201771,0,1
157.0,133.75,1,,,,,,-1.0,0.11302444,0,1
157.0,134.0,1,,,,,,-1.0,0.11403131,0,1
157.0,134.25,1,,,,,,-1.0,0.11503829,0,1
157.0,134.5,1,,,,,,-1.0,0.11604533,0,1
157.0,134.75,1,,,,,,-1.0,0.1170523,0,1
157.0,135.0,1,,,,,,-1.0,0.1180592,0,1
157.0,135.25,1,,,,,,-1.0,0.11906601,0,1
157.0,135.5,1,,,,,,-1.0,0.12007267,0,1
157.0,135.75,1,,,,,,-1.0,0.12107914,0,1
157.0,136.0,1,,,,,,-1.0,0.12208538,0,1
157.0,136.25,1,,,,,,-1.0,0.12309134,0,1
157.0,136.5,1,,,,,,-1.0,0.12409699,0,1
157.0,136.75,1,,,,,,-1.0,0.1251023,0,1
157.0,137.0,1,,,,,,-1.0,0.12610724,0,1
157.0,137.25,1,,,,,,-1.0,0.1271117,0,1
157.0,137.5,1,,,,,,-1.0,0.1281157,0,1
157.0,137.75,1,,,,,,-1.0,0.12911923,0,1
157.0,138.0,1,,,,,,-1.0,0.13012231,0,1
157.25,112.0,1,,,,,,-1.0,0.033800751,0,1
157.25,112.25,1,,,,,,-1.0,0.03450022,0,1
157.25,112.5,1,,,,,,-1.0,0.035205021,0,1
157.25,112.75,1,,,,,,-1.0,0.035915222,0,1
157.25,113.0,1,,,,,,-1.0,0.036630851,0,1
157.25,113.25,1,,,,,,-1.0,0.037351945,0,1
157.25,113.5,1,,,,,,-1.0,0.038078552,0,1
157.25,113.75,1,,,,,,-1.0,0.038810706,0,1
157.25,114.0,1,,,,,,-1.0,0.039548438,0,1
157.25,114.25,1,,,,,,-1.0,0.040291781,0,1
157.25,114.5,1,,,,,,-1.0,0.041040768,0,1
157.25,114.75,1,,,,,,-1.0,0.041795403,0,1
157.25,115.0,1,,,,,,-1.0,0.04255573,0,1
157.25,115.25,1,,,,,,-1.0,0.043321759,0,1
157.25,115.5,1,,,,,,-1.0,0.044093516,0,1
157.25,115.75,1,,,,,,-1.0,0.044870985,0,1
157.25,116.0,1,,,,,,-1.0,0.045654198,0,1
157.25,116.25,1,,,,,,-1.0,0.046443154,0,1
157.25,116.5,1,,,,,,-1.0,0.047237851,0,1
157.25,116.75,1,,,,,,-1.0,0.048038289,0,1
157.25,117.0,1,,,,,,-1.0,0.048844445,0,1
157.25,117.25,1,,,,,,-1.0,0.049656312,0,1
157.25,117.5,1,,,,,,-1.0,0.050473886,0,1
157.25,117.75,1,,,,,,-1.0,0.051297121,0,1
157.25,118.0,1,,,,,,-1.0,0.052126003,0,1
157.25,118.25,1,,,,,,-1.0,0.052960503,0,1
157.25,118.5,1,,,,,,-1.0,0.05380058,0,1
157.25,118.75,1,,,,,,-1.0,0.054646188,0,1
157.25,119.0,1,,,,,,-1.0,0.055497283,0,1
157.25,119.25,1,,,,,,-1.0,0.056353815,0,1
157.25,119.5,1,,,,,,-1.0,0.057215737,0,1
157.25,119.75,1,,,,,,-1.0,0.058082981,0,1
157.25,120.0,1,,,,,,-1.0,0.058955472,0,1
157.25,120.25,1,,,,,,-1.0,0.059833168,0,1
157.25,120.5,1,,,,,,-1.0,0.060715967,0,1
157.25,120.75,1,,,,,,-1.0,0.06160381,0,1
157.25,121.0,1,,,,,,-1.0,0.062496623,0,1
157.25,121.25,1,,,,,,-1.0,0.063394309,0,1
157.25,121.5,1,,,,,,-1.0,0.064296772,0,1
157.25,121.75,1,,,,,,-1.0,0.065203936,0,1
157.25,122.0,1,,,,,,-1.0,0.066115706,0,1
157.25,122.25,1,,,,,,-1.0,0.067031984,0,1
157.25,122.5,1,,,,,,-1.0,0.067952672,0,1
157.25,122.75,1,,,,,,-1.0,0.068877671,0,1
157.25,123.0,1,,,,,,-1.0,0.069806862,0,1
157.25,123.25,1,,,,,,-1.0,0.070740146,0,1
157.25,123.5,1,,,,,,-1.0,0.071677426,0,1
157.25,123.75,1,,,,,,-1.0,0.072618596,0,1
157.25,124.0,1,,,,,,-1.0,0.07356355,0,1
157.25,124.25,1,,,,,,-1.0,0.074512135,0,1
157.25,124.5,1,,,,,,-1.0,0.075464284,0,1
157.25,124.75,1,,,,,,-1.0,0.076419889,0,1
157.25,125.0,1,,,,,,-1.0,0.077378806,0,1
157.25,125.25,1,,,,,,-1.0,0.078340935,0,1
157.25,125.5,1,,,,,,-1.0,0.079306187,0,1
157.25,125.75,1,,,,,,-1.0,0.080274425,0,1
157.25,126.0,1,,,,,,-1.0,0.081245532,0,1
157.25,126.25,1,,,,,,-1.0,0.082219429,0,1
157.25,126.5,1,,,,,,-1.0,0.083195997,0,1
157.25,126.75,1,,,,,,-1.0,0.084175087,0,1
157.25,127.0,1,,,,,,-1.0,0.085156641,0,1
157.25,127.25,1,,,,,,-1.0,0.08614055,0,1
157.25,127.5,1,,,,,,-1.0,0.08712669,0,1
157.25,127.75,1,,,,,,-1.0,0.088114941,0,1
157.25,128.0,1,,,,,,-1.0,0.089105232,0,1
157.25,128.25,1,,,,,,-1.0,0.090097462,0,1
157.25,128.5,1,,,,,,-1.0,0.091091529,0,1
157.25,128.75,1,,,,,,-1.0,0.092087333,0,1
157.25,129.0,1,,,,,,-1.0,0.093084778,0,1
157.25,129.25,1,,,,,,-1.0,0.094083766,0,1
157.25,129.5,1,,,,,,-1.0,0.095084203,0,1
157.25,129.75,1,,,,,,-1.0,0.09608601,0,1
157.25,130.0,1,,,,,,-1.0,0.097089091,0,1
157.25,130.25,1,,,,,,-1.0,0.098093359,0,1
157.25,130.5,1,,,,,,-1.0,0.099098735,0,1
157.25,130.75,1,,,,,,-1.0,0.10010514,0,1
157.25,131.0,1,,,,,,-1.0,0.10111251,0,1
157.25,131.25,1,,,,,,-1.0,0.10212076,0,1
157.25,131.5,1,,,,,,-1.0,0.10312981,0,1
157.25,131.75,1,,,,,,-1.0,0.10413954,0,1
157.25,132.0,1,,,,,,-1.0,0.10514995,0,1
157.25,132.25,1,,,,,,-1.0,0.10616097,0,1
157.25,132.5,1,,,,,,-1.0,0.10717245,0,1
157.25,132.75,1,,,,,,-1.0,0.10818444,0,1
157.25,133.0,1,,,,,,-1.0,0.10919675,0,1
157.25,133.25,1,,,,,,-1.0,0.11020946,0,1
157.25,133.5,1,,,,,,-1.0,0.11122235,0,1
157.25,133.75,1,,,,,,-1.0,0.11223551,0,1
157.25,134.0,1,,,,,,-1.0,0.11324879,0,1
157.25,134.25,1,,,,,,-1.0,0.11426216,0,1
157.25,134.5,1,,,,,,-1.0,0.11527561,0,1
157.25,134.75,1,,,,,,-1.0,0.11628905,0,1
157.25,135.0,1,,,,,,-1.0,0.11730238,0,1
157.25,135.25,1,,,,,,-1.0,0.11831563,0,1
157.25,135.5,1,,,,,,-1.0,0.11932873,0,1
157.25,135.75,1,,,,,,-1.0,0.12034164,0,1
157.25,136.0,1,,,,,,-1.0,0.12135432,0,1
157.25,136.25,1,,,,,,-1.0,0.12236672,0,1
157.25,136.5,1,,,,,,-1.0,0.12337879,0,1
157.25,136.75,1,,,,,,-1.0,0.1243905,0,1
157.25,137.0,1,,,,,,-1.0,0.12540181,0,1
157.25,137.25,1,,,,,,-1.0,0.1264127,0,1
157.25,137.5,1,,,,,,-1.0,0.12742315,0,1
157.25,137.75,1,,,,,,-1.0,0.12843312,0,1
157.25,138.0,1,,,,,,-1.0,0.12944246,0,1
157.5,112.0,1,,,,,,-1.0,0.032794589,0,1
157.5,112.25,1,,,,,,-1.0,0.033491912,0,1
157.5,112.5,1,,,,,,-1.0,0.034194586,0,1
157.5,112.75,1,,,,,,-1.0,0.034902682,0,1
157.5,113.0,1,,,,,,-1.0,0.03561623,0,1
157.5,113.25,1,,,,,,-1.0,0.036335294,0,1
157.5,113.5,1,,,,,,-1.0,0.037059885,0,1
157.5,113.75,1,,,,,,-1.0,0.037790065,0,1
157.5,114.0,1,,,,,,-1.0,0.038525868,0,1
157.5,114.25,1,,,,,,-1.0,0.039267329,0,1
157.5,114.5,1,,,,,,-1.0,0.040014481,0,1
157.5,114.75,1,,,,,,-1.0,0.040767357,0,1
157.5,115.0,1,,,,,,-1.0,0.041525963,0,1
157.5,115.25,1,,,,,,-1.0,0.042290347,0,1
157.5,115.5,1,,,,,,-1.0,0.043060518,0,1
157.5,115.75,1,,,,,,-1.0,0.043836504,0,1
157.5,116.0,1,,,,,,-1.0,0.044618291,0,1
157.5,116.25,1,,,,,,-1.0,0.045405911,0,1
157.5,116.5,1,,,,,,-1.0,0.046199364,0,1
157.5,116.75,1,,,,,,-1.0,0.046998651,0,1
157.5,117.0,1,,,,,,-1.0,0.04780377,0,1
157.5,117.25,1,,,,,,-1.0,0.048614699,0,1
157.5,117.5,1,,,,,,-1.0,0.049431434,0,1
157.5,117.75,1,,,,,,-1.0,0.050253968,0,1
157.5,118.0,1,,,,,,-1.0,0.051082259,0,1
157.5,118.25,1,,,,,,-1.0,0.051916288,0,1
157.5,118.5,1,,,,,,-1.0,0.052756029,0,1
157.5,118.75,1,,,,,,-1.0,0.05360144,0,1
157.5,119.0,1,,,,,,-1.0,0.054452477,0,1
157.5,119.25,1,,,,,,-1.0,0.055309093,0,1
157.5,119.5,1,,,,,,-1.0,0.056171241,0,1
157.5,119.75,1,,,,,,-1.0,0.057038872,0,1
157.5,120.0,1,,,,,,-1.0,0.057911891,0,1
157.5,120.25,1,,,,,,-1.0,0.058790275,0,1
157.5,120.5,1,,,,,,-1.0,0.05967392,0,1
157.5,120.75,1,,,,,,-1.0,0.060562784,0,1
157.5,121.0,1,,,,,,-1.0,0.061456755,0,1
157.5,121.25,1,,,,,,-1.0,0.062355766,0,1
157.5,121.5,1,,,,,,-1.0,0.063259735,0,1
157.5,121.75,1,,,,,,-1.0,0.064168569,0,1
157.5,122.0,1,,,,,,-1.0,0.065082172,0,1
157.5,122.25,1,,,,,,-1.0,0.066000449,0,1
157.5,122.5,1,,,,,,-1.0,0.066923299,0,1
157.5,122.75,1,,,,,,-1.0,0.067850623,0,1
157.5,123.0,1,,,,,,-1.0,0.068782319,0,1
157.5,123.25,1,,,,,,-1.0,0.069718283,0,1
157.5,123.5,1,,,,,,-1.0,0.070658381,0,1
157.5,123.75,1,,,,,,-1.0,0.071602523,0,1
157.5,124.0,1,,,,,,-1.0,0.072550609,0,1
157.5,124.25,1,,,,,,-1.0,0.073502516,0,1
157.5,124.5,1,,,,,,-1.0,0.074458106,0,1
157.5,124.75,1,,,,,,-1.0,0.075417307,0,1
157.5,125.0,1,,,,,,-1.0,0.076379981,0,1
157.5,125.25,1,,,,,,-1.0,0.077346001,0,1
157.5,125.5,1,,,,,,-1.0,0.078315291,0,1
157.5,125.75,1,,,,,,-1.0,0.07928769,0,1
157.5,126.0,1,,,,,,-1.0,0.08026311,0,1
157.5,126.25,1,,,,,,-1.0,0.081241458,0,1
157.5,126.5,1,,,,,,-1.0,0.082222551,0,1
157.5,126.75,1,,,,,,-1.0,0.083206345,0,1
157.5,127.0,1,,,,,,-1.0,0.084192717,0,1
157.5,127.25,1,,,,,,-1.0,0.085181508,0,1
157.5,127.5,1,,,,,,-1.0,0.086172667,0,1
157.5,127.75,1,,,,,,-1.0,0.087166083,0,1
157.5,128.0,1,,,,,,-1.0,0.088161593,0,1
157.5,128.25,1,,,,,,-1.0,0.089159139,0,1
157.5,128.5,1,,,,,,-1.0,0.090158622,0,1
157.5,128.75,1,,,,,,-1.0,0.091159938,0,1
157.5,129.0,1,,,,,,-1.0,0.092162978,0,1
157.5,129.25,1,,,,,,-1.0,0.093167619,0,1
157.5,129.5,1,,,,,,-1.0,0.094173798,0,1
157.5,129.75,1,,,,,,-1.0,0.09518142,0,1
157.5,130.0,1,,,,,,-1.0,0.096190391,0,1
157.5,130.25,1,,,,,,-1.0,0.097200621,0,1
157.5,130.5,1,,,,,,-1.0,0.098212024,0,1
157.5,130.75,1,,,,,,-1.0,0.099224516,0,1
157.5,131.0,1,,,,,,-1.0,0.10023802,0,1
157.5,131.25,1,,,,,,-1.0,0.10125244,0,1
157.5,131.5,1,,,,,,-1.0,0.10226767,0,1
157.5,131.75,1,,,,,,-1.0,0.10328368,0,1
157.5,132.0,1,,,,,,-1.0,0.10430039,0,1
157.5,132.25,1,,,,,,-1.0,0.10531776,0,1
157.5,132.5,1,,,,,,-1.0,0.1063356,0,1
157.5,132.75,1,,,,,,-1.0,0.10735396,0,1
157.5,133.0,1,,,,,,-1.0,0.10837275,0,1
157.5,133.25,1,,,,,,-1.0,0.10939184,0,1
157.5,133.5,1,,,,,,-1.0,0.11041128,0,1
157.5,133.75,1,,,,,,-1.0,0.11143087,0,1
157.5,134.0,1,,,,,,-1.0,0.11245068,0,1
157.5,134.25,1,,,,,,-1.0,0.11347059,0,1
157.5,134.5,1,,,,,,-1.0,0.11449052,0,1
157.5,134.75,1,,,,,,-1.0,0.11551051,0,1
157.5,135.0,1,,,,,,-1.0,0.11653043,0,1
157.5,135.25,1,,,,,,-1.0,0.11755021,0,1
157.5,135.5,1,,,,,,-1.0,0.11856986,0,1
157.5,135.75,1,,,,,,-1.0,0.11958934,0,1
157.5,136.0,1,,,,,,-1.0,0.12060858,0,1
157.5,136.25,1,,,,,,-1.0,0.12162753,0,1
157.5,136.5,1,,,,,,-1.0,0.12264616,0,1
157.5,136.75,1,,,,,,-1.0,0.12366442,0,1
157.5,137.0,1,,,,,,-1.0,0.12468226,0,1
157.5,137.25,1,,,,,,-1.0,0.12569965,0,1
157.5,137.5,1,,,,,,-1.0,0.12671656,0,1
157.5,137.75,1,,,,,,-1.0,0.12773297,0,1
157.5,138.0,1,,,,,,-1.0,0.12874885,0,1
157.75,112.0,1,,,,,,-1.0,0.031780148,0,1
157.75,112.25,1,,,,,,-1.0,0.032475222,0,1
157.75,112.5,1,,,,,,-1.0,0.033175671,0,1
157.75,112.75,1,,,,,,-1.0,0.033881548,0,1
157.75,113.0,1,,,,,,-1.0,0.034592922,0,1
157.75,113.25,1,,,,,,-1.0,0.035309804,0,1
157.75,113.5,1,,,,,,-1.0,0.036032276,0,1
157.75,113.75,1,,,,,,-1.0,0.036760361,0,1
157.75,114.0,1,,,,,,-1.0,0.0374941,0,1
157.75,114.25,1,,,,,,-1.0,0.038233542,0,1
157.75,114.5,1,,,,,,-1.0,0.038978722,0,1
157.75,114.75,1,,,,,,-1.0,0.039729673,0,1
157.75,115.0,1,,,,,,-1.0,0.040486432,0,1
157.75,115.25,1,,,,,,-1.0,0.041249003,0,1
157.75,115.5,1,,,,,,-1.0,0.042017439,0,1
157.75,115.75,1,,,,,,-1.0,0.042791749,0,1
157.75,116.0,1,,,,,,-1.0,0.043571962,0,1
157.75,116.25,1,,,,,,-1.0,0.044358068,0,1
157.75,116.5,1,,,,,,-1.0,0.045150097,0,1
157.75,116.75,1,,,,,,-1.0,0.045948052,0,1
157.75,117.0,1,,,,,,-1.0,0.046751934,0,1
157.75,117.25,1,,,,,,-1.0,0.047561741,0,1
157.75,117.5,1,,,,,,-1.0,0.048377458,0,1
157.75,117.75,1,,,,,,-1.0,0.049199072,0,1
157.75,118.0,1,,,,,,-1.0,0.050026583,0,1
157.75,118.25,1,,,,,,-1.0,0.050859946,0,1
157.75,118.5,1,,,,,,-1.0,0.051699144,0,1
157.75,118.75,1,,,,,,-1.0,0.05254415,0,1
157.75,119.0,1,,,,,,-1.0,0.053394922,0,1
157.75,119.25,1,,,,,,-1.0,0.054251415,0,1
157.75,119.5,1,,,,,,-1.0,0.055113584,0,1
157.75,119.75,1,,,,,,-1.0,0.055981381,0,1
157.75,120.0,1,,,,,,-1.0,0.056854742,0,1
157.75,120.25,1,,,,,,-1.0,0.057733597,0,1
157.75,120.5,1,,,,,,-1.0,0.058617904,0,1
157.75,120.75,1,,,,,,-1.0,0.059507559,0,1
157.75,121.0,1,,,,,,-1.0,0.060402507,0,1
157.75,121.25,1,,,,,,-1.0,0.061302672,0,1
157.75,121.5,1,,,,,,-1.0,0.062207959,0,1
157.75,121.75,1,,,,,,-1.0,0.063118268,0,1
157.75,122.0,1,,,,,,-1.0,0.064033522,0,1
157.75,122.25,1,,,,,,-1.0,0.064953625,0,1
157.75,122.5,1,,,,,,-1.0,0.065878478,0,1
157.75,122.75,1,,,,,,-1.0,0.066807967,0,1
157.75,123.0,1,,,,,,-1.0,0.06774199,0,1
157.75,123.25,1,,,,,,-1.0,0.068680449,0,1
157.75,123.5,1,,,,,,-1.0,0.06962324,0,1
157.75,123.75,1,,,,,,-1.0,0.070570244,0,1
157.75,124.0,1,,,,,,-1.0,0.071521323,0,1
157.75,124.25,1,,,,,,-1.0,0.072476401,0,1
157.75,124.5,1,,,,,,-1.0,0.073435347,0,1
157.75,124.75,1,,,,,,-1.0,0.074398025,0,1
157.75,125.0,1,,,,,,-1.0,0.075364361,0,1
157.75,125.25,1,,,,,,-1.0,0.07633418,0,1
157.75,125.5,1,,,,,,-1.0,0.077307413,0,1
157.75,125.75,1,,,,,,-1.0,0.078283916,0,1
157.75,126.0,1,,,,,,-1.0,0.079263573,0,1
157.75,126.25,1,,,,,,-1.0,0.080246288,0,1
157.75,126.5,1,,,,,,-1.0,0.081231896,0,1
157.75,126.75,1,,,,,,-1.0,0.082220345,0,1
157.75,127.0,1,,,,,,-1.0,0.083211448,0,1
157.75,127.25,1,,,,,,-1.0,0.084205148,0,1
157.75,127.5,1,,,,,,-1.0,0.085201317,0,1
157.75,127.75,1,,,,,,-1.0,0.08619981,0,1
157.75,128.0,1,,,,,,-1.0,0.087200572,0,1
157.75,128.25,1,,,,,,-1.0,0.088203457,0,1
157.75,128.5,1,,,,,,-1.0,0.089208347,0,1
157.75,128.75,1,,,,,,-1.0,0.090215175,0,1
157.75,129.0,1,,,,,,-1.0,0.091223834,0,1
157.75,129.25,1,,,,,,-1.0,0.092234179,0,1
157.75,129.5,1,,,,,,-1.0,0.093246134,0,1
157.75,129.75,1,,,,,,-1.0,0.094259613,0,1
157.75,130.0,1,,,,,,-1.0,0.095274518,0,1
157.75,130.25,1,,,,,,-1.0,0.096290753,0,1
157.75,130.5,1,,,,,,-1.0,0.097308223,0,1
157.75,130.75,1,,,,,,-1.0,0.098326839,0,1
157.75,131.0,1,,,,,,-1.0,0.099346512,0,1
157.75,131.25,1,,,,,,-1.0,0.10036716,0,1
157.75,131.5,1,,,,,,-1.0,0.1013887,0,1
157.75,131.75,1,,,,,,-1.0,0.10241106,0,1
157.75,132.0,1,,,,,,-1.0,0.10343416,0,1
157.75,132.25,1,,,,,,-1.0,0.10445793,0,1
157.75,132.5,1,,,,,,-1.0,0.10548223,0,1
157.75,132.75,1,,,,,,-1.0,0.10650707,0,1
157.75,133.0,1,,,,,,-1.0,0.1075324,0,1
157.75,133.25,1,,,,,,-1.0,0.10855803,0,1
157.75,133.5,1,,,,,,-1.0,0.10958401,0,1
157.75,133.75,1,,,,,,-1.0,0.11061023,0,1
157.75,134.0,1,,,,,,-1.0,0.11163663,0,1
157.75,134.25,1,,,,,,-1.0,0.11266316,0,1
157.75,134.5,1,,,,,,-1.0,0.11368977,0,1
157.75,134.75,1,,,,,,-1.0,0.11471635,0,1
157.75,135.0,1,,,,,,-1.0,0.11574295,0,1
157.75,135.25,1,,,,,,-1.0,0.11676942,0,1
157.75,135.5,1,,,,,,-1.0,0.11779572,0,1
157.75,135.75,1,,,,,,-1.0,0.11882186,0,1
157.75,136.0,1,,,,,,-1.0,0.11984777,0,1
157.75,136.25,1,,,,,,-1.0,0.12087341,0,1
157.75,136.5,1,,,,,,-1.0,0.12189869,0,1
157.75,136.75,1,,,,,,-1.0,0.12292359,0,1
157.75,137.0,1,,,,,,-1.0,0.12394808,0,1
157.75,137.25,1,,,,,,-1.0,0.12497213,0,1
157.75,137.5,1,,,,,,-1.0,0.12599571,0,1
157.75,137.75,1,,,,,,-1.0,0.12701877,0,1
157.75,138.0,1,,,,,,-1.0,0.12804121,0,1
158.0,112.0,1,,,,,,-1.0,0.030757531,0,1
158.0,112.25,1,,,,,,-1.0,0.031450262,0,1
158.0,112.5,1,,,,,,-1.0,0.03214838,0,1
158.0,112.75,1,,,,,,-1.0,0.032851941,0,1
158.0,113.0,1,,,,,,-1.0,0.03356101,0,1
158.0,113.25,1,,,,,,-1.0,0.03427563,0,1
158.0,113.5,1,,,,,,-1.0,0.034995842,0,1
158.0,113.75,1,,,,,,-1.0,0.035721706,0,1
158.0,114.0,1,,,,,,-1.0,0.03645327,0,1
158.0,114.25,1,,,,,,-1.0,0.037190555,0,1
158.0,114.5,1,,,,,,-1.0,0.037933623,0,1
158.0,114.75,1,,,,,,-1.0,0.038682509,0,1
158.0,115.0,1,,,,,,-1.0,0.039437249,0,1
158.0,115.25,1,,,,,,-1.0,0.040197879,0,1
158.0,115.5,1,,,,,,-1.0,0.04096441,0,1
158.0,115.75,1,,,,,,-1.0,0.041736891,0,1
158.0,116.0,1,,,,,,-1.0,0.042515338,0,1
158.0,116.25,1,,,,,,-1.0,0.043299771,0,1
158.0,116.5,1,,,,,,-1.0,0.044090196,0,1
158.0,116.75,1,,,,,,-1.0,0.044886636,0,1
158.0,117.0,1,,,,,,-1.0,0.045689096,0,1
158.0,117.25,1,,,,,,-1.0,0.046497576,0,1
158.0,117.5,1,,,,,,-1.0,0.047312079,0,1
158.0,117.75,1,,,,,,-1.0,0.048132595,0,1
158.0,118.0,1,,,,,,-1.0,0.048959097,0,1
158.0,118.25,1,,,,,,-1.0,0.049791601,0,1
158.0,118.5,1,,,,,,-1.0,0.050630049,0,1
158.0,118.75,1,,,,,,-1.0,0.051474437,0,1
158.0,119.0,1,,,,,,-1.0,0.052324731,0,1
158.0,119.25,1,,,,,,-1.0,0.053180887,0,1
158.0,119.5,1,,,,,,-1.0,0.054042864,0,1
158.0,119.75,1,,,,,,-1.0,0.054910616,0,1
158.0,120.0,1,,,,,,-1.0,0.055784094,0,1
158.0,120.25,1,,,,,,-1.0,0.056663224,0,1
158.0,120.5,1,,,,,,-1.0,0.057547954,0,1
158.0,120.75,1,,,,,,-1.0,0.058438215,0,1
158.0,121.0,1,,,,,,-1.0,0.059333938,0,1
158.0,121.25,1,,,,,,-1.0,0.060235024,0,1
158.0,121.5,1,,,,,,-1.0,0.061141412,0,1
158.0,121.75,1,,,,,,-1.0,0.062053012,0,1
158.0,122.0,1,,,,,,-1.0,0.062969728,0,1
158.0,122.25,1,,,,,,-1.0,0.063891466,0,1
158.0,122.5,1,,,,,,-1.0,0.064818125,0,1
158.0,122.75,1,,,,,,-1.0,0.065749606,0,1
158.0,123.0,1,,,,,,-1.0,0.066685808,0,1
158.0,123.25,1,,,,,,-1.0,0.067626626,0,1
158.0,123.5,1,,,,,,-1.0,0.068571926,0,1
158.0,123.75,1,,,,,,-1.0,0.06952161,0,1
158.0,124.0,1,,,,,,-1.0,0.070475581,0,1
158.0,124.25,1,,,,,,-1.0,0.071433689,0,1
158.0,124.5,1,,,,,,-1.0,0.072395835,0,1
158.0,124.75,1,,,,,,-1.0,0.073361908,0,1
158.0,125.0,1,,,,,,-1.0,0.074331755,0,1
158.0,125.25,1,,,,,,-1.0,0.075305303,0,1
158.0,125.5,1,,,,,,-1.0,0.076282368,0,1
158.0,125.75,1,,,,,,-1.0,0.077262901,0,1
158.0,126.0,1,,,,,,-1.0,0.078246701,0,1
158.0,126.25,1,,,,,,-1.0,0.079233729,0,1
158.0,126.5,1,,,,,,-1.0,0.080223777,0,1
158.0,126.75,1,,,,,,-1.0,0.081216814,0,1
158.0,127.0,1,,,,,,-1.0,0.082212629,0,1
158.0,127.25,1,,,,,,-1.0,0.083211192,0,1
158.0,127.5,1,,,,,,-1.0,0.084212305,0,1
158.0,127.75,1,,,,,,-1.0,0.085215917,0,1
158.0,128.0,1,,,,,,-1.0,0.08622187,0,1
158.0,128.25,1,,,,,,-1.0,0.087230065,0,1
158.0,128.5,1,,,,,,-1.0,0.088240422,0,1
158.0,128.75,1,,,,,,-1.0,0.089252748,0,1
158.0,129.0,1,,,,,,-1.0,0.090267014,0,1
158.0,129.25,1,,,,,,-1.0,0.09128311,0,1
158.0,129.5,1,,,,,,-1.0,0.092300864,0,1
158.0,129.75,1,,,,,,-1.0,0.093320229,0,1
158.0,130.0,1,,,,,,-1.0,0.094341107,0,1
158.0,130.25,1,,,,,,-1.0,0.095363395,0,1
158.0,130.5,1,,,,,,-1.0,0.096386994,0,1
158.0,130.75,1,,,,,,-1.0,0.097411794,0,1
158.0,131.0,1,,,,,,-1.0,0.098437708,0,1
158.0,131.25,1,,,,,,-1.0,0.099464662,0,1
158.0,131.5,1,,,,,,-1.0,0.10049257,0,1
158.0,131.75,1,,,,,,-1.0,0.10152134,0,1
158.0,132.0,1,,,,,,-1.0,0.10255089,0,1
158.0,132.25,1,,,,,,-1.0,0.10358112,0,1
158.0,132.5,1,,,,,,-1.0,0.10461198,0,1
158.0,132.75,1,,,,,,-1.0,0.1056434,0,1
158.0,133.0,1,,,,,,-1.0,0.10667533,0,1
158.0,133.25,1,,,,,,-1.0,0.10770762,0,1
158.0,133.5,1,,,,,,-1.0,0.10874024,0,1
158.0,133.75,1,,,,,,-1.0,0.10977319,0,1
158.0,134.0,1,,,,,,-1.0,0.11080627,0,1
158.0,134.25,1,,,,,,-1.0,0.11183955,0,1
158.0,134.5,1,,,,,,-1.0,0.11287288,0,1
158.0,134.75,1,,,,,,-1.0,0.11390627,0,1
158.0,135.0,1,,,,,,-1.0,0.11493957,0,1
158.0,135.25,1,,,,,,-1.0,0.11597286,0,1
158.0,135.5,1,,,,,,-1.0,0.11700595,0,1
158.0,135.75,1,,,,,,-1.0,0.11803885,0,1
158.0,136.0,1,,,,,,-1.0,0.11907155,0,1
158.0,136.25,1,,,,,,-1.0,0.12010399,0,1
158.0,136.5,1,,,,,,-1.0,0.12113603,0,1
158.0,136.75,1,,,,,,-1.0,0.1221677,0,1
158.0,137.0,1,,,,,,-1.0,0.12319896,0,1
158.0,137.25,1,,,,,,-1.0,0.12422977,0,1
158.0,137.5,1,,,,,,-1.0,0.12526008,0,1
158.0,137.75,1,,,,,,-1.0,0.12628986,0,1
158.0,138.0,1,,,,,,-1.0,0.12731908,0,1
158.25,112.0,1,,,,,,-1.0,0.029726831,0,1
158.25,112.25,1,,,,,,-1.0,0.030417126,0,1
158.25,112.5,1,,,,,,-1.0,0.03111282,0,1
158.25,112.75,1,,,,,,-1.0,0.031813969,0,1
158.25,113.0,1,,,,,,-1.0,0.032520634,0,1
158.25,113.25,1,,,,,,-1.0,0.033232873,0,1
158.25,113.5,1,,,,,,-1.0,0.033950719,0,1
158.25,113.75,1,,,,,,-1.0,0.034674243,0,1
158.25,114.0,1,,,,,,-1.0,0.035403484,0,1
158.25,114.25,1,,,,,,-1.0,0.036138504,0,1
158.25,114.5,1,,,,,,-1.0,0.036879324,0,1
158.25,114.75,1,,,,,,-1.0,0.037626003,0,1
158.25,115.0,1,,,,,,-1.0,0.038378582,0,1
158.25,115.25,1,,,,,,-1.0,0.039137098,0,1
158.25,115.5,1,,,,,,-1.0,0.039901589,0,1
158.25,115.75,1,,,,,,-1.0,0.040672073,0,1
158.25,116.0,1,,,,,,-1.0,0.041448588,0,1
158.25,116.25,1,,,,,,-1.0,0.042231167,0,1
158.25,116.5,1,,,,,,-1.0,0.043019815,0,1
158.25,116.75,1,,,,,,-1.0,0.043814556,0,1
158.25,117.0,1,,,,,,-1.0,0.044615407,0,1
158.25,117.25,1,,,,,,-1.0,0.045422372,0,1
158.25,117.5,1,,,,,,-1.0,0.046235454,0,1
158.25,117.75,1,,,,,,-1.0,0.047054656,0,1
158.25,118.0,1,,,,,,-1.0,0.047879977,0,1
158.25,118.25,1,,,,,,-1.0,0.04871138,0,1
158.25,118.5,1,,,,,,-1.0,0.049548886,0,1
158.25,118.75,1,,,,,,-1.0,0.050392436,0,1
158.25,119.0,1,,,,,,-1.0,0.051242032,0,1
158.25,119.25,1,,,,,,-1.0,0.052097634,0,1
158.25,119.5,1,,,,,,-1.0,0.052959199,0,1
158.25,119.75,1,,,,,,-1.0,0.053826685,0,1
158.25,120.0,1,,,,,,-1.0,0.054700047,0,1
158.25,120.25,1,,,,,,-1.0,0.055579237,0,1
158.25,120.5,1,,,,,,-1.0,0.056464175,0,1
158.25,120.75,1,,,,,,-1.0,0.057354815,0,1
158.25,121.0,1,,,,,,-1.0,0.058251075,0,1
158.25,121.25,1,,,,,,-1.0,0.059152901,0,1
158.25,121.5,1,,,,,,-1.0,0.060060181,0,1
158.25,121.75,1,,,,,,-1.0,0.060972848,0,1
158.25,122.0,1,,,,,,-1.0,0.061890816,0,1
158.25,122.25,1,,,,,,-1.0,0.062813988,0,1
158.25,122.5,1,,,,,,-1.0,0.063742267,0,1
158.25,122.75,1,,,,,,-1.0,0.064675553,0,1
158.25,123.0,1,,,,,,-1.0,0.065613745,0,1
158.25,123.25,1,,,,,,-1.0,0.06655671,0,1
158.25,123.5,1,,,,,,-1.0,0.067504359,0,1
158.25,123.75,1,,,,,,-1.0,0.068456588,0,1
158.25,124.0,1,,,,,,-1.0,0.069413257,0,1
158.25,124.25,1,,,,,,-1.0,0.070374256,0,1
158.25,124.5,1,,,,,,-1.0,0.071339482,0,1
158.25,124.75,1,,,,,,-1.0,0.072308772,0,1
158.25,125.0,1,,,,,,-1.0,0.073282058,0,1
158.25,125.25,1,,,,,,-1.0,0.074259155,0,1
158.25,125.5,1,,,,,,-1.0,0.075239996,0,1
158.25,125.75,1,,,,,,-1.0,0.076224406,0,1
158.25,126.0,1,,,,,,-1.0,0.077212299,0,1
158.25,126.25,1,,,,,,-1.0,0.078203525,0,1
158.25,126.5,1,,,,,,-1.0,0.079197964,0,1
158.25,126.75,1,,,,,,-1.0,0.080195507,0,1
158.25,127.0,1,,,,,,-1.0,0.081195994,0,1
158.25,127.25,1,,,,,,-1.0,0.082199356,0,1
158.25,127.5,1,,,,,,-1.0,0.083205397,0,1
158.25,127.75,1,,,,,,-1.0,0.084214085,0,1
158.25,128.0,1,,,,,,-1.0,0.0852252,0,1
158.25,128.25,1,,,,,,-1.0,0.086238727,0,1
158.25,128.5,1,,,,,,-1.0,0.087254451,0,1
158.25,128.75,1,,,,,,-1.0,0.088272344,0,1
158.25,129.0,1,,,,,,-1.0,0.089292232,0,1
158.25,129.25,1,,,,,,-1.0,0.09031403,0,1
158.25,129.5,1,,,,,,-1.0,0.091337657,0,1
158.25,129.75,1,,,,,,-1.0,0.092362924,0,1
158.25,130.0,1,,,,,,-1.0,0.093389797,0,1
158.25,130.25,1,,,,,,-1.0,0.094418173,0,1
158.25,130.5,1,,,,,,-1.0,0.095447934,0,1
158.25,130.75,1,,,,,,-1.0,0.096478948,0,1
158.25,131.0,1,,,,,,-1.0,0.097511163,0,1
158.25,131.25,1,,,,,,-1.0,0.098544481,0,1
158.25,131.5,1,,,,,,-1.0,0.09957881,0,1
158.25,131.75,1,,,,,,-1.0,0.10061406,0,1
158.25,132.0,1,,,,,,-1.0,0.10165014,0,1
158.25,132.25,1,,,,,,-1.0,0.10268697,0,1
158.25,132.5,1,,,,,,-1.0,0.10372447,0,1
158.25,132.75,1,,,,,,-1.0,0.10476257,0,1
158.25,133.0,1,,,,,,-1.0,0.10580119,0,1
158.25,133.25,1,,,,,,-1.0,0.10684022,0,1
158.25,133.5,1,,,,,,-1.0,0.1078796,0,1
158.25,133.75,1,,,,,,-1.0,0.10891932,0,1
158.25,134.0,1,,,,,,-1.0,0.10995927,0,1
158.25,134.25,1,,,,,,-1.0,0.11099934,0,1
158.25,134.5,1,,,,,,-1.0,0.11203957,0,1
158.25,134.75,1,,,,,,-1.0,0.11307977,0,1
158.25,135.0,1,,,,,,-1.0,0.11412003,0,1
158.25,135.25,1,,,,,,-1.0,0.11516013,0,1
158.25,135.5,1,,,,,,-1.0,0.11620018,0,1
158.25,135.75,1,,,,,,-1.0,0.11723998,0,1
158.25,136.0,1,,,,,,-1.0,0.11827955,0,1
158.25,136.25,1,,,,,,-1.0,0.11931889,0,1
158.25,136.5,1,,,,,,-1.0,0.12035787,0,1
158.25,136.75,1,,,,,,-1.0,0.12139643,0,1
158.25,137.0,1,,,,,,-1.0,0.12243458,0,1
158.25,137.25,1,,,,,,-1.0,0.12347228,0,1
158.25,137.5,1,,,,,,-1.0,0.12450948,0,1
158.25,137.75,1,,,,,,-1.0,0.12554613,0,1
158.25,138.0,1,,,,,,-1.0,0.12658219,0,1
158.5,112.0,1,,,,,,-1.0,0.028688151,0,1
158.5,112.25,1,,,,,,-1.0,0.029375925,0,1
158.5,112.5,1,,,,,,-1.0,0.030069103,0,1
158.5,112.75,1,,,,,,-1.0,0.030767745,0,1
158.5,113.0,1,,,,,,-1.0,0.031471908,0,1
158.5,113.25,1,,,,,,-1.0,0.032181653,0,1
158.5,113.5,1,,,,,,-1.0,0.032897035,0,1
158.5,113.75,1,,,,,,-1.0,0.033618093,0,1
158.5,114.0,1,,,,,,-1.0,0.034344909,0,1
158.5,114.25,1,,,,,,-1.0,0.035077507,0,1
158.5,114.5,1,,,,,,-1.0,0.035815963,0,1
158.5,114.75,1,,,,,,-1.0,0.036560301,0,1
158.5,115.0,1,,,,,,-1.0,0.037310575,0,1
158.5,115.25,1,,,,,,-1.0,0.038066833,0,1
158.5,115.5,1,,,,,,-1.0,0.038829111,0,1
158.5,115.75,1,,,,,,-1.0,0.03959745,0,1
158.5,116.0,1,,,,,,-1.0,0.040371876,0,1
158.5,116.25,1,,,,,,-1.0,0.041152416,0,1
158.5,116.5,1,,,,,,-1.0,0.041939121,0,1
158.5,116.75,1,,,,,,-1.0,0.042731974,0,1
158.5,117.0,1,,,,,,-1.0,0.043531027,0,1
158.5,117.25,1,,,,,,-1.0,0.044336286,0,1
158.5,117.5,1,,,,,,-1.0,0.045147757,0,1
158.5,117.75,1,,,,,,-1.0,0.045965441,0,1
158.5,118.0,1,,,,,,-1.0,0.046789344,0,1
158.5,118.25,1,,,,,,-1.0,0.047619467,0,1
158.5,118.5,1,,,,,,-1.0,0.048455789,0,1
158.5,118.75,1,,,,,,-1.0,0.049298299,0,1
158.5,119.0,1,,,,,,-1.0,0.050146972,0,1
158.5,119.25,1,,,,,,-1.0,0.051001793,0,1
158.5,119.5,1,,,,,,-1.0,0.051862722,0,1
158.5,119.75,1,,,,,,-1.0,0.052729717,0,1
158.5,120.0,1,,,,,,-1.0,0.053602737,0,1
158.5,120.25,1,,,,,,-1.0,0.054481735,0,1
158.5,120.5,1,,,,,,-1.0,0.055366665,0,1
158.5,120.75,1,,,,,,-1.0,0.056257448,0,1
158.5,121.0,1,,,,,,-1.0,0.057154033,0,1
158.5,121.25,1,,,,,,-1.0,0.058056336,0,1
158.5,121.5,1,,,,,,-1.0,0.058964299,0,1
158.5,121.75,1,,,,,,-1.0,0.059877828,0,1
158.5,122.0,1,,,,,,-1.0,0.060796826,0,1
158.5,122.25,1,,,,,,-1.0,0.061721217,0,1
158.5,122.5,1,,,,,,-1.0,0.062650904,0,1
158.5,122.75,1,,,,,,-1.0,0.063585788,0,1
158.5,123.0,1,,,,,,-1.0,0.064525748,0,1
158.5,123.25,1,,,,,,-1.0,0.065470687,0,1
158.5,123.5,1,,,,,,-1.0,0.066420505,0,1
158.5,123.75,1,,,,,,-1.0,0.067375089,0,1
158.5,124.0,1,,,,,,-1.0,0.068334284,0,1
158.5,124.25,1,,,,,,-1.0,0.06929802,0,1
158.5,124.5,1,,,,,,-1.0,0.070266135,0,1
158.5,124.75,1,,,,,,-1.0,0.071238537,0,1
158.5,125.0,1,,,,,,-1.0,0.072215071,0,1
158.5,125.25,1,,,,,,-1.0,0.073195646,0,1
158.5,125.5,1,,,,,,-1.0,0.074180083,0,1
158.5,125.75,1,,,,,,-1.0,0.07516831,0,1
158.5,126.0,1,,,,,,-1.0,0.076160151,0,1
158.5,126.25,1,,,,,,-1.0,0.077155502,0,1
158.5,126.5,1,,,,,,-1.0,0.078154246,0,1
158.5,126.75,1,,,,,,-1.0,0.079156201,0,1
158.5,127.0,1,,,,,,-1.0,0.0801613,0,1
158.5,127.25,1,,,,,,-1.0,0.08116938,0,1
158.5,127.5,1,,,,,,-1.0,0.082180314,0,1
158.5,127.75,1,,,,,,-1.0,0.083194016,0,1
158.5,128.0,1,,,,,,-1.0,0.084210283,0,1
158.5,128.25,1,,,,,,-1.0,0.085229077,0,1
158.5,128.5,1,,,,,,-1.0,0.086250212,0,1
158.5,128.75,1,,,,,,-1.0,0.087273617,0,1
158.5,129.0,1,,,,,,-1.0,0.088299133,0,1
158.5,129.25,1,,,,,,-1.0,0.089326686,0,1
158.5,129.5,1,,,,,,-1.0,0.090356109,0,1
158.5,129.75,1,,,,,,-1.0,0.091387364,0,1
158.5,130.0,1,,,,,,-1.0,0.09242025,0,1
158.5,130.25,1,,,,,,-1.0,0.09345473,0,1
158.5,130.5,1,,,,,,-1.0,0.094490703,0,1
158.5,130.75,1,,,,,,-1.0,0.095527998,0,1
158.5,131.0,1,,,,,,-1.0,0.096566565,0,1
158.5,131.25,1,,,,,,-1.0,0.097606313,0,1
158.5,131.5,1,,,,,,-1.0,0.098647141,0,1
158.5,131.75,1,,,,,,-1.0,0.099688952,0,1
158.5,132.0,1,,,,,,-1.0,0.10073165,0,1
158.5,132.25,1,,,,,,-1.0,0.10177514,0,1
158.5,132.5,1,,,,,,-1.0,0.10281935,0,1
158.5,132.75,1,,,,,,-1.0,0.10386418,0,1
158.5,133.0,1,,,,,,-1.0,0.10490956,0,1
158.5,133.25,1,,,,,,-1.0,0.10595542,0,1
158.5,133.5,1,,,,,,-1.0,0.10700168,0,1
158.5,133.75,1,,,,,,-1.0,0.10804829,0,1
158.5,134.0,1,,,,,,-1.0,0.10909519,0,1
158.5,134.25,1,,,,,,-1.0,0.11014218,0,1
158.5,134.5,1,,,,,,-1.0,0.11118935,0,1
158.5,134.75,1,,,,,,-1.0,0.1122366,0,1
158.5,135.0,1,,,,,,-1.0,0.11328377,0,1
158.5,135.25,1,,,,,,-1.0,0.11433098,0,1
158.5,135.5,1,,,,,,-1.0,0.11537795,0,1
158.5,135.75,1,,,,,,-1.0,0.11642484,0,1
158.5,136.0,1,,,,,,-1.0,0.11747143,0,1
158.5,136.25,1,,,,,,-1.0,0.11851776,0,1
158.5,136.5,1,,,,,,-1.0,0.1195638,0,1
158.5,136.75,1,,,,,,-1.0,0.1206094,0,1
158.5,137.0,1,,,,,,-1.0,0.12165457,0,1
158.5,137.25,1,,,,,,-1.0,0.12269928,0,1
158.5,137.5,1,,,,,,-1.0,0.1237435,0,1
158.5,137.75,1,,,,,,-1.0,0.12478716,0,1
158.5,138.0,1,,,,,,-1.0,0.12583022,0,1
158.75,112.0,1,,,,,,-1.0,0.027641599,0,1
158.75,112.25,1,,,,,,-1.0,0.028326779,0,1
158.75,112.5,1,,,,,,-1.0,0.029017347,0,1
158.75,112.75,1,,,,,,-1.0,0.029713384,0,1
158.75,113.0,1,,,,,,-1.0,0.030414949,0,1
158.75,113.25,1,,,,,,-1.0,0.031122101,0,1
158.75,113.5,1,,,,,,-1.0,0.031834903,0,1
158.75,113.75,1,,,,,,-1.0,0.032553396,0,1
158.75,114.0,1,,,,,,-1.0,0.033277652,0,1
158.75,114.25,1,,,,,,-1.0,0.034007737,0,1
158.75,114.5,1,,,,,,-1.0,0.034743672,0,1
158.75,114.75,1,,,,,,-1.0,0.035485546,0,1
158.75,115.0,1,,,,,,-1.0,0.036233381,0,1
158.75,115.25,1,,,,,,-1.0,0.036987234,0,1
158.75,115.5,1,,,,,,-1.0,0.037747153,0,1
158.75,115.75,1,,,,,,-1.0,0.038513178,0,1
158.75,116.0,1,,,,,,-1.0,0.03928535,0,1
158.75,116.25,1,,,,,,-1.0,0.040063707,0,1
158.75,116.5,1,,,,,,-1.0,0.040848259,0,1
158.75,116.75,1,,,,,,-1.0,0.041639067,0,1
158.75,117.0,1,,,,,,-1.0,0.04243613,0,1
158.75,117.25,1,,,,,,-1.0,0.04323949,0,1
158.75,117.5,1,,,,,,-1.0,0.044049153,0,1
158.75,117.75,1,,,,,,-1.0,0.044865123,0,1
158.75,118.0,1,,,,,,-1.0,0.045687412,0,1
158.75,118.25,1,,,,,,-1.0,0.046516017,0,1
158.75,118.5,1,,,,,,-1.0,0.047350944,0,1
158.75,118.75,1,,,,,,-1.0,0.048192193,0,1
158.75,119.0,1,,,,,,-1.0,0.049039714,0,1
158.75,119.25,1,,,,,,-1.0,0.049893522,0,1
158.75,119.5,1,,,,,,-1.0,0.050753582,0,1
158.75,119.75,1,,,,,,-1.0,0.051619852,0,1
158.75,120.0,1,,,,,,-1.0,0.052492301,0,1
158.75,120.25,1,,,,,,-1.0,0.053370876,0,1
158.75,120.5,1,,,,,,-1.0,0.054255535,0,1
158.75,120.75,1,,,,,,-1.0,0.055146233,0,1
158.75,121.0,1,,,,,,-1.0,0.056042897,0,1
158.75,121.25,1,,,,,,-1.0,0.056945459,0,1
158.75,121.5,1,,,,,,-1.0,0.057853846,0,1
158.75,121.75,1,,,,,,-1.0,0.058767992,0,1
158.75,122.0,1,,,,,,-1.0,0.059687806,0,1
158.75,122.25,1,,,,,,-1.0,0.06061319,0,1
158.75,122.5,1,,,,,,-1.0,0.061544059,0,1
158.75,122.75,1,,,,,,-1.0,0.06248031,0,1
158.75,123.0,1,,,,,,-1.0,0.063421839,0,1
158.75,123.25,1,,,,,,-1.0,0.064368546,0,1
158.75,123.5,1,,,,,,-1.0,0.065320326,0,1
158.75,123.75,1,,,,,,-1.0,0.066277058,0,1
158.75,124.0,1,,,,,,-1.0,0.067238607,0,1
158.75,124.25,1,,,,,,-1.0,0.068204891,0,1
158.75,124.5,1,,,,,,-1.0,0.069175736,0,1
158.75,124.75,1,,,,,,-1.0,0.070151075,0,1
158.75,125.0,1,,,,,,-1.0,0.071130715,0,1
158.75,125.25,1,,,,,,-1.0,0.072114586,0,1
158.75,125.5,1,,,,,,-1.0,0.07310252,0,1
158.75,125.75,1,,,,,,-1.0,0.074094395,0,1
158.75,126.0,1,,,,,,-1.0,0.0750901,0,1
158.75,126.25,1,,,,,,-1.0,0.076089458,0,1
158.75,126.5,1,,,,,,-1.0,0.077092365,0,1
158.75,126.75,1,,,,,,-1.0,0.0780987,0,1
158.75,127.0,1,,,,,,-1.0,0.079108294,0,1
158.75,127.25,1,,,,,,-1.0,0.080121031,0,1
158.75,127.5,1,,,,,,-1.0,0.081136801,0,1
158.75,127.75,1,,,,,,-1.0,0.08215544,0,1
158.75,128.0,1,,,,,,-1.0,0.083176825,0,1
158.75,128.25,1,,,,,,-1.0,0.084200862,0,1
158.75,128.5,1,,,,,,-1.0,0.085227369,0,1
158.75,128.75,1,,,,,,-1.0,0.086256261,0,1
158.75,129.0,1,,,,,,-1.0,0.087287418,0,1
158.75,129.25,1,,,,,,-1.0,0.088320676,0,1
158.75,129.5,1,,,,,,-1.0,0.089355984,0,1
158.75,129.75,1,,,,,,-1.0,0.09039314,0,1
158.75,130.0,1,,,,,,-1.0,0.091432118,0,1
158.75,130.25,1,,,,,,-1.0,0.092472729,0,1
158.75,130.5,1,,,,,,-1.0,0.093514915,0,1
158.75,130.75,1,,,,,,-1.0,0.09455857,0,1
158.75,131.0,1,,,,,,-1.0,0.095603526,0,1
158.75,131.25,1,,,,,,-1.0,0.096649751,0,1
158.75,131.5,1,,,,,,-1.0,0.097697138,0,1
158.75,131.75,1,,,,,,-1.0,0.098745553,0,1
158.75,132.0,1,,,,,,-1.0,0.099794902,0,1
158.75,132.25,1,,,,,,-1.0,0.10084512,0,1
158.75,132.5,1,,,,,,-1.0,0.10189611,0,1
158.75,132.75,1,,,,,,-1.0,0.10294779,0,1
158.75,133.0,1,,,,,,-1.0,0.10400007,0,1
158.75,133.25,1,,,,,,-1.0,0.10505286,0,1
158.75,133.5,1,,,,,,-1.0,0.1061061,0,1
158.75,133.75,1,,,,,,-1.0,0.10715971,0,1
158.75,134.0,1,,,,,,-1.0,0.10821361,0,1
158.75,134.25,1,,,,,,-1.0,0.10926767,0,1
158.75,134.5,1,,,,,,-1.0,0.11032189,0,1
158.75,134.75,1,,,,,,-1.0,0.11137624,0,1
158.75,135.0,1,,,,,,-1.0,0.11243055,0,1
158.75,135.25,1,,,,,,-1.0,0.11348482,0,1
158.75,135.5,1,,,,,,-1.0,0.11453902,0,1
158.75,135.75,1,,,,,,-1.0,0.11559298,0,1
158.75,136.0,1,,,,,,-1.0,0.11664678,0,1
158.75,136.25,1,,,,,,-1.0,0.11770025,0,1
158.75,136.5,1,,,,,,-1.0,0.1187534,0,1
158.75,136.75,1,,,,,,-1.0,0.11980624,0,1
158.75,137.0,1,,,,,,-1.0,0.12085853,0,1
158.75,137.25,1,,,,,,-1.0,0.12191038,0,1
158.75,137.5,1,,,,,,-1.0,0.12296174,0,1
158.75,137.75,1,,,,,,-1.0,0.12401255,0,1
158.75,138.0,1,,,,,,-1.0,0.12506274,0,1
159.0,112.0,1,,,,,,-1.0,0.02658727,0,1
159.0,112.25,1,,,,,,-1.0,0.027269753,0,1
159.0,112.5,1,,,,,,-1.0,0.027957642,0,1
159.0,112.75,1,,,,,,-1.0,0.028650997,0,1
159.0,113.0,1,,,,,,-1.0,0.029349876,0,1
159.0,113.25,1,,,,,,-1.0,0.030054339,0,1
159.0,113.5,1,,,,,,-1.0,0.030764453,0,1
159.0,113.75,1,,,,,,-1.0,0.031480274,0,1
159.0,114.0,1,,,,,,-1.0,0.032201867,0,1
159.0,114.25,1,,,,,,-1.0,0.032929297,0,1
159.0,114.5,1,,,,,,-1.0,0.033662624,0,1
159.0,114.75,1,,,,,,-1.0,0.034401879,0,1
159.0,115.0,1,,,,,,-1.0,0.035147148,0,1
159.0,115.25,1,,,,,,-1.0,0.03589846,0,1
159.0,115.5,1,,,,,,-1.0,0.036655871,0,1
159.0,115.75,1,,,,,,-1.0,0.037419433,0,1
159.0,116.0,1,,,,,,-1.0,0.038189187,0,1
159.0,116.25,1,,,,,,-1.0,0.038965175,0,1
159.0,116.5,1,,,,,,-1.0,0.039747439,0,1
159.0,116.75,1,,,,,,-1.0,0.040536001,0,1
159.0,117.0,1,,,,,,-1.0,0.041330899,0,1
159.0,117.25,1,,,,,,-1.0,0.042132163,0,1
159.0,117.5,1,,,,,,-1.0,0.042939818,0,1
159.0,117.75,1,,,,,,-1.0,0.043753862,0,1
159.0,118.0,1,,,,,,-1.0,0.044574328,0,1
159.0,118.25,1,,,,,,-1.0,0.04540122,0,1
159.0,118.5,1,,,,,,-1.0,0.046234545,0,1
159.0,118.75,1,,,,,,-1.0,0.047074276,0,1
159.0,119.0,1,,,,,,-1.0,0.047920436,0,1
159.0,119.25,1,,,,,,-1.0,0.048772995,0,1
159.0,119.5,1,,,,,,-1.0,0.04963195,0,1
159.0,119.75,1,,,,,,-1.0,0.050497244,0,1
159.0,120.0,1,,,,,,-1.0,0.05136887,0,1
159.0,120.25,1,,,,,,-1.0,0.052246787,0,1
159.0,120.5,1,,,,,,-1.0,0.053130953,0,1
159.0,120.75,1,,,,,,-1.0,0.054021303,0,1
159.0,121.0,1,,,,,,-1.0,0.054917793,0,1
159.0,121.25,1,,,,,,-1.0,0.055820371,0,1
159.0,121.5,1,,,,,,-1.0,0.056728942,0,1
159.0,121.75,1,,,,,,-1.0,0.057643453,0,1
159.0,122.0,1,,,,,,-1.0,0.058563825,0,1
159.0,122.25,1,,,,,,-1.0,0.059489965,0,1
159.0,122.5,1,,,,,,-1.0,0.06042178,0,1
159.0,122.75,1,,,,,,-1.0,0.061359173,0,1
159.0,123.0,1,,,,,,-1.0,0.062302044,0,1
159.0,123.25,1,,,,,,-1.0,0.063250292,0,1
159.0,123.5,1,,,,,,-1.0,0.064203812,0,1
159.0,123.75,1,,,,,,-1.0,0.065162492,0,1
159.0,124.0,1,,,,,,-1.0,0.066126184,0,1
159.0,124.25,1,,,,,,-1.0,0.067094812,0,1
159.0,124.5,1,,,,,,-1.0,0.068068207,0,1
159.0,124.75,1,,,,,,-1.0,0.06904629,0,1
159.0,125.0,1,,,,,,-1.0,0.070028874,0,1
159.0,125.25,1,,,,,,-1.0,0.071015881,0,1
159.0,125.5,1,,,,,,-1.0,0.072007152,0,1
159.0,125.75,1,,,,,,-1.0,0.073002543,0,1
159.0,126.0,1,,,,,,-1.0,0.074001944,0,1
159.0,126.25,1,,,,,,-1.0,0.075005215,0,1
159.0,126.5,1,,,,,,-1.0,0.076012179,0,1
159.0,126.75,1,,,,,,-1.0,0.07702274,0,1
159.0,127.0,1,,,,,,-1.0,0.078036759,0,1
159.0,127.25,1,,,,,,-1.0,0.079054095,0,1
159.0,127.5,1,,,,,,-1.0,0.080074577,0,1
159.0,127.75,1,,,,,,-1.0,0.08109811,0,1
159.0,128.0,1,,,,,,-1.0,0.082124562,0,1
159.0,128.25,1,,,,,,-1.0,0.083153779,0,1
159.0,128.5,1,,,,,,-1.0,0.084185616,0,1
159.0,128.75,1,,,,,,-1.0,0.085219982,0,1
159.0,129.0,1,,,,,,-1.0,0.086256739,0,1
159.0,129.25,1,,,,,,-1.0,0.087295716,0,1
159.0,129.5,1,,,,,,-1.0,0.088336855,0,1
159.0,129.75,1,,,,,,-1.0,0.089379984,0,1
159.0,130.0,1,,,,,,-1.0,0.090425005,0,1
159.0,130.25,1,,,,,,-1.0,0.091471804,0,1
159.0,130.5,1,,,,,,-1.0,0.092520247,0,1
159.0,130.75,1,,,,,,-1.0,0.09357024,0,1
159.0,131.0,1,,,,,,-1.0,0.094621675,0,1
159.0,131.25,1,,,,,,-1.0,0.095674408,0,1
159.0,131.5,1,,,,,,-1.0,0.096728396,0,1
159.0,131.75,1,,,,,,-1.0,0.097783489,0,1
159.0,132.0,1,,,,,,-1.0,0.09883958,0,1
159.0,132.25,1,,,,,,-1.0,0.09989661,0,1
159.0,132.5,1,,,,,,-1.0,0.10095448,0,1
159.0,132.75,1,,,,,,-1.0,0.10201309,0,1
159.0,133.0,1,,,,,,-1.0,0.10307235,0,1
159.0,133.25,1,,,,,,-1.0,0.10413216,0,1
159.0,133.5,1,,,,,,-1.0,0.10519245,0,1
159.0,133.75,1,,,,,,-1.0,0.10625313,0,1
159.0,134.0,1,,,,,,-1.0,0.10731412,0,1
159.0,134.25,1,,,,,,-1.0,0.10837536,0,1
159.0,134.5,1,,,,,,-1.0,0.10943678,0,1
159.0,134.75,1,,,,,,-1.0,0.11049832,0,1
159.0,135.0,1,,,,,,-1.0,0.11155991,0,1
159.0,135.25,1,,,,,,-1.0,0.11262139,0,1
159.0,135.5,1,,,,,,-1.0,0.11368283,0,1
159.0,135.75,1,,,,,,-1.0,0.1147441,0,1
159.0,136.0,1,,,,,,-1.0,0.11580514,0,1
159.0,136.25,1,,,,,,-1.0,0.11686594,0,1
159.0,136.5,1,,,,,,-1.0,0.11792636,0,1
159.0,136.75,1,,,,,,-1.0,0.11898642,0,1
159.0,137.0,1,,,,,,-1.0,0.1200461,0,1
159.0,137.25,1,,,,,,-1.0,0.1211052,0,1
159.0,137.5,1,,,,,,-1.0,0.12216382,0,1
159.0,137.75,1,,,,,,-1.0,0.12322189,0,1
159.0,138.0,1,,,,,,-1.0,0.12427934,0,1
159.25,112.0,1,,,,,,-1.0,0.025525247,0,1
159.25,112.25,1,,,,,,-1.0,0.02620498,0,1
159.25,112.5,1,,,,,,-1.0,0.026890115,0,1
159.25,112.75,1,,,,,,-1.0,0.027580683,0,1
159.25,113.0,1,,,,,,-1.0,0.02827678,0,1
159.25,113.25,1,,,,,,-1.0,0.028978466,0,1
159.25,113.5,1,,,,,,-1.0,0.029685803,0,1
159.25,113.75,1,,,,,,-1.0,0.030398854,0,1
159.25,114.0,1,,,,,,-1.0,0.031117682,0,1
159.25,114.25,1,,,,,,-1.0,0.031842352,0,1
159.25,114.5,1,,,,,,-1.0,0.03257293,0,1
159.25,114.75,1,,,,,,-1.0,0.033309472,0,1
159.25,115.0,1,,,,,,-1.0,0.034052024,0,1
159.25,115.25,1,,,,,,-1.0,0.034800667,0,1
159.25,115.5,1,,,,,,-1.0,0.035555431,0,1
159.25,115.75,1,,,,,,-1.0,0.036316379,0,1
159.25,116.0,1,,,,,,-1.0,0.037083564,0,1
159.25,116.25,1,,,,,,-1.0,0.037857028,0,1
159.25,116.5,1,,,,,,-1.0,0.038636815,0,1
159.25,116.75,1,,,,,,-1.0,0.039422967,0,1
159.25,117.0,1,,,,,,-1.0,0.040215526,0,1
159.25,117.25,1,,,,,,-1.0,0.041014498,0,1
159.25,117.5,1,,,,,,-1.0,0.041819953,0,1
159.25,117.75,1,,,,,,-1.0,0.042631874,0,1
159.25,118.0,1,,,,,,-1.0,0.043450307,0,1
159.25,118.25,1,,,,,,-1.0,0.044275263,0,1
159.25,118.5,1,,,,,,-1.0,0.045106748,0,1
159.25,118.75,1,,,,,,-1.0,0.04594477,0,1
159.25,119.0,1,,,,,,-1.0,0.046789333,0,1
159.25,119.25,1,,,,,,-1.0,0.047640402,0,1
159.25,119.5,1,,,,,,-1.0,0.048498008,0,1
159.25,119.75,1,,,,,,-1.0,0.049362089,0,1
159.25,120.0,1,,,,,,-1.0,0.050232647,0,1
159.25,120.25,1,,,,,,-1.0,0.051109647,0,1
159.25,120.5,1,,,,,,-1.0,0.051993049,0,1
159.25,120.75,1,,,,,,-1.0,0.052882811,0,1
159.25,121.0,1,,,,,,-1.0,0.053778889,0,1
159.25,121.25,1,,,,,,-1.0,0.054681197,0,1
159.25,121.5,1,,,,,,-1.0,0.055589712,0,1
159.25,121.75,1,,,,,,-1.0,0.05650433,0,1
159.25,122.0,1,,,,,,-1.0,0.057425003,0,1
159.25,122.25,1,,,,,,-1.0,0.058351642,0,1
159.25,122.5,1,,,,,,-1.0,0.059284154,0,1
159.25,122.75,1,,,,,,-1.0,0.060222443,0,1
159.25,123.0,1,,,,,,-1.0,0.061166412,0,1
159.25,123.25,1,,,,,,-1.0,0.062115961,0,1
159.25,123.5,1,,,,,,-1.0,0.063070986,0,1
159.25,123.75,1,,,,,,-1.0,0.064031381,0,1
159.25,124.0,1,,,,,,-1.0,0.064997003,0,1
159.25,124.25,1,,,,,,-1.0,0.065967755,0,1
159.25,124.5,1,,,,,,-1.0,0.066943501,0,1
159.25,124.75,1,,,,,,-1.0,0.067924121,0,1
159.25,125.0,1,,,,,,-1.0,0.068909466,0,1
159.25,125.25,1,,,,,,-1.0,0.069899435,0,1
159.25,125.5,1,,,,,,-1.0,0.070893858,0,1
159.25,125.75,1,,,,,,-1.0,0.07189261,0,1
159.25,126.0,1,,,,,,-1.0,0.072895564,0,1
159.25,126.25,1,,,,,,-1.0,0.07390258,0,1
159.25,126.5,1,,,,,,-1.0,0.074913488,0,1
159.25,126.75,1,,,,,,-1.0,0.075928165,0,1
159.25,127.0,1,,,,,,-1.0,0.076946477,0,1
159.25,127.25,1,,,,,,-1.0,0.077968282,0,1
159.25,127.5,1,,,,,,-1.0,0.07899344,0,1
159.25,127.75,1,,,,,,-1.0,0.080021789,0,1
159.25,128.0,1,,,,,,-1.0,0.081053195,0,1
159.25,128.25,1,,,,,,-1.0,0.082087536,0,1
159.25,128.5,1,,,,,,-1.0,0.083124675,0,1
159.25,128.75,1,,,,,,-1.0,0.08416448,0,1
159.25,129.0,1,,,,,,-1.0,0.085206774,0,1
159.25,129.25,1,,,,,,-1.0,0.086251463,0,1
159.25,129.5,1,,,,,,-1.0,0.087298428,0,1
159.25,129.75,1,,,,,,-1.0,0.088347518,0,1
159.25,130.0,1,,,,,,-1.0,0.089398594,0,1
159.25,130.25,1,,,,,,-1.0,0.090451585,0,1
159.25,130.5,1,,,,,,-1.0,0.091506304,0,1
159.25,130.75,1,,,,,,-1.0,0.092562687,0,1
159.25,131.0,1,,,,,,-1.0,0.093620589,0,1
159.25,131.25,1,,,,,,-1.0,0.094679916,0,1
159.25,131.5,1,,,,,,-1.0,0.095740529,0,1
159.25,131.75,1,,,,,,-1.0,0.096802385,0,1
159.25,132.0,1,,,,,,-1.0,0.097865271,0,1
159.25,132.25,1,,,,,,-1.0,0.098929177,0,1
159.25,132.5,1,,,,,,-1.0,0.099994,0,1
159.25,132.75,1,,,,,,-1.0,0.1010596,0,1
159.25,133.0,1,,,,,,-1.0,0.10212588,0,1
159.25,133.25,1,,,,,,-1.0,0.10319279,0,1
159.25,133.5,1,,,,,,-1.0,0.10426023,0,1
159.25,133.75,1,,,,,,-1.0,0.10532811,0,1
159.25,134.0,1,,,,,,-1.0,0.10639635,0,1
159.25,134.25,1,,,,,,-1.0,0.10746487,0,1
159.25,134.5,1,,,,,,-1.0,0.1085336,0,1
159.25,134.75,1,,,,,,-1.0,0.10960246,0,1
159.25,135.0,1,,,,,,-1.0,0.11067139,0,1
159.25,135.25,1,,,,,,-1.0,0.11174024,0,1
159.25,135.5,1,,,,,,-1.0,0.11280904,0,1
159.25,135.75,1,,,,,,-1.0,0.11387775,0,1
159.25,136.0,1,,,,,,-1.0,0.11494617,0,1
159.25,136.25,1,,,,,,-1.0,0.11601436,0,1
159.25,136.5,1,,,,,,-1.0,0.11708223,0,1
159.25,136.75,1,,,,,,-1.0,0.11814971,0,1
159.25,137.0,1,,,,,,-1.0,0.11921676,0,1
159.25,137.25,1,,,,,,-1.0,0.12028336,0,1
159.25,137.5,1,,,,,,-1.0,0.12134934,0,1
159.25,137.75,1,,,,,,-1.0,0.12241481,0,1
159.25,138.0,1,,,,,,-1.0,0.12347968,0,1
159.5,112.0,1,,,,,,-1.0,0.024455636,0,1
159.5,112.25,1,,,,,,-1.0,0.025132547,0,1
159.5,112.5,1,,,,,,-1.0,0.025814836,0,1
159.5,112.75,1,,,,,,-1.0,0.026502562,0,1
159.5,113.0,1,,,,,,-1.0,0.027195811,0,1
159.5,113.25,1,,,,,,-1.0,0.027894624,0,1
159.5,113.5,1,,,,,,-1.0,0.028599087,0,1
159.5,113.75,1,,,,,,-1.0,0.029309267,0,1
159.5,114.0,1,,,,,,-1.0,0.030025228,0,1
159.5,114.25,1,,,,,,-1.0,0.030747035,0,1
159.5,114.5,1,,,,,,-1.0,0.031474754,0,1
159.5,114.75,1,,,,,,-1.0,0.032208453,0,1
159.5,115.0,1,,,,,,-1.0,0.032948183,0,1
159.5,115.25,1,,,,,,-1.0,0.033694006,0,1
159.5,115.5,1,,,,,,-1.0,0.034445997,0,1
159.5,115.75,1,,,,,,-1.0,0.03520419,0,1
159.5,116.0,1,,,,,,-1.0,0.035968652,0,1
159.5,116.25,1,,,,,,-1.0,0.036739438,0,1
159.5,116.5,1,,,,,,-1.0,0.037516591,0,1
159.5,116.75,1,,,,,,-1.0,0.038300155,0,1
159.5,117.0,1,,,,,,-1.0,0.039090176,0,1
159.5,117.25,1,,,,,,-1.0,0.039886698,0,1
159.5,117.5,1,,,,,,-1.0,0.040689747,0,1
159.5,117.75,1,,,,,,-1.0,0.041499356,0,1
159.5,118.0,1,,,,,,-1.0,0.042315552,0,1
159.5,118.25,1,,,,,,-1.0,0.043138364,0,1
159.5,118.5,1,,,,,,-1.0,0.043967802,0,1
159.5,118.75,1,,,,,,-1.0,0.044803874,0,1
159.5,119.0,1,,,,,,-1.0,0.045646588,0,1
159.5,119.25,1,,,,,,-1.0,0.046495951,0,1
159.5,119.5,1,,,,,,-1.0,0.04735196,0,1
159.5,119.75,1,,,,,,-1.0,0.048214584,0,1
159.5,120.0,1,,,,,,-1.0,0.049083825,0,1
159.5,120.25,1,,,,,,-1.0,0.049959657,0,1
159.5,120.5,1,,,,,,-1.0,0.050842043,0,1
159.5,120.75,1,,,,,,-1.0,0.051730943,0,1
159.5,121.0,1,,,,,,-1.0,0.052626316,0,1
159.5,121.25,1,,,,,,-1.0,0.053528119,0,1
159.5,121.5,1,,,,,,-1.0,0.054436294,0,1
159.5,121.75,1,,,,,,-1.0,0.055350761,0,1
159.5,122.0,1,,,,,,-1.0,0.056271469,0,1
159.5,122.25,1,,,,,,-1.0,0.05719834,0,1
159.5,122.5,1,,,,,,-1.0,0.058131279,0,1
159.5,122.75,1,,,,,,-1.0,0.059070201,0,1
159.5,123.0,1,,,,,,-1.0,0.060015017,0,1
159.5,123.25,1,,,,,,-1.0,0.060965617,0,1
159.5,123.5,1,,,,,,-1.0,0.061921896,0,1
159.5,123.75,1,,,,,,-1.0,0.062883755,0,1
159.5,124.0,1,,,,,,-1.0,0.063851084,0,1
159.5,124.25,1,,,,,,-1.0,0.064823722,0,1
159.5,124.5,1,,,,,,-1.0,0.065801601,0,1
159.5,124.75,1,,,,,,-1.0,0.066784534,0,1
159.5,125.0,1,,,,,,-1.0,0.06777244,0,1
159.5,125.25,1,,,,,,-1.0,0.068765159,0,1
159.5,125.5,1,,,,,,-1.0,0.069762547,0,1
159.5,125.75,1,,,,,,-1.0,0.070764486,0,1
159.5,126.0,1,,,,,,-1.0,0.07177083,0,1
159.5,126.25,1,,,,,,-1.0,0.072781424,0,1
159.5,126.5,1,,,,,,-1.0,0.073796117,0,1
159.5,126.75,1,,,,,,-1.0,0.074814779,0,1
159.5,127.0,1,,,,,,-1.0,0.075837264,0,1
159.5,127.25,1,,,,,,-1.0,0.076863425,0,1
159.5,127.5,1,,,,,,-1.0,0.077893116,0,1
159.5,127.75,1,,,,,,-1.0,0.078926192,0,1
159.5,128.0,1,,,,,,-1.0,0.079962509,0,1
159.5,128.25,1,,,,,,-1.0,0.081001904,0,1
159.5,128.5,1,,,,,,-1.0,0.082044247,0,1
159.5,128.75,1,,,,,,-1.0,0.083089402,0,1
159.5,129.0,1,,,,,,-1.0,0.084137232,0,1
159.5,129.25,1,,,,,,-1.0,0.085187602,0,1
159.5,129.5,1,,,,,,-1.0,0.086240379,0,1
159.5,129.75,1,,,,,,-1.0,0.087295385,0,1
159.5,130.0,1,,,,,,-1.0,0.088352529,0,1
159.5,130.25,1,,,,,,-1.0,0.089411694,0,1
159.5,130.5,1,,,,,,-1.0,0.090472734,0,1
159.5,130.75,1,,,,,,-1.0,0.091535499,0,1
159.5,131.0,1,,,,,,-1.0,0.092599931,0,1
159.5,131.25,1,,,,,,-1.0,0.093665843,0,1
159.5,131.5,1,,,,,,-1.0,0.094733174,0,1
159.5,131.75,1,,,,,,-1.0,0.095801774,0,1
159.5,132.0,1,,,,,,-1.0,0.096871572,0,1
159.5,132.25,1,,,,,,-1.0,0.0979424,0,1
159.5,132.5,1,,,,,,-1.0,0.099014233,0,1
159.5,132.75,1,,,,,,-1.0,0.10008691,0,1
159.5,133.0,1,,,,,,-1.0,0.10116033,0,1
159.5,133.25,1,,,,,,-1.0,0.10223444,0,1
159.5,133.5,1,,,,,,-1.0,0.10330914,0,1
159.5,133.75,1,,,,,,-1.0,0.10438433,0,1
159.5,134.0,1,,,,,,-1.0,0.10545991,0,1
159.5,134.25,1,,,,,,-1.0,0.1065358,0,1
159.5,134.5,1,,,,,,-1.0,0.10761193,0,1
159.5,134.75,1,,,,,,-1.0,0.10868821,0,1
159.5,135.0,1,,,,,,-1.0,0.10976456,0,1
159.5,135.25,1,,,,,,-1.0,0.11084092,0,1
159.5,135.5,1,,,,,,-1.0,0.11191723,0,1
159.5,135.75,1,,,,,,-1.0,0.11299344,0,1
159.5,136.0,1,,,,,,-1.0,0.11406945,0,1
159.5,136.25,1,,,,,,-1.0,0.11514514,0,1
159.5,136.5,1,,,,,,-1.0,0.11622059,0,1
159.5,136.75,1,,,,,,-1.0,0.11729561,0,1
159.5,137.0,1,,,,,,-1.0,0.11837022,0,1
159.5,137.25,1,,,,,,-1.0,0.11944434,0,1
159.5,137.5,1,,,,,,-1.0,0.12051795,0,1
159.5,137.75,1,,,,,,-1.0,0.1215909,0,1
159.5,138.0,1,,,,,,-1.0,0.12266329,0,1
159.75,112.0,1,,,,,,-1.0,0.023378531,0,1
159.75,112.25,1,,,,,,-1.0,0.024052546,0,1
159.75,112.5,1,,,,,,-1.0,0.02473193,0,1
159.75,112.75,1,,,,,,-1.0,0.025416738,0,1
159.75,113.0,1,,,,,,-1.0,0.026107044,0,1
159.75,113.25,1,,,,,,-1.0,0.026802914,0,1
159.75,113.5,1,,,,,,-1.0,0.027504433,0,1
159.75,113.75,1,,,,,,-1.0,0.02821165,0,1
159.75,114.0,1,,,,,,-1.0,0.028924641,0,1
159.75,114.25,1,,,,,,-1.0,0.029643482,0,1
159.75,114.5,1,,,,,,-1.0,0.030368238,0,1
159.75,114.75,1,,,,,,-1.0,0.031098976,0,1
159.75,115.0,1,,,,,,-1.0,0.031835765,0,1
159.75,115.25,1,,,,,,-1.0,0.032578657,0,1
159.75,115.5,1,,,,,,-1.0,0.033327723,0,1
159.75,115.75,1,,,,,,-1.0,0.034083036,0,1
159.75,116.0,1,,,,,,-1.0,0.03484463,0,1
159.75,116.25,1,,,,,,-1.0,0.035612582,0,1
159.75,116.5,1,,,,,,-1.0,0.036386944,0,1
159.75,116.75,1,,,,,,-1.0,0.037167763,0,1
159.75,117.0,1,,,,,,-1.0,0.037955084,0,1
159.75,117.25,1,,,,,,-1.0,0.038748953,0,1
159.75,117.5,1,,,,,,-1.0,0.039549416,0,1
159.75,117.75,1,,,,,,-1.0,0.04035652,0,1
159.75,118.0,1,,,,,,-1.0,0.041170272,0,1
159.75,118.25,1,,,,,,-1.0,0.041990731,0,1
159.75,118.5,1,,,,,,-1.0,0.042817896,0,1
159.75,118.75,1,,,,,,-1.0,0.043651797,0,1
159.75,119.0,1,,,,,,-1.0,0.044492449,0,1
159.75,119.25,1,,,,,,-1.0,0.045339863,0,1
159.75,119.5,1,,,,,,-1.0,0.046194023,0,1
159.75,119.75,1,,,,,,-1.0,0.047054945,0,1
159.75,120.0,1,,,,,,-1.0,0.047922613,0,1
159.75,120.25,1,,,,,,-1.0,0.048797016,0,1
159.75,120.5,1,,,,,,-1.0,0.049678111,0,1
159.75,120.75,1,,,,,,-1.0,0.050565887,0,1
159.75,121.0,1,,,,,,-1.0,0.051460305,0,1
159.75,121.25,1,,,,,,-1.0,0.052361322,0,1
159.75,121.5,1,,,,,,-1.0,0.053268867,0,1
159.75,121.75,1,,,,,,-1.0,0.054182914,0,1
159.75,122.0,1,,,,,,-1.0,0.055103376,0,1
159.75,122.25,1,,,,,,-1.0,0.056030203,0,1
159.75,122.5,1,,,,,,-1.0,0.05696329,0,1
159.75,122.75,1,,,,,,-1.0,0.057902568,0,1
159.75,123.0,1,,,,,,-1.0,0.058847949,0,1
159.75,123.25,1,,,,,,-1.0,0.059799334,0,1
159.75,123.5,1,,,,,,-1.0,0.060756623,0,1
159.75,123.75,1,,,,,,-1.0,0.061719684,0,1
159.75,124.0,1,,,,,,-1.0,0.062688431,0,1
159.75,124.25,1,,,,,,-1.0,0.063662747,0,1
159.75,124.5,1,,,,,,-1.0,0.064642476,0,1
159.75,124.75,1,,,,,,-1.0,0.06562753,0,1
159.75,125.0,1,,,,,,-1.0,0.066617748,0,1
159.75,125.25,1,,,,,,-1.0,0.067613001,0,1
159.75,125.5,1,,,,,,-1.0,0.068613166,0,1
159.75,125.75,1,,,,,,-1.0,0.069618094,0,1
159.75,126.0,1,,,,,,-1.0,0.070627615,0,1
159.75,126.25,1,,,,,,-1.0,0.071641609,0,1
159.75,126.5,1,,,,,,-1.0,0.072659927,0,1
159.75,126.75,1,,,,,,-1.0,0.073682419,0,1
159.75,127.0,1,,,,,,-1.0,0.074708933,0,1
159.75,127.25,1,,,,,,-1.0,0.075739319,0,1
159.75,127.5,1,,,,,,-1.0,0.076773427,0,1
159.75,127.75,1,,,,,,-1.0,0.077811105,0,1
159.75,128.0,1,,,,,,-1.0,0.078852204,0,1
159.75,128.25,1,,,,,,-1.0,0.079896575,0,1
159.75,128.5,1,,,,,,-1.0,0.08094407,0,1
159.75,128.75,1,,,,,,-1.0,0.081994539,0,1
159.75,129.0,1,,,,,,-1.0,0.083047828,0,1
159.75,129.25,1,,,,,,-1.0,0.084103804,0,1
159.75,129.5,1,,,,,,-1.0,0.085162325,0,1
159.75,129.75,1,,,,,,-1.0,0.086223254,0,1
159.75,130.0,1,,,,,,-1.0,0.087286456,0,1
159.75,130.25,1,,,,,,-1.0,0.0883518,0,1
159.75,130.5,1,,,,,,-1.0,0.089419135,0,1
159.75,130.75,1,,,,,,-1.0,0.090488319,0,1
159.75,131.0,1,,,,,,-1.0,0.091559264,0,1
159.75,131.25,1,,,,,,-1.0,0.092631852,0,1
159.75,131.5,1,,,,,,-1.0,0.093705882,0,1
159.75,131.75,1,,,,,,-1.0,0.094781332,0,1
159.75,132.0,1,,,,,,-1.0,0.095858023,0,1
159.75,132.25,1,,,,,,-1.0,0.096935879,0,1
159.75,132.5,1,,,,,,-1.0,0.098014761,0,1
159.75,132.75,1,,,,,,-1.0,0.099094613,0,1
159.75,133.0,1,,,,,,-1.0,0.10017524,0,1
159.75,133.25,1,,,,,,-1.0,0.10125664,0,1
159.75,133.5,1,,,,,,-1.0,0.10233869,0,1
159.75,133.75,1,,,,,,-1.0,0.10342122,0,1
159.75,134.0,1,,,,,,-1.0,0.10450422,0,1
159.75,134.25,1,,,,,,-1.0,0.10558759,0,1
159.75,134.5,1,,,,,,-1.0,0.10667123,0,1
159.75,134.75,1,,,,,,-1.0,0.10775507,0,1
159.75,135.0,1,,,,,,-1.0,0.10883902,0,1
159.75,135.25,1,,,,,,-1.0,0.109923,0,1
159.75,135.5,1,,,,,,-1.0,0.11100695,0,1
159.75,135.75,1,,,,,,-1.0,0.1120908,0,1
159.75,136.0,1,,,,,,-1.0,0.11317449,0,1
159.75,136.25,1,,,,,,-1.0,0.11425786,0,1
159.75,136.5,1,,,,,,-1.0,0.11534095,0,1
159.75,136.75,1,,,,,,-1.0,0.11642373,0,1
159.75,137.0,1,,,,,,-1.0,0.11750599,0,1
159.75,137.25,1,,,,,,-1.0,0.11858783,0,1
159.75,137.5,1,,,,,,-1.0,0.11966909,0,1
159.75,137.75,1,,,,,,-1.0,0.1207498,0,1
159.75,138.0,1,,,,,,-1.0,0.12182981,0,1
160.0,112.0,1,,,,,,-1.0,0.022293996,0,1
160.0,112.25,1,,,,,,-1.0,0.022965071,0,1
160.0,112.5,1,,,,,,-1.0,0.02364149,0,1
160.0,112.75,1,,,,,,-1.0,0.024323307,0,1
160.0,113.0,1,,,,,,-1.0,0.025010605,0,1
160.0,113.25,1,,,,,,-1.0,0.02570346,0,1
160.0,113.5,1,,,,,,-1.0,0.026401935,0,1
160.0,113.75,1,,,,,,-1.0,0.027106104,0,1
160.0,114.0,1,,,,,,-1.0,0.027816051,0,1
160.0,114.25,1,,,,,,-1.0,0.028531834,0,1
160.0,114.5,1,,,,,,-1.0,0.029253522,0,1
160.0,114.75,1,,,,,,-1.0,0.029981195,0,1
160.0,115.0,1,,,,,,-1.0,0.030714921,0,1
160.0,115.25,1,,,,,,-1.0,0.031454771,0,1
160.0,115.5,1,,,,,,-1.0,0.032200793,0,1
160.0,115.75,1,,,,,,-1.0,0.032953073,0,1
160.0,116.0,1,,,,,,-1.0,0.033711681,0,1
160.0,116.25,1,,,,,,-1.0,0.034476646,0,1
180.0,134.5,2,766.55772,744.23459,1491.1534,-724.59569,468.66295,1599499900.0,-0.035363776,0,1
180.0,134.75,2,785.74433,761.10418,1528.3777,-742.6334,469.66295,2053798500.0,-0.034579951,0,1
180.0,135.0,2,806.14165,778.97638,1567.9516,-761.80992,470.66295,2637129500.0,-0.033786577,0,1
180.0,135.25,2,827.86822,797.94316,1610.1031,-782.23488,471.66295,3386141300.0,-0.032983483,0,1
180.0,135.5,2,851.05856,818.10812,1655.0993,-804.04079,472.66295,4347891500.0,-0.032170497,0,1
180.0,135.75,2,875.86595,839.58832,1703.2331,-827.36717,473.66295,5582803200.0,-0.031347441,0,1
180.0,136.0,2,902.46588,862.51662,1754.8436,-852.37772,474.66295,7168461200.0,-0.030514131,0,1
180.0,136.25,2,931.06012,887.04438,1810.3368,-879.27669,475.86295,9676410500.0,-0.029670381,0,1
180.0,136.5,2,961.88192,913.34482,1870.1632,-908.28125,477.06295,13061788000.0,-0.028816001,0,1
180.0,136.75,2,995.20236,941.61709,1934.8512,-939.6488,478.26295,17631569000.0,-0.027950794,0,1
180.0,137.0,2,1031.3383,972.09136,2005.0216,-973.6833,479.46295,23800129000.0,-0.027074559,0,1
180.0,137.25,2,1070.6628,1005.0351,2081.405,-1010.7422,480.66295,32126814000.0,-0.026187092,0,1
180.0,137.5,2,1113.6174,1040.7607,2164.8688,-1051.2514,482.06295,45590119000.0,-0.02528818,0,1
180.0,137.75,2,1160.7295,1079.636,2256.4389,-1095.7094,483.46295,64695459000.0,-0.024377609,0,1
180.0,138.0,2,1212.634,1122.0964,2357.3947,-1144.7607,484.86295,91807226000.0,-0.023455156,0,1
180.25,112.0,3,296.7941,296.92809,577.32136,-280.52726,431.2685,139294.37,-0.088637439,0,1
180.25,112.25,3,298.27023,298.40456,580.20899,-281.93876,431.4685,146436.15,-0.088198869,0,1
180.25,112.5,3,299.76819,299.90304,583.13824,-283.37005,431.6685,153944.09,-0.08775818,0,1
180.25,112.75,3,301.28851,301.42362,586.11235,-284.82384,431.8685,161836.97,-0.087315469,0,1
180.25,113.0,3,302.83167,302.96728,589.13035,-286.29868,432.0685,170134.53,-0.086870586,0,1
180.25,113.25,3,304.39825,304.53425,592.19422,-287.79597,432.2685,178857.52,-0.086423597,0,1
180.25,113.5,3,305.98875,306.12511,595.30492,-289.31617,432.4685,188027.74,-0.085974474,0,1
180.25,113.75,3,307.60377,307.74065,598.46301,-290.85924,432.6685,197668.13,-0.085523135,0,1
180.25,114.0,3,309.24387,309.38113,601.67083,-292.42696,432.8685,207802.79,-0.085069651,0,1
180.25,114.25,3,310.90966,311.04731,604.92847,-294.01881,433.2685,229657.6,-0.084613962,0,1
180.25,114.5,3,312.60178,312.73994,608.23728,-295.6355,433.4685,241432.4,-0.084156009,0,1
180.25,114.75,3,314.32085,314.45949,611.59929,-297.27844,433.6685,253810.9,-0.08369582,0,1
180.25,115.0,3,316.06754,316.20655,615.01471,-298.94717,433.8685,266824.06,-0.083233397,0,1
180.25,115.25,3,317.84255,317.98202,618.48537,-300.64281,434.0685,280504.42,-0.082768657,0,1
180.25,115.5,3,319.64659,319.78662,622.01335,-302.36676,434.2685,294886.19,-0.082301584,0,1
180.25,115.75,3,321.48038,321.6209,625.59909,-304.11871,434.4685,310005.33,-0.081832198,0,1
180.25,116.0,3,323.3447,323.48562,629.24371,-305.89901,434.6685,325899.65,-0.08136048,0,1
180.25,116.25,3,325.24034,325.38172,632.95051,-307.71017,435.0685,360174.81,-0.080886368,0,1
180.25,116.5,3,327.1681,327.31,636.71981,-309.55171,435.2685,378641.37,-0.08040984,0,1
180.25,116.75,3,329.12883,329.27131,640.55329,-311.42446,435.4685,398054.73,-0.079930877,0,1
180.25,117.0,3,331.12341,331.26649,644.45225,-313.32884,435.6685,418463.43,-0.079449465,0,1
180.25,117.25,3,333.15277,333.29627,648.41995,-315.26718,435.8685,439918.51,-0.078965615,0,1
180.25,117.5,3,335.21782,335.3618,652.45708,-317.23926,436.2685,486185.14,-0.078479258,0,1
180.25,117.75,3,337.31956,337.46403,656.56587,-319.24631,436.4685,511112.38,-0.077990371,0,1
180.25,118.0,3,339.45898,339.60399,660.74815,-321.28917,436.6685,537317.68,-0.077498928,0,1
180.25,118.25,3,341.63716,341.78271,665.00599,-323.36883,437.0685,593827.87,-0.077004906,0,1
180.25,118.5,3,343.85518,344.00128,669.34076,-325.48558,437.2685,624274.08,-0.076508278,0,1
180.25,118.75,3,346.11419,346.26083,673.75643,-327.64224,437.4685,656281.29,-0.076009017,0,1
180.25,119.0,3,348.41536,348.56253,678.25439,-329.83903,437.8685,725303.0,-0.075507097,0,1
180.25,119.25,3,350.75992,350.90762,682.83688,-332.07696,438.0685,762490.08,-0.075002489,0,1
180.25,119.5,3,353.14916,353.29737,687.50647,-334.35731,438.2685,801583.78,-0.074495163,0,1
180.25,119.75,3,355.58439,355.7331,692.26562,-336.68123,438.6685,885887.08,-0.073985089,0,1
180.25,120.0,3,358.06702,358.21619,697.11713,-339.05011,438.8685,931307.49,-0.073472237,0,1
180.25,120.25,3,360.59848,360.74809,702.06408,-341.4656,439.2685,1029253.9,-0.072956574,0,1
180.25,120.5,3,363.18029,363.33031,707.10887,-343.92858,439.4685,1082024.9,-0.072438067,0,1
180.25,120.75,3,365.81402,365.96439,712.255,-346.44098,439.6685,1137501.5,-0.071916683,0,1
180.25,121.0,3,368.50131,368.65199,717.50546,-349.00415,440.0685,1257133.6,-0.071392386,0,1
180.25,121.25,3,371.2439,371.39481,722.86332,-351.61942,440.2685,1321588.2,-0.07086514,0,1
180.25,121.5,3,374.04357,374.19446,728.3328,-354.28923,440.6685,1460580.9,-0.070334941,0,1
180.25,121.75,3,376.90222,377.05285,733.91674,-357.01452,441.0685,1614191.5,-0.06980174,0,1
180.25,122.0,3,379.82184,379.97202,739.61935,-359.7975,441.2685,1696952.9,-0.069265482,0,1
180.25,122.25,3,382.80451,382.95401,745.4445,-362.63999,441.6685,1875423.0,-0.068726125,0,1
180.25,122.5,3,385.85241,386.00094,751.39672,-365.54431,441.8685,1971578.0,-0.06818363,0,1
180.25,122.75,3,388.96787,389.11471,757.47994,-368.51206,442.2685,2178930.6,-0.067638011,0,1
180.25,123.0,3,392.15334,392.29786,763.69916,-371.54582,442.6685,2408090.8,-0.067089188,0,1
180.25,123.25,3,395.41139,395.55293,770.05907,-374.64768,443.0685,2661351.9,-0.0665371,0,1
180.25,123.5,3,398.74478,398.88231,776.56535,-377.82056,443.2685,2797802.3,-0.06598173,0,1
180.25,123.75,3,402.15642,402.28846,783.22325,-381.06682,443.6685,3092049.7,-0.065423067,0,1
180.25,124.0,3,405.64941,405.77458,790.03845,-384.38903,444.0685,3417243.5,-0.064861,0,1
180.25,124.25,3,409.22704,409.34327,797.0177,-387.79065,444.4685,3776638.1,-0.064295536,0,1
180.25,124.5,3,412.89282,412.99765,804.16706,-391.27423,444.6685,3970270.5,-0.063726622,0,1
180.25,124.75,3,416.65048,416.74123,811.49387,-394.84339,445.0685,4387827.4,-0.063154167,0,1
180.25,125.0,3,420.50401,420.57681,819.00464,-398.50064,445.4685,4849299.3,-0.062578213,0,1
180.25,125.25,3,424.4576,424.5087,826.71041,-402.25281,445.8685,5359304.5,-0.061998599,0,1
180.25,125.5,3,428.51574,428.53985,834.61615,-406.10042,446.2685,5922947.5,-0.061415397,0,1
180.25,125.75,3,432.68317,432.67507,842.73518,-410.05201,446.6685,6545869.4,-0.060828429,0,1
180.25,126.0,3,436.96491,436.91766,851.0728,-414.10789,447.0685,7234304.4,-0.060237769,0,1
180.25,126.25,3,441.36627,441.2728,859.6417,-418.27542,447.4685,7995142.9,-0.059643253,0,1
180.25,126.5,3,445.89288,445.7446,868.4538,-422.56092,447.8685,8835999.4,-0.059044899,0,1
180.25,126.75,2,450.5507,450.33821,877.51927,-426.96857,448.4685,10265967.0,-0.05844262,0,1
180.25,127.0,2,455.346,455.05904,886.84979,-431.50379,448.8685,11345648.0,-0.057836331,0,1
180.25,127.25,2,460.28547,459.91192,896.45942,-436.17396,449.2685,12538880.0,-0.057226055,0,1
180.25,127.5,2,465.37616,464.90327,906.35986,-440.9837,449.6685,13857606.0,-0.056611658,0,1
180.25,127.75,2,470.62559,470.03924,916.56918,-445.94359,450.2685,16100241.0,-0.055993081,0,1
180.25,128.0,2,476.04172,475.32609,927.10147,-451.05975,450.6685,17793518.0,-0.055370293,0,1
180.25,128.25,2,481.63301,480.77081,937.97269,-456.33969,451.0685,19664878.0,-0.054743226,0,1
180.25,128.5,2,487.40848,486.381,949.19846,-461.78998,451.6685,22847329.0,-0.054111787,0,1
180.25,128.75,2,493.37779,492.1645,960.80242,-467.42463,452.0685,25250204.0,-0.053475911,0,1
180.25,129.0,2,499.55117,498.12968,972.8014,-473.25023,452.6685,29336551.0,-0.052835528,0,1
180.25,129.25,2,505.93962,504.28546,985.21492,-479.2753,453.0685,32421903.0,-0.052190569,0,1
180.25,129.5,2,512.55488,510.64132,998.0698,-485.51492,453.6685,37668877.0,-0.051540963,0,1
180.25,129.75,2,519.40956,517.20741,1011.3863,-491.97673,454.2685,43764992.0,-0.050886636,0,1
180.25,130.0,2,526.51719,523.99478,1025.1961,-498.67891,454.8685,50847666.0,-0.050227495,0,1
180.25,130.25,2,533.89232,531.0151,1039.5217,-505.6294,455.2685,56195362.0,-0.049563459,0,1
180.25,130.5,2,541.55056,538.28092,1054.3947,-512.8441,455.8685,65289695.0,-0.048894441,0,1
180.25,130.75,2,549.50887,545.80565,1069.8534,-520.34448,456.4685,75855804.0,-0.04822036,0,1
180.25,131.0,2,557.78542,553.60365,1085.9256,-528.14015,457.0685,88131870.0,-0.047541134,0,1
180.25,131.25,2,566.39994,561.69062,1102.6553,-536.25532,457.6685,102394620.0,-0.046856658,0,1
180.25,131.5,2,575.37384,570.08338,1120.0797,-544.7059,458.2685,118965580.0,-0.046166834,0,1
180.25,131.75,2,584.73026,578.80011,1138.2453,-553.51501,459.0685,145304890.0,-0.045471562,0,1
180.25,132.0,2,594.49442,587.86048,1157.2,-562.70557,459.6685,168820200.0,-0.044770734,0,1
180.25,132.25,2,604.6938,597.28553,1177.0025,-572.30866,460.2685,196141080.0,-0.04406426,0,1
180.25,132.5,2,615.35838,607.09806,1197.7044,-582.34599,461.0685,239567260.0,-0.04335205,0,1
180.25,132.75,2,626.5209,617.32363,1219.3706,-592.84965,461.6685,278337450.0,-0.042633951,0,1
180.25,133.0,2,638.21729,627.98945,1242.0721,-603.85482,462.4685,339962130.0,-0.041909853,0,1
180.25,133.25,2,650.48697,639.12449,1265.884,-615.39701,463.0685,394979640.0,-0.041179685,0,1
180.25,133.5,2,663.37335,650.76224,1290.8923,-627.51899,463.8685,482429220.0,-0.040443258,0,1
180.25,133.75,2,676.92435,662.93745,1317.1944,-640.27009,464.6685,589240380.0,-0.039700495,0,1
180.25,134.0,2,691.1929,675.68965,1344.8832,-653.69032,465.4685,719699830.0,-0.038951233,0,1
180.25,134.25,2,706.23774,689.06136,1374.0773,-667.8396,466.2685,879043350.0,-0.038195358,0,1
180.25,134.5,2,722.12418,703.11864,1404.9033,-682.77912,467.2685,1128714000.0,-0.037431727,0,1
180.25,134.75,2,738.92505,717.9418,1437.5046,-698.57958,468.0685,1378614400.0,-0.036658884,0,1
180.25,135.0,2,756.72185,733.59514,1472.0377,-715.31588,468.8685,1683843400.0,-0.035876662,0,1
180.25,135.25,2,775.60601,750.15029,1508.68,-733.07397,469.8685,2162097800.0,-0.035084896,0,1
180.25,135.5,2,795.68051,767.68734,1547.6324,-751.95189,470.8685,2776188500.0,-0.034283417,0,1
180.25,135.75,2,817.06178,786.29621,1589.1242,-772.06244,471.8685,3564696600.0,-0.033472049,0,1
180.25,136.0,2,839.88187,806.07809,1633.4079,-793.526,472.8685,4577161000.0,-0.032650615,0,1
180.25,136.25,2,864.2913,827.14734,1680.7801,-816.48876,473.8685,5877191100.0,-0.031818932,0,1
180.25,136.5,2,890.46227,849.63371,1731.5753,-841.113,474.8685,7546462700.0,-0.030976814,0,1
180.25,136.75,2,918.59283,873.68495,1786.1818,-867.58901,476.0685,10186659000.0,-0.030124068,0,1
180.25,137.0,2,948.91185,899.47012,1845.0463,-896.13449,477.2685,13750552000.0,-0.0292605,0,1
180.25,137.25,2,981.68526,927.18352,1908.6873,-927.00202,478.4685,18561303000.0,-0.028385907,0,1
180.25,137.5,2,1017.2239,957.04962,1977.704,-960.48014,479.6685,25055139000.0,-0.027500084,0,1
180.25,137.75,2,1055.8935,989.32914,2052.8404,-996.94687,480.8685,33820899000.0,-0.02660282,0,1
180.25,138.0,2,1098.1271,1024.3267,2134.9312,-1036.8041,482.2685,47994141000.0,-0.025693899,0,1
180.5,112.0,3,291.25617,291.38921,566.49917,-275.243,431.07404,132684.68,-0.090322305,0,1
180.5,112.25,3,292.67023,292.80378,569.26533,-276.5951,431.27404,139487.57,-0.089885948,0,1
180.5,112.5,3,294.10484,294.23862,572.07121,-277.96637,431.47404,146639.25,-0.089447623,0,1
180.5,112.75,3,295.56046,295.69471,574.91878,-279.35833,431.67404,154157.61,-0.089007157,0,1
180.5,113.0,3,297.03756,297.17215,577.80736,-280.7698,431.87404,162061.44,-0.088564642,0,1
180.5,113.25,3,298.53664,298.6716,580.74008,-282.20344,432.07404,170370.5,-0.088120013,0,1
180.5,113.5,3,300.0582,300.19371,583.71543,-283.65724,432.27404,179105.59,-0.087673207,0,1
180.5,113.75,3,301.60277,301.73852,586.73701,-285.13425,432.47404,188288.53,-0.087224345,0,1
180.5,114.0,3,303.17086,303.30705,589.80395,-286.63309,432.67404,197942.29,-0.086773271,0,1
180.5,114.25,3,304.76306,304.89979,592.91762,-288.15455,432.87404,208091.0,-0.086319986,0,1
180.5,114.5,3,306.37993,306.51694,596.08029,-289.70036,433.07404,218760.06,-0.08586457,0,1
180.5,114.75,3,308.02204,308.15949,599.29166,-291.26962,433.27404,229976.12,-0.085406894,0,1
180.5,115.0,3,309.69005,309.82804,602.55359,-292.86355,433.47404,241767.25,-0.084946943,0,1
180.5,115.25,3,311.38454,311.5229,605.86757,-294.48302,433.67404,254162.93,-0.084484784,0,1
180.5,115.5,3,313.10619,313.24495,609.2344,-296.12821,433.87404,267194.14,-0.084020334,0,1
180.5,115.75,3,314.85567,314.99492,612.6554,-297.79972,434.27404,295295.19,-0.083553555,0,1
180.5,116.0,3,316.63369,316.7735,616.13256,-299.49888,434.47404,310435.3,-0.083084428,0,1
180.5,116.25,3,318.44095,318.58117,619.66666,-301.22572,434.67404,326351.66,-0.082612998,0,1
180.5,116.5,3,320.2782,320.41884,623.25864,-302.98043,434.87404,343084.06,-0.082139195,0,1
180.5,116.75,3,322.14624,322.28734,626.91162,-304.76538,435.07404,360674.36,-0.081662981,0,1
180.5,117.0,3,324.04585,324.18747,630.62607,-306.58022,435.27404,379166.53,-0.081184338,0,1
180.5,117.25,3,325.97785,326.12004,634.40383,-308.42598,435.67404,419043.82,-0.080703243,0,1
180.5,117.5,3,327.94312,328.08587,638.24591,-310.3028,435.87404,440528.66,-0.080219685,0,1
180.5,117.75,3,329.94255,330.08573,642.15482,-312.21227,436.07404,463115.04,-0.079733666,0,1
180.5,118.0,3,331.97706,332.1207,646.13271,-314.15565,436.27404,486859.46,-0.079245122,0,1
180.5,118.25,3,334.0476,334.19173,650.18088,-316.13328,436.67404,538062.92,-0.078754029,0,1
180.5,118.5,3,336.15518,336.29981,654.30116,-318.14598,436.87404,565649.99,-0.078260362,0,1
180.5,118.75,3,338.30082,338.44597,658.49556,-320.19474,437.07404,594651.49,-0.077764097,0,1
180.5,119.0,3,340.4856,340.63127,662.76647,-322.28087,437.27404,625139.92,-0.077265206,0,1
180.5,119.25,3,342.71063,342.85682,667.11556,-324.40493,437.67404,690886.46,-0.076763662,0,1
180.5,119.5,3,344.97708,345.12378,671.54529,-326.56821,437.87404,726308.97,-0.076259438,0,1
180.5,119.75,3,347.28615,347.43334,676.05873,-328.77258,438.07404,763547.62,-0.075752503,0,1
180.5,120.0,3,349.63909,349.78676,680.65749,-331.0184,438.47404,843850.63,-0.075242829,0,1
180.5,120.25,3,352.03721,352.18533,685.34458,-333.30736,438.67404,887115.78,-0.074730384,0,1
180.5,120.5,3,354.48187,354.63042,690.12236,-335.64048,439.07404,980414.56,-0.074215136,0,1
180.5,120.75,3,356.9745,357.12344,694.99361,-338.01911,439.27404,1030681.5,-0.073697053,0,1
180.5,121.0,3,359.51656,359.66585,699.96118,-340.44462,439.67404,1139079.2,-0.073176101,0,1
180.5,121.25,3,362.10962,362.25921,705.02799,-342.91837,439.87404,1197481.0,-0.072652246,0,1
180.5,121.5,3,364.75528,364.90509,710.19738,-345.4421,440.27404,1323421.2,-0.072125453,0,1
180.5,121.75,3,367.45524,367.60495,715.47243,-348.01719,440.47404,1391274.5,-0.07159573,0,1
180.5,122.0,3,370.21127,370.36074,720.85648,-350.64521,440.87404,1537596.1,-0.071062999,0,1
180.5,122.25,3,373.02524,373.17428,726.35347,-353.32823,441.07404,1616430.3,-0.070527221,0,1
180.5,122.5,3,375.89909,376.04749,731.96702,-356.06793,441.47404,1786431.8,-0.069988355,0,1
180.5,122.75,3,378.8349,378.98235,737.70183,-358.86694,441.67404,1878024.1,-0.069446361,0,1
180.5,123.0,3,381.83481,381.98058,743.56037,-361.72556,442.07404,2075537.6,-0.068901264,0,1
180.5,123.25,3,384.90114,385.04467,749.54788,-364.64675,442.47404,2293823.8,-0.068352965,0,1
180.5,123.5,3,388.03629,388.17695,755.66878,-367.63249,442.67404,2411430.7,-0.067801411,0,1
180.5,123.75,3,391.24284,391.37961,761.92817,-370.68533,443.07404,2665043.1,-0.067246592,0,1
180.5,124.0,3,394.52352,394.65499,768.33124,-373.80772,443.47404,2945328.1,-0.066688489,0,1
180.5,124.25,3,397.88122,398.00607,774.88204,-377.00082,443.87404,3255091.0,-0.066126993,0,1
180.5,124.5,3,401.31903,401.43527,781.5894,-380.27037,444.07404,3421983.0,-0.065562114,0,1
180.5,124.75,3,404.84023,404.94548,788.45793,-383.6177,444.47404,3781876.1,-0.064993798,0,1
180.5,125.0,3,408.44831,408.54002,795.4942,-387.04589,444.87404,4179619.5,-0.064421951,0,1
180.5,125.25,3,412.14696,412.22141,802.70499,-390.55803,445.27404,4619193.9,-0.063846624,0,1
180.5,125.5,3,415.94016,415.99372,810.09803,-394.15787,445.67404,5104998.8,-0.063267651,0,1
180.5,125.75,3,419.83205,419.85968,817.6821,-397.85005,446.07404,5641896.2,-0.062685097,0,1
180.5,126.0,3,423.82708,423.82375,825.46472,-401.63764,446.47404,6235259.6,-0.062098797,0,1
180.5,126.25,3,427.92991,427.88897,833.45494,-405.52503,446.87404,6891027.6,-0.061508818,0,1
180.5,126.5,3,432.1455,432.06021,841.66453,-409.51903,447.27404,7615763.3,-0.060914994,0,1
180.5,126.75,3,436.4791,436.34113,850.10104,-413.62194,447.67404,8416720.1,-0.06031736,0,1
180.5,127.0,3,440.93622,440.73668,858.77607,-417.83985,448.07404,9301914.3,-0.059715804,0,1
180.5,127.25,3,445.52272,445.25168,867.70148,-422.17876,448.47404,10280205.0,-0.059110266,0,1
180.5,127.5,2,450.24479,449.89072,876.88911,-426.64432,449.07404,11943894.0,-0.058500751,0,1
180.5,127.75,2,455.10898,454.65971,886.35137,-431.24239,449.47404,13200045.0,-0.057887129,0,1
180.5,128.0,2,460.12224,459.56429,896.10222,-435.97998,449.87404,14588306.0,-0.057269343,0,1
180.5,128.25,2,465.29195,464.61004,906.15446,-440.86252,450.27404,16122571.0,-0.056647387,0,1
180.5,128.5,2,470.62593,469.80371,916.52721,-445.90129,450.87404,18731755.0,-0.056021151,0,1
180.5,128.75,2,476.1325,475.15214,927.23327,-451.10078,451.27404,20701791.0,-0.055390564,0,1
180.5,129.0,2,481.82054,480.66253,938.28924,-456.4687,451.87404,24052050.0,-0.054755558,0,1
180.5,129.25,2,487.69952,486.34252,949.71694,-462.01743,452.27404,26581626.0,-0.054116068,0,1
180.5,129.5,2,493.7795,492.20018,961.53376,-467.75427,452.87404,30883443.0,-0.053472035,0,1
180.5,129.75,2,500.07133,498.24424,973.76026,-473.68893,453.27404,34131483.0,-0.052823381,0,1
180.5,130.0,2,506.58651,504.48414,986.42075,-479.83424,453.87404,39655126.0,-0.052170015,0,1
180.5,130.25,2,513.3375,510.92981,999.53648,-486.19898,454.47404,46072683.0,-0.05151186,0,1
180.5,130.5,2,520.33753,517.59191,1013.1341,-492.79653,454.87404,50918190.0,-0.050848834,0,1
180.5,130.75,2,527.60095,524.48181,1027.2457,-499.64478,455.47404,59158496.0,-0.050180854,0,1
180.5,131.0,2,535.14314,531.61177,1041.8949,-506.75176,456.07404,68732367.0,-0.04950783,0,1
180.5,131.25,2,542.98068,538.9949,1057.1184,-514.13774,456.67404,79855617.0,-0.048829674,0,1
180.5,131.5,2,551.13155,546.64509,1072.9479,-521.81631,457.27404,92778991.0,-0.048146312,0,1
180.5,131.75,2,559.61511,554.57766,1089.4213,-529.80621,457.87404,107793810.0,-0.047457637,0,1
180.5,132.0,2,568.45235,562.80905,1106.5806,-538.12828,458.47404,125238540.0,-0.046763543,0,1
180.5,132.25,2,577.66612,571.35698,1124.4731,-546.80698,459.07404,145506420.0,-0.046063925,0,1
180.5,132.5,2,587.28119,580.24059,1143.1409,-555.85969,459.87404,177721940.0,-0.045358677,0,1
180.5,132.75,2,597.32455,589.48009,1162.6382,-565.31365,460.47404,206483440.0,-0.044647725,0,1
180.5,133.0,2,607.82567,599.09819,1183.0225,-575.19685,461.07404,239899530.0,-0.043930937,0,1
180.5,133.25,2,618.81678,609.11957,1204.3614,-585.54462,461.87404,293013950.0,-0.043208175,0,1
180.5,133.5,2,630.33319,619.57011,1226.7157,-596.38255,462.67404,357888050.0,-0.042479365,0,1
180.5,133.75,2,642.41364,630.47907,1250.1642,-607.75055,463.27404,415806590.0,-0.04174436,0,1
180.5,134.0,2,655.10081,641.87816,1274.7879,-619.68712,464.07404,507867310.0,-0.041003023,0,1
180.5,134.25,2,668.44175,653.80135,1300.6796,-632.23787,464.87404,620310540.0,-0.040255263,0,1
180.5,134.5,2,682.48851,666.2873,1327.9402,-645.45172,465.67404,757649000.0,-0.039500895,0,1
180.5,134.75,2,697.29882,679.39276,1356.6824,-659.38363,466.47404,925394580.0,-0.038738925,0,1
180.5,135.0,2,712.93684,693.19215,1387.0301,-674.09329,467.27404,1130279500.0,-0.037967748,0,1
180.5,135.25,2,729.47414,707.74205,1419.1227,-689.64856,468.27404,1451307600.0,-0.0371872,0,1
180.5,135.5,2,746.99077,723.10528,1453.123,-706.13219,469.07404,1772631100.0,-0.036397114,0,1
180.5,135.75,2,765.57655,739.35187,1489.1912,-723.61461,470.07404,2276103400.0,-0.03559732,0,1
180.5,136.0,2,785.33261,756.56015,1527.5331,-742.20047,471.07404,2922574600.0,-0.034787644,0,1
180.5,136.25,2,806.37327,774.81797,1568.37,-761.99674,471.87404,3569640700.0,-0.033967907,0,1
180.5,136.5,2,828.82821,794.22423,1611.953,-783.12481,473.07404,4818510900.0,-0.033137928,0,1
180.5,136.75,2,852.84519,814.89065,1658.5648,-805.71961,474.07404,6187090500.0,-0.032297518,0,1
180.5,137.0,2,878.59325,836.94392,1708.5495,-829.95629,475.07404,7944381400.0,-0.031446486,0,1
180.5,137.25,2,906.26676,860.52832,1762.2805,-856.0137,476.27404,10723793000.0,-0.030584635,0,1
180.5,137.5,2,936.09027,885.80885,1820.1955,-884.10522,477.27404,13769623000.0,-0.029711766,0,1
180.5,137.75,2,968.32469,912.9751,1882.806,-914.48134,478.47404,18587047000.0,-0.02882767,0,1
180.5,138.0,2,1003.2749,942.246,1950.7101,-947.43519,479.87404,26376275000.0,-0.027932138,0,1
180.75,112.0,3,285.89304,286.02534,556.0175,-270.12446,430.87958,126388.38,-0.092016129,0,1
180.75,112.25,3,287.24831,287.38085,558.66816,-271.41985,431.07958,132868.46,-0.091582112,0,1
180.75,112.5,3,288.62295,288.75591,561.35781,-272.73486,431.07958,132868.46,-0.091145998,0,1
180.75,112.75,3,290.01733,290.15063,564.08542,-274.06809,431.27958,139680.77,-0.090707869,0,1
180.75,113.0,3,291.43195,291.56559,566.85276,-275.42082,431.47958,146842.35,-0.090267667,0,1
180.75,113.25,3,292.86721,293.00133,569.66033,-276.79313,431.67958,154371.12,-0.089825344,0,1
180.75,113.5,3,294.3236,294.45798,572.50903,-278.18543,431.87958,162285.9,-0.089380987,0,1
180.75,113.75,3,295.8016,295.93644,575.40023,-279.59863,432.07958,170606.47,-0.088934451,0,1
180.75,114.0,3,297.30171,297.43693,578.33405,-281.03234,432.27958,179353.65,-0.088485801,0,1
180.75,114.25,3,298.82443,298.95999,581.31289,-282.48846,432.47958,188549.31,-0.088035009,0,1
180.75,114.5,3,300.37029,300.50634,584.3365,-283.96621,432.67958,198216.44,-0.087581995,0,1
180.75,114.75,3,301.93984,302.07628,587.40621,-285.46637,433.07958,219063.05,-0.087126819,0,1
180.75,115.0,3,303.53364,303.67043,590.52372,-286.99008,433.27958,230294.65,-0.086669437,0,1
180.75,115.25,3,305.15226,305.28953,593.68888,-288.53662,433.47958,242102.11,-0.086209785,0,1
180.75,115.5,3,306.79633,306.9341,596.9047,-290.10837,433.67958,254514.95,-0.08574787,0,1
180.75,115.75,3,308.46644,308.60453,600.1713,-291.70486,433.87958,267564.21,-0.085283729,0,1
180.75,116.0,3,310.16323,310.30175,603.48959,-293.32636,434.07958,281282.52,-0.084817262,0,1
180.75,116.25,3,311.88739,312.02642,606.86126,-294.97387,434.27958,295704.19,-0.084348451,0,1
180.75,116.5,3,313.63958,313.77914,610.28816,-296.64858,434.47958,310865.26,-0.083877293,0,1
180.75,116.75,3,315.42051,315.56043,613.77092,-298.35041,434.67958,326803.67,-0.083403819,0,1
180.75,117.0,3,317.23092,317.37127,617.31037,-300.07946,435.07958,361173.91,-0.082927939,0,1
180.75,117.25,3,319.07157,319.21239,620.9103,-301.83873,435.27958,379691.69,-0.082449634,0,1
180.75,117.5,3,320.94325,321.08459,624.57036,-303.62712,435.47958,399158.9,-0.081968884,0,1
180.75,117.75,3,322.84676,322.98865,628.29249,-305.44573,435.67958,419624.21,-0.081485666,0,1
180.75,118.0,3,324.78294,324.92536,632.07832,-307.29538,435.87958,441138.81,-0.080999972,0,1
180.75,118.25,3,326.75269,326.89553,635.92902,-309.17634,436.27958,487533.78,-0.080511792,0,1
180.75,118.5,3,328.75689,328.90019,639.84798,-311.09109,436.47958,512530.17,-0.080021069,0,1
180.75,118.75,3,330.7965,330.94027,643.8359,-313.0394,436.67958,538808.16,-0.07952778,0,1
180.75,119.0,3,332.87249,333.01674,647.89461,-315.02212,436.87958,566433.44,-0.079031898,0,1
180.75,119.25,3,334.98586,335.13061,652.02638,-317.04052,437.27958,626005.77,-0.078533397,0,1
180.75,119.5,3,337.13767,337.28291,656.23308,-319.09541,437.47958,658101.77,-0.078032251,0,1
180.75,119.75,3,339.32902,339.47475,660.51695,-321.18793,437.67958,691843.37,-0.077528432,0,1
180.75,120.0,3,341.56104,341.70725,664.88004,-323.319,438.07958,764605.17,-0.07702191,0,1
180.75,120.25,3,343.83491,343.98159,669.32485,-325.48994,438.27958,803807.31,-0.076512656,0,1
180.75,120.5,3,346.15187,346.29899,673.8534,-327.70153,438.47958,845019.4,-0.07600064,0,1
180.75,120.75,3,348.5132,348.66073,678.46837,-329.95516,438.87958,933890.86,-0.07548583,0,1
180.75,121.0,3,350.92024,351.06815,683.17271,-332.25247,439.07958,981772.47,-0.074968194,0,1
180.75,121.25,3,353.37437,353.52262,687.9689,-334.59453,439.47958,1085026.4,-0.074447698,0,1
180.75,121.5,3,355.87705,356.02559,692.85997,-336.98292,439.67958,1140656.9,-0.073924308,0,1
180.75,121.75,3,358.4298,358.57849,697.84878,-339.41898,440.07958,1260620.8,-0.073398002,0,1
180.75,122.0,3,361.03422,361.18282,702.93813,-341.90391,440.27958,1325254.2,-0.072868763,0,1
180.75,122.25,3,363.69196,363.84033,708.13095,-344.43899,440.67958,1464632.4,-0.072336526,0,1
180.75,122.5,3,366.40478,366.55273,713.43105,-347.02626,440.87958,1539725.7,-0.071801251,0,1
180.75,122.75,3,369.17451,369.32183,718.84199,-349.66747,441.27958,1701660.1,-0.071262901,0,1
180.75,123.0,3,372.00308,372.14949,724.36702,-352.36394,441.47958,1788906.1,-0.070721432,0,1
180.75,123.25,3,374.89252,375.03728,730.01062,-355.1181,441.87958,1977047.0,-0.070176876,0,1
180.75,123.5,3,377.84498,377.98758,735.77649,-357.93151,442.27958,2184974.8,-0.069629126,0,1
180.75,123.75,3,380.86272,381.00255,741.66879,-360.80606,442.47958,2297000.9,-0.069078133,0,1
180.75,124.0,3,383.94817,384.08425,747.69267,-363.7445,442.87958,2538578.6,-0.068523886,0,1
180.75,124.25,3,387.10386,387.23484,753.85251,-366.74865,443.27958,2805563.2,-0.067966367,0,1
180.75,124.5,3,390.33251,390.45711,760.15364,-369.82113,443.67958,3100626.9,-0.06740547,0,1
180.75,124.75,3,393.63701,393.75335,766.6012,-372.9642,443.87958,3259599.4,-0.066841197,0,1
180.75,125.0,3,397.02044,397.12619,773.20068,-376.18024,444.27958,3602414.5,-0.066273506,0,1
180.75,125.25,3,400.48604,400.57881,779.96011,-379.47407,444.67958,3981283.7,-0.065702289,0,1
180.75,125.5,3,404.03729,404.11344,786.88463,-382.84734,445.07958,4399999.0,-0.065127616,0,1
180.75,125.75,3,407.67788,407.73394,793.98071,-386.30284,445.47958,4862750.9,-0.064549311,0,1
180.75,126.0,3,411.4117,411.44291,801.25795,-389.84625,445.87958,5374170.9,-0.063967429,0,1
180.75,126.25,3,415.24288,415.24433,808.72187,-393.47899,446.27958,5939377.3,-0.063381829,0,1
180.75,126.5,3,419.17579,419.1412,816.38348,-397.20769,446.67958,6564027.1,-0.062792551,0,1
180.75,126.75,3,423.21507,423.13796,824.24952,-401.03446,447.07958,7254371.9,-0.062199441,0,1
180.75,127.0,3,427.36557,427.23786,832.33048,-404.96491,447.47958,8017320.8,-0.061602558,0,1
180.75,127.25,3,431.63244,431.44574,840.63587,-409.00343,447.87958,8860509.8,-0.06100175,0,1
180.75,127.5,3,436.02114,435.76579,849.17727,-413.15613,448.27958,9792377.8,-0.060396997,0,1
180.75,127.75,3,440.5374,440.20252,857.96508,-417.42768,448.67958,10822251.0,-0.059788265,0,1
180.75,128.0,3,445.18732,444.76127,867.01162,-421.8243,449.07958,11960437.0,-0.059175443,0,1
180.75,128.25,2,449.97733,449.44712,876.32957,-426.35224,449.47958,13218327.0,-0.058558491,0,1
180.75,128.5,2,454.91426,454.26534,885.93141,-431.01715,450.07958,15357505.0,-0.057937383,0,1
180.75,128.75,2,460.00536,459.2222,895.83011,-435.82475,450.47958,16972668.0,-0.057312005,0,1
180.75,129.0,2,465.25833,464.32392,906.04503,-440.7867,450.87958,18757699.0,-0.056682295,0,1
180.75,129.25,2,470.68134,469.57709,916.58823,-445.9069,451.47958,21793337.0,-0.056048188,0,1
180.75,129.5,2,476.28312,474.9886,927.47617,-451.19305,451.87958,24085363.0,-0.055409636,0,1
180.75,129.75,2,482.07297,480.56597,938.73107,-456.6581,452.47958,27983199.0,-0.05476656,0,1
180.75,130.0,2,488.06081,486.31732,950.36661,-462.30581,452.87958,30926218.0,-0.054118873,0,1
180.75,130.25,2,494.25726,492.25115,962.40959,-468.15233,453.47958,35931139.0,-0.053466498,0,1
180.75,130.5,2,500.67369,498.37653,974.8759,-474.20222,454.07958,41746028.0,-0.052809359,0,1
180.75,130.75,2,507.32228,504.70317,987.79556,-480.47328,454.47958,46136496.0,-0.052147374,0,1
180.75,131.0,2,514.21611,511.24145,1001.1876,-486.97148,455.07958,53602961.0,-0.05148046,0,1
180.75,131.25,2,521.36923,518.00248,1015.0837,-493.71445,455.67958,62277755.0,-0.050808531,0,1
180.75,131.5,2,528.79683,524.99818,1029.5118,-500.71493,456.27958,72356429.0,-0.050131498,0,1
180.75,131.75,2,536.51518,532.24137,1044.5016,-507.98642,456.87958,84066176.0,-0.049449266,0,1
180.75,132.0,2,544.54192,539.74566,1060.0924,-515.5505,457.47958,97670962.0,-0.048761754,0,1
180.75,132.25,2,552.89616,547.52574,1076.3163,-523.4201,458.07958,113477470.0,-0.048068873,0,1
180.75,132.5,2,561.59852,555.59779,1093.2145,-531.61594,458.67958,131842010.0,-0.0473705,0,1
180.75,132.75,2,570.67143,563.97906,1110.8311,-540.1597,459.27958,153178560.0,-0.046666528,0,1
180.75,133.0,2,580.13926,572.68821,1129.2161,-549.07682,459.87958,177968100.0,-0.045956848,0,1
180.75,133.25,2,590.0286,581.74464,1148.4168,-558.38822,460.67958,217370720.0,-0.045241405,0,1
180.75,133.5,2,600.36837,591.17092,1168.4902,-568.12181,461.27958,252548750.0,-0.044520027,0,1
180.75,133.75,2,611.19026,600.99077,1189.498,-578.30774,462.07958,308463740.0,-0.043792594,0,1
180.75,134.0,2,622.52896,611.22913,1211.5082,-588.9792,462.67958,358383740.0,-0.043059049,0,1
180.75,134.25,2,634.42258,621.91517,1234.5943,-600.17176,463.47958,437730880.0,-0.042319188,0,1
180.75,134.5,2,646.91308,633.07862,1258.8434,-611.93032,464.27958,534645710.0,-0.041572949,0,1
180.75,134.75,2,660.04671,644.75388,1284.3355,-624.28883,465.07958,653017740.0,-0.040820142,0,1
180.75,135.0,2,673.87459,656.9901,1311.175,-637.30037,465.87958,797597670.0,-0.040059881,0,1
180.75,135.25,2,688.45346,669.8562,1339.4712,-651.01774,466.67958,974188000.0,-0.03929044,0,1
180.75,135.5,2,703.84635,683.40242,1369.3475,-665.50119,467.47958,1189875900.0,-0.038511636,0,1
180.75,135.75,2,720.12359,697.68404,1400.9399,-680.8163,468.47958,1527830900.0,-0.037723301,0,1
180.75,136.0,2,737.36379,712.76252,1434.4003,-697.03654,469.27958,1866096900.0,-0.036925265,0,1
180.75,136.25,2,755.65519,728.70633,1469.9042,-714.24897,470.27958,2396115800.0,-0.036117355,0,1
180.75,136.5,2,775.09713,745.59205,1507.6409,-732.54382,471.07958,2926622500.0,-0.03529939,0,1
180.75,136.75,2,795.80185,763.50556,1547.8311,-752.02922,472.07958,3757857700.0,-0.03447119,0,1
180.75,137.0,2,817.89669,782.54348,1590.7225,-772.82585,473.07958,4825184700.0,-0.033632566,0,1
180.75,137.25,2,841.52668,802.81498,1636.6001,-795.0734,474.27958,6513318100.0,-0.032783326,0,1
180.75,137.5,2,866.85778,824.44379,1685.785,-818.92723,475.27958,8363266000.0,-0.031923274,0,1
180.75,137.75,2,894.0807,847.57079,1738.6502,-844.56952,476.47958,11289228000.0,-0.031052209,0,1
180.75,138.0,2,923.4158,872.35704,1795.6302,-872.21441,477.47958,14495656000.0,-0.030169923,0,1
181.0,112.0,3,280.6966,280.82797,545.86094,-265.16433,430.48511,114519.11,-0.093719103,0,1
181.0,112.25,3,281.99617,282.1279,548.40301,-266.40684,430.68511,120390.64,-0.093287281,0,1
181.0,112.5,3,283.31397,283.44605,550.9814,-267.66743,430.88511,126563.2,-0.092853456,0,1
181.0,112.75,3,284.65038,284.78278,553.59562,-268.94524,431.08511,133052.23,-0.092417615,0,1
181.0,113.0,3,286.00582,286.13866,556.24768,-270.24186,431.28511,139873.96,-0.091979689,0,1
181.0,113.25,3,287.38069,287.51379,558.93683,-271.55614,431.48511,147045.45,-0.091539767,0,1
181.0,113.5,3,288.77544,288.90901,561.6659,-272.89046,431.68511,154584.64,-0.091097697,0,1
181.0,113.75,3,290.19049,290.32436,564.43343,-274.24294,431.88511,162510.36,-0.090653588,0,1
181.0,114.0,3,291.62634,291.76056,567.24266,-275.61632,432.08511,170842.44,-0.090207343,0,1
181.0,114.25,3,293.08341,293.21815,570.09305,-277.00964,432.28511,179601.72,-0.089758923,0,1
181.0,114.5,3,294.56222,294.69721,572.98556,-278.42334,432.48511,188810.1,-0.089308431,0,1
181.0,114.75,3,296.06326,296.19866,575.92195,-279.85869,432.68511,198490.6,-0.088855719,0,1
181.0,115.0,3,297.58705,297.72296,578.90198,-281.31494,432.88511,208667.43,-0.088400791,0,1
181.0,115.25,3,299.13413,299.27031,581.92857,-282.79444,433.08511,219366.04,-0.087943722,0,1
181.0,115.5,3,300.70504,300.84163,585.00136,-284.29632,433.28511,230613.18,-0.087484385,0,1
181.0,115.75,3,302.30035,302.43747,588.12121,-285.82086,433.48511,242436.97,-0.087022766,0,1
181.0,116.0,3,303.92066,304.05814,591.2908,-287.37013,433.68511,254866.98,-0.086558923,0,1
181.0,116.25,3,305.56657,305.70441,594.51015,-288.94358,433.88511,267934.29,-0.086092787,0,1
181.0,116.5,3,307.2387,307.37701,597.78017,-290.54147,434.28511,296113.18,-0.085624313,0,1
181.0,116.75,3,308.93773,309.07656,601.10319,-292.16546,434.48511,311295.23,-0.085153482,0,1
181.0,117.0,3,310.6643,310.80355,604.48013,-293.81582,434.68511,327255.68,-0.084680322,0,1
181.0,117.25,3,312.41911,312.55874,607.91199,-295.49288,434.88511,344034.43,-0.084204795,0,1
181.0,117.5,3,314.20288,314.34296,611.39962,-297.19674,435.08511,361673.46,-0.083726849,0,1
181.0,117.75,3,316.01638,316.15692,614.94647,-298.93009,435.28511,380216.85,-0.083246462,0,1
181.0,118.0,3,317.86034,318.0014,618.55259,-300.69225,435.48511,399710.99,-0.082763613,0,1
181.0,118.25,3,319.73559,319.87719,622.21979,-302.4842,435.88511,441748.96,-0.082278281,0,1
181.0,118.5,3,321.64293,321.785,625.94946,-304.30654,436.08511,464397.91,-0.081790465,0,1
181.0,118.75,3,323.58323,323.72573,629.74305,-306.15982,436.28511,488208.1,-0.081300133,0,1
181.0,119.0,3,325.55739,325.70033,633.60303,-308.04564,436.48511,513239.07,-0.08080724,0,1
181.0,119.25,3,327.56631,327.70972,637.53136,-309.96505,436.88511,567216.89,-0.080311763,0,1
181.0,119.5,3,329.61097,329.75484,641.52912,-311.91815,437.08511,596298.72,-0.079813673,0,1
181.0,119.75,3,331.69234,331.83668,645.59864,-313.9063,437.28511,626871.61,-0.079312946,0,1
181.0,120.0,3,333.81147,333.95628,649.74166,-315.93019,437.68511,692800.27,-0.078809553,0,1
181.0,120.25,3,335.96942,336.11469,653.96045,-317.99103,437.88511,728320.9,-0.078303466,0,1
181.0,120.5,3,338.16731,338.31302,658.25718,-320.08987,438.08511,765662.71,-0.077794655,0,1
181.0,120.75,3,340.4063,340.55244,662.63408,-322.22778,438.48511,846188.17,-0.077283091,0,1
181.0,121.0,3,342.6876,342.83414,667.09336,-324.40576,438.68511,889573.16,-0.076768741,0,1
181.0,121.25,3,345.01246,345.15937,671.63783,-326.62537,438.88511,935182.55,-0.076251574,0,1
181.0,121.5,3,347.3822,347.52944,676.26965,-328.88744,439.28511,1033536.6,-0.075731556,0,1
181.0,121.75,3,349.79819,349.9457,680.99149,-331.1933,439.48511,1086527.1,-0.075208654,0,1
181.0,122.0,3,352.26185,352.40947,685.80653,-333.54468,439.88511,1200798.2,-0.074682853,0,1
181.0,122.25,3,354.77469,354.92222,690.71708,-335.94239,440.08511,1262364.4,-0.074154121,0,1
181.0,122.5,3,357.33825,357.48556,695.72662,-338.38836,440.48511,1395128.4,-0.073622401,0,1
181.0,122.75,3,359.95419,360.1011,700.838,-340.88381,440.68511,1466658.2,-0.073087655,0,1
181.0,123.0,3,362.62423,362.77053,706.05472,-343.43049,441.08511,1620908.0,-0.072549844,0,1
181.0,123.25,3,365.35018,365.49559,711.37996,-346.02978,441.48511,1791380.4,-0.072008926,0,1
181.0,123.5,3,368.13394,368.27777,716.81767,-348.68373,441.68511,1883226.4,-0.071464931,0,1
181.0,123.75,3,370.97753,371.11927,722.37163,-351.39411,442.08511,2081287.0,-0.070917754,0,1
181.0,124.0,3,373.88307,374.02213,728.04561,-354.16254,442.28511,2187996.9,-0.070367347,0,1
181.0,124.25,3,376.85282,376.9883,733.84428,-356.99145,442.68511,2418110.6,-0.069813692,0,1
181.0,124.5,3,379.88918,380.01974,739.77189,-359.88271,443.08511,2672425.5,-0.069256784,0,1
181.0,124.75,3,382.99468,383.11909,745.83357,-362.83889,443.28511,2809443.6,-0.068696512,0,1
181.0,125.0,3,386.17203,386.28854,752.03377,-365.86174,443.68511,3104915.4,-0.068132866,0,1
181.0,125.25,3,389.42409,389.53042,758.37813,-368.95405,444.08511,3431462.2,-0.067565827,0,1
181.0,125.5,3,392.75394,392.84777,764.87302,-372.11909,444.48511,3792352.3,-0.066995277,0,1
181.0,125.75,3,396.1648,396.24272,771.5248,-375.36,444.88511,4191197.4,-0.06642127,0,1
181.0,126.0,3,399.6601,399.71873,778.33833,-378.67823,445.28511,4631989.5,-0.065843663,0,1
181.0,126.25,3,403.24354,403.27838,785.32329,-382.07975,445.48511,4869476.7,-0.065262475,0,1
181.0,126.5,3,406.91893,406.92517,792.48409,-385.56516,445.88511,5381604.0,-0.064677604,0,1
181.0,126.75,3,410.69038,410.66212,799.8324,-389.14201,446.28511,5947592.2,-0.064089049,0,1
181.0,127.0,3,414.56219,414.49314,807.37301,-392.81082,446.68511,6573106.0,-0.063496696,0,1
181.0,127.25,3,418.5389,418.42138,815.11595,-396.57705,447.08511,7264405.6,-0.062900575,0,1
181.0,127.5,3,422.62531,422.45133,823.07115,-400.44584,447.48511,8028409.8,-0.062300538,0,1
181.0,127.75,3,426.82649,426.58662,831.24783,-404.42134,447.88511,8872765.0,-0.061696602,0,1
181.0,128.0,3,431.14779,430.8318,839.65745,-408.50966,448.48511,10308682.0,-0.061088678,0,1
181.0,128.25,3,435.59486,435.19163,848.31027,-412.7154,448.88511,11392856.0,-0.06047668,0,1
181.0,128.5,3,440.17368,439.67056,857.21806,-417.04438,449.28511,12591053.0,-0.059860604,0,1
181.0,128.75,3,444.89057,444.27388,866.3929,-421.50233,449.68511,13915265.0,-0.059240361,0,1
181.0,129.0,3,449.75224,449.00718,875.84801,-426.09577,450.08511,15378747.0,-0.058615867,0,1
181.0,129.25,2,454.76583,453.87617,885.59646,-430.83063,450.68511,17867555.0,-0.057987061,0,1
181.0,129.5,2,459.93889,458.88676,895.65492,-435.71603,451.08511,19746702.0,-0.0573539,0,1
181.0,129.75,2,465.27945,464.04541,906.03761,-440.75815,451.68511,22942394.0,-0.056716314,0,1
181.0,130.0,2,470.79613,469.35917,916.7603,-445.96417,452.08511,25355267.0,-0.056074211,0,1
181.0,130.25,2,476.49802,474.83535,927.8438,-451.34578,452.68511,29458617.0,-0.055427518,0,1
181.0,130.5,2,482.39492,480.48172,939.30295,-456.90803,453.08511,32556807.0,-0.054776163,0,1
181.0,130.75,2,488.49723,486.30657,951.16256,-462.66533,453.68511,37825613.0,-0.054120069,0,1
181.0,131.0,2,494.81617,492.31876,963.43973,-468.62356,454.08511,41803768.0,-0.053459155,0,1
181.0,131.25,2,501.36368,498.52776,976.1599,-474.79622,454.68511,48569049.0,-0.052793339,0,1
181.0,131.5,2,508.15266,504.94368,989.35172,-481.19905,455.28511,56429184.0,-0.052122536,0,1
181.0,131.75,2,515.19692,511.57737,1003.0346,-487.8377,455.88511,65561358.0,-0.051446656,0,1
181.0,132.0,2,522.51133,518.44046,1017.2444,-494.73302,456.48511,76171431.0,-0.050765608,0,1
181.0,132.25,2,530.112,525.54542,1032.0071,-501.89512,457.08511,88498577.0,-0.050079297,0,1
181.0,132.5,2,538.01622,532.90564,1047.3581,-509.34192,457.68511,102820680.0,-0.049387628,0,1
181.0,132.75,2,546.24274,540.53516,1063.3328,-517.09002,458.28511,119460580.0,-0.048690533,0,1
181.0,133.0,2,554.81192,548.44991,1079.9765,-525.16459,458.88511,138793400.0,-0.047987874,0,1
181.0,133.25,2,563.74577,556.66669,1097.3242,-533.57847,459.48511,161254920.0,-0.04727954,0,1
181.0,133.5,2,573.06825,565.20353,1115.4254,-542.35719,460.08511,187351490.0,-0.04656543,0,1
181.0,133.75,2,582.80548,574.0795,1134.3307,-551.52524,460.88511,228831630.0,-0.045845471,0,1
181.0,134.0,2,592.98592,583.31655,1154.0989,-561.11293,461.48511,265864420.0,-0.04511949,0,1
181.0,134.25,2,603.64076,592.93734,1174.7843,-571.14359,462.28511,324727530.0,-0.044387397,0,1
181.0,134.5,2,614.80406,602.96685,1196.4559,-581.65189,462.88511,377279570.0,-0.043649075,0,1
181.0,134.75,2,626.51328,613.43282,1219.1866,-592.67336,463.68511,460810310.0,-0.042904364,0,1
181.0,135.0,2,638.80965,624.36438,1243.0568,-604.24711,464.48511,562834980.0,-0.042153182,0,1
181.0,135.25,2,651.73862,635.8052,1268.1537,-616.41507,465.28511,687448190.0,-0.041394668,0,1
181.0,135.5,2,665.35045,647.81854,1294.5758,-629.22539,466.08511,839651120.0,-0.040627033,0,1
181.0,135.75,2,679.70089,660.44962,1322.4305,-642.72966,466.88511,1025552200.0,-0.039850042,0,1
181.0,136.0,2,694.85187,673.74724,1351.8402,-656.9883,467.68511,1252612300.0,-0.03906353,0,1
181.0,136.25,2,710.87247,687.76548,1382.9369,-672.06441,468.48511,1529944100.0,-0.038267325,0,1
181.0,136.5,2,727.83994,702.56445,1415.8788,-688.03883,469.48511,1964487100.0,-0.037461254,0,1
181.0,136.75,2,745.84093,718.21113,1450.8225,-704.98161,470.48511,2522451400.0,-0.036645137,0,1
181.0,137.0,2,764.973,734.78037,1487.9633,-722.99034,471.28511,3080929100.0,-0.035818792,0,1
181.0,137.25,2,785.34637,752.35612,1527.5169,-742.17057,472.28511,3955991200.0,-0.034982031,0,1
181.0,137.5,2,807.08608,771.03283,1569.7192,-762.63315,473.28511,5079593300.0,-0.034134662,0,1
181.0,137.75,2,830.3345,790.91714,1614.8619,-784.52744,474.48511,6856733700.0,-0.033276489,0,1
181.0,138.0,2,855.25452,812.12992,1663.2579,-808.00338,475.48511,8804220400.0,-0.032407309,0,1
181.25,112.0,3,275.65925,275.78982,536.01456,-260.35532,430.29063,109084.41,-0.095431171,0,1
181.25,112.25,3,276.90599,277.03695,538.45377,-261.54779,430.49063,114677.29,-0.09500157,0,1
181.25,112.5,3,278.16989,278.30111,540.92667,-262.75678,430.69063,120556.92,-0.094570031,0,1
181.25,112.75,3,279.45136,279.58303,543.4338,-263.98245,430.89063,126738.01,-0.094136418,0,1
181.25,113.0,3,280.75073,280.88262,545.97603,-265.22531,431.09063,133236.0,-0.093700867,0,1
181.25,113.25,3,282.06841,282.20076,548.55394,-266.48552,431.29063,140067.16,-0.093263196,0,1
181.25,113.5,3,283.4048,283.5374,551.16865,-267.76385,431.49063,147248.56,-0.092823539,0,1
181.25,113.75,3,284.7603,284.89328,553.82013,-269.05983,431.49063,147248.56,-0.092381769,0,1
181.25,114.0,3,286.13534,286.26872,556.51069,-270.37535,431.69063,154798.15,-0.0919379,0,1
181.25,114.25,3,287.53034,287.66401,559.23922,-271.70887,431.89063,162734.82,-0.091491963,0,1
181.25,114.5,3,288.94578,289.07991,562.00867,-273.06289,432.09063,171078.41,-0.091043841,0,1
181.25,114.75,3,290.38208,290.51654,564.81841,-274.43633,432.29063,179849.79,-0.090593619,0,1
181.25,115.0,3,291.83976,291.97456,567.66984,-275.83007,432.49063,189070.89,-0.090141228,0,1
181.25,115.25,3,293.31929,293.45457,570.56428,-277.24499,432.89063,208955.65,-0.089686607,0,1
181.25,115.5,3,294.82117,294.9568,573.50176,-278.68059,433.09063,219669.03,-0.08922983,0,1
181.25,115.75,3,296.34595,296.48191,576.48477,-280.13882,433.29063,230931.7,-0.088770828,0,1
181.25,116.0,3,297.89415,298.03057,579.51332,-281.61917,433.49063,242771.83,-0.088309547,0,1
181.25,116.25,3,299.46633,299.60323,582.5881,-283.12177,433.69063,255219.0,-0.087846,0,1
181.25,116.5,3,301.06308,301.20028,585.71178,-284.6487,433.89063,268304.36,-0.087380214,0,1
181.25,116.75,3,302.68498,302.82259,588.88427,-286.1993,434.09063,282060.62,-0.086912094,0,1
181.25,117.0,3,304.33264,304.47074,592.10637,-287.77373,434.29063,296522.18,-0.086441622,0,1
181.25,117.25,3,306.00674,306.14535,595.38094,-289.37421,434.49063,311725.2,-0.085968788,0,1
181.25,117.5,3,307.70789,307.84684,598.70833,-291.00043,434.69063,327707.69,-0.085493634,0,1
181.25,117.75,3,309.43679,309.57614,602.08991,-292.65311,434.89063,344509.62,-0.085016065,0,1
181.25,118.0,3,311.19415,311.33394,605.52629,-294.33215,435.29063,380742.01,-0.084536061,0,1
181.25,118.25,3,312.98069,313.12097,609.02036,-296.03967,435.49063,400263.07,-0.084053602,0,1
181.25,118.5,3,314.79718,314.93796,612.57314,-297.77596,435.69063,420785.0,-0.083568665,0,1
181.25,118.75,3,316.64439,316.7857,616.1856,-299.54122,435.89063,442359.11,-0.083081229,0,1
181.25,119.0,3,318.52312,318.66485,619.85966,-301.33654,436.09063,465039.34,-0.082591302,0,1
181.25,119.25,3,320.43423,320.57638,623.59661,-303.16238,436.49063,513947.96,-0.082098828,0,1
181.25,119.5,3,322.37858,322.52117,627.39815,-305.01957,436.69063,540298.64,-0.081603775,0,1
181.25,119.75,3,324.35709,324.50012,631.26721,-306.91012,436.89063,568000.34,-0.081106118,0,1
181.25,120.0,3,326.37068,326.51416,635.20448,-308.8338,437.29063,627737.46,-0.080605831,0,1
181.25,120.25,3,328.42033,328.56426,639.21203,-310.7917,437.49063,659922.24,-0.080102886,0,1
181.25,120.5,3,330.50705,330.65142,643.2922,-312.78515,437.69063,693757.18,-0.079597255,0,1
181.25,120.75,3,332.6319,332.77669,647.44657,-314.81467,438.09063,766720.26,-0.079088909,0,1
181.25,121.0,3,334.79596,334.94116,651.67732,-316.88137,438.29063,806030.85,-0.078577817,0,1
181.25,121.25,3,337.00037,337.14596,655.987,-318.98662,438.49063,847356.93,-0.07806395,0,1
181.25,121.5,3,339.24633,339.39226,660.37754,-321.13122,438.89063,936474.24,-0.077547274,0,1
181.25,121.75,3,341.53506,341.68131,664.8514,-323.31635,439.09063,984488.3,-0.077027758,0,1
181.25,122.0,3,343.86785,344.01436,669.41134,-325.54349,439.49063,1088027.8,-0.076505367,0,1
181.25,122.25,3,346.24605,346.39265,674.0597,-327.81366,439.69063,1143812.2,-0.07598009,0,1
181.25,122.5,3,348.67106,348.81758,678.7991,-330.12804,439.89063,1202456.7,-0.075451889,0,1
181.25,122.75,3,351.14436,351.29065,683.63287,-332.48852,440.29063,1328920.2,-0.07492071,0,1
181.25,123.0,3,353.66748,353.81338,688.56337,-334.8959,440.49063,1397055.4,-0.074386516,0,1
181.25,123.25,3,356.24204,356.38735,693.59406,-337.35202,440.89063,1543985.0,-0.073849268,0,1
181.25,123.5,3,358.86974,359.0142,698.72793,-339.85819,441.29063,1706367.3,-0.073308926,0,1
181.25,123.75,3,361.55237,361.69533,703.9688,-342.41643,441.49063,1793854.6,-0.072765511,0,1
181.25,124.0,3,364.29182,364.43276,709.31984,-345.02801,441.89063,1982516.0,-0.072218933,0,1
181.25,124.25,3,367.09009,367.22843,714.78504,-347.69495,442.09063,2084161.7,-0.071669138,0,1
181.25,124.5,3,369.94929,370.08424,720.36864,-350.41935,442.49063,2303355.0,-0.071116093,0,1
181.25,124.75,3,372.87166,373.00185,726.07439,-353.20273,442.89063,2545600.9,-0.070559824,0,1
181.25,125.0,3,375.85957,375.98384,731.90718,-356.0476,443.09063,2676116.7,-0.070000203,0,1
181.25,125.25,3,378.91557,379.03233,737.87149,-358.95591,443.49063,2957566.3,-0.069437204,0,1
181.25,125.5,3,382.04234,382.1493,743.97271,-361.93037,443.89063,3268616.3,-0.068870845,0,1
181.25,125.75,3,385.24275,385.33768,750.21479,-364.97204,444.29063,3612379.6,-0.06830099,0,1
181.25,126.0,3,388.51983,388.59959,756.60682,-368.08699,444.49063,3797590.3,-0.06772767,0,1
181.25,126.25,3,391.87679,391.93799,763.15241,-371.27561,444.89063,4196986.4,-0.067150788,0,1
181.25,126.5,3,395.31707,395.35556,769.85785,-374.54079,445.29063,4638387.3,-0.066570316,0,1
181.25,126.75,3,398.84424,398.85527,776.73224,-377.888,445.69063,5126210.7,-0.065986203,0,1
181.25,127.0,3,402.46216,402.44023,783.78076,-381.31859,446.09063,5665339.0,-0.065398395,0,1
181.25,127.25,3,406.17482,406.11373,791.01178,-384.83696,446.49063,6261167.9,-0.064806834,0,1
181.25,127.5,3,409.98647,409.87904,798.43405,-388.44758,446.89063,6919660.7,-0.064211492,0,1
181.25,127.75,3,413.90159,413.74019,806.05772,-392.15613,447.29063,7647407.8,-0.063612252,0,1
181.25,128.0,3,417.92491,417.70028,813.88943,-395.96452,447.69063,8451692.7,-0.063009163,0,1
181.25,128.25,3,422.06139,421.76397,821.93975,-399.87837,448.09063,9340564.9,-0.06240207,0,1
181.25,128.5,3,426.31629,425.93537,830.21766,-403.90137,448.49063,10322921.0,-0.061790935,0,1
181.25,128.75,3,430.69518,430.21856,838.73738,-408.0422,448.89063,11408592.0,-0.061175754,0,1
181.25,129.0,3,435.20391,434.61871,847.50825,-412.30434,449.49063,13254893.0,-0.060556401,0,1
181.25,129.25,3,439.84871,439.1408,856.54285,-416.69414,449.89063,14648922.0,-0.059932817,0,1
181.25,129.5,3,444.63617,443.78994,865.853,-421.21683,450.29063,16189562.0,-0.05930496,0,1
181.25,129.75,3,449.5733,448.57165,875.45207,-425.87877,450.89063,18809588.0,-0.058672778,0,1
181.25,130.0,2,454.66753,453.49212,885.35719,-430.68966,451.29063,20787810.0,-0.058036169,0,1
181.25,130.25,2,459.92676,458.55763,895.57978,-435.65302,451.69063,22974083.0,-0.057395065,0,1
181.25,130.5,2,465.35944,463.77489,906.14107,-440.78163,452.29063,26692076.0,-0.056749397,0,1
181.25,130.75,2,470.97452,469.15101,917.05289,-446.07837,452.69063,29499306.0,-0.05609909,0,1
181.25,131.0,2,476.78165,474.6936,928.34022,-451.55857,453.29063,34273304.0,-0.05544407,0,1
181.25,131.25,2,482.79105,480.41074,940.01701,-457.22596,453.69063,37877859.0,-0.054784256,0,1
181.25,131.5,2,489.01373,486.31107,952.1096,-463.09587,454.29063,44007793.0,-0.054119569,0,1
181.25,131.75,2,495.46147,492.40381,964.63622,-469.17475,454.89063,51129761.0,-0.053449922,0,1
181.25,132.0,2,502.14691,498.69885,977.62472,-475.47781,455.49063,59404307.0,-0.052775227,0,1
181.25,132.25,2,509.08368,505.20675,991.10109,-482.01742,455.89063,65651913.0,-0.052095395,0,1
181.25,132.5,2,516.28638,511.93885,1005.0913,-488.80494,456.49063,76276640.0,-0.05141033,0,1
181.25,132.75,2,523.77081,518.90731,1019.6279,-495.85711,457.09063,88620813.0,-0.050719935,0,1
181.25,133.0,2,531.55405,526.12523,1034.7473,-503.19326,457.69063,102962690.0,-0.050024108,0,1
181.25,133.25,2,539.6545,533.60619,1050.479,-510.82453,458.29063,119625580.0,-0.049322788,0,1
181.25,133.5,2,548.09215,541.36568,1066.8642,-518.77205,459.09063,146111020.0,-0.048615836,0,1
181.25,133.75,2,556.88867,549.42014,1083.9448,-527.05609,459.69063,169756780.0,-0.047903132,0,1
181.25,134.0,2,566.06765,557.78697,1101.7722,-535.70457,460.29063,197229250.0,-0.047184582,0,1
181.25,134.25,2,575.65473,566.48495,1120.3867,-544.73201,460.89063,229147690.0,-0.046460096,0,1
181.25,134.5,2,585.6779,575.53537,1139.848,-554.1701,461.69063,279881620.0,-0.0457295,0,1
181.25,134.75,2,596.16778,584.95992,1160.2143,-564.0465,462.29063,325176050.0,-0.044992732,0,1
181.25,135.0,2,607.15789,594.78353,1181.5506,-574.39268,463.09063,397170930.0,-0.04424962,0,1
181.25,135.25,2,618.68507,605.03236,1203.9329,-585.24788,463.89063,485105670.0,-0.043500062,0,1
181.25,135.5,2,630.78982,615.74351,1227.4325,-596.64265,464.69063,592509400.0,-0.042743357,0,1
181.25,135.75,2,643.51681,626.97599,1252.1393,-608.62248,465.49063,723692610.0,-0.041977597,0,1
181.25,136.0,2,656.91544,638.77073,1278.1509,-621.2355,466.29063,883920150.0,-0.04120249,0,1
181.25,136.25,2,671.04045,651.17097,1305.5709,-634.53043,467.09063,1079622500.0,-0.040417872,0,1
181.25,136.5,2,685.95273,664.22446,1334.5192,-648.56648,467.89063,1318653900.0,-0.039623571,0,1
181.25,136.75,2,701.72013,677.98411,1365.1299,-663.40974,468.69063,1610607500.0,-0.038819413,0,1
181.25,137.0,2,718.41851,692.50872,1397.5477,-679.1292,469.69063,2068061000.0,-0.038005218,0,1
181.25,137.25,2,736.13301,707.86378,1431.9393,-695.80632,470.49063,2525935400.0,-0.037180805,0,1
181.25,137.5,2,754.95943,724.12249,1468.4913,-713.53186,471.49063,3243365300.0,-0.036345985,0,1
181.25,137.75,2,775.006,741.36691,1507.4156,-732.40955,472.49063,4164563500.0,-0.035500566,0,1
181.25,138.0,2,796.39549,759.68936,1548.9508,-752.55533,473.49063,5347405300.0,-0.034644351,0,1
181.5,112.0,3,270.77382,270.90377,526.46395,-255.69013,430.09614,103907.43,-0.097152375,0,1
181.5,112.25,3,271.97041,272.10052,528.80586,-256.83544,430.29614,109234.87,-0.096725081,0,1
181.5,112.5,3,273.1832,273.31377,531.17834,-257.99514,430.29614,109234.87,-0.096295717,0,1
181.5,112.75,3,274.41254,274.54329,533.58434,-259.1718,430.49614,114835.47,-0.095864462,0,1
181.5,113.0,3,275.65876,275.78994,536.02221,-260.36345,430.69614,120723.21,-0.095431128,0,1
181.5,113.25,3,276.92224,277.05367,538.49482,-261.57258,430.89614,126912.82,-0.094995837,0,1
181.5,113.5,3,278.20333,278.33513,541.00078,-262.79746,431.09614,133419.78,-0.094558475,0,1
181.5,113.75,3,279.50242,279.63457,543.54314,-264.04072,431.29614,140260.36,-0.094119067,0,1
181.5,114.0,3,280.81989,280.95234,546.12041,-265.30051,431.49614,147451.66,-0.093677614,0,1
181.5,114.25,3,282.15617,282.28911,548.73519,-266.57901,431.69614,155011.67,-0.093234007,0,1
181.5,114.5,3,283.51164,283.6448,551.387,-267.87535,431.89614,162959.28,-0.092788394,0,1
181.5,114.75,3,284.88676,285.02029,554.07709,-269.19033,432.09614,171314.38,-0.0923406,0,1
181.5,115.0,3,286.28194,286.4159,556.80704,-270.5251,432.29614,180097.86,-0.091890656,0,1
181.5,115.25,3,287.69764,287.83188,559.57607,-271.87843,432.49614,189331.68,-0.091438604,0,1
181.5,115.5,3,289.13435,289.269,562.38722,-273.25287,432.69614,199038.92,-0.090984325,0,1
181.5,115.75,3,290.59253,290.72762,565.23997,-274.64744,432.89614,209243.86,-0.090527846,0,1
181.5,116.0,3,292.07268,292.20806,568.1351,-276.06242,433.09614,219972.02,-0.090069196,0,1
181.5,116.25,3,293.57533,293.71111,571.07502,-277.49969,433.29614,231250.23,-0.089608272,0,1
181.5,116.5,3,295.10099,295.23729,574.05959,-278.9586,433.49614,243106.68,-0.089145057,0,1
181.5,116.75,3,296.65022,296.78683,577.08958,-280.43936,433.69614,255571.03,-0.088679626,0,1
181.5,117.0,3,298.22359,298.36055,580.16769,-281.9441,433.89614,268674.44,-0.088211879,0,1
181.5,117.25,3,299.82167,299.95908,583.2937,-283.47203,434.09614,282449.67,-0.087741786,0,1
181.5,117.5,3,301.44508,301.58299,586.46857,-285.0235,434.49614,312155.16,-0.087269328,0,1
181.5,117.75,3,303.09444,303.23274,589.69513,-286.60069,434.69614,328159.7,-0.086794538,0,1
181.5,118.0,3,304.77038,304.90904,592.97344,-288.20305,434.89614,344984.81,-0.086317366,0,1
181.5,118.25,3,306.47358,306.61265,596.30473,-289.83114,435.09614,362672.55,-0.085837765,0,1
181.5,118.5,3,308.20473,308.34426,599.69023,-291.4855,435.29614,381267.17,-0.085355715,0,1
181.5,118.75,3,309.96456,310.10457,603.13216,-293.1676,435.49614,400815.16,-0.084871194,0,1
181.5,119.0,3,311.7538,311.8943,606.63166,-294.87787,435.89614,442969.26,-0.08438418,0,1
181.5,119.25,3,313.5732,313.71418,610.19011,-296.61691,436.09614,465680.78,-0.083894662,0,1
181.5,119.5,3,315.42357,315.56495,613.80887,-298.38531,436.29614,489556.74,-0.083402626,0,1
181.5,119.75,3,317.30573,317.44752,617.4896,-300.18387,436.49614,514656.85,-0.082908019,0,1
181.5,120.0,3,319.22054,319.36276,621.23388,-302.01334,436.89614,568783.79,-0.082410815,0,1
181.5,120.25,3,321.16888,321.31153,625.04359,-303.87471,437.09614,597945.96,-0.081910989,0,1
181.5,120.5,3,323.15168,323.29475,628.92097,-305.76929,437.29614,628603.3,-0.081408514,0,1
181.5,120.75,3,325.16988,325.31337,632.86735,-307.69747,437.49614,660832.48,-0.080903361,0,1
181.5,121.0,3,327.22448,327.36838,636.88471,-309.66023,437.89614,730332.84,-0.080395501,0,1
181.5,121.25,3,329.31651,329.4608,640.97525,-311.65874,438.09614,767777.8,-0.079884905,0,1
181.5,121.5,3,331.44704,331.59171,645.14088,-313.69384,438.29614,807142.61,-0.079371542,0,1
181.5,121.75,3,333.6172,333.7622,649.38372,-315.76652,438.69614,892030.54,-0.078855381,0,1
181.5,122.0,3,335.82813,335.97343,653.70593,-317.8778,438.89614,937765.93,-0.078336389,0,1
181.5,122.25,3,338.08106,338.22661,658.11022,-320.02916,439.29614,1036391.6,-0.077814532,0,1
181.5,122.5,3,340.37725,340.52289,662.59868,-322.22144,439.49614,1089528.6,-0.077289797,0,1
181.5,122.75,3,342.71802,342.86358,667.17395,-324.45593,439.89614,1204115.3,-0.076762149,0,1
181.5,123.0,3,345.10476,345.2501,671.8389,-326.73414,440.09614,1265851.6,-0.076231535,0,1
181.5,123.25,3,347.53891,347.68387,676.59612,-329.05721,440.49614,1398982.4,-0.075697918,0,1
181.5,123.5,3,350.022,350.16637,681.44864,-331.42665,440.69614,1470709.7,-0.075161258,0,1
181.5,123.75,3,352.55561,352.69915,686.39941,-333.8438,441.09614,1625385.6,-0.074621515,0,1
181.5,124.0,3,355.14143,355.28357,691.45145,-336.31001,441.29614,1708720.9,-0.074078699,0,1
181.5,124.25,3,357.78124,357.92143,696.6085,-338.82726,441.69614,1888428.7,-0.073532746,0,1
181.5,124.5,3,360.4769,360.61457,701.87394,-341.39704,441.89614,1985250.5,-0.072983588,0,1
181.5,124.75,3,363.23039,363.36485,707.25156,-344.02117,442.29614,2194041.1,-0.072431181,0,1
181.5,125.0,3,366.04383,366.17373,712.7454,-346.70158,442.69614,2424790.4,-0.071875569,0,1
181.5,125.25,3,368.91943,369.04361,718.35946,-349.44003,442.89614,2549112.1,-0.071316626,0,1
181.5,125.5,3,371.85957,371.97663,724.09857,-352.239,443.29614,2817204.5,-0.070754297,0,1
181.5,125.75,3,374.86678,374.97441,729.96702,-355.10024,443.69614,3113492.5,-0.070188643,0,1
181.5,126.0,3,377.94372,378.0398,735.97041,-358.02669,444.09614,3440941.4,-0.069619509,0,1
181.5,126.25,3,381.09325,381.1749,742.11289,-361.01963,444.29614,3617362.2,-0.069046899,0,1
181.5,126.5,3,384.31839,384.3822,748.4024,-364.08402,444.69614,3997803.5,-0.06847077,0,1
181.5,126.75,3,387.62231,387.6645,754.84241,-367.2201,445.09614,4418256.2,-0.067891037,0,1
181.5,127.0,3,391.00842,391.02422,761.44261,-370.43419,445.49614,4882928.3,-0.06730771,0,1
181.5,127.25,3,394.48026,394.46463,768.20706,-373.7268,445.89614,5396470.3,-0.066720671,0,1
181.5,127.5,3,398.04159,397.98839,775.14416,-377.10257,446.29614,5964022.1,-0.066129932,0,1
181.5,127.75,3,401.6964,401.59895,782.26311,-380.56671,446.69614,6591263.7,-0.065535393,0,1
181.5,128.0,3,405.44885,405.2996,789.56952,-384.12068,447.09614,7284473.0,-0.064937011,0,1
181.5,128.25,3,409.30334,409.09369,797.07325,-387.76991,447.49614,8050587.7,-0.064334761,0,1
181.5,128.5,3,413.2645,412.98532,804.7831,-391.5186,447.89614,8897275.4,-0.063728525,0,1
181.5,128.75,3,417.33724,416.97799,812.70872,-395.37149,448.29614,9833010.0,-0.063118308,0,1
181.5,129.0,3,421.5267,421.07602,820.85985,-399.33315,448.69614,10867157.0,-0.062504023,0,1
181.5,129.25,3,425.83838,425.28393,829.24669,-403.40831,449.09614,12010066.0,-0.061885585,0,1
181.5,129.5,3,430.27801,429.60624,837.88305,-407.60504,449.49614,13273175.0,-0.061262949,0,1
181.5,129.75,3,434.85172,434.04755,846.77848,-411.92676,450.09614,15421229.0,-0.060636088,0,1
181.5,130.0,3,439.56598,438.61336,855.94436,-416.37838,450.49614,17043094.0,-0.060004886,0,1
181.5,130.25,3,444.42769,443.30914,865.39827,-420.97058,450.89614,18835532.0,-0.059369281,0,1
181.5,130.5,3,449.44413,448.14067,875.15139,-425.70726,451.49614,21883766.0,-0.058729205,0,1
181.5,130.75,2,454.6231,453.11409,885.21817,-430.59506,451.89614,24185302.0,-0.058084588,0,1
181.5,131.0,2,459.97287,458.23594,895.6176,-435.64473,452.29614,26728892.0,-0.057435358,0,1
181.5,131.25,2,465.5023,463.51314,906.36377,-440.86147,452.89614,31054543.0,-0.056781444,0,1
181.5,131.5,2,471.22079,468.9531,917.47805,-446.25726,453.49614,36080231.0,-0.056122765,0,1
181.5,131.75,2,477.13847,474.56381,928.97686,-451.83838,453.89614,39874822.0,-0.055459234,0,1
181.5,132.0,2,483.26612,480.35366,940.88133,-457.61521,454.49614,46327934.0,-0.054790767,0,1
181.5,132.25,2,489.61535,486.33155,953.21952,-463.60416,455.09614,53825380.0,-0.054117289,0,1
181.5,132.5,2,496.19859,492.50718,966.00869,-469.81011,455.49614,59486244.0,-0.053438704,0,1
181.5,132.75,2,503.02918,498.89084,979.27704,-476.24785,456.09614,69113155.0,-0.052754917,0,1
181.5,133.0,2,510.12159,505.49359,993.05692,-482.93533,456.69614,80298031.0,-0.052065834,0,1
181.5,133.25,2,517.49128,512.32728,1007.371,-489.87969,457.29614,93293002.0,-0.051371352,0,1
181.5,133.5,2,525.15504,519.40466,1022.2549,-497.09989,457.89614,108391000.0,-0.050671368,0,1
181.5,133.75,2,533.13099,526.73908,1037.7477,-504.61674,458.49614,125932380.0,-0.049965811,0,1
181.5,134.0,2,541.4388,534.34535,1053.8825,-512.44374,459.09614,146312550.0,-0.04925456,0,1
181.5,134.25,2,550.09975,542.23965,1070.7012,-520.60145,459.89614,178706550.0,-0.048537478,0,1
181.5,134.5,2,559.13702,550.43882,1088.2495,-529.11246,460.49614,207627390.0,-0.047814479,0,1
181.5,134.75,2,568.57582,558.96125,1106.5774,-538.00159,461.09614,241228620.0,-0.047085455,0,1
181.5,135.0,2,578.44371,567.82764,1125.7407,-547.29701,461.89614,294637300.0,-0.046350236,0,1
181.5,135.25,2,588.77077,577.05876,1145.7922,-557.02138,462.49614,342319700.0,-0.045608778,0,1
181.5,135.5,2,599.58995,586.67943,1166.7986,-567.20865,463.29614,418110230.0,-0.044860862,0,1
181.5,135.75,2,610.93744,596.72,1188.8296,-577.89221,464.09614,510680980.0,-0.044106022,0,1
181.5,136.0,2,622.85303,607.23595,1211.9638,-589.11072,464.69614,593326650.0,-0.043342205,0,1
181.5,136.25,2,635.38065,618.26475,1236.2854,-600.90475,465.49614,724690810.0,-0.042569053,0,1
181.5,136.5,2,648.56883,629.84475,1261.8883,-613.31945,466.29614,885139350.0,-0.0417864,0,1
181.5,136.75,2,662.47137,642.01826,1288.8796,-626.40827,467.29614,1136541400.0,-0.040994076,0,1
181.5,137.0,2,677.14809,654.832,1317.3738,-640.22573,468.09614,1388174800.0,-0.040191904,0,1
181.5,137.25,2,692.66563,668.33775,1347.5009,-654.83522,468.89614,1695520600.0,-0.039379708,0,1
181.5,137.5,2,709.09854,682.59301,1379.407,-670.30843,469.89614,2177091500.0,-0.038557302,0,1
181.5,137.75,2,726.53041,697.66185,1413.2529,-686.72254,470.69614,2659105600.0,-0.037724501,0,1
181.5,138.0,2,745.05533,713.61585,1449.2246,-704.16922,471.69614,3414359100.0,-0.036881111,0,1
181.75,112.0,3,266.0336,266.1627,517.19743,-251.16383,429.70165,94148.831,-0.098882922,0,1
181.75,112.25,3,267.18255,267.312,519.44609,-252.26354,429.90165,98975.945,-0.098457776,0,1
181.75,112.5,3,268.3468,268.47651,521.72409,-253.37728,430.10165,104050.55,-0.098030718,0,1
181.75,112.75,3,269.52667,269.65672,524.03305,-254.50638,430.30165,109385.34,-0.097601665,0,1
181.75,113.0,3,270.72246,270.8528,526.37273,-255.65027,430.50165,114993.64,-0.097170658,0,1
181.75,113.25,3,271.93452,272.06519,528.74469,-256.81016,430.70165,120889.49,-0.096737642,0,1
181.75,113.5,3,273.1632,273.29421,531.14862,-257.98542,430.90165,127087.63,-0.096302609,0,1
181.75,113.75,3,274.40882,274.54011,533.58612,-259.17729,431.10165,133603.55,-0.095865572,0,1
181.75,114.0,3,275.67177,275.80351,536.05709,-260.38531,431.30165,140453.55,-0.095426434,0,1
181.75,114.25,3,276.95241,277.08436,538.56308,-261.61066,431.50165,147654.76,-0.094985314,0,1
181.75,114.5,3,278.25113,278.3835,541.10371,-262.85258,431.70165,155225.18,-0.094542044,0,1
181.75,114.75,3,279.56832,279.70099,543.68134,-264.11302,431.90165,163183.75,-0.094096719,0,1
181.75,115.0,3,280.90438,281.03737,546.29482,-265.39044,432.10165,171550.35,-0.093649271,0,1
181.75,115.25,3,282.25975,282.39323,548.9472,-266.68746,432.10165,171550.35,-0.093199633,0,1
181.75,115.5,3,283.63483,283.76854,551.63766,-268.00283,432.30165,180345.93,-0.092747931,0,1
181.75,115.75,3,285.0301,285.16417,554.36704,-269.33694,432.70165,199313.08,-0.092294012,0,1
181.75,116.0,3,286.446,286.58057,557.13751,-270.69152,432.90165,209532.08,-0.091837857,0,1
181.75,116.25,3,287.88299,288.01781,559.94884,-272.06585,433.10165,220275.02,-0.091379574,0,1
181.75,116.5,3,289.34159,289.47676,562.80224,-273.46066,433.30165,231568.76,-0.090919025,0,1
181.75,116.75,3,290.82228,290.95792,565.69917,-274.87688,433.50165,243441.54,-0.090456189,0,1
181.75,117.0,3,292.32559,292.46162,568.64001,-276.31443,433.70165,255923.06,-0.089991108,0,1
181.75,117.25,3,293.85206,293.9884,571.62597,-277.77391,433.90165,269044.51,-0.089523753,0,1
181.75,117.5,3,295.40224,295.53898,574.65874,-279.2565,434.10165,282838.72,-0.089054056,0,1
181.75,117.75,3,296.9767,297.11391,577.73873,-280.76203,434.30165,297340.17,-0.088582001,0,1
181.75,118.0,3,298.57603,298.7137,580.86667,-282.29064,434.50165,312585.13,-0.088107592,0,1
181.75,118.25,3,300.20086,300.33885,584.04533,-283.84447,434.70165,328611.71,-0.087630837,0,1
181.75,118.5,3,301.8518,301.99018,587.27493,-285.42313,434.90165,345459.99,-0.087151659,0,1
181.75,118.75,3,303.52952,303.66832,590.55656,-287.02704,435.30165,381792.34,-0.086670038,0,1
181.75,119.0,3,305.23469,305.37395,593.89151,-288.65682,435.50165,401367.25,-0.086185952,0,1
181.75,119.25,3,306.96802,307.10776,597.28175,-290.31374,435.70165,421945.79,-0.08569938,0,1
181.75,119.5,3,308.73023,308.87047,600.72864,-291.99841,435.90165,443579.41,-0.0852103,0,1
181.75,119.75,3,310.52207,310.66269,604.23331,-293.71124,436.10165,466322.21,-0.084718719,0,1
181.75,120.0,3,312.34431,312.48533,607.79726,-295.45295,436.50165,515365.75,-0.084224578,0,1
181.75,120.25,3,314.19777,314.3392,611.4221,-297.22433,436.70165,541789.11,-0.083727849,0,1
181.75,120.5,3,316.08329,316.22513,615.1096,-299.0263,436.90165,569567.24,-0.083228506,0,1
181.75,120.75,3,318.00173,318.14398,618.8607,-300.85897,437.10165,598769.57,-0.082726521,0,1
181.75,121.0,3,319.95401,320.09666,622.67853,-302.72453,437.50165,661742.72,-0.082221868,0,1
181.75,121.25,3,321.94104,322.08408,626.56429,-304.62325,437.70165,695670.99,-0.081714516,0,1
181.75,121.5,3,323.9638,324.10722,630.51971,-306.5559,437.90165,731338.81,-0.081204438,0,1
181.75,121.75,3,326.02332,326.16709,634.54683,-308.52351,438.30165,808254.38,-0.080691602,0,1
181.75,122.0,3,328.12063,328.26472,638.64766,-310.52704,438.50165,849694.47,-0.080175978,0,1
181.75,122.25,3,330.25683,330.40121,642.82418,-312.56735,438.70165,893259.24,-0.079657532,0,1
181.75,122.5,3,332.43307,332.57769,647.0789,-314.64582,439.10165,987204.13,-0.079136232,0,1
181.75,122.75,3,334.65054,334.79527,651.41401,-316.76347,439.30165,1037819.2,-0.078612057,0,1
181.75,123.0,3,336.91048,337.05513,655.83188,-318.9214,439.70165,1146967.6,-0.078084986,0,1
181.75,123.25,3,339.21419,339.35862,660.3349,-321.12071,439.90165,1205773.8,-0.077554962,0,1
181.75,123.5,3,341.56304,341.7071,664.92585,-323.36281,440.30165,1332586.2,-0.077021944,0,1
181.75,123.75,3,343.95845,344.10193,669.60739,-325.64894,440.50165,1400909.3,-0.076485897,0,1
181.75,124.0,3,346.40192,346.54459,674.38249,-327.98057,440.90165,1548244.3,-0.075946779,0,1
181.75,124.25,3,348.89503,349.03642,679.25409,-330.35905,441.10165,1627624.4,-0.075404581,0,1
181.75,124.5,3,351.43945,351.57894,684.22539,-332.78594,441.50165,1798803.2,-0.074859277,0,1
181.75,124.75,3,354.03692,354.17398,689.29972,-335.2628,441.70165,1891029.8,-0.074310781,0,1
181.75,125.0,3,356.68932,356.82326,694.48037,-337.79105,442.10165,2089911.2,-0.073759051,0,1
181.75,125.25,3,359.39861,359.52828,699.77142,-340.37281,442.50165,2309709.0,-0.073204103,0,1
181.75,125.5,3,362.16688,362.29103,705.1767,-343.00983,442.70165,2428130.4,-0.072645864,0,1
181.75,125.75,3,364.99636,365.11365,710.70043,-345.70407,443.10165,2683499.0,-0.072084254,0,1
181.75,126.0,3,367.88941,367.99778,716.34702,-348.45761,443.50165,2965725.1,-0.071519304,0,1
181.75,126.25,3,370.84853,370.9458,722.12094,-351.2724,443.70165,3117781.1,-0.070950919,0,1
181.75,126.5,3,373.87641,373.95999,728.02651,-354.15011,444.10165,3445681.0,-0.07037904,0,1
181.75,126.75,3,376.97586,377.04231,734.0718,-357.09595,444.50165,3808066.4,-0.069803692,0,1
181.75,127.0,3,380.14986,380.19575,740.25915,-360.10929,444.90165,4208564.3,-0.069224721,0,1
181.75,127.25,3,383.4016,383.42218,746.59832,-363.19671,445.30165,4651182.8,-0.068642207,0,1
181.75,127.5,3,386.7344,386.72504,753.09245,-366.35805,445.50165,4889654.1,-0.068055962,0,1
181.75,127.75,3,390.15178,390.10638,759.7507,-369.59893,445.90165,5403903.5,-0.067466072,0,1
181.75,128.0,3,393.65745,393.56986,766.57878,-372.92133,446.30165,5972237.0,-0.066872359,0,1
181.75,128.25,3,397.2553,397.11804,773.58458,-376.32928,446.70165,6600342.6,-0.066274867,0,1
181.75,128.5,3,400.94945,400.75454,780.77699,-379.82754,447.10165,7294506.7,-0.065673479,0,1
181.75,128.75,3,404.74421,404.48281,788.16331,-383.4191,447.50165,8061676.7,-0.065068142,0,1
181.75,129.0,3,408.64415,408.30611,795.75333,-387.10918,447.90165,8909530.6,-0.064458857,0,1
181.75,129.25,3,412.65407,412.22871,803.55604,-390.90197,448.50165,10351398.0,-0.063845493,0,1
181.75,129.5,3,416.77904,416.25461,811.58118,-394.80213,448.90165,11440064.0,-0.063227996,0,1
181.75,129.75,3,421.02445,420.38761,819.83843,-398.81398,449.30165,12643226.0,-0.062606376,0,1
181.75,130.0,3,425.39595,424.63267,828.34147,-402.94553,449.70165,13972925.0,-0.0619805,0,1
181.75,130.25,3,429.89953,428.99452,837.10021,-407.20068,450.10165,15442471.0,-0.061350306,0,1
181.75,130.5,3,434.54159,433.47819,846.1255,-411.58392,450.70165,17941591.0,-0.060715731,0,1
181.75,130.75,3,439.32887,438.08897,855.43404,-416.10517,451.10165,19828525.0,-0.060076712,0,1
181.75,131.0,3,444.26855,442.83235,865.03572,-420.76716,451.50165,21913909.0,-0.059433204,0,1
181.75,131.25,3,449.36831,447.71456,874.95057,-425.58225,452.10165,25460330.0,-0.0587851,0,1
181.75,131.5,2,454.63626,452.74198,885.18805,-430.55179,452.50165,28138016.0,-0.058132328,0,1
181.75,131.75,2,460.08112,457.92139,895.77182,-435.69071,453.10165,32691711.0,-0.05747481,0,1
181.75,132.0,2,465.71213,463.26003,906.71371,-441.00158,453.50165,36129928.0,-0.056812466,0,1
181.75,132.25,2,471.53925,468.7656,918.03886,-446.49961,454.10165,41976988.0,-0.056145215,0,1
181.75,132.5,2,477.57309,474.4463,929.76232,-452.18923,454.70165,48770302.0,-0.055472969,0,1
181.75,132.75,2,483.82503,480.31094,941.90785,-458.08282,455.10165,53899519.0,-0.05479564,0,1
181.75,133.0,2,490.30735,486.36888,954.50324,-464.19589,455.70165,62622307.0,-0.054113136,0,1
181.75,133.25,2,497.03316,492.62986,967.56886,-470.53569,456.30165,72756741.0,-0.053425396,0,1
181.75,133.5,2,504.01662,499.10489,981.13339,-477.11677,456.90165,84531273.0,-0.052732292,0,1
181.75,133.75,2,511.27301,505.80554,995.2306,-483.95759,457.50165,98211327.0,-0.052033722,0,1
181.75,134.0,2,518.81881,512.74422,1009.8864,-491.06755,458.10165,114105280.0,-0.051329579,0,1
181.75,134.25,2,526.67185,519.93404,1025.1382,-498.46634,458.70165,132571430.0,-0.050619777,0,1
181.75,134.5,2,534.85142,527.38915,1041.023,-506.17155,459.30165,154026020.0,-0.049904222,0,1
181.75,134.75,2,543.3785,535.12545,1057.5858,-514.20732,459.90165,178952710.0,-0.049182757,0,1
181.75,135.0,2,552.27587,543.15928,1074.8637,-522.58787,460.70165,218573330.0,-0.048455299,0,1
181.75,135.25,2,561.56832,551.50861,1092.9084,-531.34007,461.30165,253945980.0,-0.04772173,0,1
181.75,135.5,2,571.2829,560.1934,1111.7713,-540.48836,461.90165,295043130.0,-0.046981891,0,1
181.75,135.75,2,581.4492,569.23407,1131.5111,-550.06194,462.70165,360366500.0,-0.046235716,0,1
181.75,136.0,2,592.0996,578.65795,1152.1901,-560.09051,463.50165,440152630.0,-0.045482733,0,1
181.75,136.25,2,603.26969,588.51517,1173.8823,-570.61262,464.10165,511384400.0,-0.044720929,0,1
181.75,136.5,2,614.9986,598.84103,1196.6548,-581.65623,464.90165,624606320.0,-0.043949803,0,1
181.75,136.75,2,627.32946,609.6697,1220.5975,-593.26799,465.70165,762895880.0,-0.043169187,0,1
181.75,137.0,2,640.30996,621.03873,1245.7998,-605.48982,466.50165,931803130.0,-0.042378911,0,1
181.75,137.25,2,653.99298,632.98952,1272.3675,-618.37457,467.30165,1138106900.0,-0.041578801,0,1
181.75,137.5,2,668.43726,645.5678,1300.4124,-631.9751,468.30165,1461358200.0,-0.040768677,0,1
181.75,137.75,2,683.7083,658.82423,1330.0639,-646.35558,469.10165,1784906900.0,-0.039948356,0,1
181.75,138.0,2,699.87929,672.81507,1361.4639,-661.58461,469.90165,2180090300.0,-0.039117651,0,1
182.0,112.0,3,261.43223,261.56063,508.20185,-246.76962,429.50715,89680.325,-0.10062273,0,1
182.0,112.25,3,262.53591,262.66466,510.3619,-247.82598,429.70715,94278.334,-0.10019979,0,1
182.0,112.5,3,263.65405,263.78304,512.54995,-248.8959,429.90715,99112.088,-0.099774969,0,1
182.0,112.75,3,264.78692,264.91626,514.76673,-249.97981,430.10715,104193.67,-0.099348168,0,1
182.0,113.0,3,265.93484,266.06443,517.01333,-251.07849,430.30715,109535.8,-0.098919441,0,1
182.0,113.25,3,267.0981,267.22806,519.28909,-252.19099,430.50715,115151.82,-0.098488701,0,1
182.0,113.5,3,268.27704,268.40723,521.59663,-253.31959,430.50715,115151.82,-0.09805602,0,1
182.0,113.75,3,269.47195,269.60258,523.93436,-254.46241,430.70715,121055.78,-0.097621266,0,1
182.0,114.0,3,270.68321,270.81403,526.30505,-255.62184,430.90715,127262.44,-0.097184572,0,1
182.0,114.25,3,271.91112,272.04238,528.70748,-256.79636,431.10715,133787.32,-0.096745755,0,1
182.0,114.5,3,273.15607,273.28755,531.14394,-257.98787,431.30715,140646.75,-0.096304955,0,1
182.0,114.75,3,274.41839,274.55023,533.61402,-259.19563,431.50715,147857.86,-0.095862039,0,1
182.0,115.0,3,275.6985,275.83071,536.11864,-260.42014,431.70715,155438.69,-0.095417022,0,1
182.0,115.25,3,276.99675,277.12922,538.65909,-261.66234,431.90715,163408.21,-0.094969938,0,1
182.0,115.5,3,278.31355,278.44646,541.2353,-262.92175,432.10715,171786.33,-0.094520667,0,1
182.0,115.75,3,279.64933,279.78253,543.84916,-264.19983,432.30715,180594.0,-0.094069294,0,1
182.0,116.0,3,281.00447,281.138,546.50047,-265.496,432.50715,189853.25,-0.093615752,0,1
182.0,116.25,3,282.37946,282.51343,549.19081,-266.81135,432.70715,199587.23,-0.093159979,0,1
182.0,116.5,3,283.77471,283.909,551.92068,-268.14597,432.90715,209820.29,-0.092702046,0,1
182.0,116.75,3,285.1907,285.3253,554.69063,-269.49993,433.10715,220578.01,-0.09224189,0,1
182.0,117.0,3,286.62791,286.76293,557.50292,-270.87501,433.30715,231887.28,-0.091779452,0,1
182.0,117.25,3,288.08683,288.2223,560.35732,-272.2705,433.50715,243776.4,-0.091314743,0,1
182.0,117.5,3,289.56796,289.70372,563.2544,-273.68644,433.70715,256275.08,-0.090847799,0,1
182.0,117.75,3,291.07185,291.20797,566.19692,-275.12506,433.90715,269414.59,-0.090378519,0,1
182.0,118.0,3,292.59903,292.73559,569.18485,-276.58582,434.10715,283227.77,-0.089906885,0,1
182.0,118.25,3,294.15006,294.28712,572.21916,-278.0691,434.50715,313015.09,-0.089432881,0,1
182.0,118.5,3,295.72552,295.86289,575.30076,-279.57523,434.70715,329063.72,-0.088956562,0,1
182.0,118.75,3,297.32603,297.46374,578.43189,-281.10586,434.90715,345935.18,-0.088477826,0,1
182.0,119.0,3,298.95218,299.09029,581.61317,-282.66099,435.10715,363671.65,-0.087996654,0,1
182.0,119.25,3,300.60463,300.74318,584.84548,-284.24086,435.30715,382317.5,-0.087513024,0,1
182.0,119.5,3,302.28403,302.42305,588.13019,-285.84616,435.50715,401919.33,-0.087026915,0,1
182.0,119.75,3,303.99109,304.13058,591.46923,-287.47814,435.90715,444189.56,-0.086538304,0,1
182.0,120.0,3,305.72651,305.8664,594.8639,-289.13739,436.10715,466963.65,-0.086047192,0,1
182.0,120.25,3,307.49102,307.63128,598.3154,-290.82438,436.30715,490905.38,-0.085553539,0,1
182.0,120.5,3,309.28539,309.42604,601.82496,-292.53957,436.50715,516074.64,-0.085057306,0,1
182.0,120.75,3,311.1104,311.25145,605.39449,-294.28408,436.70715,542534.35,-0.084558466,0,1
182.0,121.0,3,312.96689,313.10833,609.02531,-296.05842,437.10715,599593.19,-0.084056994,0,1
182.0,121.25,3,314.8557,314.99753,612.71927,-297.86358,437.30715,630334.99,-0.083552861,0,1
182.0,121.5,3,316.77771,316.91993,616.47746,-299.69975,437.50715,662652.96,-0.08304604,0,1
182.0,121.75,3,318.73386,318.87643,620.30294,-301.56908,437.90715,732344.78,-0.082536502,0,1
182.0,122.0,3,320.72508,320.86799,624.19687,-303.4718,438.10715,769892.9,-0.082024215,0,1
182.0,122.25,3,322.75237,322.89559,628.16117,-305.40879,438.30715,809366.15,-0.08150915,0,1
182.0,122.5,3,324.81677,324.96026,632.19785,-307.38108,438.70715,894487.93,-0.080991274,0,1
182.0,122.75,3,326.91935,327.06305,636.30887,-309.38953,438.90715,940349.31,-0.080470554,0,1
182.0,123.0,3,329.06122,329.20509,640.49663,-311.43541,439.10715,988562.05,-0.079946957,0,1
182.0,123.25,3,331.24358,331.38736,644.76319,-313.51961,439.50715,1092530.0,-0.079420486,0,1
182.0,123.5,3,333.46762,333.61119,649.11115,-315.64353,439.70715,1148545.2,-0.078891074,0,1
182.0,123.75,3,335.73465,335.87785,653.54259,-317.80794,440.10715,1269338.8,-0.078358681,0,1
182.0,124.0,3,338.046,338.18863,658.06028,-320.01429,440.30715,1334419.2,-0.07782327,0,1
182.0,124.25,3,340.40307,340.5449,662.66703,-322.26395,440.70715,1474761.3,-0.077284802,0,1
182.0,124.5,3,342.80736,342.94805,667.36559,-324.55823,440.90715,1550373.9,-0.076743241,0,1
182.0,124.75,3,345.26042,345.39928,672.15921,-326.89879,441.30715,1713428.1,-0.076198611,0,1
182.0,125.0,3,347.76391,347.9004,677.05048,-329.28656,441.50715,1801277.5,-0.075650803,0,1
182.0,125.25,3,350.31957,350.45305,682.04253,-331.72296,441.90715,1990719.5,-0.075099775,0,1
182.0,125.5,3,352.92925,353.05875,687.13942,-334.21017,442.30715,2200085.3,-0.074545512,0,1
182.0,125.75,3,355.59491,355.71909,692.34499,-336.75007,442.50715,2312886.1,-0.073988003,0,1
182.0,126.0,3,358.31864,358.43621,697.66273,-339.34409,442.90715,2556134.4,-0.073427139,0,1
182.0,126.25,3,361.10265,361.21182,703.09716,-341.99451,443.30715,2824965.4,-0.072862912,0,1
182.0,126.5,3,363.9493,364.04778,708.65228,-344.70299,443.50715,2969804.5,-0.072295304,0,1
182.0,126.75,3,366.86107,366.94655,714.33185,-347.47078,443.90715,3282141.6,-0.071724193,0,1
182.0,127.0,3,369.84064,369.90975,720.14408,-350.30343,444.30715,3627327.4,-0.071149638,0,1
182.0,127.25,3,372.89079,372.94017,726.09177,-353.20098,444.70715,4008816.8,-0.070571494,0,1
182.0,127.5,3,376.0145,376.03984,732.18081,-356.16631,444.90715,4214353.2,-0.069989779,0,1
182.0,127.75,3,379.21487,379.2115,738.41715,-359.20228,445.30715,4657580.6,-0.069404396,0,1
182.0,128.0,3,382.49522,382.45754,744.80951,-362.31429,445.70715,5147422.6,-0.068815339,0,1
182.0,128.25,3,385.859,385.78101,751.36162,-365.50262,446.10715,5688781.8,-0.0682225,0,1
182.0,128.5,3,389.30986,389.18438,758.08196,-368.7721,446.50715,6287076.2,-0.067625902,0,1
182.0,128.75,3,392.85163,392.67121,764.97782,-372.12619,446.90715,6948293.8,-0.0670254,0,1
182.0,129.0,3,396.48836,396.2442,772.05705,-375.56869,447.30715,7679052.2,-0.066421023,0,1
182.0,129.25,3,400.22429,399.907,779.3285,-379.10421,447.70715,8486665.2,-0.065812664,0,1
182.0,129.5,3,404.0639,403.66329,786.80045,-382.73655,448.10715,9379215.5,-0.065200245,0,1
182.0,129.75,3,408.01191,407.51637,794.48194,-386.47003,448.50715,10365636.0,-0.064583774,0,1
182.0,130.0,3,412.0733,411.47048,802.38252,-390.30922,448.90715,11455800.0,-0.063963143,0,1
182.0,130.25,3,416.25336,415.52985,810.51247,-394.25911,449.50715,13309740.0,-0.063338278,0,1
182.0,130.5,3,420.55765,419.69886,818.88455,-398.32691,449.90715,14709538.0,-0.062709117,0,1
182.0,130.75,3,424.99205,423.98191,827.50786,-402.51581,450.30715,16256554.0,-0.062075632,0,1
182.0,131.0,3,429.56287,428.38407,836.3943,-406.83143,450.70715,17966270.0,-0.06143773,0,1
182.0,131.25,3,434.27671,432.91064,845.55975,-411.28304,451.30715,20873828.0,-0.06079533,0,1
182.0,131.5,3,439.14066,437.56712,855.01401,-415.87336,451.70715,23069148.0,-0.060148361,0,1
182.0,131.75,3,444.16221,442.35938,864.77603,-420.61382,452.10715,25495351.0,-0.059496749,0,1
182.0,132.0,3,449.34941,447.29363,874.85706,-425.50766,452.70715,29621372.0,-0.05884042,0,1
182.0,132.25,2,454.71075,452.37649,885.2781,-430.56734,453.10715,32736679.0,-0.058179295,0,1
182.0,132.5,2,460.25542,457.61501,896.0525,-435.79709,453.70715,38034595.0,-0.05751329,0,1
182.0,132.75,2,465.99312,463.01671,907.20046,-441.20735,454.30715,44189894.0,-0.056842323,0,1
182.0,133.0,2,471.93433,468.58959,918.74648,-446.81215,454.70715,48837386.0,-0.056166303,0,1
182.0,133.25,2,478.09025,474.34222,930.70633,-452.61608,455.30715,56740948.0,-0.055485141,0,1
182.0,133.5,2,484.47289,480.28375,943.10462,-458.63173,455.90715,65923576.0,-0.054798742,0,1
182.0,133.75,2,491.09522,486.42397,955.97207,-464.87685,456.50715,76592268.0,-0.054107007,0,1
182.0,134.0,2,497.97113,492.77295,969.32845,-471.35731,457.10715,88987519.0,-0.053409882,0,1
182.0,134.25,2,505.11564,499.34229,983.20519,-478.08955,457.70715,103388750.0,-0.052707222,0,1
182.0,134.5,2,512.54495,506.14409,997.63708,-485.09213,458.30715,120120590.0,-0.051998918,0,1
182.0,134.75,2,520.27662,513.19126,1012.6542,-492.37762,458.90715,139560210.0,-0.051284866,0,1
182.0,135.0,2,528.3296,520.49725,1028.2937,-499.96411,459.50715,162145830.0,-0.050565003,0,1
182.0,135.25,2,536.72451,528.07773,1044.5972,-507.8727,460.10715,188386580.0,-0.04983915,0,1
182.0,135.5,2,545.48373,535.94855,1061.6066,-516.12289,460.70715,218873980.0,-0.049107223,0,1
182.0,135.75,2,554.63165,544.12722,1079.3743,-524.74261,461.50715,267333280.0,-0.048369102,0,1
182.0,136.0,2,564.19489,552.63299,1097.9447,-533.74978,462.10715,310596960.0,-0.047624636,0,1
182.0,136.25,2,574.2025,561.48803,1117.3773,-543.17483,462.90715,379363990.0,-0.046873564,0,1
182.0,136.5,2,584.68633,570.7385,1137.7342,-553.04786,463.50715,440758070.0,-0.046113842,0,1
182.0,136.75,2,595.68133,580.41801,1159.084,-563.40264,464.30715,538343120.0,-0.045344811,0,1
182.0,137.0,2,607.22595,590.55705,1181.5,-574.27405,465.10715,657533770.0,-0.044566304,0,1
182.0,137.25,2,619.36259,601.18906,1205.0656,-585.70306,465.90715,803113560.0,-0.04377815,0,1
182.0,137.5,2,632.13812,612.35081,1229.8724,-597.73432,466.70715,980925120.0,-0.042980175,0,1
182.0,137.75,2,645.60449,624.08283,1256.0199,-610.41538,467.50715,1198104700.0,-0.042172199,0,1
182.0,138.0,2,659.81941,636.42986,1283.6223,-623.8029,468.30715,1463368300.0,-0.041354039,0,1
182.25,112.0,3,256.96375,257.0916,499.46553,-242.50178,429.31264,85423.744,-0.10237186,0,1
182.25,112.25,3,258.02438,258.15239,501.54074,-243.51636,429.51264,89803.513,-0.1019512,0,1
182.25,112.5,3,259.09867,259.2271,503.64377,-244.5451,429.71264,94407.837,-0.10152853,0,1
182.25,112.75,3,260.18689,260.31547,505.77308,-245.5862,429.71264,94407.837,-0.10110404,0,1
182.25,113.0,3,261.28931,261.41831,507.93099,-246.64168,429.91264,99248.231,-0.10067751,0,1
182.25,113.25,3,262.40623,262.5354,510.11648,-247.71025,430.11264,104336.8,-0.10024913,0,1
182.25,113.5,3,263.53793,263.66754,512.33149,-248.79356,430.31264,109686.26,-0.099818677,0,1
182.25,113.75,3,264.68473,264.81449,514.57548,-249.89075,430.51264,115309.99,-0.099386348,0,1
182.25,114.0,3,265.84692,265.9771,516.85011,-251.00319,430.71264,121222.06,-0.098951921,0,1
182.25,114.25,3,267.02483,267.15522,519.15492,-252.13009,430.91264,127437.25,-0.098515558,0,1
182.25,114.5,3,268.21879,268.34954,521.49158,-253.27279,431.11264,133971.1,-0.098077103,0,1
182.25,114.75,3,269.42913,269.56018,523.85971,-254.43058,431.31264,140839.94,-0.097636621,0,1
182.25,115.0,3,270.65621,270.78755,526.26128,-255.60508,431.51264,148060.96,-0.097194075,0,1
182.25,115.25,3,271.90037,272.03216,528.6954,-256.79503,431.71264,155652.21,-0.096749389,0,1
182.25,115.5,3,273.162,273.29399,531.16469,-258.00269,431.91264,163632.67,-0.096302686,0,1
182.25,115.75,3,274.44146,274.57383,533.66825,-259.22679,432.11264,172022.3,-0.095853799,0,1
182.25,116.0,3,275.73917,275.8719,536.20746,-260.46829,432.31264,180842.07,-0.095402777,0,1
182.25,116.25,3,277.0555,277.18849,538.78329,-261.72779,432.51264,190114.04,-0.094949631,0,1
182.25,116.5,3,278.39088,278.52428,541.39576,-263.00489,432.71264,199861.39,-0.094494257,0,1
182.25,116.75,3,279.74574,279.87951,544.04715,-264.30141,432.91264,210108.51,-0.094036697,0,1
182.25,117.0,3,281.12051,281.25456,546.73713,-265.61662,433.11264,220881.0,-0.093576953,0,1
182.25,117.25,3,282.51566,282.6501,549.46652,-266.95085,433.31264,232205.81,-0.093114932,0,1
182.25,117.5,3,283.93166,284.06659,552.23731,-268.30565,433.51264,244111.26,-0.092650619,0,1
182.25,117.75,3,285.36898,285.50416,555.04957,-269.68059,433.71264,256627.11,-0.092184104,0,1
182.25,118.0,3,286.82813,286.96365,557.90391,-271.07579,433.91264,269784.66,-0.091715259,0,1
182.25,118.25,3,288.30963,288.44555,560.80277,-272.49314,434.11264,283616.82,-0.091244066,0,1
182.25,118.5,3,289.814,289.9504,563.74611,-273.93211,434.31264,298158.16,-0.090770508,0,1
182.25,118.75,3,291.34179,291.47853,566.73505,-275.39326,434.51264,313445.06,-0.090294627,0,1
182.25,119.0,3,292.89359,293.03066,569.77069,-276.87711,434.71264,329515.73,-0.089816354,0,1
182.25,119.25,3,294.46997,294.60741,572.85474,-278.38477,434.91264,346410.36,-0.089335651,0,1
182.25,119.5,3,296.07154,296.2094,575.98801,-279.91647,435.31264,382842.66,-0.088852496,0,1
182.25,119.75,3,297.69893,297.83724,579.17159,-281.47266,435.51264,402471.42,-0.08836687,0,1
182.25,120.0,3,299.35279,299.49158,582.40634,-283.05355,435.71264,423106.57,-0.087878749,0,1
182.25,120.25,3,301.03381,301.17299,585.69476,-284.66095,435.91264,444799.71,-0.087388131,0,1
182.25,120.5,3,302.74267,302.8822,589.03768,-286.29502,436.11264,467605.08,-0.086894987,0,1
182.25,120.75,3,304.48009,304.61999,592.43628,-287.95619,436.51264,516783.53,-0.08639927,0,1
182.25,121.0,3,306.24682,306.38711,595.89213,-289.64531,436.71264,543279.59,-0.085900955,0,1
182.25,121.25,3,308.04365,308.18431,599.40657,-291.36293,436.91264,571134.13,-0.085400017,0,1
182.25,121.5,3,309.87136,310.0124,602.98139,-293.11003,437.11264,600416.81,-0.084896427,0,1
182.25,121.75,3,311.7308,311.87221,606.61818,-294.88738,437.51264,663563.19,-0.084390158,0,1
182.25,122.0,3,313.62284,313.7646,610.31849,-296.69565,437.71264,697584.81,-0.083881181,0,1
182.25,122.25,3,315.54838,315.69046,614.0839,-298.53552,437.91264,733350.74,-0.083369467,0,1
182.25,122.5,3,317.50835,317.65072,617.91652,-300.40818,438.31264,810477.91,-0.082854983,0,1
182.25,122.75,3,319.50372,319.64635,621.81863,-302.31491,438.51264,852032.01,-0.0823377,0,1
182.25,123.0,3,321.53552,321.67835,625.79166,-304.25614,438.71264,895716.62,-0.081817583,0,1
182.25,123.25,3,323.60479,323.74776,629.8377,-306.23291,439.11264,989919.96,-0.0812946,0,1
182.25,123.5,3,325.71264,325.85561,633.95921,-308.24657,439.31264,1040674.2,-0.080768734,0,1
182.25,123.75,3,327.86023,328.00298,638.15791,-310.29768,439.51264,1094030.8,-0.080239958,0,1
182.25,124.0,3,330.04875,330.19113,642.43653,-312.38779,439.91264,1209091.0,-0.079708214,0,1
182.25,124.25,3,332.27947,332.42129,646.7976,-314.51814,440.11264,1271082.4,-0.079173464,0,1
182.25,124.5,3,334.55371,334.69474,651.24314,-316.68943,440.51264,1404763.3,-0.078635669,0,1
182.25,124.75,3,336.87288,337.01282,655.77579,-318.90291,440.71264,1476787.0,-0.078094789,0,1
182.25,125.0,3,339.23843,339.37669,660.39869,-321.16026,441.11264,1632102.1,-0.077550833,0,1
182.25,125.25,3,341.65191,341.78788,665.11446,-323.46255,441.31264,1715781.8,-0.077003739,0,1
182.25,125.5,3,344.11497,344.24802,669.92653,-325.81156,441.71264,1896232.1,-0.076453438,0,1
182.25,125.75,3,346.62934,346.75869,674.83789,-328.20855,442.11264,2095660.6,-0.075899886,0,1
182.25,126.0,3,349.19686,349.32111,679.85143,-330.65458,442.31264,2203107.4,-0.075343128,0,1
182.25,126.25,3,351.81949,351.93737,684.97249,-333.153,442.71264,2434810.2,-0.074783035,0,1
182.25,126.5,3,354.4993,354.60931,690.20394,-335.70464,443.11264,2690881.4,-0.074219554,0,1
182.25,126.75,3,357.23851,357.33826,695.55025,-338.31174,443.31264,2828845.9,-0.073652749,0,1
182.25,127.0,3,360.03945,360.12671,701.01535,-340.9759,443.71264,3126358.2,-0.073082458,0,1
182.25,127.25,3,362.90462,362.97641,706.60378,-343.69915,444.11264,3455160.2,-0.072508693,0,1
182.25,127.5,3,365.83664,365.8895,712.32166,-346.48503,444.31264,3632310.0,-0.071931403,0,1
182.25,127.75,3,368.83828,368.86835,718.1732,-349.33492,444.71264,4014323.4,-0.07135051,0,1
182.25,128.0,3,371.91247,371.91502,724.16519,-352.25272,445.11264,4436513.5,-0.070766018,0,1
182.25,128.25,3,375.06232,375.03226,730.30297,-355.24065,445.51264,4903105.7,-0.070177816,0,1
182.25,128.5,3,378.29104,378.22235,736.59225,-358.30121,445.91264,5418769.8,-0.069585906,0,1
182.25,128.75,3,381.60205,381.48817,743.04077,-361.43873,446.31264,5988666.8,-0.0689902,0,1
182.25,129.0,3,384.99894,384.83255,749.65474,-364.6558,446.71264,6618500.4,-0.068390642,0,1
182.25,129.25,3,388.48548,388.25821,756.44241,-367.95693,447.11264,7314574.1,-0.067787222,0,1
182.25,129.5,3,392.06565,391.76866,763.41103,-371.34538,447.51264,8083854.6,-0.067179812,0,1
182.25,129.75,3,395.7436,395.36688,770.56894,-374.82534,447.91264,8934041.0,-0.066568412,0,1
182.25,130.0,3,399.52375,399.05637,777.92424,-378.4005,448.31264,9873642.3,-0.06595295,0,1
182.25,130.25,3,403.41072,402.841,785.48677,-382.07605,448.71264,10912062.0,-0.065333333,0,1
182.25,130.5,3,407.40941,406.72456,793.26341,-385.854,449.11264,12059694.0,-0.064709505,0,1
182.25,130.75,3,411.52503,410.71075,801.26911,-389.74408,449.51264,13328023.0,-0.064081461,0,1
182.25,131.0,3,415.76301,414.80424,809.51087,-393.74786,449.91264,14729743.0,-0.063449075,0,1
182.25,131.25,3,420.12917,419.00953,817.99986,-397.87068,450.51264,17113520.0,-0.062812283,0,1
182.25,131.5,3,424.62968,423.33141,826.75117,-402.12149,450.91264,18913365.0,-0.062171018,0,1
182.25,131.75,3,429.27104,427.77497,835.77263,-406.50158,451.31264,20902501.0,-0.061525211,0,1
182.25,132.0,3,434.06023,432.34557,845.08414,-411.02391,451.91264,24285241.0,-0.060874789,0,1
182.25,132.25,3,439.0046,437.04892,854.69346,-415.68885,452.31264,26839342.0,-0.060219677,0,1
182.25,132.5,3,444.11207,441.89111,864.62124,-420.50917,452.91264,31182867.0,-0.059559798,0,1
182.25,132.75,3,449.391,446.87857,874.87953,-425.48854,453.31264,34462398.0,-0.05889507,0,1
182.25,133.0,2,454.85038,452.0182,885.49006,-430.63968,453.91264,40039594.0,-0.058225411,0,1
182.25,133.25,2,460.49982,457.3173,896.46705,-435.96723,454.31264,44250595.0,-0.057550732,0,1
182.25,133.5,2,466.34955,462.78369,907.83186,-441.48231,454.91264,51411856.0,-0.056870943,0,1
182.25,133.75,2,472.41065,468.42573,919.6099,-447.19926,455.51264,59732055.0,-0.056185951,0,1
182.25,134.0,2,478.6949,474.25232,931.81792,-453.12301,456.11264,69398747.0,-0.05549566,0,1
182.25,134.25,2,485.21503,480.27301,944.48385,-459.26882,456.51264,76697477.0,-0.054799967,0,1
182.25,134.5,2,491.98473,486.49792,957.63625,-465.65152,457.11264,89109755.0,-0.054098782,0,1
182.25,134.75,2,499.01878,492.93768,971.29906,-472.28028,457.71264,103530760.0,-0.053392033,0,1
182.25,135.0,2,506.33309,499.60444,985.50586,-479.17278,458.31264,120285590.0,-0.052679566,0,1
182.25,135.25,2,513.94489,506.51085,1000.289,-486.34407,458.91264,139751910.0,-0.051961266,0,1
182.25,135.5,2,521.87285,513.66982,1015.6874,-493.81458,459.71264,170693370.0,-0.051237086,0,1
182.25,135.75,2,530.13727,521.09664,1031.739,-501.60171,460.31264,198317410.0,-0.050506841,0,1
182.25,136.0,2,538.76013,528.80678,1048.4848,-509.72463,460.91264,230411950.0,-0.049770438,0,1
182.25,136.25,2,547.76538,536.81722,1065.9729,-518.20751,461.71264,281425800.0,-0.049027758,0,1
182.25,136.5,2,557.17919,545.14738,1084.2533,-527.07408,462.31264,326970130.0,-0.048278587,0,1
182.25,136.75,2,567.03013,553.838,1103.3825,-536.35237,463.11264,399362220.0,-0.047521017,0,1
182.25,137.0,2,577.34949,562.92209,1123.4207,-546.07119,463.71264,463992700.0,-0.046754152,0,1
182.25,137.25,2,588.17165,572.42692,1144.4389,-556.2672,464.51264,566721960.0,-0.045977825,0,1
182.25,137.5,2,599.53439,582.38235,1166.5035,-566.96911,465.31264,692195760.0,-0.045191866,0,1
182.25,137.75,2,611.47937,592.82112,1189.698,-578.21867,466.11264,845449820.0,-0.044396099,0,1
182.25,138.0,2,624.05263,603.77922,1214.1141,-590.06143,466.91264,1032634700.0,-0.043590346,0,1
182.5,112.0,3,252.62251,252.74964,490.97748,-238.35497,429.11812,81369.043,-0.10413049,0,1
182.5,112.25,3,253.64217,253.7696,492.97286,-239.33069,429.31812,85540.923,-0.10371197,0,1
182.5,112.5,3,254.67475,254.80241,494.99415,-240.3194,429.31812,85540.923,-0.10329159,0,1
182.5,112.75,3,255.7205,255.84851,497.04069,-241.32018,429.51812,89926.7,-0.10286925,0,1
182.5,113.0,3,256.77967,256.90788,499.11379,-242.33412,429.71812,94537.341,-0.10244507,0,1
182.5,113.25,3,257.85255,257.98113,501.21345,-243.3609,429.91812,99384.374,-0.10201888,0,1
182.5,113.5,3,258.93938,259.06815,503.34026,-244.40089,430.11812,104479.92,-0.10159082,0,1
182.5,113.75,3,260.04047,260.16961,505.49555,-245.45509,430.31812,109836.72,-0.10116072,0,1
182.5,114.0,3,261.15607,261.28544,507.67831,-246.52224,430.51812,115468.17,-0.10072871,0,1
182.5,114.25,3,262.28653,262.41623,509.89114,-247.60461,430.71812,121388.35,-0.10029465,0,1
182.5,114.5,3,263.4321,263.56209,512.13256,-248.70046,430.71812,121388.35,-0.099858615,0,1
182.5,114.75,3,264.59314,264.72342,514.40522,-249.81207,430.91812,127612.06,-0.09942054,0,1
182.5,115.0,3,265.76994,265.90058,516.70806,-250.93812,431.11812,134154.87,-0.098980396,0,1
182.5,115.25,3,266.96285,267.09372,519.04266,-252.07981,431.31812,141033.14,-0.098538239,0,1
182.5,115.5,3,268.1722,268.3035,521.40935,-253.23715,431.51812,148264.06,-0.09809393,0,1
182.5,115.75,3,269.39835,269.52987,523.80872,-254.41037,431.71812,155865.72,-0.097647601,0,1
182.5,116.0,3,270.64165,270.7735,526.24181,-255.60016,431.91812,163857.13,-0.097199116,0,1
182.5,116.25,3,271.90248,272.03475,528.7087,-256.80622,432.11812,172258.27,-0.096748467,0,1
182.5,116.5,3,273.18123,273.31372,531.21145,-258.03022,432.31812,181090.14,-0.096295734,0,1
182.5,116.75,3,274.47827,274.61114,533.7495,-259.27123,432.51812,190374.83,-0.095840778,0,1
182.5,117.0,3,275.79404,275.92732,536.32399,-260.52995,432.71812,200135.55,-0.095383614,0,1
182.5,117.25,3,277.12894,277.26246,538.93626,-261.80731,432.91812,210396.72,-0.094924299,0,1
182.5,117.5,3,278.48341,278.61729,541.58631,-263.10291,433.11812,221183.99,-0.094462713,0,1
182.5,117.75,3,279.8579,279.99223,544.27585,-264.41796,433.31812,232524.34,-0.093998841,0,1
182.5,118.0,3,281.25285,281.38747,547.00554,-265.75269,433.51812,244446.11,-0.093532753,0,1
182.5,118.25,3,282.66875,282.80369,549.77591,-267.10716,433.71812,256979.13,-0.093064363,0,1
182.5,118.5,3,284.1061,284.24142,552.58801,-268.48191,433.91812,270154.74,-0.09259363,0,1
182.5,118.75,3,285.56539,285.70117,555.44343,-269.87804,434.11812,284005.87,-0.092120537,0,1
182.5,119.0,3,287.04714,287.18327,558.34262,-271.29548,434.51812,313875.02,-0.091645119,0,1
182.5,119.25,3,288.5519,288.68835,561.28612,-272.73422,434.71812,329967.74,-0.091167328,0,1
182.5,119.5,3,290.08023,290.21704,564.27648,-274.19625,434.91812,346885.55,-0.090687113,0,1
182.5,119.75,3,291.6327,291.7699,567.31403,-275.68133,435.11812,364670.75,-0.090204455,0,1
182.5,120.0,3,293.2099,293.34754,570.39966,-277.18976,435.31812,383367.82,-0.089719331,0,1
182.5,120.25,3,294.81245,294.95055,573.53489,-278.72244,435.51812,403023.51,-0.089231721,0,1
182.5,120.5,3,296.441,296.57949,576.72012,-280.27913,435.71812,423686.97,-0.088741623,0,1
182.5,120.75,3,298.0962,298.23502,579.95836,-281.86216,436.11812,468246.51,-0.088249008,0,1
182.5,121.0,3,299.77873,299.91791,583.24988,-283.47115,436.31812,492254.02,-0.087753829,0,1
182.5,121.25,3,301.48931,301.62885,586.59627,-285.10696,436.51812,517492.43,-0.08725606,0,1
182.5,121.5,3,303.22866,303.36856,589.99856,-286.7699,436.71812,544024.83,-0.086755677,0,1
182.5,121.75,3,304.99754,305.13781,593.45872,-288.46118,437.11812,601240.42,-0.086252652,0,1
182.5,122.0,3,306.79674,306.93737,596.9779,-290.18116,437.31812,632066.68,-0.085746957,0,1
182.5,122.25,3,308.62709,308.76805,600.5579,-291.9308,437.51812,664473.43,-0.085238564,0,1
182.5,122.5,3,310.48943,310.6307,604.20034,-293.71091,437.71812,698541.71,-0.084727443,0,1
182.5,122.75,3,312.38465,312.5262,607.90701,-295.52236,438.11812,772007.99,-0.084213564,0,1
182.5,123.0,3,314.31366,314.45545,611.67963,-297.36597,438.31812,811589.68,-0.083696896,0,1
182.5,123.25,3,316.27742,316.4194,615.51985,-299.24243,438.51812,853200.77,-0.083177405,0,1
182.5,123.5,3,318.27693,318.41904,619.43002,-301.15308,438.91812,942932.68,-0.08265506,0,1
182.5,123.75,3,320.31323,320.45539,623.41185,-303.09862,439.11812,991277.88,-0.082129825,0,1
182.5,124.0,3,322.38739,322.52937,627.46758,-305.08019,439.51812,1095531.5,-0.0816017,0,1
182.5,124.25,3,324.50056,324.64217,631.59914,-307.09858,439.71812,1151700.6,-0.081070629,0,1
182.5,124.5,3,326.65393,326.79498,635.80896,-309.15503,440.11812,1272826.0,-0.080536564,0,1
182.5,124.75,3,328.84873,328.98901,640.09954,-311.25081,440.31812,1338085.2,-0.079999467,0,1
182.5,125.0,3,331.08628,331.22549,644.47318,-313.3869,440.51812,1406690.3,-0.079459299,0,1
182.5,125.25,3,333.36796,333.50569,648.93244,-315.56448,440.91812,1554633.2,-0.07891603,0,1
182.5,125.5,3,335.69522,335.83073,653.48049,-317.78527,441.31812,1718135.4,-0.078369675,0,1
182.5,125.75,3,338.06961,338.20229,658.11958,-320.04997,441.51812,1806226.1,-0.077820127,0,1
182.5,126.0,3,340.49274,340.62185,662.85339,-322.36065,441.91812,1996188.5,-0.077267343,0,1
182.5,126.25,3,342.96636,343.09075,667.68446,-324.71811,442.11812,2098535.3,-0.076711323,0,1
182.5,126.5,3,345.4923,345.61055,672.6165,-327.1242,442.51812,2319240.2,-0.07615203,0,1
182.5,126.75,3,348.0725,348.18318,677.65415,-329.58164,442.71812,2438150.1,-0.075589363,0,1
182.5,127.0,3,350.70905,350.8101,682.80076,-332.09171,443.11812,2694572.6,-0.075023338,0,1
182.5,127.25,3,353.40412,353.49319,688.05975,-334.65563,443.51812,2977963.3,-0.074453896,0,1
182.5,127.5,3,356.16007,356.23457,693.43536,-337.27529,443.91812,3291158.4,-0.073880941,0,1
182.5,127.75,3,358.97936,359.0357,698.93442,-339.95506,444.11812,3459899.8,-0.073304534,0,1
182.5,128.0,3,361.86458,361.89928,704.55918,-342.6946,444.51812,3823780.6,-0.072724501,0,1
182.5,128.25,3,364.81849,364.8269,710.31775,-345.49926,444.91812,4225931.1,-0.072140912,0,1
182.5,128.5,3,367.84397,367.82138,716.21309,-348.36912,445.31812,4670376.2,-0.071553603,0,1
182.5,128.75,3,370.94406,370.88454,722.25248,-351.30842,445.71812,5161563.9,-0.070962637,0,1
182.5,129.0,3,374.12196,374.01949,728.44189,-354.31993,445.91812,5426202.9,-0.070367845,0,1
182.5,129.25,3,377.38102,377.22823,734.78834,-357.40733,446.31812,5996881.7,-0.069769288,0,1
182.5,129.5,3,380.72476,380.51402,741.29816,-360.5734,446.71812,6627579.2,-0.069166821,0,1
182.5,129.75,3,384.1569,383.8796,747.97908,-363.82217,447.11812,7324607.8,-0.068560416,0,1
182.5,130.0,3,387.68133,387.32782,754.83841,-367.15707,447.51812,8094943.6,-0.067950052,0,1
182.5,130.25,3,391.30215,390.86222,761.88461,-370.58247,447.91812,8946296.2,-0.067335608,0,1
182.5,130.5,3,395.02367,394.48611,769.1254,-374.10173,448.31812,9887186.4,-0.066717039,0,1
182.5,130.75,3,398.85045,398.20271,776.56993,-377.71948,448.91812,11487272.0,-0.06609434,0,1
182.5,131.0,3,402.78732,402.01615,784.22631,-381.439,449.31812,12695399.0,-0.065467383,0,1
182.5,131.25,3,406.83935,405.93036,792.10715,-385.2678,449.71812,14030585.0,-0.064836109,0,1
182.5,131.5,3,411.01192,409.94952,800.22148,-389.20956,450.11812,15506195.0,-0.064200453,0,1
182.5,131.75,3,415.31075,414.07798,808.57921,-393.26846,450.51812,17136996.0,-0.063560359,0,1
182.5,132.0,3,419.74186,418.32032,817.19486,-397.453,451.11812,19910348.0,-0.062915769,0,1
182.5,132.25,3,424.3117,422.68168,826.07782,-401.76612,451.51812,22004338.0,-0.062266585,0,1
182.5,132.5,3,429.02708,427.16731,835.24463,-406.21755,451.91812,24318554.0,-0.061612732,0,1
182.5,132.75,3,433.89527,431.78277,844.70566,-410.81039,452.51812,28254129.0,-0.060954134,0,1
182.5,133.0,3,438.92401,436.534,854.48003,-415.55603,452.91812,31225642.0,-0.06029071,0,1
182.5,133.25,3,444.12158,441.42729,864.58035,-420.45878,453.51812,36279020.0,-0.059622378,0,1
182.5,133.5,3,449.49676,446.46935,875.02464,-425.52788,453.91812,40094518.0,-0.058949052,0,1
182.5,133.75,2,455.05903,451.66731,885.83427,-430.77525,454.51812,46583184.0,-0.058270644,0,1
182.5,134.0,2,460.81847,457.02875,897.02419,-436.20572,455.11812,54121938.0,-0.057587067,0,1
182.5,134.25,2,466.78592,462.5616,908.61739,-441.83147,455.51812,59813992.0,-0.056898249,0,1
182.5,134.5,2,472.973,468.27473,920.63858,-447.66558,456.11812,69493944.0,-0.056204069,0,1
182.5,134.75,2,479.39224,474.17745,933.10869,-453.71644,456.71812,80740444.0,-0.055504422,0,1
182.5,135.0,2,486.05708,480.27972,946.05501,-459.99793,457.31812,93807013.0,-0.054799201,0,1
182.5,135.25,2,492.98202,486.59186,959.50529,-466.52327,457.91812,108988200.0,-0.054088338,0,1
182.5,135.5,2,500.18276,493.12539,973.49419,-473.31144,458.51812,126626220.0,-0.053371709,0,1
182.5,135.75,2,507.67624,499.89288,988.04846,-480.37222,459.11812,147118680.0,-0.052649169,0,1
182.5,136.0,2,515.4808,506.907,1003.2064,-487.72555,459.71812,170927520.0,-0.051920658,0,1
182.5,136.25,2,523.61635,514.18232,1019.0058,-495.38942,460.51812,208771350.0,-0.051186017,0,1
182.5,136.5,2,532.10453,521.73409,1035.4901,-503.38558,461.11812,242557700.0,-0.050445132,0,1
182.5,136.75,2,540.96892,529.57887,1052.7072,-511.73824,461.71812,281811840.0,-0.049697876,0,1
182.5,137.0,2,550.23523,537.75206,1070.7032,-520.46794,462.51812,344205760.0,-0.048942527,0,1
182.5,137.25,2,559.93153,546.2867,1089.532,-529.60044,463.11812,399910040.0,-0.048177898,0,1
182.5,137.5,2,570.08858,555.20723,1109.2566,-539.16807,463.91812,488451220.0,-0.047403823,0,1
182.5,137.75,2,580.74014,564.54036,1129.941,-549.20083,464.71812,596595670.0,-0.04662013,0,1
182.5,138.0,2,591.92335,574.31532,1151.6574,-559.73402,465.51812,728683600.0,-0.045826646,0,1
182.75,112.0,3,248.4032,248.5297,482.72745,-234.32425,428.9236,77506.656,-0.10589859,0,1
182.75,112.25,3,249.38385,249.51068,484.64672,-235.26286,428.9236,77506.656,-0.10548224,0,1
182.75,112.5,3,250.37672,250.50377,486.59011,-236.21338,429.1236,81480.507,-0.10506407,0,1
182.75,112.75,3,251.38206,251.50938,488.55786,-237.1758,429.3236,85658.102,-0.10464399,0,1
182.75,113.0,3,252.40009,252.52769,490.54998,-238.14989,429.5236,90049.887,-0.10422202,0,1
182.75,113.25,3,253.43107,253.55892,492.56838,-239.13731,429.7236,94666.844,-0.10379814,0,1
182.75,113.5,3,254.47525,254.6034,494.61179,-240.13655,429.9236,99520.517,-0.10337232,0,1
182.75,113.75,3,255.53288,255.66129,496.68214,-241.14926,429.9236,99520.517,-0.10294458,0,1
182.75,114.0,3,256.60425,256.73296,498.77876,-242.17451,430.1236,104623.04,-0.10251487,0,1
182.75,114.25,3,257.68962,257.8186,500.90316,-243.21355,430.3236,109987.18,-0.10208319,0,1
182.75,114.5,3,258.78927,258.91853,503.05514,-244.26587,430.5236,115626.34,-0.10164952,0,1
182.75,114.75,3,259.9035,260.03309,505.23607,-245.33257,430.7236,121554.63,-0.10121383,0,1
182.75,115.0,3,261.0326,261.16243,507.44563,-246.41303,430.9236,127786.87,-0.10077615,0,1
182.75,115.25,3,262.17689,262.30713,509.68536,-247.50847,431.1236,134338.65,-0.10033637,0,1
182.75,115.5,3,263.33667,263.4671,511.95487,-248.6182,431.3236,141226.34,-0.099894617,0,1
182.75,115.75,3,264.51228,264.64309,514.25588,-249.7436,431.5236,148467.16,-0.099450717,0,1
182.75,116.0,3,265.70404,265.83513,516.58771,-250.88366,431.7236,156079.24,-0.099004769,0,1
182.75,116.25,3,266.91232,267.04368,518.95274,-252.04043,431.9236,164081.59,-0.098556704,0,1
182.75,116.5,3,268.13743,268.26926,521.35029,-253.21286,432.1236,172494.24,-0.098106452,0,1
182.75,116.75,3,269.37979,269.5118,523.78143,-254.40164,432.3236,181338.2,-0.097654149,0,1
182.75,117.0,3,270.63973,270.77207,526.24714,-255.60741,432.5236,190635.61,-0.097199629,0,1
182.75,117.25,3,271.91765,272.05046,528.74751,-256.82986,432.7236,200409.71,-0.096742882,0,1
182.75,117.5,3,273.21397,273.34698,531.28466,-258.07069,432.9236,210684.94,-0.096284016,0,1
182.75,117.75,3,274.52908,274.66242,533.85816,-259.32908,433.1236,221486.98,-0.095822884,0,1
182.75,118.0,3,275.86341,275.99718,536.4689,-260.60549,433.3236,232842.86,-0.095359471,0,1
182.75,118.25,3,277.2174,277.35148,539.11866,-261.90126,433.5236,244780.97,-0.094893834,0,1
182.75,118.5,3,278.59149,278.72586,541.80749,-263.216,433.7236,257331.16,-0.094425916,0,1
182.75,118.75,3,279.98615,280.1209,544.53598,-264.54983,433.9236,270524.81,-0.093955663,0,1
182.75,119.0,3,281.40188,281.53706,547.30648,-265.9046,434.1236,284394.92,-0.093483056,0,1
182.75,119.25,3,282.83915,282.97469,550.11892,-267.27977,434.3236,298976.15,-0.093008124,0,1
182.75,119.5,3,284.29848,284.43432,552.97428,-268.67579,434.5236,314304.99,-0.092530834,0,1
182.75,119.75,3,285.78041,285.91659,555.87329,-270.09288,434.7236,330419.75,-0.092051128,0,1
182.75,120.0,3,287.28547,287.42204,558.81846,-271.53299,434.9236,347360.73,-0.091568986,0,1
182.75,120.25,3,288.81424,288.95123,561.80956,-272.99532,435.1236,365170.3,-0.091084386,0,1
182.75,120.5,3,290.36728,290.50472,564.84825,-274.48096,435.5236,403575.6,-0.090597307,0,1
182.75,120.75,3,291.94522,292.08302,567.9353,-275.99009,435.7236,424267.36,-0.090107755,0,1
182.75,121.0,3,293.54867,293.6868,571.07174,-277.52307,435.9236,446020.01,-0.089615689,0,1
182.75,121.25,3,295.17829,295.31676,574.26006,-279.08177,436.1236,468887.95,-0.089121069,0,1
182.75,121.5,3,296.83473,296.97355,577.50078,-280.66605,436.3236,492928.35,-0.088623868,0,1
182.75,121.75,3,298.5187,298.65788,580.79516,-282.27646,436.7236,544770.07,-0.088124061,0,1
182.75,122.0,3,300.23091,300.37044,584.14459,-283.91368,436.9236,572701.03,-0.087621622,0,1
182.75,122.25,3,301.97211,302.11198,587.55068,-285.57857,437.1236,602064.04,-0.087116523,0,1
182.75,122.5,3,303.74307,303.88326,591.01487,-287.2718,437.3236,632932.52,-0.086608736,0,1
182.75,122.75,3,305.54459,305.68508,594.53865,-288.99405,437.7236,699498.62,-0.086098231,0,1
182.75,123.0,3,307.37752,307.51827,598.1238,-290.74629,437.9236,735362.68,-0.085584979,0,1
182.75,123.25,3,309.2427,309.38369,601.77185,-292.52915,438.1236,773065.53,-0.085068949,0,1
182.75,123.5,3,311.14105,311.28222,605.48467,-294.34361,438.5236,854369.54,-0.084550108,0,1
182.75,123.75,3,313.07351,313.21479,609.264,-296.19049,438.7236,898174.01,-0.084028423,0,1
182.75,124.0,3,315.04106,315.18237,613.11176,-298.0707,438.9236,944224.37,-0.083503861,0,1
182.75,124.25,3,317.04471,317.18596,617.02977,-299.98507,439.3236,1043529.3,-0.082976387,0,1
182.75,124.5,3,319.08553,319.22642,621.02033,-301.9348,439.5236,1097032.2,-0.082446012,0,1
182.75,124.75,3,321.16465,321.30499,625.08546,-303.92082,439.9236,1212408.1,-0.081912656,0,1
182.75,125.0,3,323.28323,323.4228,629.22732,-305.94409,440.1236,1274569.6,-0.081376282,0,1
182.75,125.25,3,325.44251,325.58103,633.44838,-308.00587,440.5236,1408617.2,-0.080836851,0,1
182.75,125.5,3,327.64378,327.78091,637.75105,-310.10727,440.7236,1480838.6,-0.08029432,0,1
182.75,125.75,3,329.88841,330.02351,642.13797,-312.24956,441.1236,1636579.7,-0.079748697,0,1
182.75,126.0,3,332.17785,332.31021,646.61153,-314.43368,441.3236,1720489.0,-0.079199928,0,1
182.75,126.25,3,334.51362,334.64253,651.17509,-316.66146,441.7236,1901434.4,-0.078647938,0,1
182.75,126.5,3,336.89736,337.02192,655.8313,-318.93394,441.9236,1998923.0,-0.07809268,0,1
182.75,126.75,3,339.33078,339.44946,660.58292,-321.25214,442.3236,2209151.6,-0.077534208,0,1
182.75,127.0,3,341.81572,341.92712,665.43523,-323.6195,442.5236,2322417.2,-0.076972383,0,1
182.75,127.25,3,344.35412,344.45653,670.3905,-326.03637,442.9236,2566668.0,-0.076407159,0,1
182.75,127.5,3,346.94804,347.03895,675.45292,-328.50488,443.3236,2836606.8,-0.075838592,0,1
182.75,127.75,3,349.59968,349.67665,680.62548,-331.0258,443.5236,2982042.7,-0.075266521,0,1
182.75,128.0,3,352.31134,352.37116,685.91531,-333.60397,443.9236,3295666.9,-0.074690973,0,1
182.75,128.25,3,355.08546,355.12456,691.32383,-336.23836,444.3236,3642275.2,-0.07411187,0,1
182.75,128.5,3,357.92464,357.93886,696.85926,-338.93462,444.7236,4025336.6,-0.073529164,0,1
182.75,128.75,3,360.83157,360.8161,702.52404,-341.69247,445.1236,4448685.0,-0.072942824,0,1
182.75,129.0,3,363.8091,363.7586,708.3251,-344.516,445.3236,4676773.9,-0.072352777,0,1
182.75,129.25,3,366.86022,366.76866,714.26876,-347.40854,445.7236,5168634.5,-0.07175898,0,1
182.75,129.5,3,369.98809,369.84864,720.36047,-350.37238,446.1236,5712224.6,-0.071161395,0,1
182.75,129.75,3,373.19599,373.00139,726.60651,-353.41052,446.5236,6312984.5,-0.070559911,0,1
182.75,130.0,3,376.48738,376.22907,733.01381,-356.52642,446.9236,6976926.9,-0.069954576,0,1
182.75,130.25,3,379.86591,379.53503,739.58816,-359.72225,447.3236,7710696.7,-0.069345232,0,1
182.75,130.5,3,383.33541,382.92215,746.33999,-363.00458,447.7236,8521637.7,-0.068731843,0,1
182.75,130.75,3,386.89989,386.39322,753.27585,-366.37596,448.1236,9417866.2,-0.068114408,0,1
182.75,131.0,3,390.56361,389.95191,760.40355,-369.83994,448.5236,10408352.0,-0.067492797,0,1
182.75,131.25,3,394.33103,393.60168,767.73178,-373.40076,448.9236,11503008.0,-0.066866953,0,1
182.75,131.5,3,398.2069,397.3461,775.26887,-377.06197,449.3236,12712790.0,-0.066236828,0,1
182.75,131.75,3,402.19621,401.18886,783.0277,-380.83149,449.9236,14770154.0,-0.065602383,0,1
182.75,132.0,3,406.30423,405.1343,791.01401,-384.70977,450.3236,16323545.0,-0.064963508,0,1
182.75,132.25,3,410.5366,409.18671,799.24405,-388.70744,450.7236,18040307.0,-0.064320137,0,1
182.75,132.5,3,414.89923,413.35066,807.72399,-392.82476,451.1236,19937623.0,-0.063672198,0,1
182.75,132.75,3,419.39847,417.63097,816.4714,-397.07293,451.7236,23164213.0,-0.06301962,0,1
182.75,133.0,3,424.04099,422.03276,825.49409,-401.4531,452.1236,25600414.0,-0.062362327,0,1
182.75,133.25,3,428.83397,426.56148,834.81106,-405.97709,452.7236,29743438.0,-0.061700239,0,1
182.75,133.5,3,433.785,431.22289,844.4321,-410.6471,453.1236,32871583.0,-0.061033275,0,1
182.75,133.75,3,438.9022,436.02314,854.37764,-415.47544,453.7236,38191331.0,-0.06036135,0,1
182.75,134.0,3,444.19428,440.96876,864.66018,-420.4659,454.1236,42207948.0,-0.059684376,0,1
182.75,134.25,3,449.67047,446.06671,875.30004,-425.62957,454.7236,49038639.0,-0.059002262,0,1
182.75,134.5,2,455.34073,451.32443,886.31829,-430.97756,455.1236,54196078.0,-0.058314913,0,1
182.75,134.75,2,461.21573,456.74984,897.73174,-436.51601,455.7236,62966859.0,-0.057622231,0,1
182.75,135.0,2,467.30687,462.35111,909.56485,-442.25797,456.3236,73157053.0,-0.056924153,0,1
182.75,135.25,2,473.62646,468.13741,921.84005,-448.2136,456.9236,84996369.0,-0.056220555,0,1
182.75,135.5,2,480.18775,474.11858,934.58809,-454.40034,457.5236,98751692.0,-0.055511314,0,1
182.75,135.75,2,487.00499,480.30494,947.82983,-460.82484,458.1236,114733100.0,-0.054796324,0,1
182.75,136.0,2,494.09359,486.70708,961.59803,-467.50444,458.7236,133300840.0,-0.054075533,0,1
182.75,136.25,2,501.47021,493.33757,975.9248,-474.45459,459.3236,154873480.0,-0.053348755,0,1
182.75,136.5,2,509.1529,500.2089,990.84888,-481.69598,459.9236,179937320.0,-0.052615907,0,1
182.75,136.75,2,517.16125,507.33488,1006.4022,-489.24097,460.5236,209057330.0,-0.051876869,0,1
182.75,137.0,2,525.5165,514.7305,1022.6289,-497.11241,461.3236,255343200.0,-0.051131505,0,1
182.75,137.25,2,534.24184,522.42472,1039.5738,-505.33193,461.9236,296666480.0,-0.050378445,0,1
182.75,137.5,2,543.36251,530.45147,1057.2865,-513.92397,462.7236,362349260.0,-0.049616123,0,1
182.75,137.75,2,552.90613,538.83272,1075.8194,-522.91323,463.3236,420989770.0,-0.04884437,0,1
182.75,138.0,2,562.90293,547.59244,1095.2323,-532.32935,464.1236,514198070.0,-0.048063017,0,1
183.0,112.0,3,244.30078,244.42677,474.7055,-230.40473,428.52906,70226.861,-0.1076762,0,1
183.0,112.25,3,245.24426,245.37043,476.55229,-231.30803,428.72906,73827.469,-0.10726209,0,1
183.0,112.5,3,246.19932,246.32588,478.42139,-232.22207,428.92906,77612.684,-0.10684604,0,1
183.0,112.75,3,247.16617,247.29285,480.31431,-233.14814,429.12906,81591.972,-0.10642825,0,1
183.0,113.0,3,248.14504,248.27206,482.23008,-234.08504,429.32906,85775.282,-0.10600848,0,1
183.0,113.25,3,249.13615,249.26337,484.17025,-235.0341,429.52906,90173.075,-0.1055869,0,1
183.0,113.5,3,250.13975,250.26727,486.13453,-235.99478,429.52906,90173.075,-0.10516335,0,1
183.0,113.75,3,251.15607,251.28383,488.12372,-236.96766,429.72906,94796.347,-0.10473792,0,1
183.0,114.0,3,252.18537,252.31342,490.13849,-237.95312,429.92906,99656.66,-0.10431052,0,1
183.0,114.25,3,253.22788,253.35619,492.17858,-238.95069,430.12906,104766.17,-0.1038812,0,1
183.0,114.5,3,254.28391,254.41253,494.24598,-239.96207,430.32906,110137.64,-0.10344988,0,1
183.0,114.75,3,255.35368,255.48253,496.33931,-240.98563,430.52906,115784.52,-0.10301661,0,1
183.0,115.0,3,256.4375,256.56672,498.46108,-242.02358,430.72906,121720.92,-0.10258129,0,1
183.0,115.25,3,257.53563,257.66505,500.60989,-243.07426,430.72906,121720.92,-0.10214403,0,1
183.0,115.5,3,258.64839,258.77822,502.78824,-244.13985,430.92906,127961.68,-0.10170464,0,1
183.0,115.75,3,259.77606,259.90607,504.99489,-245.21883,431.12906,134522.42,-0.1012633,0,1
183.0,116.0,3,260.91897,261.04931,507.23212,-246.31315,431.32906,141419.53,-0.10081982,0,1
183.0,116.25,3,262.07741,262.20807,509.49931,-247.4219,431.52906,148670.27,-0.10037428,0,1
183.0,116.5,3,263.25174,263.38264,511.79761,-248.54587,431.72906,156292.75,-0.099926649,0,1
183.0,116.75,3,264.44228,264.5736,514.12771,-249.68543,431.92906,164306.05,-0.099476839,0,1
183.0,117.0,3,265.64937,265.78092,516.48967,-250.8403,432.12906,172730.21,-0.099024961,0,1
183.0,117.25,3,266.87339,267.00524,518.88549,-252.0121,432.32906,181586.27,-0.098570895,0,1
183.0,117.5,3,268.11468,268.24697,521.31471,-253.20003,432.52906,190896.4,-0.098114602,0,1
183.0,117.75,3,269.37365,269.50616,523.77834,-254.40469,432.72906,200683.87,-0.09765619,0,1
183.0,118.0,3,270.65067,270.78349,526.27766,-255.62699,432.92906,210973.15,-0.097195531,0,1
183.0,118.25,3,271.94615,272.07939,528.81279,-256.86664,433.12906,221789.97,-0.096732595,0,1
183.0,118.5,3,273.26051,273.39407,531.3848,-258.12429,433.32906,233161.39,-0.096267432,0,1
183.0,118.75,3,274.59418,274.72801,533.99487,-259.40069,433.52906,245115.83,-0.095800008,0,1
183.0,119.0,3,275.94758,276.08177,536.64321,-260.69562,433.72906,257683.19,-0.095330253,0,1
183.0,119.25,3,277.3212,277.45581,539.33088,-262.00968,433.92906,270894.89,-0.094858151,0,1
183.0,119.5,3,278.71549,278.85045,542.05946,-263.34397,434.12906,284783.96,-0.094383729,0,1
183.0,119.75,3,280.13093,280.26618,544.82926,-264.69833,434.32906,299385.15,-0.093906961,0,1
183.0,120.0,3,281.56803,281.70362,547.64116,-266.07313,434.72906,330871.76,-0.093427784,0,1
183.0,120.25,3,283.02732,283.16329,550.49632,-267.469,434.92906,347835.92,-0.092946178,0,1
183.0,120.5,3,284.50933,284.6457,553.39625,-268.88693,435.12906,365669.85,-0.092462121,0,1
183.0,120.75,3,286.01459,286.1514,556.34157,-270.32698,435.32906,384418.14,-0.091975594,0,1
183.0,121.0,3,287.5437,287.68083,559.33354,-271.78984,435.52906,404127.68,-0.091486613,0,1
183.0,121.25,3,289.09724,289.23469,562.37296,-273.27573,435.72906,424847.75,-0.090995119,0,1
183.0,121.5,3,290.67582,290.81361,565.46111,-274.78529,436.12906,469529.38,-0.090501078,0,1
183.0,121.75,3,292.28008,292.41821,568.59986,-276.31977,436.32906,493602.67,-0.090004466,0,1
183.0,122.0,3,293.91068,294.04915,571.79017,-277.87949,436.52906,518910.22,-0.089505257,0,1
183.0,122.25,3,295.56829,295.7071,575.03314,-279.46485,436.72906,545515.31,-0.089003426,0,1
183.0,122.5,3,297.25361,297.39276,578.33022,-281.07661,436.92906,573484.48,-0.088498944,0,1
183.0,122.75,3,298.96739,299.10684,581.68275,-282.71536,437.32906,633798.37,-0.087991785,0,1
183.0,123.0,3,300.71037,300.85011,585.09234,-284.38198,437.52906,666293.91,-0.087481919,0,1
183.0,123.25,3,302.48334,302.62334,588.56045,-286.07712,437.72906,700455.53,-0.086969317,0,1
183.0,123.5,3,304.28712,304.42734,592.0888,-287.80168,438.12906,774123.08,-0.086453947,0,1
183.0,123.75,3,306.12257,306.26295,595.67887,-289.5563,438.32906,813813.21,-0.085935778,0,1
183.0,124.0,3,307.99057,308.13105,599.33244,-291.34187,438.52906,855538.31,-0.085414778,0,1
183.0,124.25,3,309.89203,310.03254,603.05126,-293.15922,438.92906,945516.06,-0.084890912,0,1
183.0,124.5,3,311.82793,311.96837,606.83715,-295.00922,439.12906,993993.71,-0.084364146,0,1
183.0,124.75,3,313.79927,313.93949,610.69229,-296.89302,439.32906,1044956.9,-0.083834451,0,1
183.0,125.0,3,315.8071,315.94678,614.61831,-298.8112,439.72906,1154855.9,-0.083301829,0,1
183.0,125.25,3,317.85253,317.99145,618.61769,-300.76516,439.92906,1214066.7,-0.082766202,0,1
183.0,125.5,3,319.93672,320.07461,622.69223,-302.75551,440.32906,1341751.2,-0.082227532,0,1
183.0,125.75,3,322.06087,322.1974,626.84462,-304.78374,440.52906,1410544.2,-0.081685777,0,1
183.0,126.0,3,324.22629,324.36103,631.07699,-306.8507,440.92906,1558892.4,-0.081140897,0,1
183.0,126.25,3,326.43432,326.56643,635.39211,-308.95779,441.12906,1638818.6,-0.080592928,0,1
183.0,126.5,3,328.68641,328.81518,639.79251,-311.1061,441.52906,1811174.6,-0.080041757,0,1
183.0,126.75,3,330.98408,331.10866,644.28126,-313.29718,441.72906,1904035.5,-0.079487336,0,1
183.0,127.0,3,333.32895,333.44811,648.86031,-315.53136,442.12906,2104284.7,-0.078929656,0,1
183.0,127.25,3,335.72275,335.83491,653.53496,-317.81221,442.32906,2212173.7,-0.0783687,0,1
183.0,127.5,3,338.16729,338.27085,658.30773,-320.14044,442.72906,2444830.0,-0.077804354,0,1
183.0,127.75,3,340.66451,340.75728,663.18173,-322.51722,443.12906,2701955.0,-0.077236634,0,1
183.0,128.0,3,343.21646,343.29589,668.16026,-324.94379,443.32906,2840487.2,-0.076665484,0,1
183.0,128.25,3,345.82534,345.88864,673.24979,-327.42446,443.72906,3139223.9,-0.076090806,0,1
183.0,128.5,3,348.4934,348.53685,678.45207,-329.95868,444.12906,3469378.9,-0.075512661,0,1
183.0,128.75,3,351.2231,351.24301,683.7747,-332.5516,444.52906,3834256.7,-0.074930871,0,1
183.0,129.0,3,354.01696,354.0085,689.21947,-335.20252,444.72906,4030843.2,-0.074345517,0,1
183.0,129.25,3,356.87764,356.836,694.79287,-337.91522,445.12906,4454770.7,-0.073756417,0,1
183.0,129.5,3,359.80798,359.72704,700.50282,-340.69484,445.52906,4923283.1,-0.073163655,0,1
183.0,129.75,3,362.8109,362.68451,706.35105,-343.54015,445.92906,5441069.3,-0.072567051,0,1
183.0,130.0,3,365.88949,365.7103,712.34573,-346.45624,446.32906,6013311.5,-0.07196665,0,1
183.0,130.25,3,369.04699,368.80722,718.49266,-349.44568,446.72906,6645737.0,-0.071362338,0,1
183.0,130.5,3,372.28679,371.97794,724.79855,-352.51176,447.12906,7344675.2,-0.070754048,0,1
183.0,130.75,3,375.61248,375.22482,731.26944,-355.65695,447.52906,8117121.5,-0.070141802,0,1
183.0,131.0,3,379.02783,378.55119,737.91507,-358.88724,447.92906,8970806.6,-0.069525458,0,1
183.0,131.25,3,382.53677,381.96009,744.74221,-362.20544,448.32906,9914274.6,-0.068904961,0,1
183.0,131.5,3,386.14347,385.45443,751.7585,-365.61503,448.72906,10956968.0,-0.068280303,0,1
183.0,131.75,3,389.85235,389.03778,758.97077,-369.11842,449.12906,12109322.0,-0.067651387,0,1
183.0,132.0,3,393.66804,392.7138,766.39211,-372.72407,449.52906,13382871.0,-0.067018132,0,1
183.0,132.25,3,397.59545,396.48625,774.02939,-376.43394,449.92906,14790360.0,-0.066380474,0,1
183.0,132.5,3,401.63979,400.35909,781.89237,-380.25258,450.32906,16345875.0,-0.065738348,0,1
183.0,132.75,3,405.80656,404.33653,789.99381,-384.18725,450.92906,18991198.0,-0.065091682,0,1
183.0,133.0,3,410.10161,408.42292,798.34254,-388.24093,451.32906,20988519.0,-0.064440421,0,1
183.0,133.25,3,414.53113,412.62308,806.95338,-392.42225,451.72906,23195901.0,-0.063784472,0,1
183.0,133.5,3,419.10174,416.94203,815.83641,-396.73466,452.32906,26949792.0,-0.063123751,0,1
183.0,133.75,3,423.82045,421.38508,825.00568,-401.18523,452.72906,29784127.0,-0.062458179,0,1
183.0,134.0,3,428.69476,425.95787,834.47965,-405.78489,453.32906,34604218.0,-0.061787672,0,1
183.0,134.25,3,433.73264,430.66631,844.2691,-410.53647,453.72906,38243576.0,-0.061112152,0,1
183.0,134.5,3,438.94261,435.51671,854.39353,-415.45092,454.32906,44432696.0,-0.060431538,0,1
183.0,134.75,3,444.33384,440.51594,864.86814,-420.5343,454.72906,49105723.0,-0.059745727,0,1
183.0,135.0,3,449.91605,445.67123,875.7134,-425.79735,455.32906,57052711.0,-0.059054621,0,1
183.0,135.25,3,455.69972,450.99029,886.94882,-431.2491,455.92906,66285793.0,-0.058358119,0,1
183.0,135.5,2,461.69614,456.4814,898.60026,-436.90413,456.52906,77013104.0,-0.057656117,0,1
183.0,135.75,2,467.91735,462.153,910.68478,-442.76742,457.12906,89476462.0,-0.056948554,0,1
183.0,136.0,2,474.37638,468.01469,923.2311,-448.85472,457.52906,98886784.0,-0.056235297,0,1
183.0,136.25,2,481.08725,474.07676,936.26519,-455.17794,458.12906,114890050.0,-0.05551621,0,1
183.0,136.5,2,488.06514,480.34959,949.82158,-461.75644,458.92906,140327030.0,-0.05479123,0,1
183.0,136.75,2,495.3264,486.845,963.92496,-468.59857,459.52906,163036740.0,-0.054060214,0,1
183.0,137.0,2,502.88877,493.57559,978.61222,-475.72345,460.12906,189421670.0,-0.053323028,0,1
183.0,137.25,2,510.7715,500.55438,993.92163,-483.15014,460.72906,220076580.0,-0.052579592,0,1
183.0,137.5,2,518.99549,507.80496,1009.8927,-490.89725,461.32906,255692510.0,-0.051828846,0,1
183.0,137.75,2,527.58353,515.36151,1026.5741,-498.99054,462.12906,312303540.0,-0.0510689,0,1
183.0,138.0,2,536.56045,523.24424,1044.0082,-507.4477,462.72906,362844950.0,-0.050299541,0,1
183.25,112.0,3,240.31049,240.43593,466.9024,-226.59191,428.33453,66893.116,-0.10946345,0,1
183.25,112.25,3,241.21855,241.34419,468.68018,-227.46164,428.53453,70322.799,-0.1090515,0,1
183.25,112.5,3,242.13756,242.26344,470.47886,-228.3413,428.73453,73928.326,-0.10863771,0,1
183.25,112.75,3,243.06775,243.19394,472.29991,-229.23217,428.93453,77718.713,-0.10822204,0,1
183.25,113.0,3,244.00932,244.13567,474.14299,-230.13367,429.13453,81703.436,-0.10780459,0,1
183.25,113.25,3,244.96247,245.08921,476.00832,-231.04586,429.13453,81703.436,-0.10738516,0,1
183.25,113.5,3,245.92744,246.0543,477.89764,-231.9702,429.33453,85892.461,-0.10696397,0,1
183.25,113.75,3,246.90444,247.03166,479.80978,-232.90534,429.53453,90296.262,-0.10654078,0,1
183.25,114.0,3,247.89372,248.0211,481.74649,-233.85277,429.73453,94925.85,-0.10611575,0,1
183.25,114.25,3,248.8955,249.02323,483.70721,-234.81172,429.93453,99792.803,-0.10568872,0,1
183.25,114.5,3,249.91002,250.03794,485.6932,-235.78318,430.13453,104909.29,-0.10525981,0,1
183.25,114.75,3,250.93755,251.06583,487.70434,-236.76678,430.13453,104909.29,-0.10482886,0,1
183.25,115.0,3,251.97834,252.10679,489.7417,-237.76336,430.33453,110288.1,-0.10439602,0,1
183.25,115.25,3,253.03265,253.16151,491.80516,-238.7725,430.53453,115942.7,-0.10396108,0,1
183.25,115.5,3,254.10075,254.22976,493.8959,-239.79515,430.73453,121887.2,-0.10352425,0,1
183.25,115.75,3,255.18293,255.31231,496.01404,-240.83111,430.93453,128136.49,-0.10308529,0,1
183.25,116.0,3,256.27947,256.40907,498.16035,-241.88088,431.13453,134706.19,-0.10264436,0,1
183.25,116.25,3,257.39067,257.52057,500.33498,-242.94431,431.33453,141612.73,-0.10220133,0,1
183.25,116.5,3,258.51683,258.64706,502.53946,-244.02264,431.53453,148873.37,-0.10175621,0,1
183.25,116.75,3,259.65825,259.78871,504.77303,-245.11477,431.73453,156506.27,-0.10130904,0,1
183.25,117.0,3,260.81528,260.94613,507.03798,-246.2227,431.93453,164530.52,-0.10085969,0,1
183.25,117.25,3,261.98822,262.11933,509.33356,-247.34534,432.13453,172966.18,-0.10040826,0,1
183.25,117.5,3,263.17745,263.30882,511.66098,-248.48353,432.33453,181834.34,-0.099954666,0,1
183.25,117.75,3,264.38328,264.51507,514.02113,-249.63785,432.53453,191157.19,-0.09949885,0,1
183.25,118.0,3,265.60608,265.73812,516.41386,-250.80777,432.73453,200958.03,-0.09904091,0,1
183.25,118.25,3,266.84625,266.97857,518.84141,-251.99516,432.93453,211261.36,-0.098580742,0,1
183.25,118.5,3,268.10414,268.23686,521.30324,-253.1991,433.13453,222092.97,-0.098118303,0,1
183.25,118.75,3,269.38016,269.51321,523.79998,-254.41982,433.33453,233479.92,-0.097653638,0,1
183.25,119.0,3,270.67473,270.80803,526.33383,-255.6591,433.53453,245450.69,-0.097186725,0,1
183.25,119.25,3,271.98824,272.12188,528.90444,-256.9162,433.73453,258035.21,-0.096717488,0,1
183.25,119.5,3,273.32114,273.4552,531.51233,-258.19119,433.93453,271264.96,-0.096245911,0,1
183.25,119.75,3,274.67389,274.80828,534.15988,-259.48599,434.13453,285173.01,-0.095772024,0,1
183.25,120.0,3,276.04692,276.18159,536.84699,-260.80007,434.33453,299794.15,-0.095295797,0,1
183.25,120.25,3,277.44073,277.57573,539.57445,-262.13372,434.53453,315164.92,-0.094817169,0,1
183.25,120.5,3,278.8558,278.99118,542.34296,-263.48715,434.73453,331323.77,-0.094336118,0,1
183.25,120.75,3,280.29266,280.42844,545.1549,-264.86224,434.93453,348311.11,-0.093852626,0,1
183.25,121.0,3,281.7518,281.888,548.01028,-266.25848,435.13453,366169.4,-0.093366675,0,1
183.25,121.25,3,283.23379,283.37027,550.91017,-267.67639,435.53453,404679.77,-0.092878287,0,1
183.25,121.5,3,284.73917,284.87596,553.85576,-269.1166,435.73453,425428.14,-0.092387385,0,1
183.25,121.75,3,286.26852,286.40565,556.84777,-270.57924,435.93453,447240.31,-0.091893945,0,1
183.25,122.0,3,287.82247,287.95993,559.88809,-272.06562,436.13453,470170.81,-0.091397943,0,1
183.25,122.25,3,289.40161,289.53941,562.97796,-273.57635,436.33453,494276.99,-0.090899353,0,1
183.25,122.5,3,291.0066,291.14473,566.11822,-275.11162,436.53453,519619.11,-0.090398151,0,1
183.25,122.75,3,292.63809,292.77654,569.31031,-276.67222,436.93453,574267.93,-0.08989431,0,1
183.25,123.0,3,294.29678,294.43554,572.55541,-278.25863,437.13453,603711.27,-0.089387801,0,1
183.25,123.25,3,295.98339,296.12242,575.85492,-279.87153,437.33453,634664.21,-0.088878595,0,1
183.25,123.5,3,297.69865,297.83794,579.21045,-281.5118,437.53453,667204.14,-0.088366665,0,1
183.25,123.75,3,299.44335,299.58284,582.62348,-283.18013,437.93453,737374.62,-0.087851978,0,1
183.25,124.0,3,301.21828,301.35792,586.09556,-284.87728,438.13453,775180.62,-0.087334505,0,1
183.25,124.25,3,303.02428,303.16402,589.62807,-286.60378,438.33453,814924.98,-0.086814212,0,1
183.25,124.5,3,304.86223,305.00197,593.22304,-288.36081,438.73453,900631.39,-0.086291065,0,1
183.25,124.75,3,306.73302,306.87268,596.88188,-290.14887,438.93453,946807.75,-0.085765032,0,1
183.25,125.0,3,308.6376,308.77706,600.60674,-291.96914,439.33453,1046384.4,-0.085236075,0,1
183.25,125.25,3,310.57697,310.71605,604.39928,-293.82231,439.53453,1100033.7,-0.084704171,0,1
183.25,125.5,3,312.55217,312.6905,608.26156,-295.70939,439.73453,1156433.6,-0.084169315,0,1
183.25,125.75,3,314.56428,314.7016,612.19564,-297.63136,440.13453,1278056.8,-0.083631431,0,1
183.25,126.0,3,316.61446,316.75044,616.20372,-299.58927,440.33453,1343584.2,-0.083090477,0,1
183.25,126.25,3,318.7039,318.83815,620.28802,-301.58411,440.73453,1484890.1,-0.082546412,0,1
183.25,126.5,3,320.8339,320.96582,624.45102,-303.61712,440.93453,1561022.1,-0.081999214,0,1
183.25,126.75,3,323.0058,323.13449,628.69518,-305.68938,441.33453,1725196.2,-0.08144889,0,1
183.25,127.0,3,325.22102,325.34567,633.02318,-307.80215,441.53453,1813648.9,-0.08089533,0,1
183.25,127.25,3,327.4811,327.6007,637.43768,-309.95657,441.93453,2004392.0,-0.080338489,0,1
183.25,127.5,3,329.78766,329.90063,641.94206,-312.1544,442.13453,2107159.4,-0.079778402,0,1
183.25,127.75,3,332.1424,332.24712,646.53978,-314.39738,442.53453,2328771.3,-0.079214969,0,1
183.25,128.0,3,334.54714,334.64178,651.23384,-316.6867,442.93453,2573690.3,-0.078648114,0,1
183.25,128.25,3,337.00381,337.08569,656.02683,-319.02302,443.13453,2705646.2,-0.078077906,0,1
183.25,128.5,3,339.51446,339.58096,660.92541,-321.41095,443.53453,2990201.5,-0.077504184,0,1
183.25,128.75,3,342.08123,342.12901,665.9317,-323.85047,443.93453,3304683.8,-0.076926961,0,1
183.25,129.0,3,344.70641,344.73167,671.04974,-326.34333,444.13453,3474118.5,-0.076346177,0,1
183.25,129.25,3,347.39237,347.39084,676.28469,-328.89232,444.53453,3839494.8,-0.075761769,0,1
183.25,129.5,3,350.14162,350.10834,681.64286,-331.50124,444.93453,4243297.9,-0.075173717,0,1
183.25,129.75,3,352.95681,352.8863,687.12716,-334.17035,445.33453,4689569.5,-0.07458194,0,1
183.25,130.0,3,355.84068,355.72681,692.74426,-336.90358,445.73453,5182775.8,-0.073986397,0,1
183.25,130.25,3,358.79612,358.632,698.49933,-339.70321,445.93453,5448502.4,-0.073387052,0,1
183.25,130.5,3,361.82617,361.6045,704.39846,-342.57229,446.33453,6021526.4,-0.072783787,0,1
183.25,130.75,3,364.93401,364.64622,710.44797,-345.51397,446.73453,6654815.9,-0.072176657,0,1
183.25,131.0,3,368.12298,367.76021,716.65433,-348.53135,447.13453,7354709.0,-0.071565504,0,1
183.25,131.25,3,371.39658,370.94916,723.02275,-351.62617,447.53453,8128210.5,-0.070950275,0,1
183.25,131.5,3,374.75854,374.21545,729.56424,-354.8057,447.93453,8983061.8,-0.070330995,0,1
183.25,131.75,3,378.2127,377.56249,736.28397,-358.07127,448.33453,9927818.7,-0.069707521,0,1
183.25,132.0,3,381.76317,380.99339,743.19012,-361.42695,448.73453,10971936.0,-0.069079795,0,1
183.25,132.25,3,385.41428,384.51144,750.28976,-364.87548,449.13453,12125865.0,-0.068447756,0,1
183.25,132.5,3,389.17059,388.1199,757.59504,-368.42444,449.73453,14088245.0,-0.067811378,0,1
183.25,132.75,3,393.03693,391.82262,765.11149,-372.07456,450.13453,15569919.0,-0.06717056,0,1
183.25,133.0,3,397.01841,395.62355,772.85321,-375.83481,450.53453,17207422.0,-0.066525224,0,1
183.25,133.25,3,401.12043,399.52676,780.82655,-379.70613,450.93453,19017142.0,-0.065875299,0,1
183.25,133.5,3,405.34875,403.53661,789.04699,-383.69824,451.53453,22094767.0,-0.065220712,0,1
183.25,133.75,3,409.70947,407.65769,797.5216,-387.81213,451.93453,24418494.0,-0.064561385,0,1
183.25,134.0,3,414.20907,411.89487,806.268,-392.05893,452.33453,26986609.0,-0.06389724,0,1
183.25,134.25,3,418.85447,416.25331,815.29553,-396.44106,452.93453,31353967.0,-0.063228193,0,1
183.25,134.5,3,423.653,420.73853,824.61895,-400.96595,453.33453,34651492.0,-0.06255416,0,1
183.25,134.75,3,428.61256,425.35634,834.25813,-405.64557,453.93453,40259290.0,-0.061875051,0,1
183.25,135.0,3,433.7415,430.11296,844.22335,-410.48186,454.53453,46774622.0,-0.061190774,0,1
183.25,135.25,3,439.04878,435.01502,854.53391,-415.48512,454.93453,51693952.0,-0.060501233,0,1
183.25,135.5,3,444.54406,440.06927,865.21182,-420.66776,455.53453,60059803.0,-0.059806369,0,1
183.25,135.75,3,450.23759,445.28341,876.27288,-426.03528,456.13453,69779536.0,-0.059106054,0,1
183.25,136.0,3,456.14044,450.66552,887.73872,-431.59828,456.53453,77118314.0,-0.058400174,0,1
183.25,136.25,2,462.26449,456.22423,899.63667,-437.37218,457.13453,89598697.0,-0.057688618,0,1
183.25,136.5,2,468.62257,461.96814,911.98733,-443.36477,457.73453,104098830.0,-0.056971343,0,1
183.25,136.75,2,475.22843,467.90757,924.8179,-449.58947,458.33453,120945590.0,-0.056248171,0,1
183.25,137.0,2,482.09698,474.05299,938.15872,-456.06174,458.93453,140518730.0,-0.055518994,0,1
183.25,137.25,2,489.24431,480.41525,952.04032,-462.79601,459.53453,163259470.0,-0.054783742,0,1
183.25,137.5,2,496.68788,487.00714,966.4993,-469.81141,460.33453,199405570.0,-0.054042216,0,1
183.25,137.75,2,504.44661,493.84625,981.56827,-477.12165,460.93453,231676220.0,-0.053293803,0,1
183.25,138.0,2,512.54104,500.96683,997.28864,-484.7476,461.53453,269169360.0,-0.052536303,0,1
183.5,112.0,3,236.42784,236.55268,459.30937,-222.88153,428.13998,63717.509,-0.1112604,0,1
183.5,112.25,3,237.3021,237.42729,461.02136,-223.71926,428.33998,66984.375,-0.11085055,0,1
183.5,112.5,3,238.18675,238.31207,462.75299,-224.56623,428.53998,70418.738,-0.11043899,0,1
183.5,112.75,3,239.08198,239.20758,464.50527,-225.42329,428.73998,74029.184,-0.11002555,0,1
183.5,113.0,3,239.988,240.11384,466.27921,-226.2912,428.73998,74029.184,-0.10961028,0,1
183.5,113.25,3,240.90499,241.03104,468.07407,-227.16907,428.93998,77824.741,-0.10919318,0,1
183.5,113.5,3,241.83317,241.95954,469.89121,-228.05805,429.13998,81814.901,-0.10877416,0,1
183.5,113.75,3,242.77274,242.89926,471.73041,-228.95767,429.33998,86009.64,-0.10835333,0,1
183.5,114.0,3,243.72391,243.85082,473.5923,-229.86839,429.53998,90419.449,-0.10793052,0,1
183.5,114.25,3,244.68692,244.81395,475.47748,-230.79056,429.53998,90419.449,-0.1075059,0,1
183.5,114.5,3,245.66197,245.7894,477.38572,-231.72374,429.73998,95055.353,-0.10707925,0,1
183.5,114.75,3,246.64933,246.77688,479.31893,-232.6696,429.93998,99928.946,-0.10665077,0,1
183.5,115.0,3,247.64921,247.77716,481.27583,-233.62662,430.13998,105052.41,-0.10622022,0,1
183.5,115.25,3,248.66186,248.78994,483.25837,-234.59651,430.33998,110438.56,-0.10578782,0,1
183.5,115.5,3,249.68754,249.816,485.26573,-235.57818,430.53998,116100.87,-0.10535332,0,1
183.5,115.75,3,250.72651,250.85514,487.29978,-236.57327,430.73998,122053.49,-0.10491691,0,1
183.5,116.0,3,251.77903,251.90799,489.35957,-237.58054,430.93998,128311.31,-0.10447841,0,1
183.5,116.25,3,252.84538,252.97458,491.44721,-238.60183,430.93998,128311.31,-0.1040379,0,1
183.5,116.5,3,253.92583,254.05531,493.56162,-239.63579,431.13998,134889.97,-0.10359534,0,1
183.5,116.75,3,255.02069,255.15052,495.70503,-240.68434,431.33998,141805.92,-0.10315066,0,1
183.5,117.0,3,256.13023,256.26026,497.87673,-241.7465,431.53998,149076.47,-0.10270396,0,1
183.5,117.25,3,257.25479,257.38518,500.07785,-242.82306,431.73998,156719.78,-0.10225509,0,1
183.5,117.5,3,258.39465,258.52532,502.30897,-243.91431,431.93998,164754.98,-0.10180413,0,1
183.5,117.75,3,259.55017,259.68108,504.57035,-245.02019,432.13998,173202.15,-0.10135103,0,1
183.5,118.0,3,260.72165,260.85297,506.86349,-246.14183,432.33998,182082.41,-0.10089571,0,1
183.5,118.25,3,261.90945,262.04102,509.18823,-247.27877,432.53998,191417.98,-0.10043826,0,1
183.5,118.5,3,263.11394,263.24577,511.54548,-248.43154,432.73998,201232.18,-0.099978605,0,1
183.5,118.75,3,264.33545,264.46767,513.93644,-249.60099,432.93998,211549.58,-0.099516682,0,1
183.5,119.0,3,265.57438,265.70692,516.36086,-250.78648,433.13998,222395.96,-0.099052539,0,1
183.5,119.25,3,266.83111,266.9639,518.8206,-251.98949,433.33998,233798.44,-0.098586157,0,1
183.5,119.5,3,268.10605,268.23917,521.316,-253.20995,433.53998,245785.55,-0.098117457,0,1
183.5,119.75,3,269.39958,269.53312,523.84747,-254.44789,433.73998,258387.24,-0.097646424,0,1
183.5,120.0,3,270.71216,270.84601,526.41602,-255.70386,433.93998,271635.04,-0.097173097,0,1
183.5,120.25,3,272.04422,272.17833,529.02309,-256.97887,434.13998,285562.06,-0.096697431,0,1
183.5,120.5,3,273.39619,273.53063,531.66898,-258.27279,434.33998,300203.14,-0.096219371,0,1
183.5,120.75,3,274.76855,274.90337,534.35454,-259.58599,434.73998,331775.78,-0.095738897,0,1
183.5,121.0,3,276.1618,276.29701,537.08065,-260.91885,434.93998,348786.29,-0.095255989,0,1
183.5,121.25,3,277.57641,277.71198,539.84915,-262.27273,435.13998,366668.95,-0.09477065,0,1
183.5,121.5,3,279.01291,279.14876,542.66028,-263.64737,435.33998,385468.47,-0.094282866,0,1
183.5,121.75,3,280.47182,280.60798,545.51518,-265.04337,435.53998,405231.86,-0.093792576,0,1
183.5,122.0,3,281.95369,282.09017,548.41476,-266.46108,435.73998,426008.54,-0.093299758,0,1
183.5,122.25,3,283.45909,283.59591,551.35997,-267.90088,435.93998,447850.46,-0.092804387,0,1
183.5,122.5,3,284.98862,285.12578,554.35294,-269.36431,436.33998,494951.31,-0.092306439,0,1
183.5,122.75,3,286.54288,286.68036,557.39427,-270.85138,436.53998,520328.0,-0.091805888,0,1
183.5,123.0,3,288.1225,288.26029,560.48507,-272.36258,436.73998,547005.79,-0.091302708,0,1
183.5,123.25,3,289.72812,289.86621,563.62656,-273.89844,436.93998,575051.38,-0.090796871,0,1
183.5,123.5,3,291.36043,291.4988,566.82017,-275.45974,437.13998,604534.89,-0.090288349,0,1
183.5,123.75,3,293.02013,293.15874,570.06727,-277.04713,437.53998,668114.38,-0.089777113,0,1
183.5,124.0,3,294.70796,294.84676,573.36928,-278.66132,437.73998,702369.34,-0.089263132,0,1
183.5,124.25,3,296.42466,296.5636,576.72762,-280.30296,437.93998,738380.58,-0.088746377,0,1
183.5,124.5,3,298.17102,298.31005,580.14387,-281.97285,438.33998,816036.75,-0.088226814,0,1
183.5,124.75,3,299.94787,300.0869,583.61949,-283.67162,438.53998,857875.85,-0.087704411,0,1
183.5,125.0,3,301.75607,301.89501,587.15634,-285.40027,438.73998,901860.08,-0.087179133,0,1
183.5,125.25,3,303.5965,303.73523,590.75602,-287.15952,439.13998,996709.54,-0.086650947,0,1
183.5,125.5,3,305.4701,305.60847,594.42021,-288.95011,439.33998,1047811.9,-0.086119814,0,1
183.5,125.75,3,307.37785,307.51565,598.15101,-290.77316,439.53998,1101534.4,-0.08558571,0,1
183.5,126.0,3,309.32077,309.45758,601.95016,-292.62938,439.93998,1217383.8,-0.085048636,0,1
183.5,126.25,3,311.29995,311.43545,605.81979,-294.51984,440.13998,1279800.4,-0.084508507,0,1
183.5,126.5,3,313.31652,313.45032,609.76199,-296.44548,440.53998,1414398.2,-0.083965283,0,1
183.5,126.75,3,315.37167,315.5033,613.77914,-298.40747,440.73998,1486915.9,-0.083418923,0,1
183.5,127.0,3,317.46669,317.59537,617.8735,-300.40681,441.13998,1643296.2,-0.082869423,0,1
183.5,127.25,3,319.60292,319.72769,622.04761,-302.44469,441.33998,1727549.8,-0.082316751,0,1
183.5,127.5,3,321.78178,321.90169,626.30388,-304.5221,441.73998,1909237.8,-0.081760815,0,1
183.5,127.75,3,324.00481,324.11865,630.64535,-306.64054,441.93998,2007126.5,-0.081201577,0,1
183.5,128.0,3,326.2736,326.37952,635.07581,-308.80221,442.33998,2218217.9,-0.080639083,0,1
183.5,128.25,3,328.58986,328.68612,639.59768,-311.00782,442.73998,2451509.9,-0.080073187,0,1
183.5,128.5,3,330.9554,331.03978,644.21396,-313.25856,442.93998,2577201.5,-0.079503875,0,1
183.5,128.75,3,333.37217,333.44181,648.92901,-315.55684,443.33998,2848248.1,-0.078931149,0,1
183.5,129.0,3,335.84215,335.89419,653.74677,-317.90461,443.73998,3147801.0,-0.078354868,0,1
183.5,129.25,3,338.36751,338.39805,658.6708,-320.30329,443.93998,3309192.2,-0.077775109,0,1
183.5,129.5,3,340.95046,340.95564,663.70527,-322.7548,444.33998,3657223.0,-0.077191698,0,1
183.5,129.75,3,343.59338,343.56831,668.85676,-325.26337,444.73998,4041856.5,-0.076604693,0,1
183.5,130.0,3,346.29874,346.23839,674.12753,-327.82879,445.13998,4466942.2,-0.076013942,0,1
183.5,130.25,3,349.06911,348.96737,679.52361,-330.45449,445.33998,4695967.3,-0.075419502,0,1
183.5,130.5,3,351.90722,351.75783,685.05039,-333.14317,445.73998,5189846.4,-0.074821205,0,1
183.5,130.75,3,354.8159,354.61146,690.71372,-335.89783,446.13998,5735667.4,-0.074219106,0,1
183.5,131.0,3,357.79812,357.53086,696.51905,-338.72093,446.53998,6338892.8,-0.073613072,0,1
183.5,131.25,3,360.85703,360.51845,702.47239,-341.61537,446.93998,7005559.9,-0.073003046,0,1
183.5,131.5,3,363.99588,363.57634,708.58066,-344.58478,447.33998,7742341.1,-0.072389047,0,1
183.5,131.75,3,367.21814,366.70758,714.84877,-347.63063,447.73998,8556610.2,-0.071770933,0,1
183.5,132.0,3,370.52744,369.9149,721.28686,-350.75942,448.13998,9456516.8,-0.071148649,0,1
183.5,132.25,3,373.92757,373.20095,727.90082,-353.97325,448.53998,10451067.0,-0.070522181,0,1
183.5,132.5,3,377.42256,376.56893,734.69682,-357.27426,448.93998,11550216.0,-0.069891441,0,1
183.5,132.75,3,381.01669,380.02216,741.68701,-360.67032,449.33998,12764962.0,-0.069256344,0,1
183.5,133.0,3,384.71439,383.56402,748.8771,-364.16271,449.73998,14107465.0,-0.068616825,0,1
183.5,133.25,3,388.52046,387.19809,756.27669,-367.75623,450.33998,16390536.0,-0.067972817,0,1
183.5,133.5,3,392.43988,390.92816,763.89691,-371.45703,450.73998,18114344.0,-0.06732425,0,1
183.5,133.75,3,396.478,394.75821,771.74582,-375.26781,451.13998,20019446.0,-0.066671052,0,1
183.5,134.0,3,400.64044,398.69246,779.83685,-379.1964,451.53998,22124910.0,-0.066013151,0,1
183.5,134.25,3,404.93324,402.73542,788.1801,-383.24685,452.13998,25705478.0,-0.065350461,0,1
183.5,134.5,3,409.36274,406.89186,796.78746,-387.42472,452.53998,28408946.0,-0.064682899,0,1
183.5,134.75,3,413.93574,411.16676,805.67563,-391.73989,453.13998,33006487.0,-0.064010391,0,1
183.5,135.0,3,418.65949,415.56551,814.85396,-396.19447,453.53998,36477809.0,-0.063332843,0,1
183.5,135.25,3,423.54168,420.09379,824.33941,-400.79773,454.13998,42381168.0,-0.062650164,0,1
183.5,135.5,3,428.59059,424.75766,834.15137,-405.56078,454.53998,46838434.0,-0.061962261,0,1
183.5,135.75,3,433.81503,429.56357,844.30125,-410.48622,455.13998,54418497.0,-0.061269035,0,1
183.5,136.0,3,439.22443,434.51838,854.80944,-415.585,455.73998,63225273.0,-0.060570384,0,1
183.5,136.25,3,444.82893,439.62924,865.69912,-420.87019,456.13998,69874733.0,-0.05986623,0,1
183.5,136.5,3,450.63942,444.90384,876.98596,-426.34654,456.73998,81182857.0,-0.059156479,0,1
183.5,136.75,3,456.66755,450.35082,888.69554,-432.02799,457.33998,94321024.0,-0.058440983,0,1
183.5,137.0,2,462.92591,455.97897,900.85134,-437.92543,457.93998,109585400.0,-0.057719646,0,1
183.5,137.25,2,469.42807,461.79749,913.48273,-444.05466,458.53998,127320060.0,-0.056992395,0,1
183.5,137.5,2,476.18868,467.81718,926.61371,-450.42503,459.13998,147924810.0,-0.056259039,0,1
183.5,137.75,2,483.22355,474.04833,940.27742,-457.05387,459.73998,171864110.0,-0.055519539,0,1
183.5,138.0,2,490.54983,480.50603,954.5062,-463.95637,460.33998,199677610.0,-0.054773392,0,1
183.75,112.0,3,232.64856,232.77291,451.9188,-219.27024,427.94542,60692.544,-0.11306704,0,1
183.75,112.25,3,233.49056,233.61514,453.5674,-220.07684,428.14542,63804.317,-0.11265941,0,1
183.75,112.5,3,234.34243,234.46731,455.23505,-220.89262,428.34542,67075.635,-0.11224995,0,1
183.75,112.75,3,235.20433,235.32935,456.92204,-221.71771,428.34542,67075.635,-0.11183877,0,1
183.75,113.0,3,236.07644,236.20177,458.62971,-222.55326,428.54542,70514.676,-0.11142569,0,1
183.75,113.25,3,236.95896,237.08447,460.35731,-223.39835,428.74542,74130.041,-0.11101084,0,1
183.75,113.5,3,237.85207,237.97782,462.10544,-224.25338,428.94542,77930.769,-0.11059411,0,1
183.75,113.75,3,238.75597,238.88199,463.87524,-225.11927,429.14542,81926.365,-0.11017551,0,1
183.75,114.0,3,239.67086,239.79707,465.66604,-225.99518,429.14542,81926.365,-0.10975507,0,1
183.75,114.25,3,240.59695,240.72348,467.4792,-226.88225,429.34542,86126.82,-0.10933269,0,1
183.75,114.5,3,241.53444,241.66114,469.31426,-227.77982,429.54542,90542.636,-0.10890847,0,1
183.75,114.75,3,242.48355,242.61061,471.17242,-228.68886,429.74542,95184.857,-0.10848225,0,1
183.75,115.0,3,243.44452,243.57172,473.05353,-229.60901,429.94542,100065.09,-0.10805419,0,1
183.75,115.25,3,244.41755,244.54512,474.9583,-230.54075,430.14542,105195.54,-0.10762409,0,1
183.75,115.5,3,245.40291,245.53062,476.8872,-231.48429,430.14542,105195.54,-0.10719211,0,1
183.75,115.75,3,246.4008,246.52886,478.84038,-232.43958,430.34542,110589.03,-0.10675807,0,1
183.75,116.0,3,247.4115,247.53976,480.81909,-233.40758,430.54542,116259.05,-0.10632209,0,1
183.75,116.25,3,248.43525,248.56381,482.82293,-234.38769,430.74542,122219.78,-0.10588406,0,1
183.75,116.5,3,249.47232,249.60114,484.853,-235.38068,430.94542,128486.12,-0.10544401,0,1
183.75,116.75,3,250.52296,250.65203,486.90967,-236.38671,431.14542,135073.74,-0.10500192,0,1
183.75,117.0,3,251.58747,251.71691,488.99328,-237.40581,431.34542,141999.12,-0.10455772,0,1
183.75,117.25,3,252.66611,252.79573,491.10478,-238.43867,431.54542,149279.57,-0.10411151,0,1
183.75,117.5,3,253.75919,253.88915,493.24408,-239.48489,431.74542,156933.3,-0.10366313,0,1
183.75,117.75,3,254.86701,254.99724,495.41275,-240.54574,431.94542,164979.44,-0.10321267,0,1
183.75,118.0,3,255.98986,256.12034,497.61014,-241.62028,432.14542,173438.12,-0.10276007,0,1
183.75,118.25,3,257.12809,257.25894,499.83848,-242.71039,432.34542,182330.48,-0.10230527,0,1
183.75,118.5,3,258.28199,258.41309,502.0971,-243.81511,432.54542,191678.76,-0.10184834,0,1
183.75,118.75,3,259.45192,259.58329,504.38668,-244.93476,432.74542,201506.34,-0.10138921,0,1
183.75,119.0,3,260.63823,260.76997,506.70898,-246.07075,432.94542,211837.79,-0.10092782,0,1
183.75,119.25,3,261.84126,261.97331,509.06366,-247.2224,433.14542,222698.95,-0.10046422,0,1
183.75,119.5,3,263.06139,263.19368,511.4514,-248.39002,433.34542,234116.97,-0.099998393,0,1
183.75,119.75,3,264.299,264.43162,513.87391,-249.57491,433.54542,246120.4,-0.09953025,0,1
183.75,120.0,3,265.55447,265.6875,516.33117,-250.7767,433.74542,258739.27,-0.09905978,0,1
183.75,120.25,3,266.82821,266.96152,518.82364,-251.99542,433.94542,272005.11,-0.098587037,0,1
183.75,120.5,3,268.12065,268.25422,521.35339,-253.23275,434.14542,285951.11,-0.098111953,0,1
183.75,120.75,3,269.43219,269.56609,523.92044,-254.48825,434.34542,300612.14,-0.097634481,0,1
183.75,121.0,3,270.76329,270.89756,526.52543,-255.76214,434.54542,316024.85,-0.097154604,0,1
183.75,121.25,3,272.11441,272.24908,529.16918,-257.05477,434.74542,332227.79,-0.096672301,0,1
183.75,121.5,3,273.48602,273.62098,531.8538,-258.36778,434.94542,349261.48,-0.096187599,0,1
183.75,121.75,3,274.8786,275.01384,534.57918,-259.70058,435.14542,367168.5,-0.09570044,0,1
183.75,122.0,3,276.29265,276.42819,537.34645,-261.0538,435.34542,385993.63,-0.095210784,0,1
183.75,122.25,3,277.7287,277.86457,540.15663,-262.42793,435.74542,426588.93,-0.094718608,0,1
183.75,122.5,3,279.18728,279.32348,543.01059,-263.82332,435.94542,448460.61,-0.09422389,0,1
183.75,122.75,3,280.66895,280.80549,545.90981,-265.24085,436.14542,471453.68,-0.093726604,0,1
183.75,123.0,3,282.1743,282.31116,548.85565,-266.68135,436.34542,495625.63,-0.093226726,0,1
183.75,123.25,3,283.70391,283.84108,551.84877,-268.14486,436.54542,521036.9,-0.092724229,0,1
183.75,123.5,3,285.25839,285.39586,554.89059,-269.6322,436.94542,575834.83,-0.092219086,0,1
183.75,123.75,3,286.83839,286.97613,557.98199,-271.14359,437.14542,605358.51,-0.091711269,0,1
183.75,124.0,3,288.44458,288.58255,561.12466,-272.68007,437.34542,636395.9,-0.09120075,0,1
183.75,124.25,3,290.07764,290.2158,564.31976,-274.24212,437.54542,669024.62,-0.090687499,0,1
183.75,124.5,3,291.73829,291.87659,567.56866,-275.83037,437.94542,739386.55,-0.090171484,0,1
183.75,124.75,3,293.42727,293.56564,570.87303,-277.44576,438.14542,777295.71,-0.089652675,0,1
183.75,125.0,3,295.14536,295.28373,574.23396,-279.0886,438.34542,817148.51,-0.089131038,0,1
183.75,125.25,3,296.89336,297.03163,577.65327,-280.75991,438.74542,903088.77,-0.08860654,0,1
183.75,125.5,3,298.67212,298.81017,581.13267,-282.46055,438.94542,949391.13,-0.088079147,0,1
183.75,125.75,3,300.48252,300.62021,584.6736,-284.19108,439.14542,998067.45,-0.087548822,0,1
183.75,126.0,3,302.32547,302.46262,588.27783,-285.95236,439.54542,1103035.1,-0.087015529,0,1
183.75,126.25,3,304.20195,304.33831,591.94745,-287.74551,439.74542,1159588.9,-0.086479237,0,1
183.75,126.5,3,306.11296,306.24805,595.68416,-289.57119,439.94542,1219042.3,-0.085939959,0,1
183.75,126.75,3,308.05959,308.19303,599.49,-291.43041,440.34542,1347250.1,-0.085397601,0,1
183.75,127.0,3,310.04296,310.17427,603.36719,-293.32423,440.54542,1416325.1,-0.084852122,0,1
183.75,127.25,3,312.06426,312.19287,607.31789,-295.25363,440.94542,1565281.3,-0.084303479,0,1
183.75,127.5,3,314.12475,314.24972,611.34436,-297.21961,441.14542,1645535.0,-0.083751689,0,1
183.75,127.75,3,316.22579,316.34608,615.44887,-299.22308,441.54542,1818597.5,-0.083196684,0,1
183.75,128.0,3,318.3688,318.48329,619.63459,-301.26579,441.74542,1911839.0,-0.082638387,0,1
183.75,128.25,3,320.5553,320.66247,623.90463,-303.34933,442.14542,2112908.8,-0.082076787,0,1
183.75,128.5,3,322.78688,322.88479,628.26161,-305.47473,442.54542,2335125.4,-0.081511875,0,1
183.75,128.75,3,325.06525,325.15194,632.70857,-307.64332,442.74542,2454849.8,-0.080943529,0,1
183.75,129.0,3,327.39222,327.46501,637.24862,-309.8564,443.14542,2713028.6,-0.080371778,0,1
183.75,129.25,3,329.76969,329.82564,641.88645,-312.11676,443.34542,2852128.6,-0.07979654,0,1
183.75,129.5,3,332.19967,332.23544,646.62485,-314.42518,443.74542,3152089.5,-0.079217753,0,1
183.75,129.75,3,334.68424,334.69577,651.46777,-316.78352,444.14542,3483597.7,-0.078635427,0,1
183.75,130.0,3,337.22566,337.20867,656.42171,-319.19605,444.54542,3849970.9,-0.078049433,0,1
183.75,130.25,3,339.82622,339.77549,661.48866,-321.66244,444.74542,4047363.1,-0.07745981,0,1
183.75,130.5,3,342.48835,342.39847,666.67433,-324.18598,445.14542,4473028.0,-0.076866421,0,1
183.75,130.75,3,345.21459,345.07925,671.98361,-326.76901,445.54542,4943460.4,-0.076269278,0,1
183.75,131.0,3,348.00762,347.81998,677.42169,-329.41407,445.94542,5463368.7,-0.075668295,0,1
183.75,131.25,3,350.87023,350.6229,682.99451,-332.12428,446.34542,6037956.2,-0.075063394,0,1
183.75,131.5,3,353.80533,353.48984,688.70731,-334.90199,446.74542,6672973.6,-0.0744546,0,1
183.75,131.75,3,356.81599,356.42356,694.56626,-337.75026,447.14542,7374776.4,-0.073841766,0,1
183.75,132.0,3,359.90543,359.4264,700.57731,-340.67188,447.34542,7752889.2,-0.073224853,0,1
183.75,132.25,3,363.07706,362.50062,706.74643,-343.66936,447.74542,8568267.7,-0.072603861,0,1
183.75,132.5,3,366.33442,365.64928,713.0831,-346.74869,448.14542,9469400.3,-0.071978659,0,1
183.75,132.75,3,369.68124,368.87519,719.59264,-349.9114,448.74542,11001874.0,-0.071349188,0,1
183.75,133.0,3,373.12152,372.1813,726.282,-353.16048,449.14542,12158951.0,-0.070715387,0,1
183.75,133.25,3,376.65939,375.57056,733.16172,-356.50232,449.54542,13437719.0,-0.070077231,0,1
183.75,133.5,3,380.29928,379.04647,740.23799,-359.93871,449.94542,14850976.0,-0.069434614,0,1
183.75,133.75,3,384.04585,382.61254,747.52247,-363.47662,450.34542,16412867.0,-0.06878746,0,1
183.75,134.0,3,387.90403,386.27248,755.02142,-367.11739,450.74542,18139023.0,-0.068135698,0,1
183.75,134.25,3,391.87905,390.03018,762.7487,-370.86964,451.34542,21074538.0,-0.067479252,0,1
183.75,134.5,3,395.97648,393.88977,770.71182,-374.73534,451.74542,23290966.0,-0.066818047,0,1
183.75,134.75,3,400.20219,397.85561,778.92517,-378.72298,452.14542,25740499.0,-0.066152001,0,1
183.75,135.0,3,404.56248,401.93235,787.39836,-382.83588,452.74542,29906193.0,-0.065481032,0,1
183.75,135.25,3,409.064,406.12489,796.1452,-387.0812,453.14542,33051455.0,-0.064805053,0,1
183.75,135.5,3,413.71388,410.43846,805.18133,-391.46745,453.74542,38400312.0,-0.064123974,0,1
183.75,135.75,3,418.51971,414.8786,814.51866,-395.99894,454.14542,42438908.0,-0.063437701,0,1
183.75,136.0,3,423.48959,419.45111,824.17392,-400.68432,454.74542,49306976.0,-0.062746157,0,1
183.75,136.25,3,428.6322,424.16214,834.16607,-405.53387,455.34542,57286534.0,-0.062049256,0,1
183.75,136.5,3,433.95684,429.01855,844.51025,-410.55341,455.74542,63311411.0,-0.061346869,0,1
183.75,136.75,3,439.47343,434.0275,855.22611,-415.75268,456.34542,73557365.0,-0.060638888,0,1
183.75,137.0,3,445.19268,439.1964,866.33523,-421.14255,456.94542,85461466.0,-0.059925229,0,1
183.75,137.25,3,451.12609,444.53321,877.86272,-426.73663,457.54542,99292057.0,-0.059205802,0,1
183.75,137.5,3,457.28602,450.04698,889.82704,-432.54102,458.14542,115360910.0,-0.058480439,0,1
183.75,137.75,2,463.6858,455.74655,902.25782,-438.57202,458.74542,134030260.0,-0.057749082,0,1
183.75,138.0,2,470.33981,461.64213,915.18075,-444.84093,459.34542,155720940.0,-0.057011575,0,1
184.0,112.0,3,228.96861,229.09256,444.72198,-215.75338,427.75086,57811.081,-0.11488345,0,1
184.0,112.25,3,229.77981,229.90389,446.3102,-216.53039,427.95086,60775.119,-0.11447803,0,1
184.0,112.5,3,230.60038,230.72471,447.91674,-217.31636,428.15086,63891.126,-0.11407077,0,1
184.0,112.75,3,231.43047,231.55503,449.54175,-218.11128,428.15086,63891.126,-0.11366173,0,1
184.0,113.0,3,232.27023,232.39497,451.18592,-218.91568,428.35086,67166.894,-0.11325092,0,1
184.0,113.25,3,233.11988,233.24495,452.84939,-219.72952,428.55086,70610.614,-0.11283822,0,1
184.0,113.5,3,233.97955,234.10474,454.53209,-220.55254,428.75086,74230.898,-0.1124238,0,1
184.0,113.75,3,234.84945,234.97492,456.23539,-221.38594,428.75086,74230.898,-0.11200746,0,1
184.0,114.0,3,235.72976,235.85544,457.95867,-222.22891,428.95086,78036.798,-0.11158931,0,1
184.0,114.25,3,236.62066,236.74658,459.70275,-223.08209,429.15086,82037.83,-0.11116927,0,1
184.0,114.5,3,237.52238,237.64856,461.46817,-223.94579,429.35086,86243.999,-0.11074734,0,1
184.0,114.75,3,238.43508,238.56147,463.25464,-224.81956,429.55086,90665.824,-0.11032354,0,1
184.0,115.0,3,239.35901,239.4857,465.06377,-225.70476,429.75086,95314.36,-0.10989777,0,1
184.0,115.25,3,240.29434,240.42121,466.89456,-226.60022,429.75086,95314.36,-0.10947015,0,1
184.0,115.5,3,241.24132,241.36851,468.74863,-227.50731,429.95086,100201.23,-0.10904051,0,1
184.0,115.75,3,242.20017,242.32754,470.62553,-228.42536,430.15086,105338.66,-0.10860897,0,1
184.0,116.0,3,243.1711,243.29878,472.52645,-229.35535,430.35086,110739.49,-0.10817541,0,1
184.0,116.25,3,244.15437,244.28226,474.45112,-230.29676,430.55086,116417.22,-0.10773989,0,1
184.0,116.5,3,245.1502,245.27837,476.40073,-231.25053,430.75086,122386.06,-0.10730235,0,1
184.0,116.75,3,246.15886,246.28731,478.37508,-232.21621,430.95086,128660.93,-0.10686277,0,1
184.0,117.0,3,247.18059,247.30927,480.37535,-233.19475,431.15086,135257.51,-0.10642118,0,1
184.0,117.25,3,248.21567,248.34473,482.40126,-234.18559,431.15086,135257.51,-0.10597747,0,1
184.0,117.5,3,249.26436,249.39357,484.45442,-235.19006,431.35086,142192.32,-0.10553177,0,1
184.0,117.75,3,250.32693,250.45647,486.53389,-236.20696,431.55086,149482.67,-0.10508391,0,1
184.0,118.0,3,251.40368,251.5335,488.64203,-237.23834,431.75086,157146.81,-0.10463396,0,1
184.0,118.25,3,252.4949,252.62495,490.7781,-238.28321,431.95086,165203.9,-0.10418189,0,1
184.0,118.5,3,253.6009,253.73132,492.94288,-239.34198,432.15086,173674.09,-0.10372762,0,1
184.0,118.75,3,254.72197,254.85263,495.13747,-240.41549,432.35086,182578.55,-0.10327123,0,1
184.0,119.0,3,255.85845,255.98936,497.3615,-241.50305,432.55086,191939.55,-0.10281265,0,1
184.0,119.25,3,257.01067,257.14195,499.61734,-242.60668,432.75086,201780.5,-0.10235181,0,1
184.0,119.5,3,258.17895,258.31052,501.90416,-243.72521,432.95086,212126.01,-0.10188879,0,1
184.0,119.75,3,259.36366,259.49547,504.22261,-244.85895,433.15086,223001.94,-0.10142352,0,1
184.0,120.0,3,260.56516,260.6973,506.57463,-246.00947,433.35086,234435.5,-0.10095596,0,1
184.0,120.25,3,261.78381,261.91635,508.95998,-247.17618,433.55086,246455.26,-0.10048607,0,1
184.0,120.5,3,263.01999,263.15278,511.37941,-248.35941,433.75086,259091.29,-0.10001394,0,1
184.0,120.75,3,264.27412,264.40717,513.83401,-249.55989,433.95086,272375.19,-0.099539453,0,1
184.0,121.0,3,265.54659,265.67996,516.32476,-250.77817,434.15086,286340.16,-0.09906259,0,1
184.0,121.25,3,266.83781,266.97156,518.85198,-252.01416,434.35086,301021.14,-0.098583329,0,1
184.0,121.5,3,268.14823,268.28236,521.41632,-253.26809,434.55086,316454.82,-0.09810166,0,1
184.0,121.75,3,269.47829,269.61267,524.01942,-254.54113,434.95086,349736.66,-0.097617612,0,1
184.0,122.0,3,270.82846,270.96312,526.6621,-255.83364,435.15086,367668.04,-0.097131098,0,1
184.0,122.25,3,272.19921,272.33417,529.34484,-257.14563,435.35086,386518.79,-0.096642097,0,1
184.0,122.5,3,273.59103,273.72631,532.06864,-258.47762,435.55086,406336.03,-0.096150586,0,1
184.0,122.75,3,275.00442,275.14004,534.83467,-259.83025,435.75086,427169.32,-0.095656541,0,1
184.0,123.0,3,276.43994,276.57589,537.64336,-261.20342,435.95086,449070.76,-0.09515994,0,1
184.0,123.25,3,277.89811,278.03439,540.49718,-262.59907,436.15086,472095.11,-0.094660756,0,1
184.0,123.5,3,279.3795,279.51609,543.3961,-264.01661,436.55086,521745.79,-0.094158964,0,1
184.0,123.75,3,280.88469,281.02157,546.34151,-265.45683,436.75086,548496.27,-0.093654537,0,1
184.0,124.0,3,282.41429,282.55144,549.33475,-266.92046,436.95086,576618.27,-0.093147448,0,1
184.0,124.25,3,283.96892,284.1063,552.37666,-268.40774,437.15086,606182.13,-0.092637668,0,1
184.0,124.5,3,285.54924,285.68681,555.46883,-269.91959,437.55086,669934.86,-0.092125168,0,1
184.0,124.75,3,287.15592,287.29362,558.6124,-271.45647,437.75086,704283.15,-0.091609917,0,1
184.0,125.0,3,288.78967,288.92744,561.80893,-273.01925,437.95086,740392.52,-0.091091885,0,1
184.0,125.25,3,290.45122,290.58898,565.05946,-274.60824,438.15086,778353.26,-0.090571038,0,1
184.0,125.5,3,292.14132,292.27897,568.36587,-276.22455,438.55086,860213.38,-0.090047343,0,1
184.0,125.75,3,293.86078,293.99821,571.72945,-277.86867,438.75086,904317.47,-0.089520767,0,1
184.0,126.0,3,295.61041,295.74748,575.15185,-279.54144,438.95086,950682.81,-0.088991274,0,1
184.0,126.25,3,297.3911,297.52763,578.63469,-281.24359,439.35086,1050667.0,-0.088458826,0,1
184.0,126.5,3,299.20375,299.33952,582.17967,-282.97592,439.55086,1104535.8,-0.087923388,0,1
184.0,126.75,3,301.04931,301.18406,585.7888,-284.7395,439.95086,1220700.9,-0.087384921,0,1
184.0,127.0,3,302.92879,303.06193,589.46363,-286.53483,440.15086,1283287.6,-0.086843454,0,1
184.0,127.25,3,304.84326,304.97435,593.20657,-288.3633,440.35086,1349083.1,-0.086298882,0,1
184.0,127.5,3,306.79384,306.92231,597.01917,-290.22532,440.75086,1490967.4,-0.085751163,0,1
184.0,127.75,3,308.78172,308.90688,600.90428,-292.12256,440.95086,1567411.0,-0.085200254,0,1
184.0,128.0,3,310.80816,310.9289,604.86308,-294.05492,441.35086,1732257.0,-0.084646185,0,1
184.0,128.25,3,312.8745,312.98967,608.89992,-296.02542,441.55086,1821071.7,-0.084088863,0,1
184.0,128.5,3,314.98217,315.09046,613.01634,-298.03417,441.95086,2012595.5,-0.083528218,0,1
184.0,128.75,3,317.13268,317.23229,617.21533,-300.08266,442.35086,2224262.1,-0.082964269,0,1
184.0,129.0,3,319.32761,319.41648,621.49981,-302.1722,442.55086,2338302.4,-0.082396954,0,1
184.0,129.25,3,321.56869,321.64458,625.87277,-304.30408,442.95086,2584223.8,-0.081826172,0,1
184.0,129.5,3,323.85768,323.91753,630.33825,-306.48057,443.15086,2716719.8,-0.081251994,0,1
184.0,129.75,3,326.19648,326.23721,634.89924,-308.70275,443.55086,3002439.7,-0.080674258,0,1
184.0,130.0,3,328.58707,328.60486,639.55924,-310.97218,443.95086,3318209.1,-0.080092987,0,1
184.0,130.25,3,331.03154,331.0222,644.32497,-313.29343,444.15086,3488337.3,-0.079508098,0,1
184.0,130.5,3,333.53205,333.49078,649.19713,-315.66508,444.55086,3855208.9,-0.078919559,0,1
184.0,130.75,3,336.0909,336.01241,654.18179,-318.09089,444.95086,4260664.8,-0.078327302,0,1
184.0,131.0,3,338.71046,338.58875,659.28335,-320.57288,445.35086,4708762.8,-0.077731305,0,1
184.0,131.25,3,341.39325,341.22195,664.50721,-323.11396,445.75086,5203987.7,-0.077131453,0,1
184.0,131.5,3,344.14188,343.91355,669.85843,-325.71656,445.95086,5470801.9,-0.076527793,0,1
184.0,131.75,3,346.95908,346.66607,675.3418,-328.38272,446.35086,6046171.1,-0.075920164,0,1
184.0,132.0,3,349.84773,349.48146,680.96337,-331.11565,446.75086,6682052.5,-0.075308559,0,1
184.0,132.25,3,352.81083,352.36189,686.72927,-333.91844,447.15086,7384810.1,-0.074692938,0,1
184.0,132.5,3,355.85156,355.31001,692.64355,-336.792,447.55086,8161477.3,-0.074073187,0,1
184.0,132.75,3,358.97324,358.32829,698.71641,-339.74317,447.95086,9019827.4,-0.073449252,0,1
184.0,133.0,3,362.17936,361.41903,704.95245,-342.77309,448.35086,9968450.9,-0.072821138,0,1
184.0,133.25,3,365.4736,364.58531,711.35777,-345.88416,448.75086,11016842.0,-0.072188715,0,1
184.0,133.5,3,368.85987,367.83004,717.94318,-349.08331,449.15086,12175493.0,-0.071551919,0,1
184.0,133.75,3,372.34223,371.15627,724.71268,-352.37045,449.55086,13456001.0,-0.070910684,0,1
184.0,134.0,3,375.92506,374.56723,731.67914,-355.75408,450.15086,15633643.0,-0.070264944,0,1
184.0,134.25,3,379.61289,378.06631,738.84688,-359.23399,450.55086,17277848.0,-0.069614626,0,1
184.0,134.5,3,383.41062,381.65713,746.22984,-362.81923,450.95086,19094975.0,-0.068959659,0,1
184.0,134.75,3,387.32335,385.34343,753.83379,-366.51044,451.35086,21103211.0,-0.068299972,0,1
184.0,135.0,3,391.35658,389.12932,761.67349,-370.31691,451.95086,24518433.0,-0.067635471,0,1
184.0,135.25,3,395.51608,393.01905,769.75606,-374.23998,452.35086,27097059.0,-0.06696608,0,1
184.0,135.5,3,399.80801,397.01707,778.09747,-378.28946,452.75086,29946882.0,-0.066291721,0,1
184.0,135.75,3,404.23897,401.12821,786.70688,-382.46791,453.35086,34793313.0,-0.065612301,0,1
184.0,136.0,3,408.81591,405.35756,795.59892,-386.783,453.75086,38452557.0,-0.064927727,0,1
184.0,136.25,3,413.54632,409.71052,804.79087,-391.24455,454.35086,44675498.0,-0.064237905,0,1
184.0,136.5,3,418.43818,414.19283,814.29447,-395.85629,454.95086,51905523.0,-0.063542734,0,1
184.0,136.75,3,423.5,418.81063,824.12752,-400.62752,455.35086,57364474.0,-0.062842114,0,1
184.0,137.0,3,428.7409,423.57011,834.30798,-405.56709,455.95086,66648011.0,-0.062135982,0,1
184.0,137.25,3,434.17069,428.47836,844.85725,-410.68656,456.55086,77433941.0,-0.061424211,0,1
184.0,137.5,3,439.79989,433.54292,855.79141,-415.99152,456.95086,85577740.0,-0.060706665,0,1
184.0,137.75,3,445.63976,438.77139,867.13478,-421.49502,457.55086,99427148.0,-0.059983275,0,1
184.0,138.0,3,451.70248,444.17224,878.90952,-427.20704,458.15086,115517870.0,-0.059253917,0,1
184.25,112.0,3,225.38415,225.50758,437.71175,-212.3276,427.55629,55066.319,-0.1167098,0,1
184.25,112.25,3,226.16594,226.2896,439.24204,-213.0761,427.75629,57889.629,-0.11630647,0,1
184.25,112.5,3,226.95661,227.08042,440.79049,-213.83388,427.75629,57889.629,-0.11590143,0,1
184.25,112.75,3,227.75632,227.88042,442.35618,-214.59986,427.95629,60857.694,-0.11549455,0,1
184.25,113.0,3,228.56521,228.68948,443.93943,-215.37422,428.15629,63977.935,-0.11508594,0,1
184.25,113.25,3,229.38347,229.50794,445.54193,-216.15846,428.35629,67258.153,-0.11467553,0,1
184.25,113.5,3,230.21124,230.33602,447.16243,-216.95118,428.55629,70706.553,-0.11426326,0,1
184.25,113.75,3,231.0487,231.17361,448.802,-217.7533,428.55629,70706.553,-0.11384926,0,1
184.25,114.0,3,231.89604,232.02126,450.46109,-218.56505,428.75629,74331.755,-0.11343334,0,1
184.25,114.25,3,232.75342,232.87879,452.1394,-219.38598,428.95629,78142.826,-0.11301564,0,1
184.25,114.5,3,233.62103,233.74666,453.83822,-220.21719,429.15629,82149.294,-0.11259603,0,1
184.25,114.75,3,234.49906,234.62491,455.55712,-221.05806,429.35629,86361.179,-0.11217455,0,1
184.25,115.0,3,235.38769,235.51377,457.2969,-221.90922,429.35629,86361.179,-0.1117512,0,1
184.25,115.25,3,236.28714,236.41348,459.05777,-222.77063,429.55629,90789.011,-0.11132591,0,1
184.25,115.5,3,237.19759,237.32414,460.83983,-223.64224,429.75629,95443.863,-0.11089873,0,1
184.25,115.75,3,238.11927,238.2461,462.64465,-224.52538,429.95629,100337.37,-0.11046957,0,1
184.25,116.0,3,239.05237,239.17941,464.47109,-225.41872,430.15629,105481.78,-0.11003851,0,1
184.25,116.25,3,239.99714,240.12445,466.32095,-226.32381,430.35629,110889.95,-0.10960543,0,1
184.25,116.5,3,240.95378,241.08133,468.19341,-227.23964,430.35629,110889.95,-0.1091704,0,1
184.25,116.75,3,241.92253,242.05033,470.09034,-228.16781,430.55629,116575.4,-0.10873336,0,1
184.25,117.0,3,242.90363,243.03172,472.01059,-229.10696,430.75629,122552.35,-0.10829428,0,1
184.25,117.25,3,243.89732,244.02562,473.9562,-230.05888,430.95629,128835.74,-0.10785321,0,1
184.25,117.5,3,244.90385,245.03254,475.92617,-231.02232,431.15629,135441.29,-0.10741,0,1
184.25,117.75,3,245.92349,246.05231,477.92274,-231.99925,431.35629,142385.51,-0.10696483,0,1
184.25,118.0,3,246.95649,247.08563,479.94489,-232.9884,431.55629,149685.77,-0.1065175,0,1
184.25,118.25,3,248.00314,248.13255,481.9937,-233.99057,431.75629,157360.33,-0.10606809,0,1
184.25,118.5,3,249.0637,249.19333,484.06998,-235.00628,431.95629,165428.36,-0.10561657,0,1
184.25,118.75,3,250.13846,250.26847,486.17352,-236.03506,432.15629,173910.06,-0.10516285,0,1
184.25,119.0,3,251.22774,251.35796,488.30613,-237.07839,432.35629,182826.62,-0.10470703,0,1
184.25,119.25,3,252.33181,252.4623,490.46735,-238.13554,432.55629,192200.34,-0.10424901,0,1
184.25,119.5,3,253.45102,253.58187,492.65807,-239.20705,432.75629,202054.66,-0.10378875,0,1
184.25,119.75,3,254.58567,254.71677,494.87929,-240.29362,432.95629,212414.22,-0.10332631,0,1
184.25,120.0,3,255.7361,255.86745,497.13109,-241.395,433.15629,223304.93,-0.10286164,0,1
184.25,120.25,3,256.90265,257.03433,499.41451,-242.51186,433.35629,234754.02,-0.10239467,0,1
184.25,120.5,3,258.08568,258.21775,501.73036,-243.64467,433.55629,246790.12,-0.10192539,0,1
184.25,120.75,3,259.28554,259.41782,504.07894,-244.7934,433.75629,259443.32,-0.10145388,0,1
184.25,121.0,3,260.50262,260.63517,506.46084,-245.95822,433.95629,272745.26,-0.10098002,0,1
184.25,121.25,3,261.73731,261.87018,508.87778,-247.14048,434.15629,286729.21,-0.10050379,0,1
184.25,121.5,3,262.98999,263.12324,511.32976,-248.33978,434.35629,301430.13,-0.10002516,0,1
184.25,121.75,3,264.26107,264.39463,513.81759,-249.55652,434.55629,316884.78,-0.099544172,0,1
184.25,122.0,3,265.551,265.68481,516.34196,-250.79096,434.75629,333131.81,-0.099060782,0,1
184.25,122.25,3,266.8602,266.9943,518.90462,-252.04441,434.95629,350211.85,-0.098574934,0,1
184.25,122.5,3,268.18913,268.32353,521.50566,-253.31653,435.15629,368167.59,-0.098086608,0,1
184.25,122.75,3,269.53825,269.67298,524.1462,-254.60795,435.35629,387043.95,-0.097595782,0,1
184.25,123.0,3,270.90804,271.04311,526.82698,-255.91894,435.55629,406888.12,-0.097102433,0,1
184.25,123.25,3,272.29901,272.43441,529.54865,-257.24964,435.95629,449680.91,-0.096606536,0,1
184.25,123.5,3,273.71167,273.8474,532.31345,-258.60178,436.15629,472736.55,-0.096108069,0,1
184.25,123.75,3,275.14656,275.28257,535.12175,-259.97519,436.35629,496974.27,-0.095607016,0,1
184.25,124.0,3,276.60422,276.74048,537.97445,-261.37023,436.55629,522454.68,-0.095103345,0,1
184.25,124.25,3,278.08523,278.22173,540.87269,-262.78746,436.75629,549241.51,-0.094597016,0,1
184.25,124.5,3,279.59019,279.7269,543.81757,-264.22738,437.15629,607005.74,-0.094088001,0,1
184.25,124.75,3,281.11971,281.25661,546.8106,-265.6909,437.35629,638127.59,-0.093576272,0,1
184.25,125.0,3,282.67442,282.81148,549.85272,-267.1783,437.55629,670845.09,-0.093061798,0,1
184.25,125.25,3,284.25499,284.39217,552.94528,-268.69029,437.75629,705240.06,-0.092544548,0,1
184.25,125.5,3,285.86211,285.99932,556.08982,-270.2277,438.15629,779410.8,-0.092024501,0,1
184.25,125.75,3,287.49651,287.63361,559.28743,-271.79092,438.35629,819372.05,-0.091501634,0,1
184.25,126.0,3,289.15892,289.2958,562.53966,-273.38074,438.55629,861382.15,-0.090975898,0,1
184.25,126.25,3,290.85013,290.98665,565.84802,-274.99789,438.95629,951974.5,-0.09044726,0,1
184.25,126.5,3,292.57097,292.70695,569.21411,-276.64314,439.15629,1000783.3,-0.089915683,0,1
184.25,126.75,3,294.32227,294.45751,572.63937,-278.31709,439.35629,1052094.5,-0.08938113,0,1
184.25,127.0,3,296.10496,296.23919,576.12582,-280.02086,439.75629,1162744.3,-0.088843563,0,1
184.25,127.25,3,297.91997,298.05287,579.67489,-281.75492,439.95629,1222359.5,-0.088302942,0,1
184.25,127.5,3,299.76831,299.89923,583.28877,-283.52046,440.35629,1350916.1,-0.087759295,0,1
184.25,127.75,3,301.65102,301.77942,586.9693,-285.31827,440.55629,1420179.1,-0.087212526,0,1
184.25,128.0,3,303.56924,303.69444,590.71844,-287.1492,440.95629,1569540.6,-0.086662583,0,1
184.25,128.25,3,305.52414,305.64535,594.53787,-289.01373,441.15629,1650012.7,-0.086109424,0,1
184.25,128.5,3,307.517,307.6329,598.43154,-290.91454,441.55629,1823546.0,-0.085553089,0,1
184.25,128.75,3,309.54914,309.65846,602.40077,-292.85162,441.75629,1917041.2,-0.084993465,0,1
184.25,129.0,3,311.62199,311.72324,606.44857,-294.82658,442.15629,2118658.2,-0.084430489,0,1
184.25,129.25,3,313.73704,313.82812,610.57751,-296.84047,442.35629,2227284.1,-0.083864203,0,1
184.25,129.5,3,315.89591,315.97459,614.79045,-298.89454,442.75629,2461529.7,-0.0832945,0,1
184.25,129.75,3,318.10026,318.16399,619.09131,-300.99105,442.95629,2587735.0,-0.082721319,0,1
184.25,130.0,3,320.35188,320.39735,623.4825,-303.13062,443.35629,2859889.5,-0.082144703,0,1
184.25,130.25,3,322.65262,322.67653,627.96862,-305.31601,443.75629,3160666.7,-0.081564485,0,1
184.25,130.5,3,325.00446,325.00252,632.55302,-307.54856,443.95629,3322717.5,-0.080980742,0,1
184.25,130.75,3,327.40943,327.37733,637.23932,-309.82989,444.35629,3672170.8,-0.080393303,0,1
184.25,131.0,3,329.86968,329.80212,642.03203,-312.16236,444.75629,4058376.3,-0.079802232,0,1
184.25,131.25,3,332.38745,332.27905,646.93593,-314.54848,445.15629,4485199.5,-0.079207355,0,1
184.25,131.5,3,334.9651,334.80931,651.95504,-316.98995,445.35629,4715160.6,-0.078608761,0,1
184.25,131.75,3,337.60507,337.39526,657.09481,-319.48974,445.75629,5211058.3,-0.078006267,0,1
184.25,132.0,3,340.30994,340.03854,662.35992,-322.04998,446.15629,5759110.1,-0.077399888,0,1
184.25,132.25,3,343.08239,342.74119,667.75567,-324.67328,446.55629,6364801.0,-0.076789559,0,1
184.25,132.5,3,345.92524,345.50553,673.28734,-327.36209,446.95629,7034193.0,-0.076175177,0,1
184.25,132.75,3,348.84145,348.33352,678.96105,-330.1196,447.35629,7773985.5,-0.07555674,0,1
184.25,133.0,3,351.83414,351.22753,684.7819,-332.94776,447.75629,8591582.7,-0.074934174,0,1
184.25,133.25,3,354.90655,354.19017,690.75785,-335.8513,448.15629,9495167.4,-0.074307384,0,1
184.25,133.5,3,358.06211,357.22398,696.89481,-338.8327,448.55629,10493783.0,-0.07367631,0,1
184.25,133.75,3,361.30448,360.33155,703.19919,-341.89471,448.95629,11597424.0,-0.073040913,0,1
184.25,134.0,3,364.63744,363.51567,709.67974,-345.0423,449.35629,12817135.0,-0.07240113,0,1
184.25,134.25,3,368.06503,366.77948,716.34291,-348.27788,449.75629,14165125.0,-0.071756863,0,1
184.25,134.5,3,371.59151,370.12613,723.19889,-351.60737,450.15629,15654884.0,-0.071108043,0,1
184.25,134.75,3,375.22139,373.55894,730.2537,-355.03231,450.55629,17301323.0,-0.070454597,0,1
184.25,135.0,3,378.95941,377.08142,737.51982,-358.56041,451.15629,20101270.0,-0.069796451,0,1
184.25,135.25,3,382.81067,380.69727,745.00414,-362.19346,451.55629,22215338.0,-0.069133527,0,1
184.25,135.5,3,386.7805,384.41042,752.71809,-365.93759,451.95629,24551746.0,-0.068465744,0,1
184.25,135.75,3,390.87462,388.22501,760.6752,-369.80058,452.55629,28525059.0,-0.067793017,0,1
184.25,136.0,3,395.09908,392.14547,768.88306,-373.78397,452.95629,31525066.0,-0.06711526,0,1
184.25,136.25,3,399.46033,396.17645,777.35646,-377.89613,453.55629,36626901.0,-0.066432382,0,1
184.25,136.5,3,403.96528,400.32291,786.11036,-382.14509,453.95629,40478986.0,-0.065744289,0,1
184.25,136.75,3,408.62122,404.59002,795.15482,-386.5336,454.55629,47029872.0,-0.0650509,0,1
184.25,137.0,3,413.43601,408.98324,804.50801,-391.072,454.95629,51976047.0,-0.064352135,0,1
184.25,137.25,3,418.41805,413.50872,814.18813,-395.77009,455.55629,60387551.0,-0.06364786,0,1
184.25,137.5,3,423.5763,418.17281,824.20775,-400.63145,456.15629,70160324.0,-0.062937964,0,1
184.25,137.75,3,428.92037,422.98201,834.58822,-405.66784,456.55629,77539150.0,-0.062222374,0,1
184.25,138.0,3,434.46061,427.94349,845.34888,-410.88826,457.15629,90087640.0,-0.061500982,0,1
184.5,112.0,3,221.89154,222.01449,430.88097,-208.98943,427.36172,52451.775,-0.11854607,0,1
184.5,112.25,3,222.64521,222.76844,432.35635,-209.71114,427.56172,55141.035,-0.11814485,0,1
184.5,112.5,3,223.40732,223.5307,433.84877,-210.44145,427.56172,55141.035,-0.11774197,0,1
184.5,112.75,3,224.17801,224.30157,435.35767,-211.17967,427.76172,57968.177,-0.11733732,0,1
184.5,113.0,3,224.95742,225.0813,436.88346,-211.92604,427.96172,60940.269,-0.11693084,0,1
184.5,113.25,3,225.7457,225.8697,438.42714,-212.68143,428.16172,64064.743,-0.11652269,0,1
184.5,113.5,3,226.54303,226.66725,439.98819,-213.44515,428.16172,64064.743,-0.11611269,0,1
184.5,113.75,3,227.34955,227.47402,441.56696,-214.21742,428.36172,67349.413,-0.11570088,0,1
184.5,114.0,3,228.16542,228.29005,443.16469,-214.99927,428.56172,70802.491,-0.11528731,0,1
184.5,114.25,3,228.99082,229.11577,444.78064,-215.78983,428.76172,74432.612,-0.11487182,0,1
184.5,114.5,3,229.8259,229.95098,446.41538,-216.58948,428.96172,78248.854,-0.11445459,0,1
184.5,114.75,3,230.67087,230.79622,448.07005,-217.39918,428.96172,78248.854,-0.11403543,0,1
184.5,115.0,3,231.52587,231.65142,449.7437,-218.21782,429.16172,82260.759,-0.11361443,0,1
184.5,115.25,3,232.39112,232.5169,451.438,-219.04688,429.36172,86478.358,-0.11319154,0,1
184.5,115.5,3,233.26679,233.39281,453.15234,-219.88555,429.56172,90912.198,-0.11276674,0,1
184.5,115.75,3,234.15307,234.27931,454.8876,-220.73453,429.76172,95573.366,-0.11234003,0,1
184.5,116.0,3,235.05018,235.17667,456.64388,-221.5937,429.76172,95573.366,-0.11191138,0,1
184.5,116.25,3,235.95829,236.08501,458.42185,-222.46356,429.96172,100473.52,-0.1114808,0,1
184.5,116.5,3,236.87765,237.00462,460.22178,-223.34413,430.16172,105624.9,-0.11104823,0,1
184.5,116.75,3,237.80844,237.93566,462.04384,-224.23539,430.36172,111040.41,-0.1106137,0,1
184.5,117.0,3,238.75092,238.87836,463.88914,-225.13822,430.56172,116733.57,-0.11017718,0,1
184.5,117.25,3,239.70527,239.83301,465.75746,-226.05219,430.76172,122718.63,-0.10973862,0,1
184.5,117.5,3,240.67176,240.79969,467.64969,-226.97792,430.96172,129010.55,-0.10929808,0,1
184.5,117.75,3,241.65061,241.77893,469.56606,-227.91544,431.16172,135625.06,-0.10885541,0,1
184.5,118.0,3,242.64208,242.77052,471.507,-228.86492,431.16172,135625.06,-0.10841079,0,1
184.5,118.25,3,243.64641,243.77516,473.47325,-229.82684,431.36172,142578.71,-0.10796401,0,1
184.5,118.5,3,244.66386,244.79288,475.46485,-230.80099,431.56172,149888.87,-0.10751516,0,1
184.5,118.75,3,245.69471,245.82394,477.48314,-231.78843,431.76172,157573.84,-0.10706421,0,1
184.5,119.0,3,246.73921,246.86882,479.52745,-232.78823,431.96172,165652.83,-0.10661105,0,1
184.5,119.25,3,247.79768,247.92748,481.59996,-233.80228,432.16172,174146.03,-0.10615582,0,1
184.5,119.5,3,248.87038,249.00043,483.69991,-234.82954,432.36172,183074.69,-0.10569839,0,1
184.5,119.75,3,249.95761,250.08804,485.82799,-235.87037,432.56172,192461.12,-0.10523872,0,1
184.5,120.0,3,251.0597,251.19034,487.98565,-236.92596,432.76172,202328.82,-0.1047769,0,1
184.5,120.25,3,252.17693,252.30783,490.17278,-237.99584,432.96172,212702.44,-0.10431283,0,1
184.5,120.5,3,253.30967,253.4409,492.38983,-239.08016,433.16172,223607.93,-0.10384648,0,1
184.5,120.75,3,254.45822,254.58979,494.63842,-240.18019,433.36172,235072.55,-0.10337785,0,1
184.5,121.0,3,255.62294,255.75473,496.91839,-241.29545,433.56172,247124.98,-0.10290697,0,1
184.5,121.25,3,256.80419,256.93626,499.23024,-242.42605,433.76172,259795.34,-0.10243375,0,1
184.5,121.5,3,258.00234,258.13474,501.57575,-243.57341,433.96172,273115.34,-0.10195817,0,1
184.5,121.75,3,259.21776,259.35054,503.95504,-244.73728,434.16172,287118.26,-0.1014802,0,1
184.5,122.0,3,260.45083,260.58384,506.36858,-245.91775,434.36172,301839.13,-0.10099991,0,1
184.5,122.25,3,261.70197,261.83524,508.81715,-247.11518,434.56172,317314.75,-0.1005172,0,1
184.5,122.5,3,262.9716,263.10515,511.30241,-248.33082,434.76172,333583.83,-0.10003204,0,1
184.5,122.75,3,264.26013,264.394,513.82462,-249.56449,435.16172,368667.14,-0.09954441,0,1
184.5,123.0,3,265.56802,265.70222,516.38464,-250.81662,435.36172,387569.11,-0.09905429,0,1
184.5,123.25,3,266.89571,267.03026,518.98322,-252.08751,435.56172,407440.2,-0.098561657,0,1
184.5,123.5,3,268.24368,268.37856,521.62096,-253.37727,435.76172,428330.11,-0.098066495,0,1
184.5,123.75,3,269.61244,269.74756,524.30005,-254.68761,435.96172,450291.06,-0.097568798,0,1
184.5,124.0,3,271.00247,271.13783,527.02051,-256.01803,436.16172,473377.98,-0.097068509,0,1
184.5,124.25,3,272.4143,272.5499,529.78378,-257.36948,436.36172,497648.59,-0.0965656,0,1
184.5,124.5,3,273.84847,273.98431,532.59059,-258.74211,436.76172,549986.75,-0.096060045,0,1
184.5,124.75,3,275.30555,275.4416,535.44205,-260.1365,436.96172,578185.17,-0.095551817,0,1
184.5,125.0,3,276.78611,276.92234,538.33931,-261.5532,437.16172,607829.36,-0.095040887,0,1
184.5,125.25,3,278.29076,278.42714,541.28372,-262.99297,437.36172,638993.44,-0.094527225,0,1
184.5,125.5,3,279.82012,279.95661,544.27631,-264.4562,437.76172,706196.96,-0.0940108,0,1
184.5,125.75,3,281.37485,281.51139,547.31853,-265.94368,437.96172,742404.46,-0.093491582,0,1
184.5,126.0,3,282.95563,283.09214,550.41148,-267.45585,438.16172,780468.35,-0.092969537,0,1
184.5,126.25,3,284.56315,284.69955,553.55657,-268.99341,438.56172,862550.92,-0.092444633,0,1
184.5,126.5,3,286.19817,286.33421,556.75526,-270.55708,438.76172,906774.85,-0.091916874,0,1
184.5,126.75,3,287.86145,287.99696,560.00895,-272.14749,438.96172,953266.19,-0.091386192,0,1
184.5,127.0,3,289.5538,289.68857,563.31933,-273.76553,439.36172,1053522.1,-0.090852549,0,1
184.5,127.25,3,291.27607,291.40985,566.68776,-275.41169,439.56172,1107537.3,-0.090315908,0,1
184.5,127.5,3,293.02915,293.16162,570.11609,-277.08695,439.76172,1164322.0,-0.089776229,0,1
184.5,127.75,3,294.81398,294.94476,573.60598,-278.79201,440.16172,1286774.8,-0.089233473,0,1
184.5,128.0,3,296.63155,296.75995,577.15948,-280.52793,440.36172,1352749.1,-0.088687657,0,1
184.5,128.25,3,298.48292,298.60825,580.77795,-282.29503,440.76172,1495019.0,-0.088138708,0,1
184.5,128.5,3,300.36921,300.49068,584.46413,-284.09492,440.96172,1571670.2,-0.087586559,0,1
184.5,128.75,3,302.2916,302.40828,588.22047,-285.92887,441.36172,1736964.2,-0.087031166,0,1
184.5,129.0,3,304.25134,304.36175,592.04867,-287.79732,441.56172,1826020.3,-0.086472578,0,1
184.5,129.25,3,306.24978,306.35246,595.95162,-289.70184,441.96172,2018064.5,-0.085910669,0,1
184.5,129.5,3,308.28832,308.38161,599.93103,-291.64271,442.16172,2121532.9,-0.085345378,0,1
184.5,129.75,3,310.36849,310.44997,603.99107,-293.62258,442.56172,2344656.5,-0.084776769,0,1
184.5,130.0,3,312.49183,312.55912,608.13434,-295.64251,442.76172,2464869.6,-0.084204694,0,1
184.5,130.25,3,314.66005,314.71023,612.36311,-297.70306,443.16172,2724102.2,-0.083629139,0,1
184.5,130.5,3,316.87488,316.90447,616.68239,-299.80751,443.56172,3010598.5,-0.083050091,0,1
184.5,130.75,3,319.13818,319.14352,621.0942,-301.95602,443.76172,3164955.2,-0.082467426,0,1
184.5,131.0,3,321.45186,321.42841,625.60292,-304.15106,444.16172,3497816.5,-0.081881203,0,1
184.5,131.25,3,323.81795,323.76109,630.21239,-306.39444,444.56172,3865685.0,-0.081291253,0,1
184.5,131.5,3,326.23855,326.14269,634.927,-308.68844,444.76172,4063882.9,-0.08069764,0,1
184.5,131.75,3,328.71588,328.57522,639.75144,-311.03556,445.16172,4491285.2,-0.080100213,0,1
184.5,132.0,3,331.25223,331.06016,644.68941,-313.43718,445.56172,4963637.8,-0.079498979,0,1
184.5,132.25,3,333.85002,333.59937,649.74633,-315.89632,445.96172,5485668.2,-0.078893868,0,1
184.5,132.5,3,336.51176,336.19493,654.92686,-318.4151,446.36172,6062600.9,-0.078284777,0,1
184.5,132.75,3,339.24009,338.84835,660.23587,-320.99578,446.76172,6700210.2,-0.077671753,0,1
184.5,133.0,3,342.03779,341.56208,665.67918,-323.64139,446.96172,7043737.4,-0.077054646,0,1
184.5,133.25,3,344.90775,344.33829,671.26088,-326.35313,447.36172,7784533.7,-0.076433397,0,1
184.5,133.5,3,347.85304,347.17901,676.99001,-329.13697,447.76172,8603240.2,-0.075807996,0,1
184.5,133.75,3,350.87684,350.08671,682.871,-331.99417,448.16172,9508050.9,-0.075178361,0,1
184.5,134.0,3,353.98254,353.06401,688.90912,-334.92658,448.56172,10508021.0,-0.074544401,0,1
184.5,134.25,3,357.1737,356.11352,695.11438,-337.94068,448.96172,11613160.0,-0.073906054,0,1
184.5,134.5,3,360.45405,359.238,701.49076,-341.0367,449.56172,13492567.0,-0.073263254,0,1
184.5,134.75,3,363.82758,362.44036,708.04954,-344.22195,449.96172,14911592.0,-0.072615934,0,1
184.5,135.0,3,367.29845,365.72357,714.79546,-347.49701,450.36172,16479858.0,-0.071964039,0,1
184.5,135.25,3,370.8711,369.09097,721.74011,-350.86901,450.76172,18213060.0,-0.071307474,0,1
184.5,135.5,3,374.55021,372.54602,728.88973,-354.33953,451.16172,20128544.0,-0.070646158,0,1
184.5,135.75,3,378.34074,376.09233,736.25689,-357.91615,451.76172,23386032.0,-0.069980011,0,1
184.5,136.0,3,382.248,379.73371,743.84909,-361.60109,452.16172,25845562.0,-0.06930895,0,1
184.5,136.25,3,386.27755,383.47423,751.67792,-365.40037,452.56172,28563764.0,-0.06863289,0,1
184.5,136.5,3,390.43539,387.31802,759.758,-369.32261,453.16172,33186359.0,-0.06795177,0,1
184.5,136.75,3,394.72784,391.26973,768.09712,-373.36928,453.56172,36676598.0,-0.067265477,0,1
184.5,137.0,3,399.16165,395.3342,776.71028,-377.54863,454.16172,42612128.0,-0.066573914,0,1
184.5,137.25,3,403.74407,399.51656,785.61405,-381.86998,454.56172,47093685.0,-0.065876981,0,1
184.5,137.5,3,408.48278,403.82227,794.81898,-386.3362,455.16172,54715055.0,-0.065174576,0,1
184.5,137.75,3,413.38603,408.25688,804.34314,-390.95711,455.76172,63569825.0,-0.064466629,0,1
184.5,138.0,3,418.46264,412.82658,814.20341,-395.74078,456.16172,70255522.0,-0.063753029,0,1
184.75,112.0,3,218.48734,218.60987,424.22287,-205.73553,427.16713,49961.279,-0.1203923,0,1
184.75,112.25,3,219.21412,219.33685,425.64575,-206.43163,427.36713,52522.848,-0.11999327,0,1
184.75,112.5,3,219.94891,220.07195,427.08454,-207.13563,427.36713,52522.848,-0.11959246,0,1
184.75,112.75,3,220.69186,220.81499,428.53934,-207.84748,427.56713,55215.752,-0.11919003,0,1
184.75,113.0,3,221.4431,221.56643,430.01016,-208.56706,427.76713,58046.724,-0.1187858,0,1
184.75,113.25,3,222.20276,222.32638,431.49729,-209.29453,427.96713,61022.844,-0.11837976,0,1
184.75,113.5,3,222.971,223.09473,433.00185,-210.03085,427.96713,61022.844,-0.11797206,0,1
184.75,113.75,3,223.74797,223.87195,434.523,-210.77503,428.16713,64151.552,-0.11756249,0,1
184.75,114.0,3,224.5338,224.658,436.06166,-211.52786,428.36713,67440.672,-0.11715116,0,1
184.75,114.25,3,225.32868,225.45305,437.61804,-212.28935,428.56713,70898.429,-0.11673803,0,1
184.75,114.5,3,226.13275,226.25743,439.19215,-213.05941,428.56713,70898.429,-0.11632301,0,1
184.75,114.75,3,226.94617,227.07096,440.78506,-213.83889,428.76713,74533.47,-0.11590626,0,1
184.75,115.0,3,227.76912,227.8942,442.39627,-214.62716,428.96713,78354.882,-0.11548756,0,1
184.75,115.25,3,228.60175,228.727,444.02616,-215.42441,429.16713,82372.223,-0.11506707,0,1
184.75,115.5,3,229.44427,229.56977,445.67613,-216.23186,429.36713,86595.537,-0.11464465,0,1
184.75,115.75,3,230.29684,230.42255,447.34506,-217.04822,429.36713,86595.537,-0.11422035,0,1
184.75,116.0,3,231.15964,231.28558,449.0347,-217.87506,429.56713,91035.385,-0.11379415,0,1
184.75,116.25,3,232.03288,232.15905,450.74423,-218.71135,429.76713,95702.869,-0.11336601,0,1
184.75,116.5,3,232.91674,233.04314,452.47488,-219.55814,429.96713,100609.66,-0.11293594,0,1
184.75,116.75,3,233.81142,233.93806,454.22641,-220.41499,430.16713,105768.03,-0.1125039,0,1
184.75,117.0,3,234.71713,234.84402,455.99975,-221.28262,430.36713,111190.87,-0.1120699,0,1
184.75,117.25,3,235.63409,235.76119,457.79492,-222.16083,430.36713,111190.87,-0.11163392,0,1
184.75,117.5,3,236.5625,236.68989,459.61273,-223.05023,430.56713,116891.75,-0.1111959,0,1
184.75,117.75,3,237.50259,237.63017,461.45313,-223.95054,430.76713,122884.92,-0.11075591,0,1
184.75,118.0,3,238.45459,238.58254,463.31711,-224.86252,430.96713,129185.36,-0.1103138,0,1
184.75,118.25,3,239.41873,239.54681,465.20452,-225.78579,431.16713,135808.84,-0.10986974,0,1
184.75,118.5,3,240.39525,240.52364,467.11657,-226.72131,431.36713,142771.9,-0.10942353,0,1
184.75,118.75,3,241.38441,241.51303,469.0526,-227.66819,431.56713,150091.98,-0.10897526,0,1
184.75,119.0,3,242.38645,242.51529,471.01475,-228.6283,431.76713,157787.36,-0.10852489,0,1
184.75,119.25,3,243.40163,243.53085,473.00215,-229.60052,431.96713,165877.29,-0.10807232,0,1
184.75,119.5,3,244.43024,244.55962,475.01589,-230.58565,432.16713,174382.0,-0.1076177,0,1
184.75,119.75,3,245.47253,245.60218,477.05652,-231.58399,432.36713,183322.75,-0.10716088,0,1
184.75,120.0,3,246.5288,246.65883,479.12395,-232.59515,432.56713,192721.91,-0.10670182,0,1
184.75,120.25,3,247.59934,247.72955,481.22009,-233.62074,432.76713,202602.98,-0.10624064,0,1
184.75,120.5,3,248.68445,248.81492,483.34439,-234.65994,432.96713,212990.65,-0.1057772,0,1
184.75,120.75,3,249.78444,249.91526,485.49738,-235.71294,432.96713,212990.65,-0.10531148,0,1
184.75,121.0,3,250.89964,251.03072,487.68081,-236.78117,433.36713,235391.08,-0.10484352,0,1
184.75,121.25,3,252.03036,252.16167,489.89439,-237.86403,433.56713,247459.83,-0.1043733,0,1
184.75,121.5,3,253.17694,253.30855,492.13835,-238.96141,433.76713,260147.37,-0.10390074,0,1
184.75,121.75,3,254.33975,254.4717,494.41503,-240.07527,433.96713,273485.41,-0.10342582,0,1
184.75,122.0,3,255.51913,255.65139,496.72382,-241.20469,434.16713,287507.31,-0.10294857,0,1
184.75,122.25,3,256.71546,256.84794,499.06565,-242.35019,434.36713,302248.12,-0.10246897,0,1
184.75,122.5,3,257.92911,258.06187,501.4408,-243.51169,434.56713,317744.72,-0.10198696,0,1
184.75,122.75,3,259.1605,259.29355,503.85152,-244.69102,434.76713,334035.84,-0.10150251,0,1
184.75,123.0,3,260.41001,260.54339,506.29741,-245.8874,434.96713,351162.22,-0.10101559,0,1
184.75,123.25,3,261.67807,261.81179,508.77964,-247.10157,435.16713,369166.69,-0.1005262,0,1
184.75,123.5,3,262.96511,263.09914,511.29881,-248.3337,435.36713,388094.27,-0.10003433,0,1
184.75,123.75,3,264.27159,264.40585,513.8556,-249.58401,435.56713,407992.29,-0.099539949,0,1
184.75,124.0,3,265.59797,265.73247,516.45171,-250.85374,435.76713,428910.5,-0.099043014,0,1
184.75,124.25,3,266.94472,267.07947,519.08782,-252.14311,436.16713,474019.42,-0.098543498,0,1
184.75,124.5,3,268.31234,268.44733,521.76465,-253.45231,436.36713,498322.91,-0.098041374,0,1
184.75,124.75,3,269.70134,269.83656,524.48312,-254.78178,436.56713,523872.47,-0.097536616,0,1
184.75,125.0,3,271.11225,271.24769,527.24447,-256.13222,436.76713,550731.99,-0.097029197,0,1
184.75,125.25,3,272.54563,272.68124,530.04975,-257.50413,436.96713,578968.62,-0.096519088,0,1
184.75,125.5,3,274.00203,274.1378,532.89989,-258.89786,437.36713,639859.28,-0.096006261,0,1
184.75,125.75,3,275.48207,275.61793,535.79619,-260.31412,437.56713,672665.57,-0.095490684,0,1
184.75,126.0,3,276.98635,277.12225,538.73983,-261.75348,437.76713,707153.87,-0.094972328,0,1
184.75,126.25,3,278.51551,278.65137,541.73187,-263.21637,437.96713,743410.42,-0.094451159,0,1
184.75,126.5,3,280.07021,280.20595,544.77389,-264.70368,438.36713,821595.58,-0.093927145,0,1
184.75,126.75,3,281.65117,281.78666,547.86704,-266.21587,438.56713,863719.69,-0.093400251,0,1
184.75,127.0,3,283.25909,283.3942,551.0127,-267.75361,438.76713,908003.54,-0.092870444,0,1
184.75,127.25,3,284.89475,285.02914,554.21242,-269.31767,439.16713,1003499.1,-0.092337736,0,1
184.75,127.5,3,286.55895,286.69236,557.46759,-270.90864,439.36713,1054949.6,-0.091802046,0,1
184.75,127.75,3,288.25252,288.38465,560.77973,-272.52722,439.56713,1109038.0,-0.091263334,0,1
184.75,128.0,3,289.97634,290.10683,564.15074,-274.1744,439.96713,1225676.6,-0.090721563,0,1
184.75,128.25,3,291.73136,291.85974,567.58183,-275.85047,440.16713,1288518.4,-0.090176689,0,1
184.75,128.5,3,293.51857,293.6441,571.07538,-277.5568,440.56713,1424033.0,-0.08962872,0,1
184.75,128.75,3,295.33902,295.46084,574.63357,-279.29455,440.76713,1497044.8,-0.089077608,0,1
184.75,129.0,3,297.19382,297.31103,578.25813,-281.06432,441.16713,1654490.3,-0.08852327,0,1
184.75,129.25,3,299.08415,299.19567,581.95118,-282.86704,441.36713,1739317.9,-0.087965662,0,1
184.75,129.5,3,301.01126,301.11543,585.71493,-284.70366,441.76713,1922243.5,-0.087404836,0,1
184.75,129.75,3,302.9765,303.07169,589.55127,-286.57477,441.96713,2020799.0,-0.086840659,0,1
184.75,130.0,3,304.98128,305.06559,593.46496,-288.48368,442.36713,2233328.3,-0.086273071,0,1
184.75,130.25,3,307.02708,307.09783,597.45708,-290.43,442.56713,2347833.5,-0.085702152,0,1
184.75,130.5,3,309.11548,309.17008,601.5308,-292.41533,442.96713,2594757.3,-0.085127722,0,1
184.75,130.75,3,311.24812,311.28333,605.68989,-294.44178,443.36713,2867650.4,-0.084549807,0,1
184.75,131.0,3,313.42675,313.4389,609.93712,-296.51036,443.56713,3014677.9,-0.083968343,0,1
184.75,131.25,3,315.65318,315.63822,614.276,-298.62282,443.96713,3331734.4,-0.083383264,0,1
184.75,131.5,3,317.92931,317.88254,618.71052,-300.78121,444.36713,3682135.9,-0.08279456,0,1
184.75,131.75,3,320.25711,320.17349,623.24478,-302.98767,444.56713,3870923.1,-0.082202136,0,1
184.75,132.0,3,322.63867,322.51248,627.88236,-305.24369,444.96713,4278031.6,-0.081605973,0,1
184.75,132.25,3,325.07615,324.90115,632.62834,-307.55219,445.36713,4727956.1,-0.081006009,0,1
184.75,132.5,3,327.57181,327.3413,637.48647,-309.91466,445.76713,5225199.6,-0.080402152,0,1
184.75,132.75,3,330.12802,329.83434,642.4616,-312.33358,445.96713,5493101.3,-0.079794436,0,1
184.75,133.0,3,332.74725,332.38249,647.55871,-314.81146,446.36713,6070815.8,-0.079182707,0,1
184.75,133.25,3,335.43208,334.98752,652.78233,-317.35025,446.76713,6709289.1,-0.078566941,0,1
184.75,133.5,3,338.18524,337.65128,658.13801,-319.95277,447.16713,7414911.2,-0.077947122,0,1
184.75,133.75,3,341.0096,340.37613,663.63082,-322.62122,447.56713,8194744.2,-0.077323123,0,1
184.75,134.0,3,343.90812,343.16427,669.26797,-325.35985,447.96713,9056593.0,-0.076694888,0,1
184.75,134.25,3,346.88396,346.01788,675.05372,-328.16975,448.36713,10009083.0,-0.076062384,0,1
184.75,134.5,3,349.94046,348.93939,680.99755,-331.05709,448.76713,11061748.0,-0.075425549,0,1
184.75,134.75,3,353.08107,351.9315,687.10346,-334.02239,449.16713,12225122.0,-0.074784284,0,1
184.75,135.0,3,356.30952,354.9969,693.37896,-337.06943,449.56713,13510849.0,-0.074138522,0,1
184.75,135.25,3,359.62967,358.13842,699.83284,-340.20317,449.96713,14931798.0,-0.073488192,0,1
184.75,135.5,3,363.04565,361.35906,706.47177,-343.42611,450.36713,16502188.0,-0.072833223,0,1
184.75,135.75,3,366.56179,364.66197,713.30425,-346.74246,450.96713,19172808.0,-0.072173539,0,1
184.75,136.0,3,370.18273,368.05049,720.3421,-350.15937,451.36713,21189229.0,-0.071509061,0,1
184.75,136.25,3,373.91333,371.52814,727.59068,-353.67735,451.76713,23417720.0,-0.070839708,0,1
184.75,136.5,3,377.75879,375.09865,735.06365,-357.30487,452.36713,27207509.0,-0.070165395,0,1
184.75,136.75,3,381.72461,378.76597,742.7689,-361.04429,452.76713,30068948.0,-0.069486034,0,1
184.75,137.0,3,385.81665,382.53427,750.71816,-364.90152,453.16713,33231327.0,-0.068801534,0,1
184.75,137.25,3,390.04114,386.40801,758.92684,-368.8857,453.76713,38609293.0,-0.0681118,0,1
184.75,137.5,3,394.40475,390.39187,767.40343,-372.99867,454.16713,42669868.0,-0.067416734,0,1
184.75,137.75,3,398.91456,394.49059,776.16347,-377.24892,454.76713,49575314.0,-0.066716281,0,1
184.75,138.0,3,403.57813,398.70963,785.22184,-381.64372,455.36713,57598297.0,-0.066010307,0,1
185.0,112.0,3,215.16824,215.29043,417.73098,-202.56273,426.97254,47588.948,-0.12224856,0,1
185.0,112.25,3,215.8693,215.9916,419.10364,-203.23435,427.17254,50028.885,-0.1218517,0,1
185.0,112.5,3,216.57797,216.7005,420.49094,-203.91298,427.17254,50028.885,-0.12145309,0,1
185.0,112.75,3,217.29439,217.41718,421.89416,-204.59976,427.37254,52593.921,-0.12105274,0,1
185.0,113.0,3,218.01869,218.14158,423.31234,-205.29364,427.57254,55290.469,-0.12065075,0,1
185.0,113.25,3,218.75099,218.87412,424.74589,-205.9949,427.77254,58125.272,-0.12024695,0,1
185.0,113.5,3,219.49145,219.6148,426.1961,-206.70465,427.77254,58125.272,-0.1198414,0,1
185.0,113.75,3,220.24018,220.36366,427.66216,-207.42198,427.97254,61105.419,-0.11943414,0,1
185.0,114.0,3,220.99734,221.1211,429.14442,-208.14709,428.17254,64238.36,-0.11902503,0,1
185.0,114.25,3,221.76307,221.88699,430.64408,-208.88101,428.37254,67531.932,-0.11861419,0,1
185.0,114.5,3,222.53752,222.66163,432.16039,-209.62288,428.37254,67531.932,-0.11820153,0,1
185.0,114.75,3,223.32084,223.44524,433.69374,-210.3729,428.57254,70994.368,-0.117787,0,1
185.0,115.0,3,224.1132,224.23772,435.24563,-211.13244,428.77254,74634.327,-0.11737073,0,1
185.0,115.25,3,224.91474,225.03957,436.81485,-211.90011,428.97254,78460.911,-0.11695252,0,1
185.0,115.5,3,225.72564,225.8506,438.40282,-212.67718,428.97254,78460.911,-0.11653254,0,1
185.0,115.75,3,226.54607,226.67129,440.00919,-213.46312,429.17254,82483.687,-0.11611063,0,1
185.0,116.0,3,227.37618,227.5016,441.63422,-214.25804,429.37254,86712.717,-0.11568686,0,1
185.0,116.25,3,228.21619,228.34183,443.27926,-215.06307,429.57254,91158.573,-0.11526116,0,1
185.0,116.5,3,229.06623,229.1921,444.94326,-215.87703,429.77254,95832.373,-0.11483356,0,1
185.0,116.75,3,229.92653,230.05262,446.62804,-216.70151,429.97254,100745.8,-0.11440402,0,1
185.0,117.0,3,230.79726,230.92358,448.3326,-217.53534,429.97254,100745.8,-0.11397253,0,1
185.0,117.25,3,231.67862,231.80518,450.05854,-218.37992,430.17254,105911.15,-0.11353907,0,1
185.0,117.5,3,232.5708,232.69758,451.80516,-219.23435,430.37254,111341.33,-0.11310365,0,1
185.0,117.75,3,233.47403,233.60109,453.57384,-220.09981,430.57254,117049.92,-0.11266619,0,1
185.0,118.0,3,234.38851,234.51574,455.36404,-220.97554,430.77254,123051.2,-0.11222677,0,1
185.0,118.25,3,235.31445,235.44204,457.1772,-221.86274,430.97254,129360.17,-0.11178524,0,1
185.0,118.5,3,236.25208,236.37981,459.01263,-222.76054,431.17254,135992.61,-0.11134177,0,1
185.0,118.75,3,237.20164,237.32967,460.87206,-223.67042,431.17254,135992.61,-0.11089614,0,1
185.0,119.0,3,238.16335,238.2916,462.75453,-224.59117,431.37254,142965.1,-0.11044848,0,1
185.0,119.25,3,239.13747,239.26594,464.66203,-225.52456,431.57254,150295.08,-0.10999871,0,1
185.0,119.5,3,240.12423,240.25308,466.59397,-226.46974,431.77254,158000.87,-0.10954675,0,1
185.0,119.75,3,241.1239,241.25289,468.55097,-227.42707,431.97254,166101.75,-0.10909277,0,1
185.0,120.0,3,242.13673,242.26599,470.53407,-228.39734,432.17254,174617.97,-0.10863657,0,1
185.0,120.25,3,243.163,243.29262,472.5429,-229.3799,432.37254,183570.82,-0.10817815,0,1
185.0,120.5,3,244.203,244.33277,474.57926,-230.37626,432.57254,192982.7,-0.10771762,0,1
185.0,120.75,3,245.25699,245.38704,476.64286,-231.38587,432.77254,202877.13,-0.10725483,0,1
185.0,121.0,3,246.32528,246.45569,478.73375,-232.40847,432.97254,213278.87,-0.10678976,0,1
185.0,121.25,3,247.40818,247.5388,480.85415,-233.44597,433.17254,224213.91,-0.1063225,0,1
185.0,121.5,3,248.506,248.63685,483.00344,-234.49745,433.37254,235709.6,-0.10585295,0,1
185.0,121.75,3,249.61904,249.75021,485.18223,-235.56319,433.57254,247794.69,-0.10538107,0,1
185.0,122.0,3,250.74767,250.87919,487.39172,-236.64405,433.77254,260499.4,-0.10490685,0,1
185.0,122.25,3,251.8922,252.02395,489.63232,-237.74012,433.97254,273855.49,-0.10443034,0,1
185.0,122.5,3,253.05299,253.18498,491.90484,-238.85185,434.17254,287896.36,-0.10395145,0,1
185.0,122.75,3,254.2304,254.36267,494.2092,-239.97879,434.37254,302657.12,-0.10347015,0,1
185.0,123.0,3,255.42483,255.55741,496.54765,-241.12282,434.57254,318174.68,-0.10298643,0,1
185.0,123.25,3,256.63664,256.76955,498.91992,-242.28328,434.77254,334487.85,-0.10250026,0,1
185.0,123.5,3,257.86623,257.99944,501.32695,-243.46073,434.97254,351637.41,-0.10201164,0,1
185.0,123.75,3,259.11401,259.24745,503.76937,-244.65536,435.37254,388619.43,-0.10152055,0,1
185.0,124.0,3,260.38041,260.5141,506.24795,-245.86754,435.57254,408544.38,-0.10102695,0,1
185.0,124.25,3,261.66588,261.79982,508.76416,-247.09827,435.77254,429490.9,-0.1005308,0,1
185.0,124.5,3,262.97087,263.10505,511.31861,-248.34775,435.97254,451511.37,-0.10003208,0,1
185.0,124.75,3,264.29583,264.43026,513.91204,-249.61621,436.17254,474660.85,-0.09953076,0,1
185.0,125.0,3,265.64126,265.77592,516.54556,-250.9043,436.37254,498997.23,-0.099026822,0,1
185.0,125.25,3,267.00766,267.14253,519.21989,-252.21223,436.77254,551477.23,-0.098520234,0,1
185.0,125.5,3,268.39555,268.53061,521.93629,-253.54074,436.97254,579752.07,-0.09801097,0,1
185.0,125.75,3,269.80546,269.94067,524.69563,-254.89017,437.17254,609476.59,-0.097499,0,1
185.0,126.0,3,271.23797,271.37327,527.49909,-256.26112,437.37254,640725.13,-0.096984295,0,1
185.0,126.25,3,272.69365,272.82898,530.34778,-257.65414,437.57254,673575.81,-0.096466823,0,1
185.0,126.5,3,274.1731,274.30839,533.24292,-259.06982,437.97254,744416.39,-0.095946554,0,1
185.0,126.75,3,275.67696,275.81212,536.18553,-260.50857,438.17254,782583.44,-0.095423454,0,1
185.0,127.0,3,277.20588,277.3408,539.17708,-261.97119,438.37254,822707.35,-0.094897489,0,1
185.0,127.25,3,278.76055,278.89508,542.21885,-263.4583,438.77254,909232.24,-0.094368625,0,1
185.0,127.5,3,280.34169,280.47565,545.31199,-264.9703,438.97254,955849.57,-0.093836826,0,1
185.0,127.75,3,281.95005,282.08318,548.45805,-266.508,439.17254,1004857.0,-0.093302071,0,1
185.0,128.0,3,283.58642,283.71831,551.65848,-268.07206,439.57254,1110538.8,-0.092764352,0,1
185.0,128.25,3,285.25163,285.38192,554.91497,-269.66334,439.77254,1167477.3,-0.092223589,0,1
185.0,128.5,3,286.94657,287.07481,558.22932,-271.28275,439.97254,1227335.1,-0.091679743,0,1
185.0,128.75,3,288.67217,288.79781,561.603,-272.93082,440.37254,1356415.1,-0.091132772,0,1
185.0,129.0,3,290.42942,290.55168,565.03787,-274.60845,440.57254,1425960.0,-0.090582664,0,1
185.0,129.25,3,292.21936,292.3372,568.53607,-276.31671,440.97254,1575929.5,-0.090029408,0,1
185.0,129.5,3,294.04311,294.15549,572.09927,-278.05616,441.17254,1656729.2,-0.089472901,0,1
185.0,129.75,3,295.90184,296.00752,575.72984,-279.828,441.57254,1830968.9,-0.088913095,0,1
185.0,130.0,3,297.79682,297.89396,579.4294,-281.63258,441.77254,1924844.7,-0.088350046,0,1
185.0,130.25,3,299.72937,299.81613,583.20236,-283.47299,442.17254,2127282.3,-0.08778362,0,1
185.0,130.5,3,301.7009,301.77513,587.04996,-285.34906,442.37254,2236350.4,-0.087213764,0,1
185.0,130.75,3,303.71289,303.77171,590.97482,-287.26193,442.77254,2471549.5,-0.086640539,0,1
185.0,131.0,3,305.76688,305.80747,594.98075,-289.21387,442.97254,2598268.5,-0.086063773,0,1
185.0,131.25,3,307.86452,307.88329,599.07047,-291.20595,443.37254,2871530.8,-0.085483512,0,1
185.0,131.5,3,310.00752,310.00063,603.24702,-293.2395,443.77254,3173532.3,-0.08489965,0,1
185.0,131.75,3,312.19765,312.16069,607.51441,-295.31675,443.97254,3336242.8,-0.084312171,0,1
185.0,132.0,3,314.4368,314.3649,611.87582,-297.43902,444.37254,3687118.5,-0.083721004,0,1
185.0,132.25,3,316.7269,316.61462,616.33694,-299.61004,444.77254,4074896.2,-0.083126121,0,1
185.0,132.5,3,319.07,318.9115,620.89912,-301.82912,445.17254,4503456.7,-0.082527424,0,1
185.0,132.75,3,321.46823,321.25682,625.56648,-304.09826,445.37254,4734353.9,-0.081924938,0,1
185.0,133.0,3,323.92379,323.65258,630.34611,-306.42232,445.77254,5232270.3,-0.081318509,0,1
185.0,133.25,3,326.43901,326.10015,635.24081,-308.8018,446.17254,5782552.9,-0.080708167,0,1
185.0,133.5,3,329.01632,328.60147,640.25554,-311.23922,446.57254,6390709.3,-0.080093814,0,1
185.0,133.75,3,331.65826,331.15854,645.39497,-313.73671,446.97254,7062826.1,-0.079475362,0,1
185.0,134.0,3,334.3675,333.7731,650.66365,-316.29615,447.37254,7805630.0,-0.078852804,0,1
185.0,134.25,3,337.14685,336.44724,656.06921,-318.92236,447.77254,8626555.3,-0.078226068,0,1
185.0,134.5,3,339.99924,339.18327,661.61629,-321.61705,448.17254,9533818.0,-0.077595057,0,1
185.0,134.75,3,342.92777,341.98342,667.30953,-324.38177,448.57254,10536498.0,-0.076959711,0,1
185.0,135.0,3,345.93569,344.85006,673.15766,-327.22198,448.97254,11644632.0,-0.076319966,0,1
185.0,135.25,3,349.02644,347.78555,679.16525,-330.13882,449.37254,12869308.0,-0.075675786,0,1
185.0,135.5,3,352.20363,350.79264,685.34152,-333.13789,449.77254,14222785.0,-0.075027073,0,1
185.0,135.75,3,355.4711,353.87413,691.69136,-336.22026,450.17254,15718609.0,-0.074373746,0,1
185.0,136.0,3,358.83288,357.03295,698.22563,-339.39275,450.57254,17371749.0,-0.073715732,0,1
185.0,136.25,3,362.29326,360.27216,704.94961,-342.65635,450.97254,19198752.0,-0.073052953,0,1
185.0,136.5,3,365.85674,363.59502,711.87313,-346.01638,451.57254,22305767.0,-0.072385328,0,1
185.0,136.75,3,369.52817,367.00497,719.00811,-349.47994,451.97254,24651685.0,-0.071712775,0,1
185.0,137.0,3,373.31261,370.50564,726.36044,-353.04782,452.37254,27244326.0,-0.071035208,0,1
185.0,137.25,3,377.21548,374.10088,733.94364,-356.72816,452.97254,31653390.0,-0.070352535,0,1
185.0,137.5,3,381.24257,377.79465,741.76731,-360.52474,453.37254,34982407.0,-0.069664685,0,1
185.0,137.75,3,385.39998,381.59124,749.84288,-364.4429,453.77254,38661538.0,-0.068971566,0,1
185.0,138.0,3,389.69424,385.49532,758.184,-368.48977,454.37254,44918299.0,-0.068273059,0,1
160.0,116.5,1,,,,,,-1.0,0.035248061,0,1
160.0,116.75,1,,,,,,-1.0,0.036025975,0,1
160.0,117.0,1,,,,,,-1.0,0.036810425,0,1
160.0,117.25,1,,,,,,-1.0,0.037601478,0,1
160.0,117.5,1,,,,,,-1.0,0.038399182,0,1
160.0,117.75,1,,,,,,-1.0,0.039203565,0,1
160.0,118.0,1,,,,,,-1.0,0.040014685,0,1
160.0,118.25,1,,,,,,-1.0,0.04083258,0,1
160.0,118.5,1,,,,,,-1.0,0.041657262,0,1
160.0,118.75,1,,,,,,-1.0,0.04248877,0,1
160.0,119.0,1,,,,,,-1.0,0.043327127,0,1
160.0,119.25,1,,,,,,-1.0,0.044172344,0,1
160.0,119.5,1,,,,,,-1.0,0.045024433,0,1
160.0,119.75,1,,,,,,-1.0,0.045883402,0,1
160.0,120.0,1,,,,,,-1.0,0.046749237,0,1
160.0,120.25,1,,,,,,-1.0,0.047621941,0,1
160.0,120.5,1,,,,,,-1.0,0.048501488,0,1
160.0,120.75,1,,,,,,-1.0,0.049387868,0,1
160.0,121.0,1,,,,,,-1.0,0.050281046,0,1
160.0,121.25,1,,,,,,-1.0,0.051180984,0,1
160.0,121.5,1,,,,,,-1.0,0.052087641,0,1
160.0,121.75,1,,,,,,-1.0,0.053000977,0,1
160.0,122.0,1,,,,,,-1.0,0.053920905,0,1
160.0,122.25,1,,,,,,-1.0,0.0548474,0,1
160.0,122.5,1,,,,,,-1.0,0.055780347,0,1
160.0,122.75,1,,,,,,-1.0,0.056719697,0,1
160.0,123.0,1,,,,,,-1.0,0.057665358,0,1
160.0,123.25,1,,,,,,-1.0,0.058617236,0,1
160.0,123.5,1,,,,,,-1.0,0.059575233,0,1
160.0,123.75,1,,,,,,-1.0,0.060539247,0,1
160.0,124.0,1,,,,,,-1.0,0.061509155,0,1
160.0,124.25,1,,,,,,-1.0,0.062484844,0,1
160.0,124.5,1,,,,,,-1.0,0.063466212,0,1
160.0,124.75,1,,,,,,-1.0,0.064453094,0,1
160.0,125.0,1,,,,,,-1.0,0.065445393,0,1
160.0,125.25,1,,,,,,-1.0,0.066442966,0,1
160.0,125.5,1,,,,,,-1.0,0.067445649,0,1
160.0,125.75,1,,,,,,-1.0,0.068453326,0,1
160.0,126.0,1,,,,,,-1.0,0.069465846,0,1
160.0,126.25,1,,,,,,-1.0,0.070483061,0,1
160.0,126.5,1,,,,,,-1.0,0.071504816,0,1
160.0,126.75,1,,,,,,-1.0,0.072530959,0,1
160.0,127.0,1,,,,,,-1.0,0.073561337,0,1
160.0,127.25,1,,,,,,-1.0,0.074595793,0,1
160.0,127.5,1,,,,,,-1.0,0.075634175,0,1
160.0,127.75,1,,,,,,-1.0,0.076676325,0,1
160.0,128.0,1,,,,,,-1.0,0.077722091,0,1
160.0,128.25,1,,,,,,-1.0,0.078771317,0,1
160.0,128.5,1,,,,,,-1.0,0.079823849,0,1
160.0,128.75,1,,,,,,-1.0,0.080879536,0,1
160.0,129.0,1,,,,,,-1.0,0.081938226,0,1
160.0,129.25,1,,,,,,-1.0,0.082999768,0,1
160.0,129.5,1,,,,,,-1.0,0.084064017,0,1
160.0,129.75,1,,,,,,-1.0,0.085130826,0,1
160.0,130.0,1,,,,,,-1.0,0.086200043,0,1
160.0,130.25,1,,,,,,-1.0,0.087271524,0,1
160.0,130.5,1,,,,,,-1.0,0.088345139,0,1
160.0,130.75,1,,,,,,-1.0,0.089420754,0,1
160.0,131.0,1,,,,,,-1.0,0.090498242,0,1
160.0,131.25,1,,,,,,-1.0,0.091577478,0,1
160.0,131.5,1,,,,,,-1.0,0.092658291,0,1
160.0,131.75,1,,,,,,-1.0,0.093740583,0,1
160.0,132.0,1,,,,,,-1.0,0.094824266,0,1
160.0,132.25,1,,,,,,-1.0,0.095909157,0,1
160.0,132.5,1,,,,,,-1.0,0.096995188,0,1
160.0,132.75,1,,,,,,-1.0,0.098082235,0,1
160.0,133.0,1,,,,,,-1.0,0.099170184,0,1
160.0,133.25,1,,,,,,-1.0,0.10025892,0,1
160.0,133.5,1,,,,,,-1.0,0.1013484,0,1
160.0,133.75,1,,,,,,-1.0,0.10243841,0,1
160.0,134.0,1,,,,,,-1.0,0.10352895,0,1
160.0,134.25,1,,,,,,-1.0,0.10461991,0,1
160.0,134.5,1,,,,,,-1.0,0.10571121,0,1
160.0,134.75,1,,,,,,-1.0,0.1068027,0,1
160.0,135.0,1,,,,,,-1.0,0.10789434,0,1
160.0,135.25,1,,,,,,-1.0,0.10898605,0,1
160.0,135.5,1,,,,,,-1.0,0.11007775,0,1
160.0,135.75,1,,,,,,-1.0,0.11116938,0,1
160.0,136.0,1,,,,,,-1.0,0.11226083,0,1
160.0,136.25,1,,,,,,-1.0,0.11335203,0,1
160.0,136.5,1,,,,,,-1.0,0.11444294,0,1
160.0,136.75,1,,,,,,-1.0,0.11553352,0,1
160.0,137.0,1,,,,,,-1.0,0.11662369,0,1
160.0,137.25,1,,,,,,-1.0,0.11771331,0,1
160.0,137.5,1,,,,,,-1.0,0.11880246,0,1
160.0,137.75,1,,,,,,-1.0,0.11989095,0,1
160.0,138.0,1,,,,,,-1.0,0.12097885,0,1
160.25,112.0,1,,,,,,-1.0,0.02120214,0,1
160.25,112.25,1,,,,,,-1.0,0.02187022,0,1
160.25,112.5,1,,,,,,-1.0,0.022543605,0,1
160.25,112.75,1,,,,,,-1.0,0.023222368,0,1
160.25,113.0,1,,,,,,-1.0,0.023906597,0,1
160.25,113.25,1,,,,,,-1.0,0.024596361,0,1
160.25,113.5,1,,,,,,-1.0,0.025291721,0,1
160.25,113.75,1,,,,,,-1.0,0.025992774,0,1
160.25,114.0,1,,,,,,-1.0,0.026699571,0,1
160.25,114.25,1,,,,,,-1.0,0.0274122,0,1
160.25,114.5,1,,,,,,-1.0,0.028130739,0,1
160.25,114.75,1,,,,,,-1.0,0.028855255,0,1
160.25,115.0,1,,,,,,-1.0,0.029585812,0,1
160.25,115.25,1,,,,,,-1.0,0.030322493,0,1
160.25,115.5,1,,,,,,-1.0,0.031065365,0,1
160.25,115.75,1,,,,,,-1.0,0.031814493,0,1
160.25,116.0,1,,,,,,-1.0,0.032569954,0,1
160.25,116.25,1,,,,,,-1.0,0.033331823,0,1
160.25,116.5,1,,,,,,-1.0,0.034100133,0,1
160.25,116.75,1,,,,,,-1.0,0.034874983,0,1
160.25,117.0,1,,,,,,-1.0,0.035656406,0,1
160.25,117.25,1,,,,,,-1.0,0.036444466,0,1
160.25,117.5,1,,,,,,-1.0,0.037239223,0,1
160.25,117.75,1,,,,,,-1.0,0.038040725,0,1
160.25,118.0,1,,,,,,-1.0,0.038849023,0,1
160.25,118.25,1,,,,,,-1.0,0.03966414,0,1
160.25,118.5,1,,,,,,-1.0,0.040486136,0,1
160.25,118.75,1,,,,,,-1.0,0.041315036,0,1
160.25,119.0,1,,,,,,-1.0,0.042150878,0,1
160.25,119.25,1,,,,,,-1.0,0.042993672,0,1
160.25,119.5,1,,,,,,-1.0,0.043843441,0,1
160.25,119.75,1,,,,,,-1.0,0.044700197,0,1
160.25,120.0,1,,,,,,-1.0,0.045563941,0,1
160.25,120.25,1,,,,,,-1.0,0.046434689,0,1
160.25,120.5,1,,,,,,-1.0,0.047312419,0,1
160.25,120.75,1,,,,,,-1.0,0.048197134,0,1
160.25,121.0,1,,,,,,-1.0,0.049088786,0,1
160.25,121.25,1,,,,,,-1.0,0.049987367,0,1
160.25,121.5,1,,,,,,-1.0,0.05089284,0,1
160.25,121.75,1,,,,,,-1.0,0.051805157,0,1
160.25,122.0,1,,,,,,-1.0,0.052724262,0,1
160.25,122.25,1,,,,,,-1.0,0.053650124,0,1
160.25,122.5,1,,,,,,-1.0,0.054582636,0,1
160.25,122.75,1,,,,,,-1.0,0.055521761,0,1
160.25,123.0,1,,,,,,-1.0,0.056467409,0,1
160.25,123.25,1,,,,,,-1.0,0.057419486,0,1
160.25,123.5,1,,,,,,-1.0,0.058377899,0,1
160.25,123.75,1,,,,,,-1.0,0.059342547,0,1
160.25,124.0,1,,,,,,-1.0,0.060313329,0,1
160.25,124.25,1,,,,,,-1.0,0.061290141,0,1
160.25,124.5,1,,,,,,-1.0,0.062272823,0,1
160.25,124.75,1,,,,,,-1.0,0.063261304,0,1
160.25,125.0,1,,,,,,-1.0,0.064255399,0,1
160.25,125.25,1,,,,,,-1.0,0.065255015,0,1
160.25,125.5,1,,,,,,-1.0,0.066260006,0,1
160.25,125.75,1,,,,,,-1.0,0.067270203,0,1
160.25,126.0,1,,,,,,-1.0,0.068285476,0,1
160.25,126.25,1,,,,,,-1.0,0.069305677,0,1
160.25,126.5,1,,,,,,-1.0,0.070330652,0,1
160.25,126.75,1,,,,,,-1.0,0.071360244,0,1
160.25,127.0,1,,,,,,-1.0,0.072394297,0,1
160.25,127.25,1,,,,,,-1.0,0.073432651,0,1
160.25,127.5,1,,,,,,-1.0,0.074475149,0,1
160.25,127.75,1,,,,,,-1.0,0.07552163,0,1
160.25,128.0,1,,,,,,-1.0,0.076571934,0,1
160.25,128.25,1,,,,,,-1.0,0.077625903,0,1
160.25,128.5,1,,,,,,-1.0,0.07868337,0,1
160.25,128.75,1,,,,,,-1.0,0.079744172,0,1
160.25,129.0,1,,,,,,-1.0,0.080808161,0,1
160.25,129.25,1,,,,,,-1.0,0.081875181,0,1
160.25,129.5,1,,,,,,-1.0,0.082945077,0,1
160.25,129.75,1,,,,,,-1.0,0.084017698,0,1
160.25,130.0,1,,,,,,-1.0,0.085092891,0,1
160.25,130.25,1,,,,,,-1.0,0.086170509,0,1
160.25,130.5,1,,,,,,-1.0,0.087250406,0,1
160.25,130.75,1,,,,,,-1.0,0.088332441,0,1
160.25,131.0,1,,,,,,-1.0,0.089416475,0,1
160.25,131.25,1,,,,,,-1.0,0.090502373,0,1
160.25,131.5,1,,,,,,-1.0,0.091589964,0,1
160.25,131.75,1,,,,,,-1.0,0.092679154,0,1
160.25,132.0,1,,,,,,-1.0,0.093769822,0,1
160.25,132.25,1,,,,,,-1.0,0.094861853,0,1
160.25,132.5,1,,,,,,-1.0,0.095955052,0,1
160.25,132.75,1,,,,,,-1.0,0.097049378,0,1
160.25,133.0,1,,,,,,-1.0,0.0981447,0,1
160.25,133.25,1,,,,,,-1.0,0.099240869,0,1
160.25,133.5,1,,,,,,-1.0,0.10033783,0,1
160.25,133.75,1,,,,,,-1.0,0.10143544,0,1
160.25,134.0,1,,,,,,-1.0,0.1025336,0,1
160.25,134.25,1,,,,,,-1.0,0.10363227,0,1
160.25,134.5,1,,,,,,-1.0,0.10473125,0,1
160.25,134.75,1,,,,,,-1.0,0.10583051,0,1
160.25,135.0,1,,,,,,-1.0,0.10692997,0,1
160.25,135.25,1,,,,,,-1.0,0.10802954,0,1
160.25,135.5,1,,,,,,-1.0,0.10912913,0,1
160.25,135.75,1,,,,,,-1.0,0.11022865,0,1
160.25,136.0,1,,,,,,-1.0,0.11132803,0,1
160.25,136.25,1,,,,,,-1.0,0.11242719,0,1
160.25,136.5,1,,,,,,-1.0,0.11352608,0,1
160.25,136.75,1,,,,,,-1.0,0.11462462,0,1
160.25,137.0,1,,,,,,-1.0,0.11572278,0,1
160.25,137.25,1,,,,,,-1.0,0.1168204,0,1
160.25,137.5,1,,,,,,-1.0,0.11791749,0,1
160.25,137.75,1,,,,,,-1.0,0.11901404,0,1
160.25,138.0,1,,,,,,-1.0,0.12010985,0,1
160.5,112.0,1,,,,,,-1.0,0.020103032,0,1
160.5,112.25,1,,,,,,-1.0,0.020768052,0,1
160.5,112.5,1,,,,,,-1.0,0.021438357,0,1
160.5,112.75,1,,,,,,-1.0,0.02211402,0,1
160.5,113.0,1,,,,,,-1.0,0.022795122,0,1
160.5,113.25,1,,,,,,-1.0,0.023481719,0,1
160.5,113.5,1,,,,,,-1.0,0.024173903,0,1
160.5,113.75,1,,,,,,-1.0,0.024871762,0,1
160.5,114.0,1,,,,,,-1.0,0.025575334,0,1
160.5,114.25,1,,,,,,-1.0,0.026284741,0,1
160.5,114.5,1,,,,,,-1.0,0.027000021,0,1
160.5,114.75,1,,,,,,-1.0,0.027721273,0,1
160.5,115.0,1,,,,,,-1.0,0.028448572,0,1
160.5,115.25,1,,,,,,-1.0,0.029181987,0,1
160.5,115.5,1,,,,,,-1.0,0.029921591,0,1
160.5,115.75,1,,,,,,-1.0,0.030667456,0,1
160.5,116.0,1,,,,,,-1.0,0.031419656,0,1
160.5,116.25,1,,,,,,-1.0,0.032178266,0,1
160.5,116.5,1,,,,,,-1.0,0.032943361,0,1
160.5,116.75,1,,,,,,-1.0,0.033714987,0,1
160.5,117.0,1,,,,,,-1.0,0.034493237,0,1
160.5,117.25,1,,,,,,-1.0,0.035278141,0,1
160.5,117.5,1,,,,,,-1.0,0.036069784,0,1
160.5,117.75,1,,,,,,-1.0,0.036868216,0,1
160.5,118.0,1,,,,,,-1.0,0.037673489,0,1
160.5,118.25,1,,,,,,-1.0,0.038485653,0,1
160.5,118.5,1,,,,,,-1.0,0.03930476,0,1
160.5,118.75,1,,,,,,-1.0,0.040130832,0,1
160.5,119.0,1,,,,,,-1.0,0.040963931,0,1
160.5,119.25,1,,,,,,-1.0,0.041804062,0,1
160.5,119.5,1,,,,,,-1.0,0.042651272,0,1
160.5,119.75,1,,,,,,-1.0,0.043505575,0,1
160.5,120.0,1,,,,,,-1.0,0.044366985,0,1
160.5,120.25,1,,,,,,-1.0,0.045235516,0,1
160.5,120.5,1,,,,,,-1.0,0.046111157,0,1
160.5,120.75,1,,,,,,-1.0,0.046993912,0,1
160.5,121.0,1,,,,,,-1.0,0.047883763,0,1
160.5,121.25,1,,,,,,-1.0,0.048780701,0,1
160.5,121.5,1,,,,,,-1.0,0.04968469,0,1
160.5,121.75,1,,,,,,-1.0,0.050595696,0,1
160.5,122.0,1,,,,,,-1.0,0.05151368,0,1
160.5,122.25,1,,,,,,-1.0,0.052438602,0,1
160.5,122.5,1,,,,,,-1.0,0.053370372,0,1
160.5,122.75,1,,,,,,-1.0,0.054308964,0,1
160.5,123.0,1,,,,,,-1.0,0.055254276,0,1
160.5,123.25,1,,,,,,-1.0,0.056206236,0,1
160.5,123.5,1,,,,,,-1.0,0.05716476,0,1
160.5,123.75,1,,,,,,-1.0,0.058129752,0,1
160.5,124.0,1,,,,,,-1.0,0.059101109,0,1
160.5,124.25,1,,,,,,-1.0,0.060078701,0,1
160.5,124.5,1,,,,,,-1.0,0.061062442,0,1
160.5,124.75,1,,,,,,-1.0,0.062052193,0,1
160.5,125.0,1,,,,,,-1.0,0.063047834,0,1
160.5,125.25,1,,,,,,-1.0,0.064049214,0,1
160.5,125.5,1,,,,,,-1.0,0.065056216,0,1
160.5,125.75,1,,,,,,-1.0,0.066068692,0,1
160.5,126.0,1,,,,,,-1.0,0.06708648,0,1
160.5,126.25,1,,,,,,-1.0,0.068109432,0,1
160.5,126.5,1,,,,,,-1.0,0.069137402,0,1
160.5,126.75,1,,,,,,-1.0,0.07017023,0,1
160.5,127.0,1,,,,,,-1.0,0.071207756,0,1
160.5,127.25,1,,,,,,-1.0,0.072249819,0,1
160.5,127.5,1,,,,,,-1.0,0.073296242,0,1
160.5,127.75,1,,,,,,-1.0,0.07434687,0,1
160.5,128.0,1,,,,,,-1.0,0.075401542,0,1
160.5,128.25,1,,,,,,-1.0,0.076460094,0,1
160.5,128.5,1,,,,,,-1.0,0.077522361,0,1
160.5,128.75,1,,,,,,-1.0,0.078588179,0,1
160.5,129.0,1,,,,,,-1.0,0.079657377,0,1
160.5,129.25,1,,,,,,-1.0,0.080729779,0,1
160.5,129.5,1,,,,,,-1.0,0.081805244,0,1
160.5,129.75,1,,,,,,-1.0,0.082883613,0,1
160.5,130.0,1,,,,,,-1.0,0.083964726,0,1
160.5,130.25,1,,,,,,-1.0,0.085048429,0,1
160.5,130.5,1,,,,,,-1.0,0.086134566,0,1
160.5,130.75,1,,,,,,-1.0,0.087222987,0,1
160.5,131.0,1,,,,,,-1.0,0.088313545,0,1
160.5,131.25,1,,,,,,-1.0,0.089406094,0,1
160.5,131.5,1,,,,,,-1.0,0.090500494,0,1
160.5,131.75,1,,,,,,-1.0,0.09159661,0,1
160.5,132.0,1,,,,,,-1.0,0.09269431,0,1
160.5,132.25,1,,,,,,-1.0,0.093793469,0,1
160.5,132.5,1,,,,,,-1.0,0.094893941,0,1
160.5,132.75,1,,,,,,-1.0,0.095995582,0,1
160.5,133.0,1,,,,,,-1.0,0.097098323,0,1
160.5,133.25,1,,,,,,-1.0,0.098202033,0,1
160.5,133.5,1,,,,,,-1.0,0.099306546,0,1
160.5,133.75,1,,,,,,-1.0,0.10041185,0,1
160.5,134.0,1,,,,,,-1.0,0.10151771,0,1
160.5,134.25,1,,,,,,-1.0,0.10262415,0,1
160.5,134.5,1,,,,,,-1.0,0.10373097,0,1
160.5,134.75,1,,,,,,-1.0,0.10483812,0,1
160.5,135.0,1,,,,,,-1.0,0.10594553,0,1
160.5,135.25,1,,,,,,-1.0,0.10705308,0,1
160.5,135.5,1,,,,,,-1.0,0.10816065,0,1
160.5,135.75,1,,,,,,-1.0,0.10926819,0,1
160.5,136.0,1,,,,,,-1.0,0.11037563,0,1
160.5,136.25,1,,,,,,-1.0,0.11148289,0,1
160.5,136.5,1,,,,,,-1.0,0.11258988,0,1
160.5,136.75,1,,,,,,-1.0,0.11369654,0,1
160.5,137.0,1,,,,,,-1.0,0.11480282,0,1
160.5,137.25,1,,,,,,-1.0,0.11590858,0,1
160.5,137.5,1,,,,,,-1.0,0.1170138,0,1
160.5,137.75,1,,,,,,-1.0,0.11811845,0,1
160.5,138.0,1,,,,,,-1.0,0.11922248,0,1
160.75,112.0,1,,,,,,-1.0,0.018996759,0,1
160.75,112.25,1,,,,,,-1.0,0.019658682,0,1
160.75,112.5,1,,,,,,-1.0,0.020325856,0,1
160.75,112.75,1,,,,,,-1.0,0.020998354,0,1
160.75,113.0,1,,,,,,-1.0,0.021676256,0,1
160.75,113.25,1,,,,,,-1.0,0.022359641,0,1
160.75,113.5,1,,,,,,-1.0,0.023048587,0,1
160.75,113.75,1,,,,,,-1.0,0.023743175,0,1
160.75,114.0,1,,,,,,-1.0,0.02444346,0,1
160.75,114.25,1,,,,,,-1.0,0.025149553,0,1
160.75,114.5,1,,,,,,-1.0,0.025861507,0,1
160.75,114.75,1,,,,,,-1.0,0.026579425,0,1
160.75,115.0,1,,,,,,-1.0,0.027303354,0,1
160.75,115.25,1,,,,,,-1.0,0.028033398,0,1
160.75,115.5,1,,,,,,-1.0,0.028769629,0,1
160.75,115.75,1,,,,,,-1.0,0.029512121,0,1
160.75,116.0,1,,,,,,-1.0,0.030260947,0,1
160.75,116.25,1,,,,,,-1.0,0.031016184,0,1
160.75,116.5,1,,,,,,-1.0,0.031777907,0,1
160.75,116.75,1,,,,,,-1.0,0.032546195,0,1
160.75,117.0,1,,,,,,-1.0,0.033321102,0,1
160.75,117.25,1,,,,,,-1.0,0.034102709,0,1
160.75,117.5,1,,,,,,-1.0,0.034891073,0,1
160.75,117.75,1,,,,,,-1.0,0.035686267,0,1
160.75,118.0,1,,,,,,-1.0,0.036488344,0,1
160.75,118.25,1,,,,,,-1.0,0.037297358,0,1
160.75,118.5,1,,,,,,-1.0,0.038113361,0,1
160.75,118.75,1,,,,,,-1.0,0.038936406,0,1
160.75,119.0,1,,,,,,-1.0,0.039766548,0,1
160.75,119.25,1,,,,,,-1.0,0.040603798,0,1
160.75,119.5,1,,,,,,-1.0,0.041448221,0,1
160.75,119.75,1,,,,,,-1.0,0.042299831,0,1
160.75,120.0,1,,,,,,-1.0,0.043158646,0,1
160.75,120.25,1,,,,,,-1.0,0.044024694,0,1
160.75,120.5,1,,,,,,-1.0,0.04489797,0,1
160.75,120.75,1,,,,,,-1.0,0.045778497,0,1
160.75,121.0,1,,,,,,-1.0,0.046666267,0,1
160.75,121.25,1,,,,,,-1.0,0.047561266,0,1
160.75,121.5,1,,,,,,-1.0,0.04846347,0,1
160.75,121.75,1,,,,,,-1.0,0.049372865,0,1
160.75,122.0,1,,,,,,-1.0,0.050289415,0,1
160.75,122.25,1,,,,,,-1.0,0.051213083,0,1
160.75,122.5,1,,,,,,-1.0,0.052143792,0,1
160.75,122.75,1,,,,,,-1.0,0.053081524,0,1
160.75,123.0,1,,,,,,-1.0,0.05402618,0,1
160.75,123.25,1,,,,,,-1.0,0.054977709,0,1
160.75,123.5,1,,,,,,-1.0,0.055936022,0,1
160.75,123.75,1,,,,,,-1.0,0.056901024,0,1
160.75,124.0,1,,,,,,-1.0,0.05787262,0,1
160.75,124.25,1,,,,,,-1.0,0.05885071,0,1
160.75,124.5,1,,,,,,-1.0,0.05983519,0,1
160.75,124.75,1,,,,,,-1.0,0.060825904,0,1
160.75,125.0,1,,,,,,-1.0,0.06182278,0,1
160.75,125.25,1,,,,,,-1.0,0.06282563,0,1
160.75,125.5,1,,,,,,-1.0,0.063834359,0,1
160.75,125.75,1,,,,,,-1.0,0.064848816,0,1
160.75,126.0,1,,,,,,-1.0,0.065868849,0,1
160.75,126.25,1,,,,,,-1.0,0.066894295,0,1
160.75,126.5,1,,,,,,-1.0,0.067925008,0,1
160.75,126.75,1,,,,,,-1.0,0.068960832,0,1
160.75,127.0,1,,,,,,-1.0,0.070001595,0,1
160.75,127.25,1,,,,,,-1.0,0.071047132,0,1
160.75,127.5,1,,,,,,-1.0,0.072097284,0,1
160.75,127.75,1,,,,,,-1.0,0.073151882,0,1
160.75,128.0,1,,,,,,-1.0,0.07421076,0,1
160.75,128.25,1,,,,,,-1.0,0.075273749,0,1
160.75,128.5,1,,,,,,-1.0,0.076340651,0,1
160.75,128.75,1,,,,,,-1.0,0.077411316,0,1
160.75,129.0,1,,,,,,-1.0,0.078485583,0,1
160.75,129.25,1,,,,,,-1.0,0.079563284,0,1
160.75,129.5,1,,,,,,-1.0,0.080644226,0,1
160.75,129.75,1,,,,,,-1.0,0.08172825,0,1
160.75,130.0,1,,,,,,-1.0,0.082815208,0,1
160.75,130.25,1,,,,,,-1.0,0.083904936,0,1
160.75,130.5,1,,,,,,-1.0,0.084997272,0,1
160.75,130.75,1,,,,,,-1.0,0.086092056,0,1
160.75,131.0,1,,,,,,-1.0,0.087189112,0,1
160.75,131.25,1,,,,,,-1.0,0.088288312,0,1
160.75,131.5,1,,,,,,-1.0,0.089389508,0,1
160.75,131.75,1,,,,,,-1.0,0.090492552,0,1
160.75,132.0,1,,,,,,-1.0,0.091597305,0,1
160.75,132.25,1,,,,,,-1.0,0.09270363,0,1
160.75,132.5,1,,,,,,-1.0,0.093811375,0,1
160.75,132.75,1,,,,,,-1.0,0.094920407,0,1
160.75,133.0,1,,,,,,-1.0,0.096030619,0,1
160.75,133.25,1,,,,,,-1.0,0.097141896,0,1
160.75,133.5,1,,,,,,-1.0,0.098254108,0,1
160.75,133.75,1,,,,,,-1.0,0.09936709,0,1
160.75,134.0,1,,,,,,-1.0,0.10048082,0,1
160.75,134.25,1,,,,,,-1.0,0.10159509,0,1
160.75,134.5,1,,,,,,-1.0,0.10270989,0,1
160.75,134.75,1,,,,,,-1.0,0.10382502,0,1
160.75,135.0,1,,,,,,-1.0,0.10494048,0,1
160.75,135.25,1,,,,,,-1.0,0.10605609,0,1
160.75,135.5,1,,,,,,-1.0,0.10717179,0,1
160.75,135.75,1,,,,,,-1.0,0.10828751,0,1
160.75,136.0,1,,,,,,-1.0,0.10940317,0,1
160.75,136.25,1,,,,,,-1.0,0.11051866,0,1
160.75,136.5,1,,,,,,-1.0,0.1116339,0,1
160.75,136.75,1,,,,,,-1.0,0.11274881,0,1
160.75,137.0,1,,,,,,-1.0,0.11386332,0,1
160.75,137.25,1,,,,,,-1.0,0.11497736,0,1
160.75,137.5,1,,,,,,-1.0,0.11609088,0,1
160.75,137.75,1,,,,,,-1.0,0.11720381,0,1
160.75,138.0,1,,,,,,-1.0,0.11831612,0,1
161.0,112.0,1,,,,,,-1.0,0.017883377,0,1
161.0,112.25,1,,,,,,-1.0,0.018542155,0,1
161.0,112.5,1,,,,,,-1.0,0.019206153,0,1
161.0,112.75,1,,,,,,-1.0,0.019875448,0,1
161.0,113.0,1,,,,,,-1.0,0.020550115,0,1
161.0,113.25,1,,,,,,-1.0,0.021230233,0,1
161.0,113.5,1,,,,,,-1.0,0.021915879,0,1
161.0,113.75,1,,,,,,-1.0,0.022607123,0,1
161.0,114.0,1,,,,,,-1.0,0.023304059,0,1
161.0,114.25,1,,,,,,-1.0,0.024006771,0,1
161.0,114.5,1,,,,,,-1.0,0.024715323,0,1
161.0,114.75,1,,,,,,-1.0,0.025429806,0,1
161.0,115.0,1,,,,,,-1.0,0.026150301,0,1
161.0,115.25,1,,,,,,-1.0,0.026876891,0,1
161.0,115.5,1,,,,,,-1.0,0.027609641,0,1
161.0,115.75,1,,,,,,-1.0,0.02834865,0,1
161.0,116.0,1,,,,,,-1.0,0.029093991,0,1
161.0,116.25,1,,,,,,-1.0,0.029845742,0,1
161.0,116.5,1,,,,,,-1.0,0.030603978,0,1
161.0,116.75,1,,,,,,-1.0,0.031368777,0,1
161.0,117.0,1,,,,,,-1.0,0.03214022,0,1
161.0,117.25,1,,,,,,-1.0,0.032918375,0,1
161.0,117.5,1,,,,,,-1.0,0.033703304,0,1
161.0,117.75,1,,,,,,-1.0,0.034495092,0,1
161.0,118.0,1,,,,,,-1.0,0.035293801,0,1
161.0,118.25,1,,,,,,-1.0,0.036099479,0,1
161.0,118.5,1,,,,,,-1.0,0.0369122,0,1
161.0,118.75,1,,,,,,-1.0,0.037732021,0,1
161.0,119.0,1,,,,,,-1.0,0.038558985,0,1
161.0,119.25,1,,,,,,-1.0,0.039393137,0,1
161.0,119.5,1,,,,,,-1.0,0.040234543,0,1
161.0,119.75,1,,,,,,-1.0,0.041083203,0,1
161.0,120.0,1,,,,,,-1.0,0.041939178,0,1
161.0,120.25,1,,,,,,-1.0,0.042802487,0,1
161.0,120.5,1,,,,,,-1.0,0.043673146,0,1
161.0,120.75,1,,,,,,-1.0,0.044551172,0,1
161.0,121.0,1,,,,,,-1.0,0.045436577,0,1
161.0,121.25,1,,,,,,-1.0,0.046329334,0,1
161.0,121.5,1,,,,,,-1.0,0.047229467,0,1
161.0,121.75,1,,,,,,-1.0,0.04813695,0,1
161.0,122.0,1,,,,,,-1.0,0.049051748,0,1
161.0,122.25,1,,,,,,-1.0,0.049973832,0,1
161.0,122.5,1,,,,,,-1.0,0.050903163,0,1
161.0,122.75,1,,,,,,-1.0,0.051839702,0,1
161.0,123.0,1,,,,,,-1.0,0.052783383,0,1
161.0,123.25,1,,,,,,-1.0,0.053734148,0,1
161.0,123.5,1,,,,,,-1.0,0.054691903,0,1
161.0,123.75,1,,,,,,-1.0,0.055656583,0,1
161.0,124.0,1,,,,,,-1.0,0.056628096,0,1
161.0,124.25,1,,,,,,-1.0,0.057606343,0,1
161.0,124.5,1,,,,,,-1.0,0.058591208,0,1
161.0,124.75,1,,,,,,-1.0,0.059582578,0,1
161.0,125.0,1,,,,,,-1.0,0.060580352,0,1
161.0,125.25,1,,,,,,-1.0,0.061584366,0,1
161.0,125.5,1,,,,,,-1.0,0.062594514,0,1
161.0,125.75,1,,,,,,-1.0,0.063610654,0,1
161.0,126.0,1,,,,,,-1.0,0.064632627,0,1
161.0,126.25,1,,,,,,-1.0,0.065660278,0,1
161.0,126.5,1,,,,,,-1.0,0.066693461,0,1
161.0,126.75,1,,,,,,-1.0,0.067732014,0,1
161.0,127.0,1,,,,,,-1.0,0.068775769,0,1
161.0,127.25,1,,,,,,-1.0,0.069824552,0,1
161.0,127.5,1,,,,,,-1.0,0.070878203,0,1
161.0,127.75,1,,,,,,-1.0,0.071936554,0,1
161.0,128.0,1,,,,,,-1.0,0.072999433,0,1
161.0,128.25,1,,,,,,-1.0,0.074066644,0,1
161.0,128.5,1,,,,,,-1.0,0.075138018,0,1
161.0,128.75,1,,,,,,-1.0,0.076213399,0,1
161.0,129.0,1,,,,,,-1.0,0.077292599,0,1
161.0,129.25,1,,,,,,-1.0,0.078375418,0,1
161.0,129.5,1,,,,,,-1.0,0.07946172,0,1
161.0,129.75,1,,,,,,-1.0,0.080551331,0,1
161.0,130.0,1,,,,,,-1.0,0.081644028,0,1
161.0,130.25,1,,,,,,-1.0,0.082739693,0,1
161.0,130.5,1,,,,,,-1.0,0.083838157,0,1
161.0,130.75,1,,,,,,-1.0,0.084939241,0,1
161.0,131.0,1,,,,,,-1.0,0.08604276,0,1
161.0,131.25,1,,,,,,-1.0,0.087148587,0,1
161.0,131.5,1,,,,,,-1.0,0.088256564,0,1
161.0,131.75,1,,,,,,-1.0,0.089366534,0,1
161.0,132.0,1,,,,,,-1.0,0.090478346,0,1
161.0,132.25,1,,,,,,-1.0,0.091591852,0,1
161.0,132.5,1,,,,,,-1.0,0.092706909,0,1
161.0,132.75,1,,,,,,-1.0,0.093823378,0,1
161.0,133.0,1,,,,,,-1.0,0.094941128,0,1
161.0,133.25,1,,,,,,-1.0,0.096060031,0,1
161.0,133.5,1,,,,,,-1.0,0.097179968,0,1
161.0,133.75,1,,,,,,-1.0,0.098300797,0,1
161.0,134.0,1,,,,,,-1.0,0.099422373,0,1
161.0,134.25,1,,,,,,-1.0,0.10054465,0,1
161.0,134.5,1,,,,,,-1.0,0.10166746,0,1
161.0,134.75,1,,,,,,-1.0,0.1027907,0,1
161.0,135.0,1,,,,,,-1.0,0.1039143,0,1
161.0,135.25,1,,,,,,-1.0,0.10503813,0,1
161.0,135.5,1,,,,,,-1.0,0.10616208,0,1
161.0,135.75,1,,,,,,-1.0,0.10728612,0,1
161.0,136.0,1,,,,,,-1.0,0.10841007,0,1
161.0,136.25,1,,,,,,-1.0,0.10953389,0,1
161.0,136.5,1,,,,,,-1.0,0.1106575,0,1
161.0,136.75,1,,,,,,-1.0,0.11178081,0,1
161.0,137.0,1,,,,,,-1.0,0.11290376,0,1
161.0,137.25,1,,,,,,-1.0,0.11402625,0,1
161.0,137.5,1,,,,,,-1.0,0.11514823,0,1
161.0,137.75,1,,,,,,-1.0,0.11626962,0,1
161.0,138.0,1,,,,,,-1.0,0.11739037,0,1
161.25,112.0,1,,,,,,-1.0,0.016762961,0,1
161.25,112.25,1,,,,,,-1.0,0.017418559,0,1
161.25,112.5,1,,,,,,-1.0,0.018079342,0,1
161.25,112.75,1,,,,,,-1.0,0.018745386,0,1
161.25,113.0,1,,,,,,-1.0,0.019416767,0,1
161.25,113.25,1,,,,,,-1.0,0.020093562,0,1
161.25,113.5,1,,,,,,-1.0,0.020775853,0,1
161.25,113.75,1,,,,,,-1.0,0.021463719,0,1
161.25,114.0,1,,,,,,-1.0,0.022157244,0,1
161.25,114.25,1,,,,,,-1.0,0.022856512,0,1
161.25,114.5,1,,,,,,-1.0,0.023561584,0,1
161.25,114.75,1,,,,,,-1.0,0.024272568,0,1
161.25,115.0,1,,,,,,-1.0,0.024989548,0,1
161.25,115.25,1,,,,,,-1.0,0.025712581,0,1
161.25,115.5,1,,,,,,-1.0,0.026441782,0,1
161.25,115.75,1,,,,,,-1.0,0.027177211,0,1
161.25,116.0,1,,,,,,-1.0,0.027918957,0,1
161.25,116.25,1,,,,,,-1.0,0.028667109,0,1
161.25,116.5,1,,,,,,-1.0,0.029421743,0,1
161.25,116.75,1,,,,,,-1.0,0.030182939,0,1
161.25,117.0,1,,,,,,-1.0,0.030950777,0,1
161.25,117.25,1,,,,,,-1.0,0.031725337,0,1
161.25,117.5,1,,,,,,-1.0,0.032506701,0,1
161.25,117.75,1,,,,,,-1.0,0.033294915,0,1
161.25,118.0,1,,,,,,-1.0,0.034090092,0,1
161.25,118.25,1,,,,,,-1.0,0.034892261,0,1
161.25,118.5,1,,,,,,-1.0,0.035701513,0,1
161.25,118.75,1,,,,,,-1.0,0.036517908,0,1
161.25,119.0,1,,,,,,-1.0,0.0373415,0,1
161.25,119.25,1,,,,,,-1.0,0.038172349,0,1
161.25,119.5,1,,,,,,-1.0,0.039010508,0,1
161.25,119.75,1,,,,,,-1.0,0.039856,0,1
161.25,120.0,1,,,,,,-1.0,0.040708899,0,1
161.25,120.25,1,,,,,,-1.0,0.041569216,0,1
161.25,120.5,1,,,,,,-1.0,0.042436986,0,1
161.25,120.75,1,,,,,,-1.0,0.043312238,0,1
161.25,121.0,1,,,,,,-1.0,0.044194988,0,1
161.25,121.25,1,,,,,,-1.0,0.045085225,0,1
161.25,121.5,1,,,,,,-1.0,0.045982981,0,1
161.25,121.75,1,,,,,,-1.0,0.046888224,0,1
161.25,122.0,1,,,,,,-1.0,0.047800957,0,1
161.25,122.25,1,,,,,,-1.0,0.048721152,0,1
161.25,122.5,1,,,,,,-1.0,0.049648775,0,1
161.25,122.75,1,,,,,,-1.0,0.050583791,0,1
161.25,123.0,1,,,,,,-1.0,0.05152616,0,1
161.25,123.25,1,,,,,,-1.0,0.052475795,0,1
161.25,123.5,1,,,,,,-1.0,0.053432664,0,1
161.25,123.75,1,,,,,,-1.0,0.054396683,0,1
161.25,124.0,1,,,,,,-1.0,0.055367761,0,1
161.25,124.25,1,,,,,,-1.0,0.056345804,0,1
161.25,124.5,1,,,,,,-1.0,0.057330715,0,1
161.25,124.75,1,,,,,,-1.0,0.058322393,0,1
161.25,125.0,1,,,,,,-1.0,0.059320728,0,1
161.25,125.25,1,,,,,,-1.0,0.060325565,0,1
161.25,125.5,1,,,,,,-1.0,0.061336805,0,1
161.25,125.75,1,,,,,,-1.0,0.062354303,0,1
161.25,126.0,1,,,,,,-1.0,0.063377891,0,1
161.25,126.25,1,,,,,,-1.0,0.064407441,0,1
161.25,126.5,1,,,,,,-1.0,0.065442794,0,1
161.25,126.75,1,,,,,,-1.0,0.066483788,0,1
161.25,127.0,1,,,,,,-1.0,0.06753026,0,1
161.25,127.25,1,,,,,,-1.0,0.068582035,0,1
161.25,127.5,1,,,,,,-1.0,0.069638929,0,1
161.25,127.75,1,,,,,,-1.0,0.070700786,0,1
161.25,128.0,1,,,,,,-1.0,0.071767433,0,1
161.25,128.25,1,,,,,,-1.0,0.07283867,0,1
161.25,128.5,1,,,,,,-1.0,0.073914319,0,1
161.25,128.75,1,,,,,,-1.0,0.074994224,0,1
161.25,129.0,1,,,,,,-1.0,0.076078164,0,1
161.25,129.25,1,,,,,,-1.0,0.077165984,0,1
161.25,129.5,1,,,,,,-1.0,0.078257511,0,1
161.25,129.75,1,,,,,,-1.0,0.079352522,0,1
161.25,130.0,1,,,,,,-1.0,0.080450891,0,1
161.25,130.25,1,,,,,,-1.0,0.081552406,0,1
161.25,130.5,1,,,,,,-1.0,0.082656896,0,1
161.25,130.75,1,,,,,,-1.0,0.083764217,0,1
161.25,131.0,1,,,,,,-1.0,0.084874159,0,1
161.25,131.25,1,,,,,,-1.0,0.085986568,0,1
161.25,131.5,1,,,,,,-1.0,0.0871013,0,1
161.25,131.75,1,,,,,,-1.0,0.088218189,0,1
161.25,132.0,1,,,,,,-1.0,0.089337055,0,1
161.25,132.25,1,,,,,,-1.0,0.090457747,0,1
161.25,132.5,1,,,,,,-1.0,0.09158013,0,1
161.25,132.75,1,,,,,,-1.0,0.092704057,0,1
161.25,133.0,1,,,,,,-1.0,0.093829383,0,1
161.25,133.25,1,,,,,,-1.0,0.09495597,0,1
161.25,133.5,1,,,,,,-1.0,0.096083687,0,1
161.25,133.75,1,,,,,,-1.0,0.097212407,0,1
161.25,134.0,1,,,,,,-1.0,0.098341967,0,1
161.25,134.25,1,,,,,,-1.0,0.099472266,0,1
161.25,134.5,1,,,,,,-1.0,0.10060321,0,1
161.25,134.75,1,,,,,,-1.0,0.10173469,0,1
161.25,135.0,1,,,,,,-1.0,0.10286651,0,1
161.25,135.25,1,,,,,,-1.0,0.10399869,0,1
161.25,135.5,1,,,,,,-1.0,0.10513099,0,1
161.25,135.75,1,,,,,,-1.0,0.10626345,0,1
161.25,136.0,1,,,,,,-1.0,0.10739585,0,1
161.25,136.25,1,,,,,,-1.0,0.10852816,0,1
161.25,136.5,1,,,,,,-1.0,0.10966032,0,1
161.25,136.75,1,,,,,,-1.0,0.11079221,0,1
161.25,137.0,1,,,,,,-1.0,0.1119237,0,1
161.25,137.25,1,,,,,,-1.0,0.11305478,0,1
161.25,137.5,1,,,,,,-1.0,0.11418535,0,1
161.25,137.75,1,,,,,,-1.0,0.11531535,0,1
161.25,138.0,1,,,,,,-1.0,0.11644471,0,1
161.5,112.0,1,,,,,,-1.0,0.015635569,0,1
161.5,112.25,1,,,,,,-1.0,0.016287965,0,1
161.5,112.5,1,,,,,,-1.0,0.016945496,0,1
161.5,112.75,1,,,,,,-1.0,0.017608252,0,1
161.5,113.0,1,,,,,,-1.0,0.018276308,0,1
161.5,113.25,1,,,,,,-1.0,0.018949742,0,1
161.5,113.5,1,,,,,,-1.0,0.019628633,0,1
161.5,113.75,1,,,,,,-1.0,0.020313063,0,1
161.5,114.0,1,,,,,,-1.0,0.021003112,0,1
161.5,114.25,1,,,,,,-1.0,0.021698866,0,1
161.5,114.5,1,,,,,,-1.0,0.02240041,0,1
161.5,114.75,1,,,,,,-1.0,0.023107831,0,1
161.5,115.0,1,,,,,,-1.0,0.023821215,0,1
161.5,115.25,1,,,,,,-1.0,0.024540626,0,1
161.5,115.5,1,,,,,,-1.0,0.025266183,0,1
161.5,115.75,1,,,,,,-1.0,0.025997941,0,1
161.5,116.0,1,,,,,,-1.0,0.026736017,0,1
161.5,116.25,1,,,,,,-1.0,0.027480459,0,1
161.5,116.5,1,,,,,,-1.0,0.028231379,0,1
161.5,116.75,1,,,,,,-1.0,0.028988856,0,1
161.5,117.0,1,,,,,,-1.0,0.029752972,0,1
161.5,117.25,1,,,,,,-1.0,0.030523806,0,1
161.5,117.5,1,,,,,,-1.0,0.031301443,0,1
161.5,117.75,1,,,,,,-1.0,0.032085966,0,1
161.5,118.0,1,,,,,,-1.0,0.032877436,0,1
161.5,118.25,1,,,,,,-1.0,0.033675945,0,1
161.5,118.5,1,,,,,,-1.0,0.034481554,0,1
161.5,118.75,1,,,,,,-1.0,0.035294345,0,1
161.5,119.0,1,,,,,,-1.0,0.036114377,0,1
161.5,119.25,1,,,,,,-1.0,0.036941707,0,1
161.5,119.5,1,,,,,,-1.0,0.037776395,0,1
161.5,119.75,1,,,,,,-1.0,0.038618501,0,1
161.5,120.0,1,,,,,,-1.0,0.039468084,0,1
161.5,120.25,1,,,,,,-1.0,0.040325156,0,1
161.5,120.5,1,,,,,,-1.0,0.041189788,0,1
161.5,120.75,1,,,,,,-1.0,0.042062,0,1
161.5,121.0,1,,,,,,-1.0,0.042941814,0,1
161.5,121.25,1,,,,,,-1.0,0.043829249,0,1
161.5,121.5,1,,,,,,-1.0,0.044724323,0,1
161.5,121.75,1,,,,,,-1.0,0.045627042,0,1
161.5,122.0,1,,,,,,-1.0,0.046537392,0,1
161.5,122.25,1,,,,,,-1.0,0.047455364,0,1
161.5,122.5,1,,,,,,-1.0,0.048380944,0,1
161.5,122.75,1,,,,,,-1.0,0.0493141,0,1
161.5,123.0,1,,,,,,-1.0,0.050254798,0,1
161.5,123.25,1,,,,,,-1.0,0.051202977,0,1
161.5,123.5,1,,,,,,-1.0,0.052158596,0,1
161.5,123.75,1,,,,,,-1.0,0.053121575,0,1
161.5,124.0,1,,,,,,-1.0,0.054091855,0,1
161.5,124.25,1,,,,,,-1.0,0.055069344,0,1
161.5,124.5,1,,,,,,-1.0,0.056053948,0,1
161.5,124.75,1,,,,,,-1.0,0.057045571,0,1
161.5,125.0,1,,,,,,-1.0,0.058044109,0,1
161.5,125.25,1,,,,,,-1.0,0.05904941,0,1
161.5,125.5,1,,,,,,-1.0,0.060061393,0,1
161.5,125.75,1,,,,,,-1.0,0.061079886,0,1
161.5,126.0,1,,,,,,-1.0,0.062104766,0,1
161.5,126.25,1,,,,,,-1.0,0.063135886,0,1
161.5,126.5,1,,,,,,-1.0,0.064173087,0,1
161.5,126.75,1,,,,,,-1.0,0.065216208,0,1
161.5,127.0,1,,,,,,-1.0,0.066265085,0,1
161.5,127.25,1,,,,,,-1.0,0.06731955,0,1
161.5,127.5,1,,,,,,-1.0,0.068379434,0,1
161.5,127.75,1,,,,,,-1.0,0.069444527,0,1
161.5,128.0,1,,,,,,-1.0,0.07051468,0,1
161.5,128.25,1,,,,,,-1.0,0.07158972,0,1
161.5,128.5,1,,,,,,-1.0,0.072669411,0,1
161.5,128.75,1,,,,,,-1.0,0.07375362,0,1
161.5,129.0,1,,,,,,-1.0,0.074842127,0,1
161.5,129.25,1,,,,,,-1.0,0.075934759,0,1
161.5,129.5,1,,,,,,-1.0,0.077031327,0,1
161.5,129.75,1,,,,,,-1.0,0.078131633,0,1
161.5,130.0,1,,,,,,-1.0,0.079235513,0,1
161.5,130.25,1,,,,,,-1.0,0.080342749,0,1
161.5,130.5,1,,,,,,-1.0,0.081453207,0,1
161.5,130.75,1,,,,,,-1.0,0.08256664,0,1
161.5,131.0,1,,,,,,-1.0,0.08368294,0,1
161.5,131.25,1,,,,,,-1.0,0.084801878,0,1
161.5,131.5,1,,,,,,-1.0,0.085923306,0,1
161.5,131.75,1,,,,,,-1.0,0.087047074,0,1
161.5,132.0,1,,,,,,-1.0,0.088172967,0,1
161.5,132.25,1,,,,,,-1.0,0.089300851,0,1
161.5,132.5,1,,,,,,-1.0,0.090430579,0,1
161.5,132.75,1,,,,,,-1.0,0.09156199,0,1
161.5,133.0,1,,,,,,-1.0,0.092694931,0,1
161.5,133.25,1,,,,,,-1.0,0.093829249,0,1
161.5,133.5,1,,,,,,-1.0,0.094964796,0,1
161.5,133.75,1,,,,,,-1.0,0.096101445,0,1
161.5,134.0,1,,,,,,-1.0,0.097239049,0,1
161.5,134.25,1,,,,,,-1.0,0.098377486,0,1
161.5,134.5,1,,,,,,-1.0,0.099516636,0,1
161.5,134.75,1,,,,,,-1.0,0.10065639,0,1
161.5,135.0,1,,,,,,-1.0,0.10179664,0,1
161.5,135.25,1,,,,,,-1.0,0.10293718,0,1
161.5,135.5,1,,,,,,-1.0,0.10407801,0,1
161.5,135.75,1,,,,,,-1.0,0.10521898,0,1
161.5,136.0,1,,,,,,-1.0,0.10635999,0,1
161.5,136.25,1,,,,,,-1.0,0.10750094,0,1
161.5,136.5,1,,,,,,-1.0,0.10864178,0,1
161.5,136.75,1,,,,,,-1.0,0.1097823,0,1
161.5,137.0,1,,,,,,-1.0,0.11092253,0,1
161.5,137.25,1,,,,,,-1.0,0.11206236,0,1
161.5,137.5,1,,,,,,-1.0,0.11320171,0,1
161.5,137.75,1,,,,,,-1.0,0.11434049,0,1
161.5,138.0,1,,,,,,-1.0,0.11547862,0,1
161.75,112.0,1,,,,,,-1.0,0.014501264,0,1
161.75,112.25,1,,,,,,-1.0,0.01515043,0,1
161.75,112.5,1,,,,,,-1.0,0.015804683,0,1
161.75,112.75,1,,,,,,-1.0,0.016464114,0,1
161.75,113.0,1,,,,,,-1.0,0.017128808,0,1
161.75,113.25,1,,,,,,-1.0,0.017798843,0,1
161.75,113.5,1,,,,,,-1.0,0.018474292,0,1
161.75,113.75,1,,,,,,-1.0,0.019155236,0,1
161.75,114.0,1,,,,,,-1.0,0.019841766,0,1
161.75,114.25,1,,,,,,-1.0,0.020533966,0,1
161.75,114.5,1,,,,,,-1.0,0.02123192,0,1
161.75,114.75,1,,,,,,-1.0,0.021935714,0,1
161.75,115.0,1,,,,,,-1.0,0.022645424,0,1
161.75,115.25,1,,,,,,-1.0,0.02336115,0,1
161.75,115.5,1,,,,,,-1.0,0.024082983,0,1
161.75,115.75,1,,,,,,-1.0,0.024811001,0,1
161.75,116.0,1,,,,,,-1.0,0.025545292,0,1
161.75,116.25,1,,,,,,-1.0,0.026285951,0,1
161.75,116.5,1,,,,,,-1.0,0.027033065,0,1
161.75,116.75,1,,,,,,-1.0,0.027786709,0,1
161.75,117.0,1,,,,,,-1.0,0.028546986,0,1
161.75,117.25,1,,,,,,-1.0,0.029313977,0,1
161.75,117.5,1,,,,,,-1.0,0.030087766,0,1
161.75,117.75,1,,,,,,-1.0,0.030868437,0,1
161.75,118.0,1,,,,,,-1.0,0.031656076,0,1
161.75,118.25,1,,,,,,-1.0,0.032450763,0,1
161.75,118.5,1,,,,,,-1.0,0.033252562,0,1
161.75,118.75,1,,,,,,-1.0,0.034061573,0,1
161.75,119.0,1,,,,,,-1.0,0.034877851,0,1
161.75,119.25,1,,,,,,-1.0,0.035701467,0,1
161.75,119.5,1,,,,,,-1.0,0.036532495,0,1
161.75,119.75,1,,,,,,-1.0,0.037370997,0,1
161.75,120.0,1,,,,,,-1.0,0.03821703,0,1
161.75,120.25,1,,,,,,-1.0,0.039070629,0,1
161.75,120.5,1,,,,,,-1.0,0.039931874,0,1
161.75,120.75,1,,,,,,-1.0,0.040800773,0,1
161.75,121.0,1,,,,,,-1.0,0.041677385,0,1
161.75,121.25,1,,,,,,-1.0,0.042561732,0,1
161.75,121.5,1,,,,,,-1.0,0.043453838,0,1
161.75,121.75,1,,,,,,-1.0,0.044353722,0,1
161.75,122.0,1,,,,,,-1.0,0.045261371,0,1
161.75,122.25,1,,,,,,-1.0,0.046176816,0,1
161.75,122.5,1,,,,,,-1.0,0.047100011,0,1
161.75,122.75,1,,,,,,-1.0,0.048030963,0,1
161.75,123.0,1,,,,,,-1.0,0.048969642,0,1
161.75,123.25,1,,,,,,-1.0,0.04991601,0,1
161.75,123.5,1,,,,,,-1.0,0.050870005,0,1
161.75,123.75,1,,,,,,-1.0,0.051831606,0,1
161.75,124.0,1,,,,,,-1.0,0.052800707,0,1
161.75,124.25,1,,,,,,-1.0,0.053777261,0,1
161.75,124.5,1,,,,,,-1.0,0.054761179,0,1
161.75,124.75,1,,,,,,-1.0,0.055752367,0,1
161.75,125.0,1,,,,,,-1.0,0.056750728,0,1
161.75,125.25,1,,,,,,-1.0,0.057756125,0,1
161.75,125.5,1,,,,,,-1.0,0.058768469,0,1
161.75,125.75,1,,,,,,-1.0,0.059787606,0,1
161.75,126.0,1,,,,,,-1.0,0.060813421,0,1
161.75,126.25,1,,,,,,-1.0,0.061845759,0,1
161.75,126.5,1,,,,,,-1.0,0.062884461,0,1
161.75,126.75,1,,,,,,-1.0,0.063929375,0,1
161.75,127.0,1,,,,,,-1.0,0.06498033,0,1
161.75,127.25,1,,,,,,-1.0,0.066037158,0,1
161.75,127.5,1,,,,,,-1.0,0.06709969,0,1
161.75,127.75,1,,,,,,-1.0,0.068167753,0,1
161.75,128.0,1,,,,,,-1.0,0.069241146,0,1
161.75,128.25,1,,,,,,-1.0,0.070319685,0,1
161.75,128.5,1,,,,,,-1.0,0.071403205,0,1
161.75,128.75,1,,,,,,-1.0,0.072491466,0,1
161.75,129.0,1,,,,,,-1.0,0.073584335,0,1
161.75,129.25,1,,,,,,-1.0,0.074681557,0,1
161.75,129.5,1,,,,,,-1.0,0.075782995,0,1
161.75,129.75,1,,,,,,-1.0,0.076888407,0,1
161.75,130.0,1,,,,,,-1.0,0.077997638,0,1
161.75,130.25,1,,,,,,-1.0,0.079110472,0,1
161.75,130.5,1,,,,,,-1.0,0.080226727,0,1
161.75,130.75,1,,,,,,-1.0,0.08134622,0,1
161.75,131.0,1,,,,,,-1.0,0.082468746,0,1
161.75,131.25,1,,,,,,-1.0,0.083594147,0,1
161.75,131.5,1,,,,,,-1.0,0.084722217,0,1
161.75,131.75,1,,,,,,-1.0,0.085852793,0,1
161.75,132.0,1,,,,,,-1.0,0.086985713,0,1
161.75,132.25,1,,,,,,-1.0,0.088120759,0,1
161.75,132.5,1,,,,,,-1.0,0.089257821,0,1
161.75,132.75,1,,,,,,-1.0,0.090396718,0,1
161.75,133.0,1,,,,,,-1.0,0.09153725,0,1
161.75,133.25,1,,,,,,-1.0,0.092679308,0,1
161.75,133.5,1,,,,,,-1.0,0.093822737,0,1
161.75,133.75,1,,,,,,-1.0,0.094967384,0,1
161.75,134.0,1,,,,,,-1.0,0.096113105,0,1
161.75,134.25,1,,,,,,-1.0,0.097259759,0,1
161.75,134.5,1,,,,,,-1.0,0.098407215,0,1
161.75,134.75,1,,,,,,-1.0,0.099555347,0,1
161.75,135.0,1,,,,,,-1.0,0.10070404,0,1
161.75,135.25,1,,,,,,-1.0,0.10185317,0,1
161.75,135.5,1,,,,,,-1.0,0.10300259,0,1
161.75,135.75,1,,,,,,-1.0,0.10415221,0,1
161.75,136.0,1,,,,,,-1.0,0.10530197,0,1
161.75,136.25,1,,,,,,-1.0,0.10645164,0,1
161.75,136.5,1,,,,,,-1.0,0.10760129,0,1
161.75,136.75,1,,,,,,-1.0,0.10875065,0,1
161.75,137.0,1,,,,,,-1.0,0.10989977,0,1
161.75,137.25,1,,,,,,-1.0,0.11104852,0,1
161.75,137.5,1,,,,,,-1.0,0.11219674,0,1
161.75,137.75,1,,,,,,-1.0,0.11334442,0,1
161.75,138.0,1,,,,,,-1.0,0.11449149,0,1
162.0,112.0,1,,,,,,-1.0,0.013360117,0,1
162.0,112.25,1,,,,,,-1.0,0.014006004,0,1
162.0,112.5,1,,,,,,-1.0,0.014656964,0,1
162.0,112.75,1,,,,,,-1.0,0.015313042,0,1
162.0,113.0,1,,,,,,-1.0,0.015974338,0,1
162.0,113.25,1,,,,,,-1.0,0.016640936,0,1
162.0,113.5,1,,,,,,-1.0,0.017312906,0,1
162.0,113.75,1,,,,,,-1.0,0.017990326,0,1
162.0,114.0,1,,,,,,-1.0,0.018673292,0,1
162.0,114.25,1,,,,,,-1.0,0.019361887,0,1
162.0,114.5,1,,,,,,-1.0,0.020056196,0,1
162.0,114.75,1,,,,,,-1.0,0.020756305,0,1
162.0,115.0,1,,,,,,-1.0,0.021462302,0,1
162.0,115.25,1,,,,,,-1.0,0.022174278,0,1
162.0,115.5,1,,,,,,-1.0,0.022892325,0,1
162.0,115.75,1,,,,,,-1.0,0.023616518,0,1
162.0,116.0,1,,,,,,-1.0,0.024346956,0,1
162.0,116.25,1,,,,,,-1.0,0.025083746,0,1
162.0,116.5,1,,,,,,-1.0,0.025826944,0,1
162.0,116.75,1,,,,,,-1.0,0.026576679,0,1
162.0,117.0,1,,,,,,-1.0,0.027333008,0,1
162.0,117.25,1,,,,,,-1.0,0.028096039,0,1
162.0,117.5,1,,,,,,-1.0,0.028865861,0,1
162.0,117.75,1,,,,,,-1.0,0.02964256,0,1
162.0,118.0,1,,,,,,-1.0,0.030426221,0,1
162.0,118.25,1,,,,,,-1.0,0.031216932,0,1
162.0,118.5,1,,,,,,-1.0,0.032014783,0,1
162.0,118.75,1,,,,,,-1.0,0.032819837,0,1
162.0,119.0,1,,,,,,-1.0,0.033632195,0,1
162.0,119.25,1,,,,,,-1.0,0.034451914,0,1
162.0,119.5,1,,,,,,-1.0,0.035279085,0,1
162.0,119.75,1,,,,,,-1.0,0.03611377,0,1
162.0,120.0,1,,,,,,-1.0,0.036956032,0,1
162.0,120.25,1,,,,,,-1.0,0.037805935,0,1
162.0,120.5,1,,,,,,-1.0,0.038663543,0,1
162.0,120.75,1,,,,,,-1.0,0.039528891,0,1
162.0,121.0,1,,,,,,-1.0,0.040402047,0,1
162.0,121.25,1,,,,,,-1.0,0.041283021,0,1
162.0,121.5,1,,,,,,-1.0,0.042171868,0,1
162.0,121.75,1,,,,,,-1.0,0.043068611,0,1
162.0,122.0,1,,,,,,-1.0,0.043973262,0,1
162.0,122.25,1,,,,,,-1.0,0.044885828,0,1
162.0,122.5,1,,,,,,-1.0,0.045806327,0,1
162.0,122.75,1,,,,,,-1.0,0.046734739,0,1
162.0,123.0,1,,,,,,-1.0,0.047671046,0,1
162.0,123.25,1,,,,,,-1.0,0.048615234,0,1
162.0,123.5,1,,,,,,-1.0,0.049567255,0,1
162.0,123.75,1,,,,,,-1.0,0.050527071,0,1
162.0,124.0,1,,,,,,-1.0,0.051494639,0,1
162.0,124.25,1,,,,,,-1.0,0.052469878,0,1
162.0,124.5,1,,,,,,-1.0,0.053452717,0,1
162.0,124.75,1,,,,,,-1.0,0.054443079,0,1
162.0,125.0,1,,,,,,-1.0,0.055440869,0,1
162.0,125.25,1,,,,,,-1.0,0.056445976,0,1
162.0,125.5,1,,,,,,-1.0,0.057458284,0,1
162.0,125.75,1,,,,,,-1.0,0.058477691,0,1
162.0,126.0,1,,,,,,-1.0,0.05950404,0,1
162.0,126.25,1,,,,,,-1.0,0.060537201,0,1
162.0,126.5,1,,,,,,-1.0,0.061577032,0,1
162.0,126.75,1,,,,,,-1.0,0.062623372,0,1
162.0,127.0,1,,,,,,-1.0,0.063676058,0,1
162.0,127.25,1,,,,,,-1.0,0.064734924,0,1
162.0,127.5,1,,,,,,-1.0,0.065799798,0,1
162.0,127.75,1,,,,,,-1.0,0.06687048,0,1
162.0,128.0,1,,,,,,-1.0,0.0679468,0,1
162.0,128.25,1,,,,,,-1.0,0.069028585,0,1
162.0,128.5,1,,,,,,-1.0,0.070115596,0,1
162.0,128.75,1,,,,,,-1.0,0.071207696,0,1
162.0,129.0,1,,,,,,-1.0,0.072304629,0,1
162.0,129.25,1,,,,,,-1.0,0.073406245,0,1
162.0,129.5,1,,,,,,-1.0,0.074512316,0,1
162.0,129.75,1,,,,,,-1.0,0.075622645,0,1
162.0,130.0,1,,,,,,-1.0,0.076737059,0,1
162.0,130.25,1,,,,,,-1.0,0.077855303,0,1
162.0,130.5,1,,,,,,-1.0,0.078977228,0,1
162.0,130.75,1,,,,,,-1.0,0.08010263,0,1
162.0,131.0,1,,,,,,-1.0,0.081231278,0,1
162.0,131.25,1,,,,,,-1.0,0.082363034,0,1
162.0,131.5,1,,,,,,-1.0,0.083497656,0,1
162.0,131.75,1,,,,,,-1.0,0.084634996,0,1
162.0,132.0,1,,,,,,-1.0,0.08577485,0,1
162.0,132.25,1,,,,,,-1.0,0.086917049,0,1
162.0,132.5,1,,,,,,-1.0,0.088061402,0,1
162.0,132.75,1,,,,,,-1.0,0.089207774,0,1
162.0,133.0,1,,,,,,-1.0,0.090355927,0,1
162.0,133.25,1,,,,,,-1.0,0.091505765,0,1
162.0,133.5,1,,,,,,-1.0,0.092657122,0,1
162.0,133.75,1,,,,,,-1.0,0.093809791,0,1
162.0,134.0,1,,,,,,-1.0,0.094963658,0,1
162.0,134.25,1,,,,,,-1.0,0.09611858,0,1
162.0,134.5,1,,,,,,-1.0,0.097274413,0,1
162.0,134.75,1,,,,,,-1.0,0.098431017,0,1
162.0,135.0,1,,,,,,-1.0,0.099588262,0,1
162.0,135.25,1,,,,,,-1.0,0.10074602,0,1
162.0,135.5,1,,,,,,-1.0,0.10190418,0,1
162.0,135.75,1,,,,,,-1.0,0.10306259,0,1
162.0,136.0,1,,,,,,-1.0,0.10422113,0,1
162.0,136.25,1,,,,,,-1.0,0.10537976,0,1
162.0,136.5,1,,,,,,-1.0,0.1065383,0,1
162.0,136.75,1,,,,,,-1.0,0.10769668,0,1
162.0,137.0,1,,,,,,-1.0,0.10885481,0,1
162.0,137.25,1,,,,,,-1.0,0.11001259,0,1
162.0,137.5,1,,,,,,-1.0,0.1111699,0,1
162.0,137.75,1,,,,,,-1.0,0.1123267,0,1
162.0,138.0,1,,,,,,-1.0,0.11348292,0,1
162.25,112.0,1,,,,,,-1.0,0.01221215,0,1
162.25,112.25,1,,,,,,-1.0,0.012854771,0,1
162.25,112.5,1,,,,,,-1.0,0.013502381,0,1
162.25,112.75,1,,,,,,-1.0,0.0141551,0,1
162.25,113.0,1,,,,,,-1.0,0.01481297,0,1
162.25,113.25,1,,,,,,-1.0,0.015476095,0,1
162.25,113.5,1,,,,,,-1.0,0.016144562,0,1
162.25,113.75,1,,,,,,-1.0,0.016818422,0,1
162.25,114.0,1,,,,,,-1.0,0.017497786,0,1
162.25,114.25,1,,,,,,-1.0,0.018182738,0,1
162.25,114.5,1,,,,,,-1.0,0.018873362,0,1
162.25,114.75,1,,,,,,-1.0,0.019569743,0,1
162.25,115.0,1,,,,,,-1.0,0.02027197,0,1
162.25,115.25,1,,,,,,-1.0,0.020980131,0,1
162.25,115.5,1,,,,,,-1.0,0.021694319,0,1
162.25,115.75,1,,,,,,-1.0,0.022414625,0,1
162.25,116.0,1,,,,,,-1.0,0.023141145,0,1
162.25,116.25,1,,,,,,-1.0,0.023873977,0,1
162.25,116.5,1,,,,,,-1.0,0.024613195,0,1
162.25,116.75,1,,,,,,-1.0,0.025358907,0,1
162.25,117.0,1,,,,,,-1.0,0.026111205,0,1
162.25,117.25,1,,,,,,-1.0,0.026870182,0,1
162.25,117.5,1,,,,,,-1.0,0.02763592,0,1
162.25,117.75,1,,,,,,-1.0,0.028408527,0,1
162.25,118.0,1,,,,,,-1.0,0.029188089,0,1
162.25,118.25,1,,,,,,-1.0,0.029974694,0,1
162.25,118.5,1,,,,,,-1.0,0.030768431,0,1
162.25,118.75,1,,,,,,-1.0,0.031569393,0,1
162.25,119.0,1,,,,,,-1.0,0.032377665,0,1
162.25,119.25,1,,,,,,-1.0,0.033193312,0,1
162.25,119.5,1,,,,,,-1.0,0.034016442,0,1
162.25,119.75,1,,,,,,-1.0,0.034847116,0,1
162.25,120.0,1,,,,,,-1.0,0.035685405,0,1
162.25,120.25,1,,,,,,-1.0,0.036531388,0,1
162.25,120.5,1,,,,,,-1.0,0.037385131,0,1
162.25,120.75,1,,,,,,-1.0,0.03824668,0,1
162.25,121.0,1,,,,,,-1.0,0.039116104,0,1
162.25,121.25,1,,,,,,-1.0,0.039993451,0,1
162.25,121.5,1,,,,,,-1.0,0.040878767,0,1
162.25,121.75,1,,,,,,-1.0,0.04177208,0,1
162.25,122.0,1,,,,,,-1.0,0.042673419,0,1
162.25,122.25,1,,,,,,-1.0,0.043582804,0,1
162.25,122.5,1,,,,,,-1.0,0.044500261,0,1
162.25,122.75,1,,,,,,-1.0,0.045425787,0,1
162.25,123.0,1,,,,,,-1.0,0.046359388,0,1
162.25,123.25,1,,,,,,-1.0,0.047301032,0,1
162.25,123.5,1,,,,,,-1.0,0.04825071,0,1
162.25,123.75,1,,,,,,-1.0,0.049208375,0,1
162.25,124.0,1,,,,,,-1.0,0.050174002,0,1
162.25,124.25,1,,,,,,-1.0,0.051147535,0,1
162.25,124.5,1,,,,,,-1.0,0.052128908,0,1
162.25,124.75,1,,,,,,-1.0,0.053118038,0,1
162.25,125.0,1,,,,,,-1.0,0.054114854,0,1
162.25,125.25,1,,,,,,-1.0,0.055119262,0,1
162.25,125.5,1,,,,,,-1.0,0.056131135,0,1
162.25,125.75,1,,,,,,-1.0,0.057150385,0,1
162.25,126.0,1,,,,,,-1.0,0.058176875,0,1
162.25,126.25,1,,,,,,-1.0,0.059210486,0,1
162.25,126.5,1,,,,,,-1.0,0.060251045,0,1
162.25,126.75,1,,,,,,-1.0,0.061298422,0,1
162.25,127.0,1,,,,,,-1.0,0.062352457,0,1
162.25,127.25,1,,,,,,-1.0,0.063412984,0,1
162.25,127.5,1,,,,,,-1.0,0.064479814,0,1
162.25,127.75,1,,,,,,-1.0,0.065552777,0,1
162.25,128.0,1,,,,,,-1.0,0.066631701,0,1
162.25,128.25,1,,,,,,-1.0,0.06771637,0,1
162.25,128.5,1,,,,,,-1.0,0.06880661,0,1
162.25,128.75,1,,,,,,-1.0,0.069902206,0,1
162.25,129.0,1,,,,,,-1.0,0.07100298,0,1
162.25,129.25,1,,,,,,-1.0,0.072108687,0,1
162.25,129.5,1,,,,,,-1.0,0.073219164,0,1
162.25,129.75,1,,,,,,-1.0,0.074334192,0,1
162.25,130.0,1,,,,,,-1.0,0.075453537,0,1
162.25,130.25,1,,,,,,-1.0,0.076577026,0,1
162.25,130.5,1,,,,,,-1.0,0.077704454,0,1
162.25,130.75,1,,,,,,-1.0,0.078835581,0,1
162.25,131.0,1,,,,,,-1.0,0.079970226,0,1
162.25,131.25,1,,,,,,-1.0,0.081108203,0,1
162.25,131.5,1,,,,,,-1.0,0.082249289,0,1
162.25,131.75,1,,,,,,-1.0,0.083393282,0,1
162.25,132.0,1,,,,,,-1.0,0.084540029,0,1
162.25,132.25,1,,,,,,-1.0,0.085689289,0,1
162.25,132.5,1,,,,,,-1.0,0.086840914,0,1
162.25,132.75,1,,,,,,-1.0,0.087994711,0,1
162.25,133.0,1,,,,,,-1.0,0.089150497,0,1
162.25,133.25,1,,,,,,-1.0,0.090308103,0,1
162.25,133.5,1,,,,,,-1.0,0.091467381,0,1
162.25,133.75,1,,,,,,-1.0,0.092628108,0,1
162.25,134.0,1,,,,,,-1.0,0.093790187,0,1
162.25,134.25,1,,,,,,-1.0,0.094953454,0,1
162.25,134.5,1,,,,,,-1.0,0.096117726,0,1
162.25,134.75,1,,,,,,-1.0,0.097282866,0,1
162.25,135.0,1,,,,,,-1.0,0.098448749,0,1
162.25,135.25,1,,,,,,-1.0,0.099615239,0,1
162.25,135.5,1,,,,,,-1.0,0.1007822,0,1
162.25,135.75,1,,,,,,-1.0,0.10194952,0,1
162.25,136.0,1,,,,,,-1.0,0.10311705,0,1
162.25,136.25,1,,,,,,-1.0,0.10428466,0,1
162.25,136.5,1,,,,,,-1.0,0.10545229,0,1
162.25,136.75,1,,,,,,-1.0,0.10661984,0,1
162.25,137.0,1,,,,,,-1.0,0.10778709,0,1
162.25,137.25,1,,,,,,-1.0,0.1089541,0,1
162.25,137.5,1,,,,,,-1.0,0.11012062,0,1
162.25,137.75,1,,,,,,-1.0,0.11128671,0,1
162.25,138.0,1,,,,,,-1.0,0.11245215,0,1
162.5,112.0,1,,,,,,-1.0,0.011057438,0,1
162.5,112.25,1,,,,,,-1.0,0.01169674,0,1
162.5,112.5,1,,,,,,-1.0,0.012341023,0,1
162.5,112.75,1,,,,,,-1.0,0.012990326,0,1
162.5,113.0,1,,,,,,-1.0,0.013644768,0,1
162.5,113.25,1,,,,,,-1.0,0.014304396,0,1
162.5,113.5,1,,,,,,-1.0,0.014969314,0,1
162.5,113.75,1,,,,,,-1.0,0.015639603,0,1
162.5,114.0,1,,,,,,-1.0,0.016315328,0,1
162.5,114.25,1,,,,,,-1.0,0.016996599,0,1
162.5,114.5,1,,,,,,-1.0,0.017683499,0,1
162.5,114.75,1,,,,,,-1.0,0.018376105,0,1
162.5,115.0,1,,,,,,-1.0,0.019074509,0,1
162.5,115.25,1,,,,,,-1.0,0.019778808,0,1
162.5,115.5,1,,,,,,-1.0,0.020489093,0,1
162.5,115.75,1,,,,,,-1.0,0.021205457,0,1
162.5,116.0,1,,,,,,-1.0,0.021927995,0,1
162.5,116.25,1,,,,,,-1.0,0.022656802,0,1
162.5,116.5,1,,,,,,-1.0,0.023391956,0,1
162.5,116.75,1,,,,,,-1.0,0.024133573,0,1
162.5,117.0,1,,,,,,-1.0,0.024881754,0,1
162.5,117.25,1,,,,,,-1.0,0.025636565,0,1
162.5,117.5,1,,,,,,-1.0,0.026398141,0,1
162.5,117.75,1,,,,,,-1.0,0.027166539,0,1
162.5,118.0,1,,,,,,-1.0,0.027941881,0,1
162.5,118.25,1,,,,,,-1.0,0.028724257,0,1
162.5,118.5,1,,,,,,-1.0,0.029513758,0,1
162.5,118.75,1,,,,,,-1.0,0.030310473,0,1
162.5,119.0,1,,,,,,-1.0,0.031114498,0,1
162.5,119.25,1,,,,,,-1.0,0.031925926,0,1
162.5,119.5,1,,,,,,-1.0,0.032744831,0,1
162.5,119.75,1,,,,,,-1.0,0.033571308,0,1
162.5,120.0,1,,,,,,-1.0,0.03440543,0,1
162.5,120.25,1,,,,,,-1.0,0.035247284,0,1
162.5,120.5,1,,,,,,-1.0,0.036096939,0,1
162.5,120.75,1,,,,,,-1.0,0.036954461,0,1
162.5,121.0,1,,,,,,-1.0,0.037819921,0,1
162.5,121.25,1,,,,,,-1.0,0.038693384,0,1
162.5,121.5,1,,,,,,-1.0,0.039574877,0,1
162.5,121.75,1,,,,,,-1.0,0.040464476,0,1
162.5,122.0,1,,,,,,-1.0,0.041362211,0,1
162.5,122.25,1,,,,,,-1.0,0.042268112,0,1
162.5,122.5,1,,,,,,-1.0,0.043182206,0,1
162.5,122.75,1,,,,,,-1.0,0.044104519,0,1
162.5,123.0,1,,,,,,-1.0,0.045035043,0,1
162.5,123.25,1,,,,,,-1.0,0.045973798,0,1
162.5,123.5,1,,,,,,-1.0,0.046920757,0,1
162.5,123.75,1,,,,,,-1.0,0.047875904,0,1
162.5,124.0,1,,,,,,-1.0,0.048839202,0,1
162.5,124.25,1,,,,,,-1.0,0.049810623,0,1
162.5,124.5,1,,,,,,-1.0,0.050790117,0,1
162.5,124.75,1,,,,,,-1.0,0.051777616,0,1
162.5,125.0,1,,,,,,-1.0,0.052773039,0,1
162.5,125.25,1,,,,,,-1.0,0.053776316,0,1
162.5,125.5,1,,,,,,-1.0,0.05478735,0,1
162.5,125.75,1,,,,,,-1.0,0.055806015,0,1
162.5,126.0,1,,,,,,-1.0,0.056832227,0,1
162.5,126.25,1,,,,,,-1.0,0.057865834,0,1
162.5,126.5,1,,,,,,-1.0,0.058906722,0,1
162.5,126.75,1,,,,,,-1.0,0.059954733,0,1
162.5,127.0,1,,,,,,-1.0,0.061009709,0,1
162.5,127.25,1,,,,,,-1.0,0.062071486,0,1
162.5,127.5,1,,,,,,-1.0,0.063139895,0,1
162.5,127.75,1,,,,,,-1.0,0.064214764,0,1
162.5,128.0,1,,,,,,-1.0,0.065295919,0,1
162.5,128.25,1,,,,,,-1.0,0.066383131,0,1
162.5,128.5,1,,,,,,-1.0,0.067476247,0,1
162.5,128.75,1,,,,,,-1.0,0.068575026,0,1
162.5,129.0,1,,,,,,-1.0,0.069679304,0,1
162.5,129.25,1,,,,,,-1.0,0.070788837,0,1
162.5,129.5,1,,,,,,-1.0,0.071903428,0,1
162.5,129.75,1,,,,,,-1.0,0.073022876,0,1
162.5,130.0,1,,,,,,-1.0,0.074146966,0,1
162.5,130.25,1,,,,,,-1.0,0.075275451,0,1
162.5,130.5,1,,,,,,-1.0,0.076408146,0,1
162.5,130.75,1,,,,,,-1.0,0.077544839,0,1
162.5,131.0,1,,,,,,-1.0,0.078685319,0,1
162.5,131.25,1,,,,,,-1.0,0.079829373,0,1
162.5,131.5,1,,,,,,-1.0,0.080976763,0,1
162.5,131.75,1,,,,,,-1.0,0.082127317,0,1
162.5,132.0,1,,,,,,-1.0,0.083280836,0,1
162.5,132.25,1,,,,,,-1.0,0.084437117,0,1
162.5,132.5,1,,,,,,-1.0,0.085595924,0,1
162.5,132.75,1,,,,,,-1.0,0.08675712,0,1
162.5,133.0,1,,,,,,-1.0,0.087920499,0,1
162.5,133.25,1,,,,,,-1.0,0.089085854,0,1
162.5,133.5,1,,,,,,-1.0,0.090253059,0,1
162.5,133.75,1,,,,,,-1.0,0.091421868,0,1
162.5,134.0,1,,,,,,-1.0,0.092592181,0,1
162.5,134.25,1,,,,,,-1.0,0.093763799,0,1
162.5,134.5,1,,,,,,-1.0,0.094936549,0,1
162.5,134.75,1,,,,,,-1.0,0.096110316,0,1
162.5,135.0,1,,,,,,-1.0,0.097284941,0,1
162.5,135.25,1,,,,,,-1.0,0.098460266,0,1
162.5,135.5,1,,,,,,-1.0,0.099636134,0,1
162.5,135.75,1,,,,,,-1.0,0.10081244,0,1
162.5,136.0,1,,,,,,-1.0,0.10198906,0,1
162.5,136.25,1,,,,,,-1.0,0.10316583,0,1
162.5,136.5,1,,,,,,-1.0,0.10434265,0,1
162.5,136.75,1,,,,,,-1.0,0.10551942,0,1
162.5,137.0,1,,,,,,-1.0,0.10669605,0,1
162.5,137.25,1,,,,,,-1.0,0.10787238,0,1
162.5,137.5,1,,,,,,-1.0,0.10904832,0,1
162.5,137.75,1,,,,,,-1.0,0.11022382,0,1
162.5,138.0,1,,,,,,-1.0,0.11139871,0,1
162.75,112.0,1,,,,,,-1.0,0.0098960058,0,1
162.75,112.25,1,,,,,,-1.0,0.01053199,0,1
162.75,112.5,1,,,,,,-1.0,0.011172901,0,1
162.75,112.75,1,,,,,,-1.0,0.011818803,0,1
162.75,113.0,1,,,,,,-1.0,0.012469771,0,1
162.75,113.25,1,,,,,,-1.0,0.013125897,0,1
162.75,113.5,1,,,,,,-1.0,0.013787249,0,1
162.75,113.75,1,,,,,,-1.0,0.014453921,0,1
162.75,114.0,1,,,,,,-1.0,0.015125996,0,1
162.75,114.25,1,,,,,,-1.0,0.015803548,0,1
162.75,114.5,1,,,,,,-1.0,0.016486687,0,1
162.75,114.75,1,,,,,,-1.0,0.017175486,0,1
162.75,115.0,1,,,,,,-1.0,0.01787003,0,1
162.75,115.25,1,,,,,,-1.0,0.018570424,0,1
162.75,115.5,1,,,,,,-1.0,0.019276759,0,1
162.75,115.75,1,,,,,,-1.0,0.019989126,0,1
162.75,116.0,1,,,,,,-1.0,0.020707619,0,1
162.75,116.25,1,,,,,,-1.0,0.021432334,0,1
162.75,116.5,1,,,,,,-1.0,0.022163369,0,1
162.75,116.75,1,,,,,,-1.0,0.022900823,0,1
162.75,117.0,1,,,,,,-1.0,0.023644799,0,1
162.75,117.25,1,,,,,,-1.0,0.024395377,0,1
162.75,117.5,1,,,,,,-1.0,0.025152673,0,1
162.75,117.75,1,,,,,,-1.0,0.025916784,0,1
162.75,118.0,1,,,,,,-1.0,0.026687804,0,1
162.75,118.25,1,,,,,,-1.0,0.02746583,0,1
162.75,118.5,1,,,,,,-1.0,0.02825097,0,1
162.75,118.75,1,,,,,,-1.0,0.029043315,0,1
162.75,119.0,1,,,,,,-1.0,0.029842959,0,1
162.75,119.25,1,,,,,,-1.0,0.030649996,0,1
162.75,119.5,1,,,,,,-1.0,0.031464524,0,1
162.75,119.75,1,,,,,,-1.0,0.03228664,0,1
162.75,120.0,1,,,,,,-1.0,0.033116406,0,1
162.75,120.25,1,,,,,,-1.0,0.033953941,0,1
162.75,120.5,1,,,,,,-1.0,0.0347993,0,1
162.75,120.75,1,,,,,,-1.0,0.035652572,0,1
162.75,121.0,1,,,,,,-1.0,0.036513834,0,1
162.75,121.25,1,,,,,,-1.0,0.037383155,0,1
162.75,121.5,1,,,,,,-1.0,0.03826058,0,1
162.75,121.75,1,,,,,,-1.0,0.039146196,0,1
162.75,122.0,1,,,,,,-1.0,0.040040028,0,1
162.75,122.25,1,,,,,,-1.0,0.040942141,0,1
162.75,122.5,1,,,,,,-1.0,0.041852562,0,1
162.75,122.75,1,,,,,,-1.0,0.042771323,0,1
162.75,123.0,1,,,,,,-1.0,0.043698452,0,1
162.75,123.25,1,,,,,,-1.0,0.044633941,0,1
162.75,123.5,1,,,,,,-1.0,0.045577819,0,1
162.75,123.75,1,,,,,,-1.0,0.046530061,0,1
162.75,124.0,1,,,,,,-1.0,0.047490655,0,1
162.75,124.25,1,,,,,,-1.0,0.048459564,0,1
162.75,124.5,1,,,,,,-1.0,0.049436762,0,1
162.75,124.75,1,,,,,,-1.0,0.050422206,0,1
162.75,125.0,1,,,,,,-1.0,0.05141582,0,1
162.75,125.25,1,,,,,,-1.0,0.052417535,0,1
162.75,125.5,1,,,,,,-1.0,0.053427274,0,1
162.75,125.75,1,,,,,,-1.0,0.054444945,0,1
162.75,126.0,1,,,,,,-1.0,0.055470418,0,1
162.75,126.25,1,,,,,,-1.0,0.056503608,0,1
162.75,126.5,1,,,,,,-1.0,0.057544362,0,1
162.75,126.75,1,,,,,,-1.0,0.058592562,0,1
162.75,127.0,1,,,,,,-1.0,0.059648049,0,1
162.75,127.25,1,,,,,,-1.0,0.060710663,0,1
162.75,127.5,1,,,,,,-1.0,0.061780238,0,1
162.75,127.75,1,,,,,,-1.0,0.062856603,0,1
162.75,128.0,1,,,,,,-1.0,0.063939584,0,1
162.75,128.25,1,,,,,,-1.0,0.065028963,0,1
162.75,128.5,1,,,,,,-1.0,0.066124573,0,1
162.75,128.75,1,,,,,,-1.0,0.067226187,0,1
162.75,129.0,1,,,,,,-1.0,0.068333629,0,1
162.75,129.25,1,,,,,,-1.0,0.06944665,0,1
162.75,129.5,1,,,,,,-1.0,0.070565056,0,1
162.75,129.75,1,,,,,,-1.0,0.071688635,0,1
162.75,130.0,1,,,,,,-1.0,0.072817163,0,1
162.75,130.25,1,,,,,,-1.0,0.07395042,0,1
162.75,130.5,1,,,,,,-1.0,0.075088164,0,1
162.75,130.75,1,,,,,,-1.0,0.076230193,0,1
162.75,131.0,1,,,,,,-1.0,0.077376286,0,1
162.75,131.25,1,,,,,,-1.0,0.078526224,0,1
162.75,131.5,1,,,,,,-1.0,0.079679789,0,1
162.75,131.75,1,,,,,,-1.0,0.080836768,0,1
162.75,132.0,1,,,,,,-1.0,0.081996949,0,1
162.75,132.25,1,,,,,,-1.0,0.083160113,0,1
162.75,132.5,1,,,,,,-1.0,0.084326043,0,1
162.75,132.75,1,,,,,,-1.0,0.085494561,0,1
162.75,133.0,1,,,,,,-1.0,0.086665475,0,1
162.75,133.25,1,,,,,,-1.0,0.087838575,0,1
162.75,133.5,1,,,,,,-1.0,0.089013652,0,1
162.75,133.75,1,,,,,,-1.0,0.090190578,0,1
162.75,134.0,1,,,,,,-1.0,0.091369108,0,1
162.75,134.25,1,,,,,,-1.0,0.092549127,0,1
162.75,134.5,1,,,,,,-1.0,0.093730411,0,1
162.75,134.75,1,,,,,,-1.0,0.094912865,0,1
162.75,135.0,1,,,,,,-1.0,0.096096244,0,1
162.75,135.25,1,,,,,,-1.0,0.097280452,0,1
162.75,135.5,1,,,,,,-1.0,0.098465342,0,1
162.75,135.75,1,,,,,,-1.0,0.099650763,0,1
162.75,136.0,1,,,,,,-1.0,0.10083657,0,1
162.75,136.25,1,,,,,,-1.0,0.10202262,0,1
162.75,136.5,1,,,,,,-1.0,0.10320879,0,1
162.75,136.75,1,,,,,,-1.0,0.10439496,0,1
162.75,137.0,1,,,,,,-1.0,0.10558102,0,1
162.75,137.25,1,,,,,,-1.0,0.10676686,0,1
162.75,137.5,1,,,,,,-1.0,0.10795241,0,1
162.75,137.75,1,,,,,,-1.0,0.10913744,0,1
162.75,138.0,1,,,,,,-1.0,0.11032198,0,1
163.0,112.0,1,,,,,,-1.0,0.0087278873,0,1
163.0,112.25,1,,,,,,-1.0,0.0093605507,0,1
163.0,112.5,1,,,,,,-1.0,0.0099980806,0,1
163.0,112.75,1,,,,,,-1.0,0.010640566,0,1
163.0,113.0,1,,,,,,-1.0,0.011288049,0,1
163.0,113.25,1,,,,,,-1.0,0.011940646,0,1
163.0,113.5,1,,,,,,-1.0,0.012598419,0,1
163.0,113.75,1,,,,,,-1.0,0.013261458,0,1
163.0,114.0,1,,,,,,-1.0,0.013929845,0,1
163.0,114.25,1,,,,,,-1.0,0.014603669,0,1
163.0,114.5,1,,,,,,-1.0,0.015283009,0,1
163.0,114.75,1,,,,,,-1.0,0.015967976,0,1
163.0,115.0,1,,,,,,-1.0,0.016658627,0,1
163.0,115.25,1,,,,,,-1.0,0.017355078,0,1
163.0,115.5,1,,,,,,-1.0,0.018057423,0,1
163.0,115.75,1,,,,,,-1.0,0.018765753,0,1
163.0,116.0,1,,,,,,-1.0,0.019480152,0,1
163.0,116.25,1,,,,,,-1.0,0.020200727,0,1
163.0,116.5,1,,,,,,-1.0,0.020927578,0,1
163.0,116.75,1,,,,,,-1.0,0.021660804,0,1
163.0,117.0,1,,,,,,-1.0,0.022400503,0,1
163.0,117.25,1,,,,,,-1.0,0.023146767,0,1
163.0,117.5,1,,,,,,-1.0,0.02389971,0,1
163.0,117.75,1,,,,,,-1.0,0.024659441,0,1
163.0,118.0,1,,,,,,-1.0,0.025426035,0,1
163.0,118.25,1,,,,,,-1.0,0.026199624,0,1
163.0,118.5,1,,,,,,-1.0,0.026980282,0,1
163.0,118.75,1,,,,,,-1.0,0.027768132,0,1
163.0,119.0,1,,,,,,-1.0,0.028563269,0,1
163.0,119.25,1,,,,,,-1.0,0.029365788,0,1
163.0,119.5,1,,,,,,-1.0,0.030175787,0,1
163.0,119.75,1,,,,,,-1.0,0.030993362,0,1
163.0,120.0,1,,,,,,-1.0,0.031818616,0,1
163.0,120.25,1,,,,,,-1.0,0.032651641,0,1
163.0,120.5,1,,,,,,-1.0,0.033492511,0,1
163.0,120.75,1,,,,,,-1.0,0.034341327,0,1
163.0,121.0,1,,,,,,-1.0,0.03519817,0,1
163.0,121.25,1,,,,,,-1.0,0.036063113,0,1
163.0,121.5,1,,,,,,-1.0,0.036936229,0,1
163.0,121.75,1,,,,,,-1.0,0.037817591,0,1
163.0,122.0,1,,,,,,-1.0,0.038707264,0,1
163.0,122.25,1,,,,,,-1.0,0.039605291,0,1
163.0,122.5,1,,,,,,-1.0,0.040511731,0,1
163.0,122.75,1,,,,,,-1.0,0.041426626,0,1
163.0,123.0,1,,,,,,-1.0,0.042350009,0,1
163.0,123.25,1,,,,,,-1.0,0.043281911,0,1
163.0,123.5,1,,,,,,-1.0,0.044222327,0,1
163.0,123.75,1,,,,,,-1.0,0.045171293,0,1
163.0,124.0,1,,,,,,-1.0,0.046128782,0,1
163.0,124.25,1,,,,,,-1.0,0.047094791,0,1
163.0,124.5,1,,,,,,-1.0,0.048069293,0,1
163.0,124.75,1,,,,,,-1.0,0.049052245,0,1
163.0,125.0,1,,,,,,-1.0,0.050043626,0,1
163.0,125.25,1,,,,,,-1.0,0.051043339,0,1
163.0,125.5,1,,,,,,-1.0,0.052051339,0,1
163.0,125.75,1,,,,,,-1.0,0.053067539,0,1
163.0,126.0,1,,,,,,-1.0,0.054091848,0,1
163.0,126.25,1,,,,,,-1.0,0.055124145,0,1
163.0,126.5,1,,,,,,-1.0,0.056164325,0,1
163.0,126.75,1,,,,,,-1.0,0.057212251,0,1
163.0,127.0,1,,,,,,-1.0,0.058267794,0,1
163.0,127.25,1,,,,,,-1.0,0.059330795,0,1
163.0,127.5,1,,,,,,-1.0,0.06040109,0,1
163.0,127.75,1,,,,,,-1.0,0.061478512,0,1
163.0,128.0,1,,,,,,-1.0,0.062562888,0,1
163.0,128.25,1,,,,,,-1.0,0.063654025,0,1
163.0,128.5,1,,,,,,-1.0,0.064751717,0,1
163.0,128.75,1,,,,,,-1.0,0.065855783,0,1
163.0,129.0,1,,,,,,-1.0,0.066966002,0,1
163.0,129.25,1,,,,,,-1.0,0.068082152,0,1
163.0,129.5,1,,,,,,-1.0,0.069204034,0,1
163.0,129.75,1,,,,,,-1.0,0.070331421,0,1
163.0,130.0,1,,,,,,-1.0,0.071464088,0,1
163.0,130.25,1,,,,,,-1.0,0.072601801,0,1
163.0,130.5,1,,,,,,-1.0,0.07374433,0,1
163.0,130.75,1,,,,,,-1.0,0.074891453,0,1
163.0,131.0,1,,,,,,-1.0,0.076042942,0,1
163.0,131.25,1,,,,,,-1.0,0.077198568,0,1
163.0,131.5,1,,,,,,-1.0,0.078358103,0,1
163.0,131.75,1,,,,,,-1.0,0.079521322,0,1
163.0,132.0,1,,,,,,-1.0,0.080688002,0,1
163.0,132.25,1,,,,,,-1.0,0.081857924,0,1
163.0,132.5,1,,,,,,-1.0,0.083030873,0,1
163.0,132.75,1,,,,,,-1.0,0.084206635,0,1
163.0,133.0,1,,,,,,-1.0,0.085385006,0,1
163.0,133.25,1,,,,,,-1.0,0.086565784,0,1
163.0,133.5,1,,,,,,-1.0,0.087748741,0,1
163.0,133.75,1,,,,,,-1.0,0.088933698,0,1
163.0,134.0,1,,,,,,-1.0,0.090120487,0,1
163.0,134.25,1,,,,,,-1.0,0.091308905,0,1
163.0,134.5,1,,,,,,-1.0,0.092498751,0,1
163.0,134.75,1,,,,,,-1.0,0.093689911,0,1
163.0,135.0,1,,,,,,-1.0,0.09488213,0,1
163.0,135.25,1,,,,,,-1.0,0.096075324,0,1
163.0,135.5,1,,,,,,-1.0,0.097269303,0,1
163.0,135.75,1,,,,,,-1.0,0.098463887,0,1
163.0,136.0,1,,,,,,-1.0,0.099658976,0,1
163.0,136.25,1,,,,,,-1.0,0.10085442,0,1
163.0,136.5,1,,,,,,-1.0,0.10205006,0,1
163.0,136.75,1,,,,,,-1.0,0.10324578,0,1
163.0,137.0,1,,,,,,-1.0,0.10444145,0,1
163.0,137.25,1,,,,,,-1.0,0.10563694,0,1
163.0,137.5,1,,,,,,-1.0,0.10683215,0,1
163.0,137.75,1,,,,,,-1.0,0.10802699,0,1
163.0,138.0,1,,,,,,-1.0,0.10922132,0,1
163.25,112.0,1,,,,,,-1.0,0.0075531284,0,1
163.25,112.25,1,,,,,,-1.0,0.0081824548,0,1
163.25,112.5,1,,,,,,-1.0,0.0088166005,0,1
163.25,112.75,1,,,,,,-1.0,0.0094556458,0,1
163.25,113.0,1,,,,,,-1.0,0.010099648,0,1
163.25,113.25,1,,,,,,-1.0,0.010748695,0,1
163.25,113.5,1,,,,,,-1.0,0.011402885,0,1
163.25,113.75,1,,,,,,-1.0,0.012062265,0,1
163.25,114.0,1,,,,,,-1.0,0.012726954,0,1
163.25,114.25,1,,,,,,-1.0,0.013397016,0,1
163.25,114.5,1,,,,,,-1.0,0.014072552,0,1
163.25,114.75,1,,,,,,-1.0,0.014753639,0,1
163.25,115.0,1,,,,,,-1.0,0.015440386,0,1
163.25,115.25,1,,,,,,-1.0,0.016132857,0,1
163.25,115.5,1,,,,,,-1.0,0.016831173,0,1
163.25,115.75,1,,,,,,-1.0,0.017535423,0,1
163.25,116.0,1,,,,,,-1.0,0.018245684,0,1
163.25,116.25,1,,,,,,-1.0,0.018962074,0,1
163.25,116.5,1,,,,,,-1.0,0.01968469,0,1
163.25,116.75,1,,,,,,-1.0,0.02041363,0,1
163.25,117.0,1,,,,,,-1.0,0.021148994,0,1
163.25,117.25,1,,,,,,-1.0,0.021890886,0,1
163.25,117.5,1,,,,,,-1.0,0.022639409,0,1
163.25,117.75,1,,,,,,-1.0,0.023394673,0,1
163.25,118.0,1,,,,,,-1.0,0.024156769,0,1
163.25,118.25,1,,,,,,-1.0,0.024925806,0,1
163.25,118.5,1,,,,,,-1.0,0.025701906,0,1
163.25,118.75,1,,,,,,-1.0,0.026485145,0,1
163.25,119.0,1,,,,,,-1.0,0.027275651,0,1
163.25,119.25,1,,,,,,-1.0,0.028073525,0,1
163.25,119.5,1,,,,,,-1.0,0.028878865,0,1
163.25,119.75,1,,,,,,-1.0,0.02969177,0,1
163.25,120.0,1,,,,,,-1.0,0.030512339,0,1
163.25,120.25,1,,,,,,-1.0,0.031340677,0,1
163.25,120.5,1,,,,,,-1.0,0.032176886,0,1
163.25,120.75,1,,,,,,-1.0,0.033021051,0,1
163.25,121.0,1,,,,,,-1.0,0.03387327,0,1
163.25,121.25,1,,,,,,-1.0,0.034733615,0,1
163.25,121.5,1,,,,,,-1.0,0.035602183,0,1
163.25,121.75,1,,,,,,-1.0,0.036479049,0,1
163.25,122.0,1,,,,,,-1.0,0.037364291,0,1
163.25,122.25,1,,,,,,-1.0,0.038257955,0,1
163.25,122.5,1,,,,,,-1.0,0.039160131,0,1
163.25,122.75,1,,,,,,-1.0,0.040070845,0,1
163.25,123.0,1,,,,,,-1.0,0.040990163,0,1
163.25,123.25,1,,,,,,-1.0,0.041918119,0,1
163.25,123.5,1,,,,,,-1.0,0.042854747,0,1
163.25,123.75,1,,,,,,-1.0,0.043800048,0,1
163.25,124.0,1,,,,,,-1.0,0.044754063,0,1
163.25,124.25,1,,,,,,-1.0,0.04571676,0,1
163.25,124.5,1,,,,,,-1.0,0.046688152,0,1
163.25,124.75,1,,,,,,-1.0,0.047668215,0,1
163.25,125.0,1,,,,,,-1.0,0.048656899,0,1
163.25,125.25,1,,,,,,-1.0,0.049654183,0,1
163.25,125.5,1,,,,,,-1.0,0.05065999,0,1
163.25,125.75,1,,,,,,-1.0,0.051674265,0,1
163.25,126.0,1,,,,,,-1.0,0.052696921,0,1
163.25,126.25,1,,,,,,-1.0,0.053727866,0,1
163.25,126.5,1,,,,,,-1.0,0.054766997,0,1
163.25,126.75,1,,,,,,-1.0,0.055814176,0,1
163.25,127.0,1,,,,,,-1.0,0.056869295,0,1
163.25,127.25,1,,,,,,-1.0,0.057932208,0,1
163.25,127.5,1,,,,,,-1.0,0.059002754,0,1
163.25,127.75,1,,,,,,-1.0,0.060080769,0,1
163.25,128.0,1,,,,,,-1.0,0.061166082,0,1
163.25,128.25,1,,,,,,-1.0,0.06225852,0,1
163.25,128.5,1,,,,,,-1.0,0.063357871,0,1
163.25,128.75,1,,,,,,-1.0,0.064463952,0,1
163.25,129.0,1,,,,,,-1.0,0.065576536,0,1
163.25,129.25,1,,,,,,-1.0,0.066695432,0,1
163.25,129.5,1,,,,,,-1.0,0.067820413,0,1
163.25,129.75,1,,,,,,-1.0,0.068951233,0,1
163.25,130.0,1,,,,,,-1.0,0.070087682,0,1
163.25,130.25,1,,,,,,-1.0,0.071229528,0,1
163.25,130.5,1,,,,,,-1.0,0.072376535,0,1
163.25,130.75,1,,,,,,-1.0,0.073528468,0,1
163.25,131.0,1,,,,,,-1.0,0.074685089,0,1
163.25,131.25,1,,,,,,-1.0,0.075846162,0,1
163.25,131.5,1,,,,,,-1.0,0.077011451,0,1
163.25,131.75,1,,,,,,-1.0,0.078180721,0,1
163.25,132.0,1,,,,,,-1.0,0.079353735,0,1
163.25,132.25,1,,,,,,-1.0,0.080530261,0,1
163.25,132.5,1,,,,,,-1.0,0.081710078,0,1
163.25,132.75,1,,,,,,-1.0,0.082892963,0,1
163.25,133.0,1,,,,,,-1.0,0.084078694,0,1
163.25,133.25,1,,,,,,-1.0,0.085267057,0,1
163.25,133.5,1,,,,,,-1.0,0.086457824,0,1
163.25,133.75,1,,,,,,-1.0,0.087650802,0,1
163.25,134.0,1,,,,,,-1.0,0.088845792,0,1
163.25,134.25,1,,,,,,-1.0,0.090042605,0,1
163.25,134.5,1,,,,,,-1.0,0.091241061,0,1
163.25,134.75,1,,,,,,-1.0,0.092440906,0,1
163.25,135.0,1,,,,,,-1.0,0.093642037,0,1
163.25,135.25,1,,,,,,-1.0,0.094844251,0,1
163.25,135.5,1,,,,,,-1.0,0.096047373,0,1
163.25,135.75,1,,,,,,-1.0,0.097251249,0,1
163.25,136.0,1,,,,,,-1.0,0.098455753,0,1
163.25,136.25,1,,,,,,-1.0,0.099660647,0,1
163.25,136.5,1,,,,,,-1.0,0.10086586,0,1
163.25,136.75,1,,,,,,-1.0,0.10207125,0,1
163.25,137.0,1,,,,,,-1.0,0.10327666,0,1
163.25,137.25,1,,,,,,-1.0,0.10448197,0,1
163.25,137.5,1,,,,,,-1.0,0.10568704,0,1
163.25,137.75,1,,,,,,-1.0,0.10689177,0,1
163.25,138.0,1,,,,,,-1.0,0.10809605,0,1
163.5,112.0,1,,,,,,-1.0,0.0063717423,0,1
163.5,112.25,1,,,,,,-1.0,0.006997735,0,1
163.5,112.5,1,,,,,,-1.0,0.0076284943,0,1
163.5,112.75,1,,,,,,-1.0,0.008264097,0,1
163.5,113.0,1,,,,,,-1.0,0.0089046024,0,1
163.5,113.25,1,,,,,,-1.0,0.0095500973,0,1
163.5,113.5,1,,,,,,-1.0,0.010200676,0,1
163.5,113.75,1,,,,,,-1.0,0.010856406,0,1
163.5,114.0,1,,,,,,-1.0,0.011517367,0,1
163.5,114.25,1,,,,,,-1.0,0.012183668,0,1
163.5,114.5,1,,,,,,-1.0,0.012855364,0,1
163.5,114.75,1,,,,,,-1.0,0.013532573,0,1
163.5,115.0,1,,,,,,-1.0,0.014215366,0,1
163.5,115.25,1,,,,,,-1.0,0.01490385,0,1
163.5,115.5,1,,,,,,-1.0,0.015598101,0,1
163.5,115.75,1,,,,,,-1.0,0.016298241,0,1
163.5,116.0,1,,,,,,-1.0,0.017004334,0,1
163.5,116.25,1,,,,,,-1.0,0.0177165,0,1
163.5,116.5,1,,,,,,-1.0,0.018434841,0,1
163.5,116.75,1,,,,,,-1.0,0.019159454,0,1
163.5,117.0,1,,,,,,-1.0,0.019890434,0,1
163.5,117.25,1,,,,,,-1.0,0.020627888,0,1
163.5,117.5,1,,,,,,-1.0,0.021371926,0,1
163.5,117.75,1,,,,,,-1.0,0.022122651,0,1
163.5,118.0,1,,,,,,-1.0,0.022880163,0,1
163.5,118.25,1,,,,,,-1.0,0.023644579,0,1
163.5,118.5,1,,,,,,-1.0,0.024416012,0,1
163.5,118.75,1,,,,,,-1.0,0.025194558,0,1
163.5,119.0,1,,,,,,-1.0,0.025980329,0,1
163.5,119.25,1,,,,,,-1.0,0.026773433,0,1
163.5,119.5,1,,,,,,-1.0,0.027573988,0,1
163.5,119.75,1,,,,,,-1.0,0.028382084,0,1
163.5,120.0,1,,,,,,-1.0,0.029197833,0,1
163.5,120.25,1,,,,,,-1.0,0.030021345,0,1
163.5,120.5,1,,,,,,-1.0,0.030852718,0,1
163.5,120.75,1,,,,,,-1.0,0.031692047,0,1
163.5,121.0,1,,,,,,-1.0,0.032539447,0,1
163.5,121.25,1,,,,,,-1.0,0.033394995,0,1
163.5,121.5,1,,,,,,-1.0,0.0342588,0,1
163.5,121.75,1,,,,,,-1.0,0.035130939,0,1
163.5,122.0,1,,,,,,-1.0,0.036011491,0,1
163.5,122.25,1,,,,,,-1.0,0.036900535,0,1
163.5,122.5,1,,,,,,-1.0,0.037798149,0,1
163.5,122.75,1,,,,,,-1.0,0.038704407,0,1
163.5,123.0,1,,,,,,-1.0,0.039619348,0,1
163.5,123.25,1,,,,,,-1.0,0.040543033,0,1
163.5,123.5,1,,,,,,-1.0,0.04147551,0,1
163.5,123.75,1,,,,,,-1.0,0.042416813,0,1
163.5,124.0,1,,,,,,-1.0,0.043366954,0,1
163.5,124.25,1,,,,,,-1.0,0.044325966,0,1
163.5,124.5,1,,,,,,-1.0,0.045293836,0,1
163.5,124.75,1,,,,,,-1.0,0.046270571,0,1
163.5,125.0,1,,,,,,-1.0,0.047256153,0,1
163.5,125.25,1,,,,,,-1.0,0.048250552,0,1
163.5,125.5,1,,,,,,-1.0,0.049253709,0,1
163.5,125.75,1,,,,,,-1.0,0.050265593,0,1
163.5,126.0,1,,,,,,-1.0,0.051286128,0,1
163.5,126.25,1,,,,,,-1.0,0.052315229,0,1
163.5,126.5,1,,,,,,-1.0,0.053352805,0,1
163.5,126.75,1,,,,,,-1.0,0.05439876,0,1
163.5,127.0,1,,,,,,-1.0,0.055452957,0,1
163.5,127.25,1,,,,,,-1.0,0.056515285,0,1
163.5,127.5,1,,,,,,-1.0,0.05758559,0,1
163.5,127.75,1,,,,,,-1.0,0.05866371,0,1
163.5,128.0,1,,,,,,-1.0,0.059749478,0,1
163.5,128.25,1,,,,,,-1.0,0.060842724,0,1
163.5,128.5,1,,,,,,-1.0,0.061943271,0,1
163.5,128.75,1,,,,,,-1.0,0.063050898,0,1
163.5,129.0,1,,,,,,-1.0,0.064165429,0,1
163.5,129.25,1,,,,,,-1.0,0.065286609,0,1
163.5,129.5,1,,,,,,-1.0,0.066414252,0,1
163.5,129.75,1,,,,,,-1.0,0.067548123,0,1
163.5,130.0,1,,,,,,-1.0,0.068687988,0,1
163.5,130.25,1,,,,,,-1.0,0.069833609,0,1
163.5,130.5,1,,,,,,-1.0,0.070984747,0,1
163.5,130.75,1,,,,,,-1.0,0.07214116,0,1
163.5,131.0,1,,,,,,-1.0,0.073302605,0,1
163.5,131.25,1,,,,,,-1.0,0.07446884,0,1
163.5,131.5,1,,,,,,-1.0,0.07563962,0,1
163.5,131.75,1,,,,,,-1.0,0.076814702,0,1
163.5,132.0,1,,,,,,-1.0,0.077993832,0,1
163.5,132.25,1,,,,,,-1.0,0.079176766,0,1
163.5,132.5,1,,,,,,-1.0,0.080363279,0,1
163.5,132.75,1,,,,,,-1.0,0.081553134,0,1
163.5,133.0,1,,,,,,-1.0,0.0827461,0,1
163.5,133.25,1,,,,,,-1.0,0.083941946,0,1
163.5,133.5,1,,,,,,-1.0,0.085140449,0,1
163.5,133.75,1,,,,,,-1.0,0.086341389,0,1
163.5,134.0,1,,,,,,-1.0,0.087544552,0,1
163.5,134.25,1,,,,,,-1.0,0.088749733,0,1
163.5,134.5,1,,,,,,-1.0,0.089956731,0,1
163.5,134.75,1,,,,,,-1.0,0.091165357,0,1
163.5,135.0,1,,,,,,-1.0,0.092375389,0,1
163.5,135.25,1,,,,,,-1.0,0.093586652,0,1
163.5,135.5,1,,,,,,-1.0,0.094799007,0,1
163.5,135.75,1,,,,,,-1.0,0.09601222,0,1
163.5,136.0,1,,,,,,-1.0,0.097226176,0,1
163.5,136.25,1,,,,,,-1.0,0.098440668,0,1
163.5,136.5,1,,,,,,-1.0,0.099655605,0,1
163.5,136.75,1,,,,,,-1.0,0.10087075,0,1
163.5,137.0,1,,,,,,-1.0,0.10208602,0,1
163.5,137.25,1,,,,,,-1.0,0.10330127,0,1
163.5,137.5,1,,,,,,-1.0,0.10451636,0,1
163.5,137.75,1,,,,,,-1.0,0.10573117,0,1
163.5,138.0,1,,,,,,-1.0,0.10694557,0,1
163.75,112.0,1,,,,,,-1.0,0.0051837643,0,1
163.75,112.25,1,,,,,,-1.0,0.0058064246,0,1
163.75,112.5,1,,,,,,-1.0,0.0064337962,0,1
163.75,112.75,1,,,,,,-1.0,0.0070659495,0,1
163.75,113.0,1,,,,,,-1.0,0.0077029479,0,1
163.75,113.25,1,,,,,,-1.0,0.0083448888,0,1
163.75,113.5,1,,,,,,-1.0,0.0089918534,0,1
163.75,113.75,1,,,,,,-1.0,0.0096439189,0,1
163.75,114.0,1,,,,,,-1.0,0.01030115,0,1
163.75,114.25,1,,,,,,-1.0,0.010963658,0,1
163.75,114.5,1,,,,,,-1.0,0.011631528,0,1
163.75,114.75,1,,,,,,-1.0,0.01230482,0,1
163.75,115.0,1,,,,,,-1.0,0.012983662,0,1
163.75,115.25,1,,,,,,-1.0,0.013668117,0,1
163.75,115.5,1,,,,,,-1.0,0.014358299,0,1
163.75,115.75,1,,,,,,-1.0,0.015054287,0,1
163.75,116.0,1,,,,,,-1.0,0.015756198,0,1
163.75,116.25,1,,,,,,-1.0,0.016464101,0,1
163.75,116.5,1,,,,,,-1.0,0.017178128,0,1
163.75,116.75,1,,,,,,-1.0,0.017898368,0,1
163.75,117.0,1,,,,,,-1.0,0.018624911,0,1
163.75,117.25,1,,,,,,-1.0,0.01935788,0,1
163.75,117.5,1,,,,,,-1.0,0.020097377,0,1
163.75,117.75,1,,,,,,-1.0,0.020843508,0,1
163.75,118.0,1,,,,,,-1.0,0.021596381,0,1
163.75,118.25,1,,,,,,-1.0,0.022356107,0,1
163.75,118.5,1,,,,,,-1.0,0.023122797,0,1
163.75,118.75,1,,,,,,-1.0,0.023896564,0,1
163.75,119.0,1,,,,,,-1.0,0.0246775,0,1
163.75,119.25,1,,,,,,-1.0,0.025465746,0,1
163.75,119.5,1,,,,,,-1.0,0.02626139,0,1
163.75,119.75,1,,,,,,-1.0,0.027064565,0,1
163.75,120.0,1,,,,,,-1.0,0.027875359,0,1
163.75,120.25,1,,,,,,-1.0,0.028693893,0,1
163.75,120.5,1,,,,,,-1.0,0.029520279,0,1
163.75,120.75,1,,,,,,-1.0,0.030354622,0,1
163.75,121.0,1,,,,,,-1.0,0.031197028,0,1
163.75,121.25,1,,,,,,-1.0,0.032047584,0,1
163.75,121.5,1,,,,,,-1.0,0.03290642,0,1
163.75,121.75,1,,,,,,-1.0,0.033773599,0,1
163.75,122.0,1,,,,,,-1.0,0.034649237,0,1
163.75,122.25,1,,,,,,-1.0,0.035533416,0,1
163.75,122.5,1,,,,,,-1.0,0.036426216,0,1
163.75,122.75,1,,,,,,-1.0,0.037327721,0,1
163.75,123.0,1,,,,,,-1.0,0.038237993,0,1
163.75,123.25,1,,,,,,-1.0,0.039157104,0,1
163.75,123.5,1,,,,,,-1.0,0.040085099,0,1
163.75,123.75,1,,,,,,-1.0,0.041022039,0,1
163.75,124.0,1,,,,,,-1.0,0.041967962,0,1
163.75,124.25,1,,,,,,-1.0,0.042922892,0,1
163.75,124.5,1,,,,,,-1.0,0.043886851,0,1
163.75,124.75,1,,,,,,-1.0,0.044859849,0,1
163.75,125.0,1,,,,,,-1.0,0.045841887,0,1
163.75,125.25,1,,,,,,-1.0,0.046832949,0,1
163.75,125.5,1,,,,,,-1.0,0.047833012,0,1
163.75,125.75,1,,,,,,-1.0,0.048842029,0,1
163.75,126.0,1,,,,,,-1.0,0.049859964,0,1
163.75,126.25,1,,,,,,-1.0,0.050886729,0,1
163.75,126.5,1,,,,,,-1.0,0.051922264,0,1
163.75,126.75,1,,,,,,-1.0,0.052966469,0,1
163.75,127.0,1,,,,,,-1.0,0.054019235,0,1
163.75,127.25,1,,,,,,-1.0,0.055080463,0,1
163.75,127.5,1,,,,,,-1.0,0.056149998,0,1
163.75,127.75,1,,,,,,-1.0,0.057227702,0,1
163.75,128.0,1,,,,,,-1.0,0.058313423,0,1
163.75,128.25,1,,,,,,-1.0,0.059406994,0,1
163.75,128.5,1,,,,,,-1.0,0.060508209,0,1
163.75,128.75,1,,,,,,-1.0,0.061616908,0,1
163.75,129.0,1,,,,,,-1.0,0.062732871,0,1
163.75,129.25,1,,,,,,-1.0,0.063855907,0,1
163.75,129.5,1,,,,,,-1.0,0.064985759,0,1
163.75,129.75,1,,,,,,-1.0,0.066122229,0,1
163.75,130.0,1,,,,,,-1.0,0.06726508,0,1
163.75,130.25,1,,,,,,-1.0,0.068414071,0,1
163.75,130.5,1,,,,,,-1.0,0.069568958,0,1
163.75,130.75,1,,,,,,-1.0,0.070729496,0,1
163.75,131.0,1,,,,,,-1.0,0.071895437,0,1
163.75,131.25,1,,,,,,-1.0,0.07306651,0,1
163.75,131.5,1,,,,,,-1.0,0.074242472,0,1
163.75,131.75,1,,,,,,-1.0,0.075423079,0,1
163.75,132.0,1,,,,,,-1.0,0.076608082,0,1
163.75,132.25,1,,,,,,-1.0,0.077797214,0,1
163.75,132.5,1,,,,,,-1.0,0.078990216,0,1
163.75,132.75,1,,,,,,-1.0,0.080186863,0,1
163.75,133.0,1,,,,,,-1.0,0.081386913,0,1
163.75,133.25,1,,,,,,-1.0,0.082590123,0,1
163.75,133.5,1,,,,,,-1.0,0.083796234,0,1
163.75,133.75,1,,,,,,-1.0,0.085005028,0,1
163.75,134.0,1,,,,,,-1.0,0.086216287,0,1
163.75,134.25,1,,,,,,-1.0,0.087429788,0,1
163.75,134.5,1,,,,,,-1.0,0.088645315,0,1
163.75,134.75,1,,,,,,-1.0,0.089862659,0,1
163.75,135.0,1,,,,,,-1.0,0.09108162,0,1
163.75,135.25,1,,,,,,-1.0,0.092301998,0,1
163.75,135.5,1,,,,,,-1.0,0.093523568,0,1
163.75,135.75,1,,,,,,-1.0,0.09474619,0,1
163.75,136.0,1,,,,,,-1.0,0.095969703,0,1
163.75,136.25,1,,,,,,-1.0,0.097193853,0,1
163.75,136.5,1,,,,,,-1.0,0.098418568,0,1
163.75,136.75,1,,,,,,-1.0,0.099643606,0,1
163.75,137.0,1,,,,,,-1.0,0.1008689,0,1
163.75,137.25,1,,,,,,-1.0,0.10209421,0,1
163.75,137.5,1,,,,,,-1.0,0.10331945,0,1
163.75,137.75,1,,,,,,-1.0,0.10454448,0,1
163.75,138.0,1,,,,,,-1.0,0.10576917,0,1
164.0,112.0,1,,,,,,-1.0,0.0039892304,0,1
164.0,112.25,1,,,,,,-1.0,0.0046085563,0,1
164.0,112.5,1,,,,,,-1.0,0.0052325227,0,1
164.0,112.75,1,,,,,,-1.0,0.0058612188,0,1
164.0,113.0,1,,,,,,-1.0,0.0064947208,0,1
164.0,113.25,1,,,,,,-1.0,0.0071331069,0,1
164.0,113.5,1,,,,,,-1.0,0.0077764571,0,1
164.0,113.75,1,,,,,,-1.0,0.0084248418,0,1
164.0,114.0,1,,,,,,-1.0,0.0090783419,0,1
164.0,114.25,1,,,,,,-1.0,0.0097370563,0,1
164.0,114.5,1,,,,,,-1.0,0.010401073,0,1
164.0,114.75,1,,,,,,-1.0,0.011070459,0,1
164.0,115.0,1,,,,,,-1.0,0.011745317,0,1
164.0,115.25,1,,,,,,-1.0,0.012425751,0,1
164.0,115.5,1,,,,,,-1.0,0.013111824,0,1
164.0,115.75,1,,,,,,-1.0,0.013803661,0,1
164.0,116.0,1,,,,,,-1.0,0.014501342,0,1
164.0,116.25,1,,,,,,-1.0,0.015204975,0,1
164.0,116.5,1,,,,,,-1.0,0.015914649,0,1
164.0,116.75,1,,,,,,-1.0,0.01663049,0,1
164.0,117.0,1,,,,,,-1.0,0.017352564,0,1
164.0,117.25,1,,,,,,-1.0,0.018081007,0,1
164.0,117.5,1,,,,,,-1.0,0.018815923,0,1
164.0,117.75,1,,,,,,-1.0,0.019557416,0,1
164.0,118.0,1,,,,,,-1.0,0.020305587,0,1
164.0,118.25,1,,,,,,-1.0,0.021060555,0,1
164.0,118.5,1,,,,,,-1.0,0.021822435,0,1
164.0,118.75,1,,,,,,-1.0,0.022591333,0,1
164.0,119.0,1,,,,,,-1.0,0.023367363,0,1
164.0,119.25,1,,,,,,-1.0,0.024150648,0,1
164.0,119.5,1,,,,,,-1.0,0.024941309,0,1
164.0,119.75,1,,,,,,-1.0,0.02573943,0,1
164.0,120.0,1,,,,,,-1.0,0.026545165,0,1
164.0,120.25,1,,,,,,-1.0,0.027358597,0,1
164.0,120.5,1,,,,,,-1.0,0.028179855,0,1
164.0,120.75,1,,,,,,-1.0,0.029009052,0,1
164.0,121.0,1,,,,,,-1.0,0.029846297,0,1
164.0,121.25,1,,,,,,-1.0,0.030691702,0,1
164.0,121.5,1,,,,,,-1.0,0.031545377,0,1
164.0,121.75,1,,,,,,-1.0,0.032407405,0,1
164.0,122.0,1,,,,,,-1.0,0.033277921,0,1
164.0,122.25,1,,,,,,-1.0,0.034156993,0,1
164.0,122.5,1,,,,,,-1.0,0.035044729,0,1
164.0,122.75,1,,,,,,-1.0,0.035941218,0,1
164.0,123.0,1,,,,,,-1.0,0.036846545,0,1
164.0,123.25,1,,,,,,-1.0,0.037760764,0,1
164.0,123.5,1,,,,,,-1.0,0.03868398,0,1
164.0,123.75,1,,,,,,-1.0,0.039616222,0,1
164.0,124.0,1,,,,,,-1.0,0.040557565,0,1
164.0,124.25,1,,,,,,-1.0,0.04150805,0,1
164.0,124.5,1,,,,,,-1.0,0.042467715,0,1
164.0,124.75,1,,,,,,-1.0,0.043436566,0,1
164.0,125.0,1,,,,,,-1.0,0.044414643,0,1
164.0,125.25,1,,,,,,-1.0,0.045401938,0,1
164.0,125.5,1,,,,,,-1.0,0.046398435,0,1
164.0,125.75,1,,,,,,-1.0,0.047404117,0,1
164.0,126.0,1,,,,,,-1.0,0.048418962,0,1
164.0,126.25,1,,,,,,-1.0,0.049442894,0,1
164.0,126.5,1,,,,,,-1.0,0.050475874,0,1
164.0,126.75,1,,,,,,-1.0,0.051517819,0,1
164.0,127.0,1,,,,,,-1.0,0.05256864,0,1
164.0,127.25,1,,,,,,-1.0,0.05362823,0,1
164.0,127.5,1,,,,,,-1.0,0.054696465,0,1
164.0,127.75,1,,,,,,-1.0,0.055773219,0,1
164.0,128.0,1,,,,,,-1.0,0.056858346,0,1
164.0,128.25,1,,,,,,-1.0,0.057951686,0,1
164.0,128.5,1,,,,,,-1.0,0.059053068,0,1
164.0,128.75,1,,,,,,-1.0,0.060162311,0,1
164.0,129.0,1,,,,,,-1.0,0.061279198,0,1
164.0,129.25,1,,,,,,-1.0,0.062403552,0,1
164.0,129.5,1,,,,,,-1.0,0.063535145,0,1
164.0,129.75,1,,,,,,-1.0,0.064673737,0,1
164.0,130.0,1,,,,,,-1.0,0.065819113,0,1
164.0,130.25,1,,,,,,-1.0,0.06697103,0,1
164.0,130.5,1,,,,,,-1.0,0.068129241,0,1
164.0,130.75,1,,,,,,-1.0,0.069293497,0,1
164.0,131.0,1,,,,,,-1.0,0.070463525,0,1
164.0,131.25,1,,,,,,-1.0,0.071639077,0,1
164.0,131.5,1,,,,,,-1.0,0.072819904,0,1
164.0,131.75,1,,,,,,-1.0,0.074005747,0,1
164.0,132.0,1,,,,,,-1.0,0.0751963,0,1
164.0,132.25,1,,,,,,-1.0,0.076391348,0,1
164.0,132.5,1,,,,,,-1.0,0.077590629,0,1
164.0,132.75,1,,,,,,-1.0,0.078793838,0,1
164.0,133.0,1,,,,,,-1.0,0.080000768,0,1
164.0,133.25,1,,,,,,-1.0,0.081211166,0,1
164.0,133.5,1,,,,,,-1.0,0.082424733,0,1
164.0,133.75,1,,,,,,-1.0,0.083641269,0,1
164.0,134.0,1,,,,,,-1.0,0.084860535,0,1
164.0,134.25,1,,,,,,-1.0,0.086082292,0,1
164.0,134.5,1,,,,,,-1.0,0.087306299,0,1
164.0,134.75,1,,,,,,-1.0,0.088532328,0,1
164.0,135.0,1,,,,,,-1.0,0.089760179,0,1
164.0,135.25,1,,,,,,-1.0,0.090989643,0,1
164.0,135.5,1,,,,,,-1.0,0.092220516,0,1
164.0,135.75,1,,,,,,-1.0,0.093452575,0,1
164.0,136.0,1,,,,,,-1.0,0.094685646,0,1
164.0,136.25,1,,,,,,-1.0,0.095919561,0,1
164.0,136.5,1,,,,,,-1.0,0.09715416,0,1
164.0,136.75,1,,,,,,-1.0,0.098389183,0,1
164.0,137.0,1,,,,,,-1.0,0.099624575,0,1
164.0,137.25,1,,,,,,-1.0,0.10086009,0,1
164.0,137.5,1,,,,,,-1.0,0.10209565,0,1
164.0,137.75,1,,,,,,-1.0,0.10333105,0,1
164.0,138.0,1,,,,,,-1.0,0.10456617,0,1
164.25,112.0,1,,,,,,-1.0,0.0027881275,0,1
164.25,112.25,1,,,,,,-1.0,0.0034041114,0,1
164.25,112.5,1,,,,,,-1.0,0.0040246951,0,1
164.25,112.75,1,,,,,,-1.0,0.0046499523,0,1
164.25,113.0,1,,,,,,-1.0,0.0052799581,0,1
164.25,113.25,1,,,,,,-1.0,0.0059147894,0,1
164.25,113.5,1,,,,,,-1.0,0.0065545117,0,1
164.25,113.75,1,,,,,,-1.0,0.0071992143,0,1
164.25,114.0,1,,,,,,-1.0,0.0078489833,0,1
164.25,114.25,1,,,,,,-1.0,0.0085039035,0,1
164.25,114.5,1,,,,,,-1.0,0.0091640614,0,1
164.25,114.75,1,,,,,,-1.0,0.0098295299,0,1
164.25,115.0,1,,,,,,-1.0,0.010500403,0,1
164.25,115.25,1,,,,,,-1.0,0.011176786,0,1
164.25,115.5,1,,,,,,-1.0,0.011858766,0,1
164.25,115.75,1,,,,,,-1.0,0.012546417,0,1
164.25,116.0,1,,,,,,-1.0,0.013239867,0,1
164.25,116.25,1,,,,,,-1.0,0.013939193,0,1
164.25,116.5,1,,,,,,-1.0,0.014644506,0,1
164.25,116.75,1,,,,,,-1.0,0.015355904,0,1
164.25,117.0,1,,,,,,-1.0,0.016073495,0,1
164.25,117.25,1,,,,,,-1.0,0.016797375,0,1
164.25,117.5,1,,,,,,-1.0,0.01752767,0,1
164.25,117.75,1,,,,,,-1.0,0.018264469,0,1
164.25,118.0,1,,,,,,-1.0,0.01900789,0,1
164.25,118.25,1,,,,,,-1.0,0.01975805,0,1
164.25,118.5,1,,,,,,-1.0,0.020515061,0,1
164.25,118.75,1,,,,,,-1.0,0.021279036,0,1
164.25,119.0,1,,,,,,-1.0,0.022050091,0,1
164.25,119.25,1,,,,,,-1.0,0.022828344,0,1
164.25,119.5,1,,,,,,-1.0,0.023613917,0,1
164.25,119.75,1,,,,,,-1.0,0.024406919,0,1
164.25,120.0,1,,,,,,-1.0,0.025207467,0,1
164.25,120.25,1,,,,,,-1.0,0.026015697,0,1
164.25,120.5,1,,,,,,-1.0,0.026831706,0,1
164.25,120.75,1,,,,,,-1.0,0.027655623,0,1
164.25,121.0,1,,,,,,-1.0,0.028487568,0,1
164.25,121.25,1,,,,,,-1.0,0.029327652,0,1
164.25,121.5,1,,,,,,-1.0,0.030175988,0,1
164.25,121.75,1,,,,,,-1.0,0.031032691,0,1
164.25,122.0,1,,,,,,-1.0,0.031897878,0,1
164.25,122.25,1,,,,,,-1.0,0.032771629,0,1
164.25,122.5,1,,,,,,-1.0,0.033654077,0,1
164.25,122.75,1,,,,,,-1.0,0.034545311,0,1
164.25,123.0,1,,,,,,-1.0,0.035445416,0,1
164.25,123.25,1,,,,,,-1.0,0.036354481,0,1
164.25,123.5,1,,,,,,-1.0,0.037272595,0,1
164.25,123.75,1,,,,,,-1.0,0.038199845,0,1
164.25,124.0,1,,,,,,-1.0,0.039136268,0,1
164.25,124.25,1,,,,,,-1.0,0.040081949,0,1
164.25,124.5,1,,,,,,-1.0,0.041036933,0,1
164.25,124.75,1,,,,,,-1.0,0.042001263,0,1
164.25,125.0,1,,,,,,-1.0,0.042974958,0,1
164.25,125.25,1,,,,,,-1.0,0.043958057,0,1
164.25,125.5,1,,,,,,-1.0,0.044950543,0,1
164.25,125.75,1,,,,,,-1.0,0.045952432,0,1
164.25,126.0,1,,,,,,-1.0,0.046963701,0,1
164.25,126.25,1,,,,,,-1.0,0.047984308,0,1
164.25,126.5,1,,,,,,-1.0,0.049014229,0,1
164.25,126.75,1,,,,,,-1.0,0.050053396,0,1
164.25,127.0,1,,,,,,-1.0,0.051101724,0,1
164.25,127.25,1,,,,,,-1.0,0.052159129,0,1
164.25,127.5,1,,,,,,-1.0,0.053225517,0,1
164.25,127.75,1,,,,,,-1.0,0.054300767,0,1
164.25,128.0,1,,,,,,-1.0,0.055384751,0,1
164.25,128.25,1,,,,,,-1.0,0.05647731,0,1
164.25,128.5,1,,,,,,-1.0,0.057578281,0,1
164.25,128.75,1,,,,,,-1.0,0.058687494,0,1
164.25,129.0,1,,,,,,-1.0,0.059804775,0,1
164.25,129.25,1,,,,,,-1.0,0.060929908,0,1
164.25,129.5,1,,,,,,-1.0,0.062062701,0,1
164.25,129.75,1,,,,,,-1.0,0.063202899,0,1
164.25,130.0,1,,,,,,-1.0,0.064350297,0,1
164.25,130.25,1,,,,,,-1.0,0.065504651,0,1
164.25,130.5,1,,,,,,-1.0,0.066665714,0,1
164.25,130.75,1,,,,,,-1.0,0.067833235,0,1
164.25,131.0,1,,,,,,-1.0,0.069006938,0,1
164.25,131.25,1,,,,,,-1.0,0.070186566,0,1
164.25,131.5,1,,,,,,-1.0,0.071371869,0,1
164.25,131.75,1,,,,,,-1.0,0.07256256,0,1
164.25,132.0,1,,,,,,-1.0,0.073758362,0,1
164.25,132.25,1,,,,,,-1.0,0.074959037,0,1
164.25,132.5,1,,,,,,-1.0,0.076164255,0,1
164.25,132.75,1,,,,,,-1.0,0.077373808,0,1
164.25,133.0,1,,,,,,-1.0,0.078587383,0,1
164.25,133.25,1,,,,,,-1.0,0.079804741,0,1
164.25,133.5,1,,,,,,-1.0,0.081025618,0,1
164.25,133.75,1,,,,,,-1.0,0.082249731,0,1
164.25,134.0,1,,,,,,-1.0,0.083476869,0,1
164.25,134.25,1,,,,,,-1.0,0.084706749,0,1
164.25,134.5,1,,,,,,-1.0,0.085939132,0,1
164.25,134.75,1,,,,,,-1.0,0.087173803,0,1
164.25,135.0,1,,,,,,-1.0,0.088410525,0,1
164.25,135.25,1,,,,,,-1.0,0.08964907,0,1
164.25,135.5,1,,,,,,-1.0,0.090889211,0,1
164.25,135.75,1,,,,,,-1.0,0.092130743,0,1
164.25,136.0,1,,,,,,-1.0,0.093373462,0,1
164.25,136.25,1,,,,,,-1.0,0.094617163,0,1
164.25,136.5,1,,,,,,-1.0,0.095861667,0,1
164.25,136.75,1,,,,,,-1.0,0.097106803,0,1
164.25,137.0,1,,,,,,-1.0,0.098352411,0,1
164.25,137.25,1,,,,,,-1.0,0.099598235,0,1
164.25,137.5,1,,,,,,-1.0,0.10084422,0,1
164.25,137.75,1,,,,,,-1.0,0.10209013,0,1
164.25,138.0,1,,,,,,-1.0,0.10333589,0,1
164.5,112.0,1,,,,,,-1.0,0.0015805068,0,1
164.5,112.25,1,,,,,,-1.0,0.0021931573,0,1
164.5,112.5,1,,,,,,-1.0,0.0028103519,0,1
164.5,112.75,1,,,,,,-1.0,0.0034321629,0,1
164.5,113.0,1,,,,,,-1.0,0.0040586641,0,1
164.5,113.25,1,,,,,,-1.0,0.0046899313,0,1
164.5,113.5,1,,,,,,-1.0,0.0053260423,0,1
164.5,113.75,1,,,,,,-1.0,0.0059670763,0,1
164.5,114.0,1,,,,,,-1.0,0.0066131149,0,1
164.5,114.25,1,,,,,,-1.0,0.0072642414,0,1
164.5,114.5,1,,,,,,-1.0,0.0079205371,0,1
164.5,114.75,1,,,,,,-1.0,0.0085820779,0,1
164.5,115.0,1,,,,,,-1.0,0.0092489674,0,1
164.5,115.25,1,,,,,,-1.0,0.0099212972,0,1
164.5,115.5,1,,,,,,-1.0,0.010599161,0,1
164.5,115.75,1,,,,,,-1.0,0.011282635,0,1
164.5,116.0,1,,,,,,-1.0,0.011971827,0,1
164.5,116.25,1,,,,,,-1.0,0.012666847,0,1
164.5,116.5,1,,,,,,-1.0,0.013367772,0,1
164.5,116.75,1,,,,,,-1.0,0.014074718,0,1
164.5,117.0,1,,,,,,-1.0,0.014787793,0,1
164.5,117.25,1,,,,,,-1.0,0.015507088,0,1
164.5,117.5,1,,,,,,-1.0,0.016232725,0,1
164.5,117.75,1,,,,,,-1.0,0.016964809,0,1
164.5,118.0,1,,,,,,-1.0,0.017703442,0,1
164.5,118.25,1,,,,,,-1.0,0.018448755,0,1
164.5,118.5,1,,,,,,-1.0,0.019200856,0,1
164.5,118.75,1,,,,,,-1.0,0.01995985,0,1
164.5,119.0,1,,,,,,-1.0,0.020725863,0,1
164.5,119.25,1,,,,,,-1.0,0.021499016,0,1
164.5,119.5,1,,,,,,-1.0,0.022279429,0,1
164.5,119.75,1,,,,,,-1.0,0.023067218,0,1
164.5,120.0,1,,,,,,-1.0,0.023862501,0,1
164.5,120.25,1,,,,,,-1.0,0.024665414,0,1
164.5,120.5,1,,,,,,-1.0,0.025476073,0,1
164.5,120.75,1,,,,,,-1.0,0.026294594,0,1
164.5,121.0,1,,,,,,-1.0,0.027121104,0,1
164.5,121.25,1,,,,,,-1.0,0.027955731,0,1
164.5,121.5,1,,,,,,-1.0,0.028798587,0,1
164.5,121.75,1,,,,,,-1.0,0.029649788,0,1
164.5,122.0,1,,,,,,-1.0,0.030509451,0,1
164.5,122.25,1,,,,,,-1.0,0.031377698,0,1
164.5,122.5,1,,,,,,-1.0,0.032254649,0,1
164.5,122.75,1,,,,,,-1.0,0.033140381,0,1
164.5,123.0,1,,,,,,-1.0,0.034035027,0,1
164.5,123.25,1,,,,,,-1.0,0.034938678,0,1
164.5,123.5,1,,,,,,-1.0,0.035851424,0,1
164.5,123.75,1,,,,,,-1.0,0.036773358,0,1
164.5,124.0,1,,,,,,-1.0,0.037704567,0,1
164.5,124.25,1,,,,,,-1.0,0.038645104,0,1
164.5,124.5,1,,,,,,-1.0,0.039595053,0,1
164.5,124.75,1,,,,,,-1.0,0.040554468,0,1
164.5,125.0,1,,,,,,-1.0,0.041523396,0,1
164.5,125.25,1,,,,,,-1.0,0.042501876,0,1
164.5,125.5,1,,,,,,-1.0,0.043489917,0,1
164.5,125.75,1,,,,,,-1.0,0.044487549,0,1
164.5,126.0,1,,,,,,-1.0,0.04549477,0,1
164.5,126.25,1,,,,,,-1.0,0.046511567,0,1
164.5,126.5,1,,,,,,-1.0,0.047537918,0,1
164.5,126.75,1,,,,,,-1.0,0.048573762,0,1
164.5,127.0,1,,,,,,-1.0,0.049619064,0,1
164.5,127.25,1,,,,,,-1.0,0.050673748,0,1
164.5,127.5,1,,,,,,-1.0,0.05173773,0,1
164.5,127.75,1,,,,,,-1.0,0.052810905,0,1
164.5,128.0,1,,,,,,-1.0,0.053893151,0,1
164.5,128.25,1,,,,,,-1.0,0.05498434,0,1
164.5,128.5,1,,,,,,-1.0,0.056084329,0,1
164.5,128.75,1,,,,,,-1.0,0.057192952,0,1
164.5,129.0,1,,,,,,-1.0,0.058310039,0,1
164.5,129.25,1,,,,,,-1.0,0.059435378,0,1
164.5,129.5,1,,,,,,-1.0,0.060568798,0,1
164.5,129.75,1,,,,,,-1.0,0.061710046,0,1
164.5,130.0,1,,,,,,-1.0,0.062858924,0,1
164.5,130.25,1,,,,,,-1.0,0.064015188,0,1
164.5,130.5,1,,,,,,-1.0,0.065178589,0,1
164.5,130.75,1,,,,,,-1.0,0.066348875,0,1
164.5,131.0,1,,,,,,-1.0,0.067525791,0,1
164.5,131.25,1,,,,,,-1.0,0.068709041,0,1
164.5,131.5,1,,,,,,-1.0,0.069898379,0,1
164.5,131.75,1,,,,,,-1.0,0.071093535,0,1
164.5,132.0,1,,,,,,-1.0,0.072294192,0,1
164.5,132.25,1,,,,,,-1.0,0.073500122,0,1
164.5,132.5,1,,,,,,-1.0,0.074710983,0,1
164.5,132.75,1,,,,,,-1.0,0.075926556,0,1
164.5,133.0,1,,,,,,-1.0,0.077146505,0,1
164.5,133.25,1,,,,,,-1.0,0.078370599,0,1
164.5,133.5,1,,,,,,-1.0,0.079598528,0,1
164.5,133.75,1,,,,,,-1.0,0.080830048,0,1
164.5,134.0,1,,,,,,-1.0,0.082064868,0,1
164.5,134.25,1,,,,,,-1.0,0.083302754,0,1
164.5,134.5,1,,,,,,-1.0,0.084543407,0,1
164.5,134.75,1,,,,,,-1.0,0.085786632,0,1
164.5,135.0,1,,,,,,-1.0,0.087032129,0,1
164.5,135.25,1,,,,,,-1.0,0.088279684,0,1
164.5,135.5,1,,,,,,-1.0,0.089529078,0,1
164.5,135.75,1,,,,,,-1.0,0.090780078,0,1
164.5,136.0,1,,,,,,-1.0,0.092032461,0,1
164.5,136.25,1,,,,,,-1.0,0.093286012,0,1
164.5,136.5,1,,,,,,-1.0,0.094540525,0,1
164.5,136.75,1,,,,,,-1.0,0.095795806,0,1
164.5,137.0,1,,,,,,-1.0,0.097051671,0,1
164.5,137.25,1,,,,,,-1.0,0.09830795,0,1
164.5,137.5,1,,,,,,-1.0,0.099564486,0,1
164.5,137.75,1,,,,,,-1.0,0.10082104,0,1
164.5,138.0,1,,,,,,-1.0,0.10207753,0,1
164.75,112.0,1,,,,,,-1.0,0.00036633215,0,1
164.75,112.25,1,,,,,,-1.0,0.00097566316,0,1
164.75,112.5,1,,,,,,-1.0,0.0015894831,0,1
164.75,112.75,1,,,,,,-1.0,0.0022078631,0,1
164.75,113.0,1,,,,,,-1.0,0.0028308761,0,1
164.75,113.25,1,,,,,,-1.0,0.0034585967,0,1
164.75,113.5,1,,,,,,-1.0,0.0040911014,0,1
164.75,113.75,1,,,,,,-1.0,0.0047284655,0,1
164.75,114.0,1,,,,,,-1.0,0.0053707661,0,1
164.75,114.25,1,,,,,,-1.0,0.0060180901,0,1
164.75,114.5,1,,,,,,-1.0,0.0066705216,0,1
164.75,114.75,1,,,,,,-1.0,0.0073281466,0,1
164.75,115.0,1,,,,,,-1.0,0.0079910534,0,1
164.75,115.25,1,,,,,,-1.0,0.0086593322,0,1
164.75,115.5,1,,,,,,-1.0,0.0093330758,0,1
164.75,115.75,1,,,,,,-1.0,0.010012363,0,1
164.75,116.0,1,,,,,,-1.0,0.010697298,0,1
164.75,116.25,1,,,,,,-1.0,0.011387987,0,1
164.75,116.5,1,,,,,,-1.0,0.012084532,0,1
164.75,116.75,1,,,,,,-1.0,0.012787006,0,1
164.75,117.0,1,,,,,,-1.0,0.013495543,0,1
164.75,117.25,1,,,,,,-1.0,0.014210243,0,1
164.75,117.5,1,,,,,,-1.0,0.014931196,0,1
164.75,117.75,1,,,,,,-1.0,0.01565854,0,1
164.75,118.0,1,,,,,,-1.0,0.016392355,0,1
164.75,118.25,1,,,,,,-1.0,0.017132781,0,1
164.75,118.5,1,,,,,,-1.0,0.017879926,0,1
164.75,118.75,1,,,,,,-1.0,0.018633892,0,1
164.75,119.0,1,,,,,,-1.0,0.019394816,0,1
164.75,119.25,1,,,,,,-1.0,0.020162815,0,1
164.75,119.5,1,,,,,,-1.0,0.020938007,0,1
164.75,119.75,1,,,,,,-1.0,0.021720514,0,1
164.75,120.0,1,,,,,,-1.0,0.022510461,0,1
164.75,120.25,1,,,,,,-1.0,0.023307975,0,1
164.75,120.5,1,,,,,,-1.0,0.024113186,0,1
164.75,120.75,1,,,,,,-1.0,0.024926206,0,1
164.75,121.0,1,,,,,,-1.0,0.025747172,0,1
164.75,121.25,1,,,,,,-1.0,0.026576207,0,1
164.75,121.5,1,,,,,,-1.0,0.027413447,0,1
164.75,121.75,1,,,,,,-1.0,0.028258995,0,1
164.75,122.0,1,,,,,,-1.0,0.029112988,0,1
164.75,122.25,1,,,,,,-1.0,0.029975551,0,1
164.75,122.5,1,,,,,,-1.0,0.030846795,0,1
164.75,122.75,1,,,,,,-1.0,0.031726837,0,1
164.75,123.0,1,,,,,,-1.0,0.032615808,0,1
164.75,123.25,1,,,,,,-1.0,0.033513789,0,1
164.75,123.5,1,,,,,,-1.0,0.034420906,0,1
164.75,123.75,1,,,,,,-1.0,0.035337255,0,1
164.75,124.0,1,,,,,,-1.0,0.036262931,0,1
164.75,124.25,1,,,,,,-1.0,0.037198023,0,1
164.75,124.5,1,,,,,,-1.0,0.038142597,0,1
164.75,124.75,1,,,,,,-1.0,0.039096742,0,1
164.75,125.0,1,,,,,,-1.0,0.040060517,0,1
164.75,125.25,1,,,,,,-1.0,0.041033971,0,1
164.75,125.5,1,,,,,,-1.0,0.042017154,0,1
164.75,125.75,1,,,,,,-1.0,0.043010088,0,1
164.75,126.0,1,,,,,,-1.0,0.044012807,0,1
164.75,126.25,1,,,,,,-1.0,0.045025302,0,1
164.75,126.5,1,,,,,,-1.0,0.046047564,0,1
164.75,126.75,1,,,,,,-1.0,0.04707958,0,1
164.75,127.0,1,,,,,,-1.0,0.048121324,0,1
164.75,127.25,1,,,,,,-1.0,0.049172729,0,1
164.75,127.5,1,,,,,,-1.0,0.050233729,0,1
164.75,127.75,1,,,,,,-1.0,0.051304243,0,1
164.75,128.0,1,,,,,,-1.0,0.052384167,0,1
164.75,128.25,1,,,,,,-1.0,0.053473403,0,1
164.75,128.5,1,,,,,,-1.0,0.054571804,0,1
164.75,128.75,1,,,,,,-1.0,0.055679221,0,1
164.75,129.0,1,,,,,,-1.0,0.056795497,0,1
164.75,129.25,1,,,,,,-1.0,0.05792044,0,1
164.75,129.5,1,,,,,,-1.0,0.059053884,0,1
164.75,129.75,1,,,,,,-1.0,0.060195594,0,1
164.75,130.0,1,,,,,,-1.0,0.061345371,0,1
164.75,130.25,1,,,,,,-1.0,0.062502975,0,1
164.75,130.5,1,,,,,,-1.0,0.063668159,0,1
164.75,130.75,1,,,,,,-1.0,0.06484067,0,1
164.75,131.0,1,,,,,,-1.0,0.066020252,0,1
164.75,131.25,1,,,,,,-1.0,0.067206642,0,1
164.75,131.5,1,,,,,,-1.0,0.068399542,0,1
164.75,131.75,1,,,,,,-1.0,0.069598687,0,1
164.75,132.0,1,,,,,,-1.0,0.070803789,0,1
164.75,132.25,1,,,,,,-1.0,0.072014557,0,1
164.75,132.5,1,,,,,,-1.0,0.073230695,0,1
164.75,132.75,1,,,,,,-1.0,0.074451939,0,1
164.75,133.0,1,,,,,,-1.0,0.075677943,0,1
164.75,133.25,1,,,,,,-1.0,0.076908468,0,1
164.75,133.5,1,,,,,,-1.0,0.078143216,0,1
164.75,133.75,1,,,,,,-1.0,0.079381871,0,1
164.75,134.0,1,,,,,,-1.0,0.080624198,0,1
164.75,134.25,1,,,,,,-1.0,0.081869881,0,1
164.75,134.5,1,,,,,,-1.0,0.083118669,0,1
164.75,134.75,1,,,,,,-1.0,0.084370296,0,1
164.75,135.0,1,,,,,,-1.0,0.085624489,0,1
164.75,135.25,1,,,,,,-1.0,0.086881004,0,1
164.75,135.5,1,,,,,,-1.0,0.088139608,0,1
164.75,135.75,1,,,,,,-1.0,0.089400012,0,1
164.75,136.0,1,,,,,,-1.0,0.090662034,0,1
164.75,136.25,1,,,,,,-1.0,0.09192544,0,1
164.75,136.5,1,,,,,,-1.0,0.093190006,0,1
164.75,136.75,1,,,,,,-1.0,0.094455514,0,1
164.75,137.0,1,,,,,,-1.0,0.095721759,0,1
164.75,137.25,1,,,,,,-1.0,0.096988546,0,1
164.75,137.5,1,,,,,,-1.0,0.098255694,0,1
164.75,137.75,1,,,,,,-1.0,0.099523033,0,1
164.75,138.0,1,,,,,,-1.0,0.10079041,0,1
165.0,112.0,2,29125.309,30805.577,45472.707,-16347.398,508.7149,35691921000000.0,-0.00085435651,0,1
165.0,112.25,2,78042.569,105979.18,94850.088,-16807.519,518.3149,393438340000000.0,-0.00024834071,0,1
165.0,112.5,1,,,,,,-1.0,0.00036210847,0,1
165.0,112.75,1,,,,,,-1.0,0.00097706104,0,1
165.0,113.0,1,,,,,,-1.0,0.0015965887,0,1
165.0,113.25,1,,,,,,-1.0,0.0022207648,0,1
165.0,113.5,1,,,,,,-1.0,0.0028496646,0,1
165.0,113.75,1,,,,,,-1.0,0.0034833651,0,1
165.0,114.0,1,,,,,,-1.0,0.0041219451,0,1
165.0,114.25,1,,,,,,-1.0,0.0047654855,0,1
165.0,114.5,1,,,,,,-1.0,0.0054140691,0,1
165.0,114.75,1,,,,,,-1.0,0.0060677807,0,1
165.0,115.0,1,,,,,,-1.0,0.006726707,0,1
165.0,115.25,1,,,,,,-1.0,0.0073909372,0,1
165.0,115.5,1,,,,,,-1.0,0.0080605514,0,1
165.0,115.75,1,,,,,,-1.0,0.0087356495,0,1
165.0,116.0,1,,,,,,-1.0,0.0094163298,0,1
165.0,116.25,1,,,,,,-1.0,0.01010269,0,1
165.0,116.5,1,,,,,,-1.0,0.010794831,0,1
165.0,116.75,1,,,,,,-1.0,0.011492845,0,1
165.0,117.0,1,,,,,,-1.0,0.01219683,0,1
165.0,117.25,1,,,,,,-1.0,0.012906909,0,1
165.0,117.5,1,,,,,,-1.0,0.013623184,0,1
165.0,117.75,1,,,,,,-1.0,0.014345747,0,1
165.0,118.0,1,,,,,,-1.0,0.015074741,0,1
165.0,118.25,1,,,,,,-1.0,0.015810244,0,1
165.0,118.5,1,,,,,,-1.0,0.01655241,0,1
165.0,118.75,1,,,,,,-1.0,0.017301314,0,1
165.0,119.0,1,,,,,,-1.0,0.01805711,0,1
165.0,119.25,1,,,,,,-1.0,0.018819915,0,1
165.0,119.5,1,,,,,,-1.0,0.019589829,0,1
165.0,119.75,1,,,,,,-1.0,0.020366995,0,1
165.0,120.0,1,,,,,,-1.0,0.021151537,0,1
165.0,120.25,1,,,,,,-1.0,0.021943582,0,1
165.0,120.5,1,,,,,,-1.0,0.022743259,0,1
165.0,120.75,1,,,,,,-1.0,0.023550697,0,1
165.0,121.0,1,,,,,,-1.0,0.024366011,0,1
165.0,121.25,1,,,,,,-1.0,0.025189353,0,1
165.0,121.5,1,,,,,,-1.0,0.026020842,0,1
165.0,121.75,1,,,,,,-1.0,0.026860617,0,1
165.0,122.0,1,,,,,,-1.0,0.027708788,0,1
165.0,122.25,1,,,,,,-1.0,0.0285655,0,1
165.0,122.5,1,,,,,,-1.0,0.029430877,0,1
165.0,122.75,1,,,,,,-1.0,0.030305044,0,1
165.0,123.0,1,,,,,,-1.0,0.031188128,0,1
165.0,123.25,1,,,,,,-1.0,0.032080224,0,1
165.0,123.5,1,,,,,,-1.0,0.032981483,0,1
165.0,123.75,1,,,,,,-1.0,0.033891987,0,1
165.0,124.0,1,,,,,,-1.0,0.034811856,0,1
165.0,124.25,1,,,,,,-1.0,0.035741193,0,1
165.0,124.5,1,,,,,,-1.0,0.036680086,0,1
165.0,124.75,1,,,,,,-1.0,0.037628619,0,1
165.0,125.0,1,,,,,,-1.0,0.038586882,0,1
165.0,125.25,1,,,,,,-1.0,0.03955494,0,1
165.0,125.5,1,,,,,,-1.0,0.040532847,0,1
165.0,125.75,1,,,,,,-1.0,0.041520655,0,1
165.0,126.0,1,,,,,,-1.0,0.042518416,0,1
165.0,126.25,1,,,,,,-1.0,0.043526128,0,1
165.0,126.5,1,,,,,,-1.0,0.044543826,0,1
165.0,126.75,1,,,,,,-1.0,0.045571504,0,1
165.0,127.0,1,,,,,,-1.0,0.046609152,0,1
165.0,127.25,1,,,,,,-1.0,0.047656711,0,1
165.0,127.5,1,,,,,,-1.0,0.048714166,0,1
165.0,127.75,1,,,,,,-1.0,0.04978144,0,1
165.0,128.0,1,,,,,,-1.0,0.050858451,0,1
165.0,128.25,1,,,,,,-1.0,0.051945115,0,1
165.0,128.5,1,,,,,,-1.0,0.053041297,0,1
165.0,128.75,1,,,,,,-1.0,0.054146886,0,1
165.0,129.0,1,,,,,,-1.0,0.055261725,0,1
165.0,129.25,1,,,,,,-1.0,0.056385648,0,1
165.0,129.5,1,,,,,,-1.0,0.057518485,0,1
165.0,129.75,1,,,,,,-1.0,0.058660031,0,1
165.0,130.0,1,,,,,,-1.0,0.059810086,0,1
165.0,130.25,1,,,,,,-1.0,0.060968406,0,1
165.0,130.5,1,,,,,,-1.0,0.062134773,0,1
165.0,130.75,1,,,,,,-1.0,0.063308935,0,1
165.0,131.0,1,,,,,,-1.0,0.064490636,0,1
165.0,131.25,1,,,,,,-1.0,0.065679581,0,1
165.0,131.5,1,,,,,,-1.0,0.06687552,0,1
165.0,131.75,1,,,,,,-1.0,0.068078167,0,1
165.0,132.0,1,,,,,,-1.0,0.069287213,0,1
165.0,132.25,1,,,,,,-1.0,0.070502378,0,1
165.0,132.5,1,,,,,,-1.0,0.07172337,0,1
165.0,132.75,1,,,,,,-1.0,0.072949853,0,1
165.0,133.0,1,,,,,,-1.0,0.074181561,0,1
165.0,133.25,1,,,,,,-1.0,0.075418191,0,1
165.0,133.5,1,,,,,,-1.0,0.076659416,0,1
165.0,133.75,1,,,,,,-1.0,0.077904949,0,1
165.0,134.0,1,,,,,,-1.0,0.079154507,0,1
165.0,134.25,1,,,,,,-1.0,0.080407804,0,1
165.0,134.5,1,,,,,,-1.0,0.081664506,0,1
165.0,134.75,1,,,,,,-1.0,0.082924375,0,1
165.0,135.0,1,,,,,,-1.0,0.084187146,0,1
165.0,135.25,1,,,,,,-1.0,0.085452484,0,1
165.0,135.5,1,,,,,,-1.0,0.086720204,0,1
165.0,135.75,1,,,,,,-1.0,0.087989983,0,1
165.0,136.0,1,,,,,,-1.0,0.089261644,0,1
165.0,136.25,1,,,,,,-1.0,0.090534858,0,1
165.0,136.5,1,,,,,,-1.0,0.09180946,0,1
165.0,136.75,1,,,,,,-1.0,0.093085218,0,1
165.0,137.0,1,,,,,,-1.0,0.094361904,0,1
165.0,137.25,1,,,,,,-1.0,0.095639287,0,1
165.0,137.5,1,,,,,,-1.0,0.096917192,0,1
165.0,137.75,1,,,,,,-1.0,0.098195421,0,1
165.0,138.0,1,,,,,,-1.0,0.099473768,0,1
165.25,112.0,2,12478.021,12643.854,21912.661,-9434.6402,498.52096,2791107200000.0,-0.0020815604,0,1
165.25,112.25,2,17388.3,17796.923,29412.42,-12024.12,503.12096,8814855000000.0,-0.0014788481,0,1
165.25,112.5,2,28605.271,30190.667,44816.164,-16210.893,509.32096,41530926000000.0,-0.00087175765,0,1
165.25,112.75,2,75909.208,101141.01,93362.32,-17453.112,518.92096,457802730000000.0,-0.0002602203,0,1
165.25,113.0,1,,,,,,-1.0,0.00035583447,0,1
165.25,113.25,1,,,,,,-1.0,0.00097647887,0,1
165.25,113.5,1,,,,,,-1.0,0.0016017868,0,1
165.25,113.75,1,,,,,,-1.0,0.0022318341,0,1
165.25,114.0,1,,,,,,-1.0,0.0028666982,0,1
165.25,114.25,1,,,,,,-1.0,0.0035064585,0,1
165.25,114.5,1,,,,,,-1.0,0.0041511966,0,1
165.25,114.75,1,,,,,,-1.0,0.0048009958,0,1
165.25,115.0,1,,,,,,-1.0,0.0054559415,0,1
165.25,115.25,1,,,,,,-1.0,0.0061161212,0,1
165.25,115.5,1,,,,,,-1.0,0.0067816245,0,1
165.25,115.75,1,,,,,,-1.0,0.0074525435,0,1
165.25,116.0,1,,,,,,-1.0,0.0081289722,0,1
165.25,116.25,1,,,,,,-1.0,0.0088110072,0,1
165.25,116.5,1,,,,,,-1.0,0.0094987475,0,1
165.25,116.75,1,,,,,,-1.0,0.010192288,0,1
165.25,117.0,1,,,,,,-1.0,0.010891724,0,1
165.25,117.25,1,,,,,,-1.0,0.011597174,0,1
165.25,117.5,1,,,,,,-1.0,0.012308748,0,1
165.25,117.75,1,,,,,,-1.0,0.013026546,0,1
165.25,118.0,1,,,,,,-1.0,0.01375067,0,1
165.25,118.25,1,,,,,,-1.0,0.014481258,0,1
165.25,118.5,1,,,,,,-1.0,0.015218401,0,1
165.25,118.75,1,,,,,,-1.0,0.015962235,0,1
165.25,119.0,1,,,,,,-1.0,0.016712866,0,1
165.25,119.25,1,,,,,,-1.0,0.017470435,0,1
165.25,119.5,1,,,,,,-1.0,0.018235034,0,1
165.25,119.75,1,,,,,,-1.0,0.019006816,0,1
165.25,120.0,1,,,,,,-1.0,0.019785904,0,1
165.25,120.25,1,,,,,,-1.0,0.020572422,0,1
165.25,120.5,1,,,,,,-1.0,0.021366499,0,1
165.25,120.75,1,,,,,,-1.0,0.022168265,0,1
165.25,121.0,1,,,,,,-1.0,0.022977854,0,1
165.25,121.25,1,,,,,,-1.0,0.023795403,0,1
165.25,121.5,1,,,,,,-1.0,0.024621052,0,1
165.25,121.75,1,,,,,,-1.0,0.025454921,0,1
165.25,122.0,1,,,,,,-1.0,0.026297156,0,1
165.25,122.25,1,,,,,,-1.0,0.027147879,0,1
165.25,122.5,1,,,,,,-1.0,0.028007237,0,1
165.25,122.75,1,,,,,,-1.0,0.028875354,0,1
165.25,123.0,1,,,,,,-1.0,0.029752359,0,1
165.25,123.25,1,,,,,,-1.0,0.030638382,0,1
165.25,123.5,1,,,,,,-1.0,0.031533555,0,1
165.25,123.75,1,,,,,,-1.0,0.032437981,0,1
165.25,124.0,1,,,,,,-1.0,0.033351802,0,1
165.25,124.25,1,,,,,,-1.0,0.034275113,0,1
165.25,124.5,1,,,,,,-1.0,0.035208025,0,1
165.25,124.75,1,,,,,,-1.0,0.036150635,0,1
165.25,125.0,1,,,,,,-1.0,0.037103042,0,1
165.25,125.25,1,,,,,,-1.0,0.03806534,0,1
165.25,125.5,1,,,,,,-1.0,0.039037598,0,1
165.25,125.75,1,,,,,,-1.0,0.040019878,0,1
165.25,126.0,1,,,,,,-1.0,0.041012238,0,1
165.25,126.25,1,,,,,,-1.0,0.042014725,0,1
165.25,126.5,1,,,,,,-1.0,0.043027381,0,1
165.25,126.75,1,,,,,,-1.0,0.044050218,0,1
165.25,127.0,1,,,,,,-1.0,0.045083232,0,1
165.25,127.25,1,,,,,,-1.0,0.046126417,0,1
165.25,127.5,1,,,,,,-1.0,0.047179763,0,1
165.25,127.75,1,,,,,,-1.0,0.048243205,0,1
165.25,128.0,1,,,,,,-1.0,0.049316701,0,1
165.25,128.25,1,,,,,,-1.0,0.050400171,0,1
165.25,128.5,1,,,,,,-1.0,0.051493523,0,1
165.25,128.75,1,,,,,,-1.0,0.052596632,0,1
165.25,129.0,1,,,,,,-1.0,0.053709382,0,1
165.25,129.25,1,,,,,,-1.0,0.054831626,0,1
165.25,129.5,1,,,,,,-1.0,0.055963199,0,1
165.25,129.75,1,,,,,,-1.0,0.057103926,0,1
165.25,130.0,1,,,,,,-1.0,0.058253582,0,1
165.25,130.25,1,,,,,,-1.0,0.059411985,0,1
165.25,130.5,1,,,,,,-1.0,0.060578899,0,1
165.25,130.75,1,,,,,,-1.0,0.061754073,0,1
165.25,131.0,1,,,,,,-1.0,0.062937254,0,1
165.25,131.25,1,,,,,,-1.0,0.064128181,0,1
165.25,131.5,1,,,,,,-1.0,0.065326588,0,1
165.25,131.75,1,,,,,,-1.0,0.066532158,0,1
165.25,132.0,1,,,,,,-1.0,0.067744635,0,1
165.25,132.25,1,,,,,,-1.0,0.068963678,0,1
165.25,132.5,1,,,,,,-1.0,0.070189018,0,1
165.25,132.75,1,,,,,,-1.0,0.07142034,0,1
165.25,133.0,1,,,,,,-1.0,0.072657302,0,1
165.25,133.25,1,,,,,,-1.0,0.073899617,0,1
165.25,133.5,1,,,,,,-1.0,0.075146973,0,1
165.25,133.75,1,,,,,,-1.0,0.076399056,0,1
165.25,134.0,1,,,,,,-1.0,0.077655558,0,1
165.25,134.25,1,,,,,,-1.0,0.078916169,0,1
165.25,134.5,1,,,,,,-1.0,0.080180564,0,1
165.25,134.75,1,,,,,,-1.0,0.081448471,0,1
165.25,135.0,1,,,,,,-1.0,0.082719598,0,1
165.25,135.25,1,,,,,,-1.0,0.083993666,0,1
165.25,135.5,1,,,,,,-1.0,0.08527036,0,1
165.25,135.75,1,,,,,,-1.0,0.08654943,0,1
165.25,136.0,1,,,,,,-1.0,0.087830639,0,1
165.25,136.25,1,,,,,,-1.0,0.089113651,0,1
165.25,136.5,1,,,,,,-1.0,0.090398313,0,1
165.25,136.75,1,,,,,,-1.0,0.091684292,0,1
165.25,137.0,1,,,,,,-1.0,0.09297142,0,1
165.25,137.25,1,,,,,,-1.0,0.094259468,0,1
165.25,137.5,1,,,,,,-1.0,0.095548189,0,1
165.25,137.75,1,,,,,,-1.0,0.096837379,0,1
165.25,138.0,1,,,,,,-1.0,0.098126859,0,1
165.5,112.0,2,7891.3135,7938.6744,14389.192,-6497.8786,491.727,510660690000.0,-0.0033152821,0,1
165.5,112.25,2,9609.9545,9690.829,17272.9,-7662.9451,495.127,1194765700000.0,-0.0027158611,0,1
165.5,112.5,2,12302.794,12460.932,21639.989,-9337.1947,498.927,3089317100000.0,-0.002112117,0,1
165.5,112.75,2,17112.488,17499.507,29018.875,-11906.386,503.727,10256894000000.0,-0.0015039821,0,1
165.5,113.0,2,28044.517,29525.83,44126.88,-16082.363,509.727,45968210000000.0,-0.00089138714,0,1
165.5,113.25,2,73558.871,95963.078,91603.301,-18044.429,519.327,506715690000000.0,-0.00027426116,0,1
165.5,113.5,1,,,,,,-1.0,0.00034746855,0,1
165.5,113.75,1,,,,,,-1.0,0.00097387644,0,1
165.5,114.0,1,,,,,,-1.0,0.0016050346,0,1
165.5,114.25,1,,,,,,-1.0,0.0022410245,0,1
165.5,114.5,1,,,,,,-1.0,0.002881928,0,1
165.5,114.75,1,,,,,,-1.0,0.0035278272,0,1
165.5,115.0,1,,,,,,-1.0,0.0041788062,0,1
165.5,115.25,1,,,,,,-1.0,0.0048349512,0,1
165.5,115.5,1,,,,,,-1.0,0.0054963504,0,1
165.5,115.75,1,,,,,,-1.0,0.0061630944,0,1
165.5,116.0,1,,,,,,-1.0,0.0068352758,0,1
165.5,116.25,1,,,,,,-1.0,0.0075129897,0,1
165.5,116.5,1,,,,,,-1.0,0.0081963255,0,1
165.5,116.75,1,,,,,,-1.0,0.0088853876,0,1
165.5,117.0,1,,,,,,-1.0,0.0095802793,0,1
165.5,117.25,1,,,,,,-1.0,0.010281105,0,1
165.5,117.5,1,,,,,,-1.0,0.010987973,0,1
165.5,117.75,1,,,,,,-1.0,0.011700993,0,1
165.5,118.0,1,,,,,,-1.0,0.012420261,0,1
165.5,118.25,1,,,,,,-1.0,0.013145896,0,1
165.5,118.5,1,,,,,,-1.0,0.013878027,0,1
165.5,118.75,1,,,,,,-1.0,0.014616756,0,1
165.5,119.0,1,,,,,,-1.0,0.015362205,0,1
165.5,119.25,1,,,,,,-1.0,0.016114507,0,1
165.5,119.5,1,,,,,,-1.0,0.016873768,0,1
165.5,119.75,1,,,,,,-1.0,0.017640129,0,1
165.5,120.0,1,,,,,,-1.0,0.018413722,0,1
165.5,120.25,1,,,,,,-1.0,0.019194651,0,1
165.5,120.5,1,,,,,,-1.0,0.019983071,0,1
165.5,120.75,1,,,,,,-1.0,0.020779113,0,1
165.5,121.0,1,,,,,,-1.0,0.021582907,0,1
165.5,121.25,1,,,,,,-1.0,0.022394591,0,1
165.5,121.5,1,,,,,,-1.0,0.023214303,0,1
165.5,121.75,1,,,,,,-1.0,0.024042185,0,1
165.5,122.0,1,,,,,,-1.0,0.024878358,0,1
165.5,122.25,1,,,,,,-1.0,0.02572298,0,1
165.5,122.5,1,,,,,,-1.0,0.026576179,0,1
165.5,122.75,1,,,,,,-1.0,0.027438104,0,1
165.5,123.0,1,,,,,,-1.0,0.028308881,0,1
165.5,123.25,1,,,,,,-1.0,0.029188646,0,1
165.5,123.5,1,,,,,,-1.0,0.030077535,0,1
165.5,123.75,1,,,,,,-1.0,0.030975673,0,1
165.5,124.0,1,,,,,,-1.0,0.031883204,0,1
165.5,124.25,1,,,,,,-1.0,0.032800235,0,1
165.5,124.5,1,,,,,,-1.0,0.0337269,0,1
165.5,124.75,1,,,,,,-1.0,0.034663303,0,1
165.5,125.0,1,,,,,,-1.0,0.035609547,0,1
165.5,125.25,1,,,,,,-1.0,0.036565742,0,1
165.5,125.5,1,,,,,,-1.0,0.037531989,0,1
165.5,125.75,1,,,,,,-1.0,0.038508348,0,1
165.5,126.0,1,,,,,,-1.0,0.039494912,0,1
165.5,126.25,1,,,,,,-1.0,0.040491745,0,1
165.5,126.5,1,,,,,,-1.0,0.041498893,0,1
165.5,126.75,1,,,,,,-1.0,0.042516393,0,1
165.5,127.0,1,,,,,,-1.0,0.043544278,0,1
165.5,127.25,1,,,,,,-1.0,0.044582559,0,1
165.5,127.5,1,,,,,,-1.0,0.045631233,0,1
165.5,127.75,1,,,,,,-1.0,0.046690279,0,1
165.5,128.0,1,,,,,,-1.0,0.04775966,0,1
165.5,128.25,1,,,,,,-1.0,0.048839318,0,1
165.5,128.5,1,,,,,,-1.0,0.049929194,0,1
165.5,128.75,1,,,,,,-1.0,0.051029179,0,1
165.5,129.0,1,,,,,,-1.0,0.052139186,0,1
165.5,129.25,1,,,,,,-1.0,0.053259069,0,1
165.5,129.5,1,,,,,,-1.0,0.054388697,0,1
165.5,129.75,1,,,,,,-1.0,0.055527904,0,1
165.5,130.0,1,,,,,,-1.0,0.0566765,0,1
165.5,130.25,1,,,,,,-1.0,0.057834291,0,1
165.5,130.5,1,,,,,,-1.0,0.059001057,0,1
165.5,130.75,1,,,,,,-1.0,0.060176574,0,1
165.5,131.0,1,,,,,,-1.0,0.06136059,0,1
165.5,131.25,1,,,,,,-1.0,0.062552848,0,1
165.5,131.5,1,,,,,,-1.0,0.063753082,0,1
165.5,131.75,1,,,,,,-1.0,0.064960974,0,1
165.5,132.0,1,,,,,,-1.0,0.06617628,0,1
165.5,132.25,1,,,,,,-1.0,0.067398645,0,1
165.5,132.5,1,,,,,,-1.0,0.0686278,0,1
165.5,132.75,1,,,,,,-1.0,0.069863421,0,1
165.5,133.0,1,,,,,,-1.0,0.071105179,0,1
165.5,133.25,1,,,,,,-1.0,0.072352744,0,1
165.5,133.5,1,,,,,,-1.0,0.073605806,0,1
165.5,133.75,1,,,,,,-1.0,0.074864037,0,1
165.5,134.0,1,,,,,,-1.0,0.076127115,0,1
165.5,134.25,1,,,,,,-1.0,0.077394716,0,1
165.5,134.5,1,,,,,,-1.0,0.078666524,0,1
165.5,134.75,1,,,,,,-1.0,0.079942222,0,1
165.5,135.0,1,,,,,,-1.0,0.081221503,0,1
165.5,135.25,1,,,,,,-1.0,0.082504064,0,1
165.5,135.5,1,,,,,,-1.0,0.083789611,0,1
165.5,135.75,1,,,,,,-1.0,0.08507784,0,1
165.5,136.0,1,,,,,,-1.0,0.08636846,0,1
165.5,136.25,1,,,,,,-1.0,0.087661226,0,1
165.5,136.5,1,,,,,,-1.0,0.088955873,0,1
165.5,136.75,1,,,,,,-1.0,0.090252085,0,1
165.5,137.0,1,,,,,,-1.0,0.091549703,0,1
165.5,137.25,1,,,,,,-1.0,0.092848379,0,1
165.5,137.5,1,,,,,,-1.0,0.094147973,0,1
165.5,137.75,1,,,,,,-1.0,0.095448237,0,1
165.5,138.0,1,,,,,,-1.0,0.09674891,0,1
165.75,112.0,2,5757.3721,5777.3689,10695.966,-4938.5942,486.53304,139381500000.0,-0.0045555244,0,1
165.75,112.25,2,6618.1186,6647.2357,12202.242,-5584.123,489.33304,280679880000.0,-0.003959382,0,1
165.75,112.5,2,7790.1735,7835.4186,14218.82,-6428.647,492.33304,594199300000.0,-0.0033589712,0,1
165.75,112.75,2,9478.896,9555.8424,17059.057,-7580.1609,495.53304,1322414900000.0,-0.0027542255,0,1
165.75,113.0,2,12119.812,12269.465,21355.887,-9236.0747,499.53304,3594696300000.0,-0.0021450769,0,1
165.75,113.25,2,16822.298,17185.576,28608.94,-11786.642,504.13304,11352744000000.0,-0.0015314555,0,1
165.75,113.5,2,27448.938,28817.66,43426.695,-15977.757,510.33304,53488117000000.0,-0.00091329223,0,1
165.75,113.75,2,71046.259,90592.528,89602.643,-18556.384,519.93304,589608950000000.0,-0.00029052004,0,1
165.75,114.0,1,,,,,,-1.0,0.00033694512,0,1
165.75,114.25,1,,,,,,-1.0,0.00096918015,0,1
165.75,114.5,1,,,,,,-1.0,0.0016062638,0,1
165.75,114.75,1,,,,,,-1.0,0.0022482769,0,1
165.75,115.0,1,,,,,,-1.0,0.0028953019,0,1
165.75,115.25,1,,,,,,-1.0,0.0035474237,0,1
165.75,115.5,1,,,,,,-1.0,0.0042047289,0,1
165.75,115.75,1,,,,,,-1.0,0.0048673066,0,1
165.75,116.0,1,,,,,,-1.0,0.0055352479,0,1
165.75,116.25,1,,,,,,-1.0,0.0062086461,0,1
165.75,116.5,1,,,,,,-1.0,0.0068875969,0,1
165.75,116.75,1,,,,,,-1.0,0.0075721985,0,1
165.75,117.0,1,,,,,,-1.0,0.0082625514,0,1
165.75,117.25,1,,,,,,-1.0,0.0089587588,0,1
165.75,117.5,1,,,,,,-1.0,0.0096609263,0,1
165.75,117.75,1,,,,,,-1.0,0.010369162,0,1
165.75,118.0,1,,,,,,-1.0,0.011083572,0,1
165.75,118.25,1,,,,,,-1.0,0.01180426,0,1
165.75,118.5,1,,,,,,-1.0,0.012531356,0,1
165.75,118.75,1,,,,,,-1.0,0.013264978,0,1
165.75,119.0,1,,,,,,-1.0,0.014005236,0,1
165.75,119.25,1,,,,,,-1.0,0.014752247,0,1
165.75,119.5,1,,,,,,-1.0,0.015506159,0,1
165.75,119.75,1,,,,,,-1.0,0.016267062,0,1
165.75,120.0,1,,,,,,-1.0,0.017035127,0,1
165.75,120.25,1,,,,,,-1.0,0.017810439,0,1
165.75,120.5,1,,,,,,-1.0,0.018593167,0,1
165.75,120.75,1,,,,,,-1.0,0.019383439,0,1
165.75,121.0,1,,,,,,-1.0,0.020181376,0,1
165.75,121.25,1,,,,,,-1.0,0.020987125,0,1
165.75,121.5,1,,,,,,-1.0,0.02180083,0,1
165.75,121.75,1,,,,,,-1.0,0.02262263,0,1
165.75,122.0,1,,,,,,-1.0,0.023452665,0,1
165.75,122.25,1,,,,,,-1.0,0.024291068,0,1
165.75,122.5,1,,,,,,-1.0,0.025138002,0,1
165.75,122.75,1,,,,,,-1.0,0.025993596,0,1
165.75,123.0,1,,,,,,-1.0,0.026858004,0,1
165.75,123.25,1,,,,,,-1.0,0.027731349,0,1
165.75,123.5,1,,,,,,-1.0,0.028613789,0,1
165.75,123.75,1,,,,,,-1.0,0.029505459,0,1
165.75,124.0,1,,,,,,-1.0,0.030406499,0,1
165.75,124.25,1,,,,,,-1.0,0.031317034,0,1
165.75,124.5,1,,,,,,-1.0,0.032237196,0,1
165.75,124.75,1,,,,,,-1.0,0.033167117,0,1
165.75,125.0,1,,,,,,-1.0,0.034106917,0,1
165.75,125.25,1,,,,,,-1.0,0.035056707,0,1
165.75,125.5,1,,,,,,-1.0,0.036016595,0,1
165.75,125.75,1,,,,,,-1.0,0.036986694,0,1
165.75,126.0,1,,,,,,-1.0,0.037967071,0,1
165.75,126.25,1,,,,,,-1.0,0.038957831,0,1
165.75,126.5,1,,,,,,-1.0,0.039959037,0,1
165.75,126.75,1,,,,,,-1.0,0.040970752,0,1
165.75,127.0,1,,,,,,-1.0,0.041993022,0,1
165.75,127.25,1,,,,,,-1.0,0.043025881,0,1
165.75,127.5,1,,,,,,-1.0,0.044069342,0,1
165.75,127.75,1,,,,,,-1.0,0.04512342,0,1
165.75,128.0,1,,,,,,-1.0,0.046188084,0,1
165.75,128.25,1,,,,,,-1.0,0.047263332,0,1
165.75,128.5,1,,,,,,-1.0,0.048349095,0,1
165.75,128.75,1,,,,,,-1.0,0.049445309,0,1
165.75,129.0,1,,,,,,-1.0,0.050551885,0,1
165.75,129.25,1,,,,,,-1.0,0.05166874,0,1
165.75,129.5,1,,,,,,-1.0,0.05279572,0,1
165.75,129.75,1,,,,,,-1.0,0.053932702,0,1
165.75,130.0,1,,,,,,-1.0,0.055079522,0,1
165.75,130.25,1,,,,,,-1.0,0.056235981,0,1
165.75,130.5,1,,,,,,-1.0,0.057401902,0,1
165.75,130.75,1,,,,,,-1.0,0.058577042,0,1
165.75,131.0,1,,,,,,-1.0,0.059761184,0,1
165.75,131.25,1,,,,,,-1.0,0.060954074,0,1
165.75,131.5,1,,,,,,-1.0,0.06215545,0,1
165.75,131.75,1,,,,,,-1.0,0.063365007,0,1
165.75,132.0,1,,,,,,-1.0,0.064582486,0,1
165.75,132.25,1,,,,,,-1.0,0.065807559,0,1
165.75,132.5,1,,,,,,-1.0,0.067039938,0,1
165.75,132.75,1,,,,,,-1.0,0.068279292,0,1
165.75,133.0,1,,,,,,-1.0,0.06952528,0,1
165.75,133.25,1,,,,,,-1.0,0.070777588,0,1
165.75,133.5,1,,,,,,-1.0,0.072035881,0,1
165.75,133.75,1,,,,,,-1.0,0.073299822,0,1
165.75,134.0,1,,,,,,-1.0,0.074569075,0,1
165.75,134.25,1,,,,,,-1.0,0.075843303,0,1
165.75,134.5,1,,,,,,-1.0,0.077122173,0,1
165.75,134.75,1,,,,,,-1.0,0.078405349,0,1
165.75,135.0,1,,,,,,-1.0,0.079692505,0,1
165.75,135.25,1,,,,,,-1.0,0.080983324,0,1
165.75,135.5,1,,,,,,-1.0,0.082277492,0,1
165.75,135.75,1,,,,,,-1.0,0.083574701,0,1
165.75,136.0,1,,,,,,-1.0,0.084874639,0,1
165.75,136.25,1,,,,,,-1.0,0.08617701,0,1
165.75,136.5,1,,,,,,-1.0,0.08748154,0,1
165.75,136.75,1,,,,,,-1.0,0.088787959,0,1
165.75,137.0,1,,,,,,-1.0,0.090096008,0,1
165.75,137.25,1,,,,,,-1.0,0.091405361,0,1
165.75,137.5,1,,,,,,-1.0,0.092715859,0,1
165.75,137.75,1,,,,,,-1.0,0.094027183,0,1
165.75,138.0,1,,,,,,-1.0,0.095339175,0,1
166.0,112.0,2,4525.562,4535.9581,8502.6312,-3977.0692,482.33907,48848416000.0,-0.0058022902,0,1
166.0,112.25,2,5038.3624,5052.1901,9421.5307,-4383.1683,484.73907,89007617000.0,-0.0052094131,0,1
166.0,112.5,2,5687.1158,5706.2244,10572.755,-4885.6397,487.13907,162182450000.0,-0.0046123221,0,1
166.0,112.75,2,6534.051,6561.7703,12057.541,-5523.4901,489.73907,310667110000.0,-0.0040109519,0,1
166.0,113.0,2,7686.0785,7728.9648,14043.677,-6357.5981,492.73907,657682280000.0,-0.0034052355,0,1
166.0,113.25,2,9343.5271,9416.0868,16838.354,-7494.8271,496.13907,1538744300000.0,-0.0027951043,0,1
166.0,113.5,2,11930.007,12070.202,21061.634,-9131.6272,499.93907,3978745900000.0,-0.0021804892,0,1
166.0,113.75,2,16519.807,16856.736,28176.13,-11656.323,504.73907,13209902000000.0,-0.001561331,0,1
166.0,114.0,2,26825.913,28072.291,42672.719,-15846.806,510.93907,62238058000000.0,-0.00093754174,0,1
166.0,114.25,2,68427.385,85161.945,87481.434,-19054.05,520.33907,652601490000000.0,-0.00030904584,0,1
166.0,114.5,1,,,,,,-1.0,0.00032423411,0,1
166.0,114.75,1,,,,,,-1.0,0.00096237742,0,1
166.0,115.0,1,,,,,,-1.0,0.0016054653,0,1
166.0,115.25,1,,,,,,-1.0,0.0022535811,0,1
166.0,115.5,1,,,,,,-1.0,0.00290681,0,1
166.0,115.75,1,,,,,,-1.0,0.0035652394,0,1
166.0,116.0,1,,,,,,-1.0,0.0042289588,0,1
166.0,116.25,1,,,,,,-1.0,0.0048980544,0,1
166.0,116.5,1,,,,,,-1.0,0.0055726277,0,1
166.0,116.75,1,,,,,,-1.0,0.0062527752,0,1
166.0,117.0,1,,,,,,-1.0,0.0069385958,0,1
166.0,117.25,1,,,,,,-1.0,0.0076301911,0,1
166.0,117.5,1,,,,,,-1.0,0.008327665,0,1
166.0,117.75,1,,,,,,-1.0,0.0090311213,0,1
166.0,118.0,1,,,,,,-1.0,0.0097406651,0,1
166.0,118.25,1,,,,,,-1.0,0.010456413,0,1
166.0,118.5,1,,,,,,-1.0,0.011178479,0,1
166.0,118.75,1,,,,,,-1.0,0.011906982,0,1
166.0,119.0,1,,,,,,-1.0,0.012642043,0,1
166.0,119.25,1,,,,,,-1.0,0.013383772,0,1
166.0,119.5,1,,,,,,-1.0,0.014132291,0,1
166.0,119.75,1,,,,,,-1.0,0.014887745,0,1
166.0,120.0,1,,,,,,-1.0,0.015650243,0,1
166.0,120.25,1,,,,,,-1.0,0.016419927,0,1
166.0,120.5,1,,,,,,-1.0,0.017196926,0,1
166.0,120.75,1,,,,,,-1.0,0.017981383,0,1
166.0,121.0,1,,,,,,-1.0,0.018773417,0,1
166.0,121.25,1,,,,,,-1.0,0.019573187,0,1
166.0,121.5,1,,,,,,-1.0,0.02038083,0,1
166.0,121.75,1,,,,,,-1.0,0.021196486,0,1
166.0,122.0,1,,,,,,-1.0,0.022020296,0,1
166.0,122.25,1,,,,,,-1.0,0.022852408,0,1
166.0,122.5,1,,,,,,-1.0,0.023692971,0,1
166.0,122.75,1,,,,,,-1.0,0.024542137,0,1
166.0,123.0,1,,,,,,-1.0,0.025400046,0,1
166.0,123.25,1,,,,,,-1.0,0.026266848,0,1
166.0,123.5,1,,,,,,-1.0,0.027142687,0,1
166.0,123.75,1,,,,,,-1.0,0.028027719,0,1
166.0,124.0,1,,,,,,-1.0,0.028922082,0,1
166.0,124.25,1,,,,,,-1.0,0.029825917,0,1
166.0,124.5,1,,,,,,-1.0,0.030739367,0,1
166.0,124.75,1,,,,,,-1.0,0.03166258,0,1
166.0,125.0,1,,,,,,-1.0,0.032595659,0,1
166.0,125.25,1,,,,,,-1.0,0.033538761,0,1
166.0,125.5,1,,,,,,-1.0,0.034491998,0,1
166.0,125.75,1,,,,,,-1.0,0.035455484,0,1
166.0,126.0,1,,,,,,-1.0,0.036429335,0,1
166.0,126.25,1,,,,,,-1.0,0.037413639,0,1
166.0,126.5,1,,,,,,-1.0,0.038408501,0,1
166.0,126.75,1,,,,,,-1.0,0.039413989,0,1
166.0,127.0,1,,,,,,-1.0,0.040430168,0,1
166.0,127.25,1,,,,,,-1.0,0.041457106,0,1
166.0,127.5,1,,,,,,-1.0,0.04249484,0,1
166.0,127.75,1,,,,,,-1.0,0.0435434,0,1
166.0,128.0,1,,,,,,-1.0,0.044602788,0,1
166.0,128.25,1,,,,,,-1.0,0.045673007,0,1
166.0,128.5,1,,,,,,-1.0,0.046754035,0,1
166.0,128.75,1,,,,,,-1.0,0.047845829,0,1
166.0,129.0,1,,,,,,-1.0,0.04894832,0,1
166.0,129.25,1,,,,,,-1.0,0.05006143,0,1
166.0,129.5,1,,,,,,-1.0,0.051185077,0,1
166.0,129.75,1,,,,,,-1.0,0.052319109,0,1
166.0,130.0,1,,,,,,-1.0,0.053463408,0,1
166.0,130.25,1,,,,,,-1.0,0.054617812,0,1
166.0,130.5,1,,,,,,-1.0,0.05578212,0,1
166.0,130.75,1,,,,,,-1.0,0.056956157,0,1
166.0,131.0,1,,,,,,-1.0,0.058139676,0,1
166.0,131.25,1,,,,,,-1.0,0.059332457,0,1
166.0,131.5,1,,,,,,-1.0,0.060534243,0,1
166.0,131.75,1,,,,,,-1.0,0.061744758,0,1
166.0,132.0,1,,,,,,-1.0,0.062963707,0,1
166.0,132.25,1,,,,,,-1.0,0.064190815,0,1
166.0,132.5,1,,,,,,-1.0,0.065425749,0,1
166.0,132.75,1,,,,,,-1.0,0.06666819,0,1
166.0,133.0,1,,,,,,-1.0,0.067917819,0,1
166.0,133.25,1,,,,,,-1.0,0.069174294,0,1
166.0,133.5,1,,,,,,-1.0,0.070437274,0,1
166.0,133.75,1,,,,,,-1.0,0.071706411,0,1
166.0,134.0,1,,,,,,-1.0,0.07298136,0,1
166.0,134.25,1,,,,,,-1.0,0.074261773,0,1
166.0,134.5,1,,,,,,-1.0,0.075547297,0,1
166.0,134.75,1,,,,,,-1.0,0.076837572,0,1
166.0,135.0,1,,,,,,-1.0,0.078132273,0,1
166.0,135.25,1,,,,,,-1.0,0.079431061,0,1
166.0,135.5,1,,,,,,-1.0,0.080733601,0,1
166.0,135.75,1,,,,,,-1.0,0.082039563,0,1
166.0,136.0,1,,,,,,-1.0,0.083348624,0,1
166.0,136.25,1,,,,,,-1.0,0.084660468,0,1
166.0,136.5,1,,,,,,-1.0,0.08597479,0,1
166.0,136.75,1,,,,,,-1.0,0.087291293,0,1
166.0,137.0,1,,,,,,-1.0,0.088609691,0,1
166.0,137.25,1,,,,,,-1.0,0.089929714,0,1
166.0,137.5,1,,,,,,-1.0,0.091251103,0,1
166.0,137.75,1,,,,,,-1.0,0.09257355,0,1
166.0,138.0,1,,,,,,-1.0,0.093896855,0,1
166.25,112.0,2,3724.0606,3730.2301,7049.5146,-3325.454,478.94509,20909986000.0,-0.0070555821,0,1
166.25,112.25,2,4062.6538,4070.3868,7666.3031,-3603.6493,480.74509,32793386000.0,-0.0064659567,0,1
166.25,112.5,2,4472.0426,4481.9782,8406.7995,-3934.7569,482.94509,56839235000.0,-0.0058721716,0,1
166.25,112.75,2,4977.0043,4990.1657,9312.7526,-4335.7483,485.14509,98516775000.0,-0.0052741625,0,1
166.25,113.0,2,5615.3943,5633.5001,10446.945,-4831.5502,487.54509,179509270000.0,-0.0046718638,0,1
166.25,113.25,2,6448.0591,6474.1939,11908.933,-5460.8737,490.14509,343857330000.0,-0.004065208,0,1
166.25,113.5,2,7579.3612,7619.5668,13863.388,-6284.0272,493.14509,727945980000.0,-0.0034541261,0,1
166.25,113.75,2,9204.4028,9271.9554,16608.898,-7404.4953,496.54509,1703136500000.0,-0.0028385539,0,1
166.25,114.0,2,11734.436,11863.8,20754.515,-9020.0797,500.54509,4629605100000.0,-0.0022184246,0,1
166.25,114.25,2,16207.4,16514.869,27731.071,-11523.671,505.34509,15370830000000.0,-0.0015936515,0,1
166.25,114.5,2,26181.853,27297.319,41894.223,-15712.37,511.34509,68887281000000.0,-0.00096415861,0,1
166.25,114.75,2,65745.52,79786.295,85462.21,-19716.69,520.74509,722322390000000.0,-0.000329868,0,1
166.25,115.0,1,,,,,,-1.0,0.00030930019,0,1
166.25,115.25,1,,,,,,-1.0,0.00095342772,0,1
166.25,115.5,1,,,,,,-1.0,0.0016025946,0,1
166.25,115.75,1,,,,,,-1.0,0.0022568803,0,1
166.25,116.0,1,,,,,,-1.0,0.0029163844,0,1
166.25,116.25,1,,,,,,-1.0,0.003581197,0,1
166.25,116.5,1,,,,,,-1.0,0.0042514108,0,1
166.25,116.75,1,,,,,,-1.0,0.0049271206,0,1
166.25,117.0,1,,,,,,-1.0,0.0056084237,0,1
166.25,117.25,1,,,,,,-1.0,0.0062954196,0,1
166.25,117.5,1,,,,,,-1.0,0.0069882106,0,1
166.25,117.75,1,,,,,,-1.0,0.0076869014,0,1
166.25,118.0,1,,,,,,-1.0,0.0083915995,0,1
166.25,118.25,1,,,,,,-1.0,0.009102415,0,1
166.25,118.5,1,,,,,,-1.0,0.0098194608,0,1
166.25,118.75,1,,,,,,-1.0,0.010542853,0,1
166.25,119.0,1,,,,,,-1.0,0.01127271,0,1
166.25,119.25,1,,,,,,-1.0,0.012009154,0,1
166.25,119.5,1,,,,,,-1.0,0.012752296,0,1
166.25,119.75,1,,,,,,-1.0,0.013502267,0,1
166.25,120.0,1,,,,,,-1.0,0.014259206,0,1
166.25,120.25,1,,,,,,-1.0,0.015023239,0,1
166.25,120.5,1,,,,,,-1.0,0.015794484,0,1
166.25,120.75,1,,,,,,-1.0,0.016573108,0,1
166.25,121.0,1,,,,,,-1.0,0.017359208,0,1
166.25,121.25,1,,,,,,-1.0,0.018152962,0,1
166.25,121.5,1,,,,,,-1.0,0.018954494,0,1
166.25,121.75,1,,,,,,-1.0,0.019763946,0,1
166.25,122.0,1,,,,,,-1.0,0.020581474,0,1
166.25,122.25,1,,,,,,-1.0,0.021407224,0,1
166.25,122.5,1,,,,,,-1.0,0.022241344,0,1
166.25,122.75,1,,,,,,-1.0,0.023083985,0,1
166.25,123.0,1,,,,,,-1.0,0.023935303,0,1
166.25,123.25,1,,,,,,-1.0,0.024795442,0,1
166.25,123.5,1,,,,,,-1.0,0.025664556,0,1
166.25,123.75,1,,,,,,-1.0,0.026542806,0,1
166.25,124.0,1,,,,,,-1.0,0.027430343,0,1
166.25,124.25,1,,,,,,-1.0,0.028327302,0,1
166.25,124.5,1,,,,,,-1.0,0.029233847,0,1
166.25,124.75,1,,,,,,-1.0,0.030150124,0,1
166.25,125.0,1,,,,,,-1.0,0.031076262,0,1
166.25,125.25,1,,,,,,-1.0,0.032012425,0,1
166.25,125.5,1,,,,,,-1.0,0.032958725,0,1
166.25,125.75,1,,,,,,-1.0,0.033915308,0,1
166.25,126.0,1,,,,,,-1.0,0.034882292,0,1
166.25,126.25,1,,,,,,-1.0,0.035859795,0,1
166.25,126.5,1,,,,,,-1.0,0.036847926,0,1
166.25,126.75,1,,,,,,-1.0,0.037846777,0,1
166.25,127.0,1,,,,,,-1.0,0.03885644,0,1
166.25,127.25,1,,,,,,-1.0,0.039876997,0,1
166.25,127.5,1,,,,,,-1.0,0.040908509,0,1
166.25,127.75,1,,,,,,-1.0,0.04195102,0,1
166.25,128.0,1,,,,,,-1.0,0.043004574,0,1
166.25,128.25,1,,,,,,-1.0,0.044069189,0,1
166.25,128.5,1,,,,,,-1.0,0.045144872,0,1
166.25,128.75,1,,,,,,-1.0,0.046231593,0,1
166.25,129.0,1,,,,,,-1.0,0.047329336,0,1
166.25,129.25,1,,,,,,-1.0,0.048438031,0,1
166.25,129.5,1,,,,,,-1.0,0.049557606,0,1
166.25,129.75,1,,,,,,-1.0,0.050687981,0,1
166.25,130.0,1,,,,,,-1.0,0.051829013,0,1
166.25,130.25,1,,,,,,-1.0,0.052980585,0,1
166.25,130.5,1,,,,,,-1.0,0.054142534,0,1
166.25,130.75,1,,,,,,-1.0,0.05531467,0,1
166.25,131.0,1,,,,,,-1.0,0.056496801,0,1
166.25,131.25,1,,,,,,-1.0,0.057688694,0,1
166.25,131.5,1,,,,,,-1.0,0.058890119,0,1
166.25,131.75,1,,,,,,-1.0,0.060100818,0,1
166.25,132.0,1,,,,,,-1.0,0.061320503,0,1
166.25,132.25,1,,,,,,-1.0,0.062548886,0,1
166.25,132.5,1,,,,,,-1.0,0.063785665,0,1
166.25,132.75,1,,,,,,-1.0,0.065030527,0,1
166.25,133.0,1,,,,,,-1.0,0.066283126,0,1
166.25,133.25,1,,,,,,-1.0,0.067543125,0,1
166.25,133.5,1,,,,,,-1.0,0.068810184,0,1
166.25,133.75,1,,,,,,-1.0,0.070083935,0,1
166.25,134.0,1,,,,,,-1.0,0.071364029,0,1
166.25,134.25,1,,,,,,-1.0,0.072650109,0,1
166.25,134.5,1,,,,,,-1.0,0.073941818,0,1
166.25,134.75,1,,,,,,-1.0,0.075238787,0,1
166.25,135.0,1,,,,,,-1.0,0.076540635,0,1
166.25,135.25,1,,,,,,-1.0,0.077847037,0,1
166.25,135.5,1,,,,,,-1.0,0.07915764,0,1
166.25,135.75,1,,,,,,-1.0,0.080472067,0,1
166.25,136.0,1,,,,,,-1.0,0.081789992,0,1
166.25,136.25,1,,,,,,-1.0,0.083111092,0,1
166.25,136.5,1,,,,,,-1.0,0.084435037,0,1
166.25,136.75,1,,,,,,-1.0,0.085761506,0,1
166.25,137.0,1,,,,,,-1.0,0.087090188,0,1
166.25,137.25,1,,,,,,-1.0,0.088420783,0,1
166.25,137.5,1,,,,,,-1.0,0.089753002,0,1
166.25,137.75,1,,,,,,-1.0,0.091086572,0,1
166.25,138.0,1,,,,,,-1.0,0.092421234,0,1
166.5,112.0,2,3161.0641,3165.0714,6016.0473,-2854.9832,475.7511,9409590900.0,-0.008315435,0,1
166.5,112.25,2,3400.3858,3405.2081,6456.9293,-3056.5435,477.5511,14757176000.0,-0.0077290269,0,1
166.5,112.5,2,3680.9908,3686.8902,6971.1949,-3290.2041,479.3511,23143859000.0,-0.0071385215,0,1
166.5,112.75,2,4014.5692,4021.9304,7579.1935,-3564.6243,481.1511,36296796000.0,-0.0065438589,0,1
166.5,113.0,2,4417.6894,4427.1001,8309.4379,-3891.7485,483.3511,62911531000.0,-0.0059449627,0,1
166.5,113.25,2,4914.6151,4927.0111,9202.2266,-4287.6115,485.5511,109041600000.0,-0.0053417669,0,1
166.5,113.5,2,5542.3719,5559.3184,10319.321,-4776.9496,487.9511,198686750000.0,-0.0047342036,0,1
166.5,113.75,2,6360.3856,6384.6789,11757.644,-5397.2579,490.7511,400105980000.0,-0.0041222034,0,1
166.5,114.0,2,7470.3949,7507.4678,13679.68,-6209.285,493.7511,847024380000.0,-0.003505702,0,1
166.5,114.25,2,9062.1274,9123.8392,16379.235,-7317.108,497.1511,1981737900000.0,-0.0028846349,0,1
166.5,114.5,2,11534.12,11651.161,20449.136,-8915.0153,500.9511,5124198900000.0,-0.0022589119,0,1
166.5,114.75,2,15887.223,16161.897,27273.476,-11386.254,505.7511,17012939000000.0,-0.0016284564,0,1
166.5,115.0,2,25523.397,26499.407,41112.213,-15588.815,511.7511,76246704000000.0,-0.00099318997,0,1
166.5,115.25,2,63045.382,74551.096,83399.096,-20353.714,521.1511,799490140000000.0,-0.0003530323,0,1
166.5,115.5,1,,,,,,-1.0,0.00029208849,0,1
166.5,115.75,1,,,,,,-1.0,0.00094225865,0,1
166.5,116.0,1,,,,,,-1.0,0.0015975743,0,1
166.5,116.25,1,,,,,,-1.0,0.0022581242,0,1
166.5,116.5,1,,,,,,-1.0,0.0029239992,0,1
166.5,116.75,1,,,,,,-1.0,0.0035952925,0,1
166.5,117.0,1,,,,,,-1.0,0.0042720996,0,1
166.5,117.25,1,,,,,,-1.0,0.0049545148,0,1
166.5,117.5,1,,,,,,-1.0,0.0056426364,0,1
166.5,117.75,1,,,,,,-1.0,0.006336575,0,1
166.5,118.0,1,,,,,,-1.0,0.0070364365,0,1
166.5,118.25,1,,,,,,-1.0,0.0077423289,0,1
166.5,118.5,1,,,,,,-1.0,0.0084543636,0,1
166.5,118.75,1,,,,,,-1.0,0.0091726544,0,1
166.5,119.0,1,,,,,,-1.0,0.0098973183,0,1
166.5,119.25,1,,,,,,-1.0,0.010628475,0,1
166.5,119.5,1,,,,,,-1.0,0.011366242,0,1
166.5,119.75,1,,,,,,-1.0,0.01211074,0,1
166.5,120.0,1,,,,,,-1.0,0.012862107,0,1
166.5,120.25,1,,,,,,-1.0,0.013620475,0,1
166.5,120.5,1,,,,,,-1.0,0.014385979,0,1
166.5,120.75,1,,,,,,-1.0,0.015158726,0,1
166.5,121.0,1,,,,,,-1.0,0.01593889,0,1
166.5,121.25,1,,,,,,-1.0,0.016726593,0,1
166.5,121.5,1,,,,,,-1.0,0.017521985,0,1
166.5,121.75,1,,,,,,-1.0,0.018325203,0,1
166.5,122.0,1,,,,,,-1.0,0.01913641,0,1
166.5,122.25,1,,,,,,-1.0,0.019955742,0,1
166.5,122.5,1,,,,,,-1.0,0.02078335,0,1
166.5,122.75,1,,,,,,-1.0,0.021619396,0,1
166.5,123.0,1,,,,,,-1.0,0.022464034,0,1
166.5,123.25,1,,,,,,-1.0,0.023317422,0,1
166.5,123.5,1,,,,,,-1.0,0.024179703,0,1
166.5,123.75,1,,,,,,-1.0,0.025051046,0,1
166.5,124.0,1,,,,,,-1.0,0.025931617,0,1
166.5,124.25,1,,,,,,-1.0,0.026821552,0,1
166.5,124.5,1,,,,,,-1.0,0.027721021,0,1
166.5,124.75,1,,,,,,-1.0,0.02863018,0,1
166.5,125.0,1,,,,,,-1.0,0.029549179,0,1
166.5,125.25,1,,,,,,-1.0,0.030478171,0,1
166.5,125.5,1,,,,,,-1.0,0.031417301,0,1
166.5,125.75,1,,,,,,-1.0,0.032366705,0,1
166.5,126.0,1,,,,,,-1.0,0.033326529,0,1
166.5,126.25,1,,,,,,-1.0,0.034296905,0,1
166.5,126.5,1,,,,,,-1.0,0.035277955,0,1
166.5,126.75,1,,,,,,-1.0,0.036269805,0,1
166.5,127.0,1,,,,,,-1.0,0.037272537,0,1
166.5,127.25,1,,,,,,-1.0,0.038286276,0,1
166.5,127.5,1,,,,,,-1.0,0.039311096,0,1
166.5,127.75,1,,,,,,-1.0,0.040347071,0,1
166.5,128.0,1,,,,,,-1.0,0.04139427,0,1
166.5,128.25,1,,,,,,-1.0,0.042452717,0,1
166.5,128.5,1,,,,,,-1.0,0.043522456,0,1
166.5,128.75,1,,,,,,-1.0,0.044603503,0,1
166.5,129.0,1,,,,,,-1.0,0.045695827,0,1
166.5,129.25,1,,,,,,-1.0,0.04679943,0,1
166.5,129.5,1,,,,,,-1.0,0.047914248,0,1
166.5,129.75,1,,,,,,-1.0,0.04904021,0,1
166.5,130.0,1,,,,,,-1.0,0.05017724,0,1
166.5,130.25,1,,,,,,-1.0,0.051325212,0,1
166.5,130.5,1,,,,,,-1.0,0.052484003,0,1
166.5,130.75,1,,,,,,-1.0,0.053653451,0,1
166.5,131.0,1,,,,,,-1.0,0.054833385,0,1
166.5,131.25,1,,,,,,-1.0,0.056023579,0,1
166.5,131.5,1,,,,,,-1.0,0.057223833,0,1
166.5,131.75,1,,,,,,-1.0,0.0584339,0,1
166.5,132.0,1,,,,,,-1.0,0.059653518,0,1
166.5,132.25,1,,,,,,-1.0,0.060882402,0,1
166.5,132.5,1,,,,,,-1.0,0.062120247,0,1
166.5,132.75,1,,,,,,-1.0,0.06336675,0,1
166.5,133.0,1,,,,,,-1.0,0.064621584,0,1
166.5,133.25,1,,,,,,-1.0,0.065884403,0,1
166.5,133.5,1,,,,,,-1.0,0.067154855,0,1
166.5,133.75,1,,,,,,-1.0,0.068432582,0,1
166.5,134.0,1,,,,,,-1.0,0.069717223,0,1
166.5,134.25,1,,,,,,-1.0,0.071008414,0,1
166.5,134.5,1,,,,,,-1.0,0.072305757,0,1
166.5,134.75,1,,,,,,-1.0,0.073608891,0,1
166.5,135.0,1,,,,,,-1.0,0.07491746,0,1
166.5,135.25,1,,,,,,-1.0,0.076231038,0,1
166.5,135.5,1,,,,,,-1.0,0.077549307,0,1
166.5,135.75,1,,,,,,-1.0,0.078871876,0,1
166.5,136.0,1,,,,,,-1.0,0.080198377,0,1
166.5,136.25,1,,,,,,-1.0,0.081528487,0,1
166.5,136.5,1,,,,,,-1.0,0.082861817,0,1
166.5,136.75,1,,,,,,-1.0,0.084198047,0,1
166.5,137.0,1,,,,,,-1.0,0.085536859,0,1
166.5,137.25,1,,,,,,-1.0,0.086877925,0,1
166.5,137.5,1,,,,,,-1.0,0.088220931,0,1
166.5,137.75,1,,,,,,-1.0,0.089565572,0,1
166.5,138.0,1,,,,,,-1.0,0.090911557,0,1
166.75,112.0,2,2743.9649,2746.7518,5243.3325,-2499.3676,473.1571,4919612900.0,-0.0095818432,0,1
166.75,112.25,2,2921.516,2924.7643,5573.0627,-2651.5467,474.5571,6981263000.0,-0.008998655,0,1
166.75,112.5,2,3125.1225,3128.9561,5949.9702,-2824.8477,476.1571,10414821000.0,-0.0084114141,0,1
166.75,112.75,2,3360.9766,3365.5688,6384.7366,-3023.76,477.9571,16333690000.0,-0.0078200586,0,1
166.75,113.0,2,3637.4075,3642.9959,6891.9288,-3254.5212,479.7571,25616325000.0,-0.0072245333,0,1
166.75,113.25,2,3965.8733,3972.802,7491.1848,-3525.3115,481.5571,40174395000.0,-0.0066247815,0,1
166.75,113.5,2,4362.5981,4371.3946,8210.7943,-3848.1962,483.7571,69632391000.0,-0.0060207205,0,1
166.75,113.75,2,4851.3232,4862.8184,9090.181,-4238.8578,485.9571,120690550000.0,-0.0054122821,0,1
166.75,114.0,2,5468.2261,5483.8031,10189.972,-4721.7455,488.3571,219912520000.0,-0.0047993964,0,1
166.75,114.25,2,6271.2832,6293.3957,11605.142,-5333.8592,491.1571,442849440000.0,-0.0041819943,0,1
166.75,114.5,2,7359.5551,7392.9135,13494.793,-6135.2375,494.1571,937512270000.0,-0.0035600234,0,1
166.75,114.75,2,8917.3008,8972.21,16143.363,-7226.0623,497.5571,2193447600000.0,-0.0029333849,0,1
166.75,115.0,2,11330.21,11433.069,20133.901,-8803.691,501.5571,5962408800000.0,-0.0023020017,0,1
166.75,115.25,2,15561.586,15799.631,26814.573,-11252.987,506.1571,18830437000000.0,-0.0016657949,0,1
166.75,115.5,2,24856.724,25684.849,40288.114,-15431.391,512.3571,88719044000000.0,-0.0010246876,0,1
166.75,115.75,2,60359.059,69514.1,81219.766,-20860.707,521.3571,841742850000000.0,-0.00037861305,0,1
166.75,116.0,1,,,,,,-1.0,0.00027253463,0,1
166.75,116.25,1,,,,,,-1.0,0.00092884257,0,1
166.75,116.5,1,,,,,,-1.0,0.0015904001,0,1
166.75,116.75,1,,,,,,-1.0,0.0022572986,0,1
166.75,117.0,1,,,,,,-1.0,0.0029296166,0,1
166.75,117.25,1,,,,,,-1.0,0.0036074638,0,1
166.75,117.5,1,,,,,,-1.0,0.0042909423,0,1
166.75,117.75,1,,,,,,-1.0,0.0049801534,0,1
166.75,118.0,1,,,,,,-1.0,0.0056752007,0,1
166.75,118.25,1,,,,,,-1.0,0.0063761906,0,1
166.75,118.5,1,,,,,,-1.0,0.0070832323,0,1
166.75,118.75,1,,,,,,-1.0,0.0077964376,0,1
166.75,119.0,1,,,,,,-1.0,0.0085159213,0,1
166.75,119.25,1,,,,,,-1.0,0.0092418011,0,1
166.75,119.5,1,,,,,,-1.0,0.0099741978,0,1
166.75,119.75,1,,,,,,-1.0,0.010713235,0,1
166.75,120.0,1,,,,,,-1.0,0.011459041,0,1
166.75,120.25,1,,,,,,-1.0,0.012211745,0,1
166.75,120.5,1,,,,,,-1.0,0.012971482,0,1
166.75,120.75,1,,,,,,-1.0,0.013738389,0,1
166.75,121.0,1,,,,,,-1.0,0.014512583,0,1
166.75,121.25,1,,,,,,-1.0,0.015294225,0,1
166.75,121.5,1,,,,,,-1.0,0.016083465,0,1
166.75,121.75,1,,,,,,-1.0,0.016880416,0,1
166.75,122.0,1,,,,,,-1.0,0.017685268,0,1
166.75,122.25,1,,,,,,-1.0,0.018498133,0,1
166.75,122.5,1,,,,,,-1.0,0.01931919,0,1
166.75,122.75,1,,,,,,-1.0,0.020148593,0,1
166.75,123.0,1,,,,,,-1.0,0.020986492,0,1
166.75,123.25,1,,,,,,-1.0,0.021833044,0,1
166.75,123.5,1,,,,,,-1.0,0.022688409,0,1
166.75,123.75,1,,,,,,-1.0,0.023552749,0,1
166.75,124.0,1,,,,,,-1.0,0.024426233,0,1
166.75,124.25,1,,,,,,-1.0,0.025309033,0,1
166.75,124.5,1,,,,,,-1.0,0.02620128,0,1
166.75,124.75,1,,,,,,-1.0,0.027103168,0,1
166.75,125.0,1,,,,,,-1.0,0.028014849,0,1
166.75,125.25,1,,,,,,-1.0,0.028936474,0,1
166.75,125.5,1,,,,,,-1.0,0.029868201,0,1
166.75,125.75,1,,,,,,-1.0,0.030810189,0,1
166.75,126.0,1,,,,,,-1.0,0.031762601,0,1
166.75,126.25,1,,,,,,-1.0,0.032725555,0,1
166.75,126.5,1,,,,,,-1.0,0.033699213,0,1
166.75,126.75,1,,,,,,-1.0,0.034683702,0,1
166.75,127.0,1,,,,,,-1.0,0.035679149,0,1
166.75,127.25,1,,,,,,-1.0,0.036685667,0,1
166.75,127.5,1,,,,,,-1.0,0.037703369,0,1
166.75,127.75,1,,,,,,-1.0,0.038732339,0,1
166.75,128.0,1,,,,,,-1.0,0.039772674,0,1
166.75,128.25,1,,,,,,-1.0,0.040824422,0,1
166.75,128.5,1,,,,,,-1.0,0.04188767,0,1
166.75,128.75,1,,,,,,-1.0,0.042962426,0,1
166.75,129.0,1,,,,,,-1.0,0.044048725,0,1
166.75,129.25,1,,,,,,-1.0,0.045146557,0,1
166.75,129.5,1,,,,,,-1.0,0.046255926,0,1
166.75,129.75,1,,,,,,-1.0,0.047376775,0,1
166.75,130.0,1,,,,,,-1.0,0.048509039,0,1
166.75,130.25,1,,,,,,-1.0,0.049652644,0,1
166.75,130.5,1,,,,,,-1.0,0.050807488,0,1
166.75,130.75,1,,,,,,-1.0,0.051973436,0,1
166.75,131.0,1,,,,,,-1.0,0.053150329,0,1
166.75,131.25,1,,,,,,-1.0,0.054338001,0,1
166.75,131.5,1,,,,,,-1.0,0.055536239,0,1
166.75,131.75,1,,,,,,-1.0,0.056744834,0,1
166.75,132.0,1,,,,,,-1.0,0.057963529,0,1
166.75,132.25,1,,,,,,-1.0,0.059192064,0,1
166.75,132.5,1,,,,,,-1.0,0.060430166,0,1
166.75,132.75,1,,,,,,-1.0,0.061677494,0,1
166.75,133.0,1,,,,,,-1.0,0.062933762,0,1
166.75,133.25,1,,,,,,-1.0,0.064198625,0,1
166.75,133.5,1,,,,,,-1.0,0.065471728,0,1
166.75,133.75,1,,,,,,-1.0,0.066752711,0,1
166.75,134.0,1,,,,,,-1.0,0.068041208,0,1
166.75,134.25,1,,,,,,-1.0,0.069336849,0,1
166.75,134.5,1,,,,,,-1.0,0.070639217,0,1
166.75,134.75,1,,,,,,-1.0,0.071947961,0,1
166.75,135.0,1,,,,,,-1.0,0.073262671,0,1
166.75,135.25,1,,,,,,-1.0,0.074582966,0,1
166.75,135.5,1,,,,,,-1.0,0.07590845,0,1
166.75,135.75,1,,,,,,-1.0,0.077238747,0,1
166.75,136.0,1,,,,,,-1.0,0.078573461,0,1
166.75,136.25,1,,,,,,-1.0,0.079912237,0,1
166.75,136.5,1,,,,,,-1.0,0.081254682,0,1
166.75,136.75,1,,,,,,-1.0,0.082600452,0,1
166.75,137.0,1,,,,,,-1.0,0.083949199,0,1
166.75,137.25,1,,,,,,-1.0,0.085300545,0,1
166.75,137.5,1,,,,,,-1.0,0.086654199,0,1
166.75,137.75,1,,,,,,-1.0,0.088009828,0,1
166.75,138.0,1,,,,,,-1.0,0.089367108,0,1
167.0,112.0,2,2422.5872,2424.6351,4643.6435,-2221.0563,470.56309,2572113600.0,-0.010854806,0,1
167.0,112.25,2,2559.1724,2561.5006,4899.036,-2339.8635,471.96309,3650002900.0,-0.010274815,0,1
167.0,112.5,2,2713.1897,2715.8602,5186.2777,-2473.088,473.36309,5179600700.0,-0.0096908321,0,1
167.0,112.75,2,2888.2094,2891.3057,5511.5266,-2623.3172,474.96309,7727056300.0,-0.0091027889,0,1
167.0,113.0,2,3088.8485,3092.4816,5883.2539,-2794.4054,476.56309,11527413000.0,-0.0085106231,0,1
167.0,113.25,2,3321.1818,3325.5046,6311.801,-2990.6192,478.36309,18078583000.0,-0.0079142711,0,1
167.0,113.5,2,3593.3722,3598.5928,6811.86,-3218.4878,480.16309,28352862000.0,-0.007313677,0,1
167.0,113.75,2,3916.6448,3923.0579,7402.3357,-3485.6909,481.96309,44466139000.0,-0.0067087833,0,1
167.0,114.0,2,4306.8739,4314.9329,8110.6901,-3803.8162,484.16309,77071069000.0,-0.0060995027,0,1
167.0,114.25,2,4787.2679,4797.68,8976.5786,-4189.3107,486.36309,133583660000.0,-0.005485765,0,1
167.0,114.5,2,5393.1482,5407.0787,10058.775,-4665.6266,488.76309,243405300000.0,-0.0048674981,0,1
167.0,114.75,2,6181.0256,6200.4973,11449.843,-5268.8169,491.56309,490158090000.0,-0.0042446507,0,1
167.0,115.0,2,7247.2598,7276.1922,13306.416,-6059.1566,494.56309,1037664700000.0,-0.0036171316,0,1
167.0,115.25,2,8770.5856,8817.4914,15908.31,-7137.7248,497.96309,2427768900000.0,-0.0029848563,0,1
167.0,115.5,2,11123.768,11210.307,19817.698,-8693.9301,501.96309,6599360100000.0,-0.0023477453,0,1
167.0,115.75,2,15232.614,15429.729,26355.229,-11122.615,506.76309,21910647000000.0,-0.0017057295,0,1
167.0,116.0,2,24187.212,24859.003,39511.401,-15324.189,512.76309,98196709000000.0,-0.0010587289,0,1
167.0,116.25,2,57714.619,64722.721,79030.496,-21315.878,521.76309,931664430000000.0,-0.00040664151,0,1
167.0,116.5,1,,,,,,-1.0,0.00025062035,0,1
167.0,116.75,1,,,,,,-1.0,0.00091314651,0,1
167.0,117.0,1,,,,,,-1.0,0.0015810051,0,1
167.0,117.25,1,,,,,,-1.0,0.0022543155,0,1
167.0,117.5,1,,,,,,-1.0,0.002933175,0,1
167.0,117.75,1,,,,,,-1.0,0.0036176831,0,1
167.0,118.0,1,,,,,,-1.0,0.0043079416,0,1
167.0,118.25,1,,,,,,-1.0,0.0050040441,0,1
167.0,118.5,1,,,,,,-1.0,0.0057061049,0,1
167.0,118.75,1,,,,,,-1.0,0.0064142399,0,1
167.0,119.0,1,,,,,,-1.0,0.0071285618,0,1
167.0,119.25,1,,,,,,-1.0,0.0078491864,0,1
167.0,119.5,1,,,,,,-1.0,0.0085762325,0,1
167.0,119.75,1,,,,,,-1.0,0.0093098218,0,1
167.0,120.0,1,,,,,,-1.0,0.010050079,0,1
167.0,120.25,1,,,,,,-1.0,0.010797134,0,1
167.0,120.5,1,,,,,,-1.0,0.011551116,0,1
167.0,120.75,1,,,,,,-1.0,0.012312162,0,1
167.0,121.0,1,,,,,,-1.0,0.01308041,0,1
167.0,121.25,1,,,,,,-1.0,0.013855985,0,1
167.0,121.5,1,,,,,,-1.0,0.014639042,0,1
167.0,121.75,1,,,,,,-1.0,0.015429735,0,1
167.0,122.0,1,,,,,,-1.0,0.016228198,0,1
167.0,122.25,1,,,,,,-1.0,0.017034587,0,1
167.0,122.5,1,,,,,,-1.0,0.01784906,0,1
167.0,122.75,1,,,,,,-1.0,0.018671772,0,1
167.0,123.0,1,,,,,,-1.0,0.019502871,0,1
167.0,123.25,1,,,,,,-1.0,0.020342534,0,1
167.0,123.5,1,,,,,,-1.0,0.021190918,0,1
167.0,123.75,1,,,,,,-1.0,0.022048186,0,1
167.0,124.0,1,,,,,,-1.0,0.022914503,0,1
167.0,124.25,1,,,,,,-1.0,0.02379004,0,1
167.0,124.5,1,,,,,,-1.0,0.024674969,0,1
167.0,124.75,1,,,,,,-1.0,0.025569442,0,1
167.0,125.0,1,,,,,,-1.0,0.026473651,0,1
167.0,125.25,1,,,,,,-1.0,0.027387735,0,1
167.0,125.5,1,,,,,,-1.0,0.028311883,0,1
167.0,125.75,1,,,,,,-1.0,0.029246252,0,1
167.0,126.0,1,,,,,,-1.0,0.030191007,0,1
167.0,126.25,1,,,,,,-1.0,0.0311463,0,1
167.0,126.5,1,,,,,,-1.0,0.032112284,0,1
167.0,126.75,1,,,,,,-1.0,0.03308911,0,1
167.0,127.0,1,,,,,,-1.0,0.034076924,0,1
167.0,127.25,1,,,,,,-1.0,0.035075857,0,1
167.0,127.5,1,,,,,,-1.0,0.036086043,0,1
167.0,127.75,1,,,,,,-1.0,0.037107574,0,1
167.0,128.0,1,,,,,,-1.0,0.038140581,0,1
167.0,128.25,1,,,,,,-1.0,0.039185148,0,1
167.0,128.5,1,,,,,,-1.0,0.040241357,0,1
167.0,128.75,1,,,,,,-1.0,0.041309267,0,1
167.0,129.0,1,,,,,,-1.0,0.042388935,0,1
167.0,129.25,1,,,,,,-1.0,0.043480377,0,1
167.0,129.5,1,,,,,,-1.0,0.04458361,0,1
167.0,129.75,1,,,,,,-1.0,0.045698641,0,1
167.0,130.0,1,,,,,,-1.0,0.046825414,0,1
167.0,130.25,1,,,,,,-1.0,0.047963896,0,1
167.0,130.5,1,,,,,,-1.0,0.049113989,0,1
167.0,130.75,1,,,,,,-1.0,0.050275626,0,1
167.0,131.0,1,,,,,,-1.0,0.051448652,0,1
167.0,131.25,1,,,,,,-1.0,0.052632935,0,1
167.0,131.5,1,,,,,,-1.0,0.053828285,0,1
167.0,131.75,1,,,,,,-1.0,0.055034532,0,1
167.0,132.0,1,,,,,,-1.0,0.056251427,0,1
167.0,132.25,1,,,,,,-1.0,0.057478737,0,1
167.0,132.5,1,,,,,,-1.0,0.05871618,0,1
167.0,132.75,1,,,,,,-1.0,0.059963483,0,1
167.0,133.0,1,,,,,,-1.0,0.061220329,0,1
167.0,133.25,1,,,,,,-1.0,0.062486398,0,1
167.0,133.5,1,,,,,,-1.0,0.063761336,0,1
167.0,133.75,1,,,,,,-1.0,0.065044782,0,1
167.0,134.0,1,,,,,,-1.0,0.066336369,0,1
167.0,134.25,1,,,,,,-1.0,0.067635722,0,1
167.0,134.5,1,,,,,,-1.0,0.068942442,0,1
167.0,134.75,1,,,,,,-1.0,0.070256126,0,1
167.0,135.0,1,,,,,,-1.0,0.071576387,0,1
167.0,135.25,1,,,,,,-1.0,0.07290281,0,1
167.0,135.5,1,,,,,,-1.0,0.074234986,0,1
167.0,135.75,1,,,,,,-1.0,0.075572535,0,1
167.0,136.0,1,,,,,,-1.0,0.076915017,0,1
167.0,136.25,1,,,,,,-1.0,0.078262064,0,1
167.0,136.5,1,,,,,,-1.0,0.079613295,0,1
167.0,136.75,1,,,,,,-1.0,0.080968275,0,1
167.0,137.0,1,,,,,,-1.0,0.082326689,0,1
167.0,137.25,1,,,,,,-1.0,0.08368812,0,1
167.0,137.5,1,,,,,,-1.0,0.085052257,0,1
167.0,137.75,1,,,,,,-1.0,0.086418698,0,1
167.0,138.0,1,,,,,,-1.0,0.087787163,0,1
167.25,112.0,2,2167.3902,2168.9553,4164.8041,-1997.4139,468.36908,1486202000.0,-0.012134388,0,1
167.25,112.25,2,2275.4582,2277.2046,4367.9707,-2092.5126,469.76908,2109021000.0,-0.011557567,0,1
167.25,112.5,2,2395.7256,2397.6886,4593.4972,-2197.7716,470.96908,2846880600.0,-0.010976798,0,1
167.25,112.75,2,2530.3861,2532.6104,4845.4856,-2315.0995,472.36908,4039915800.0,-0.010392023,0,1
167.25,113.0,2,2682.1925,2684.728,5128.7816,-2446.5891,473.76908,5732913500.0,-0.0098032074,0,1
167.25,113.25,2,2854.6496,2857.5672,5449.531,-2594.8814,475.36908,8552501900.0,-0.0092102629,0,1
167.25,113.5,2,3052.2842,3055.6793,5816.0017,-2763.7176,476.96908,12758834000.0,-0.0086131243,0,1
167.25,113.75,2,3281.0536,3285.0532,6238.3901,-2957.3365,478.56908,19033943000.0,-0.0080117258,0,1
167.25,114.0,2,3548.9517,3553.7265,6730.9034,-3181.9517,480.56908,31381667000.0,-0.0074060131,0,1
167.25,114.25,2,3866.9693,3872.7546,7312.7414,-3445.7721,482.36908,49216250000.0,-0.0067959238,0,1
167.25,114.5,2,4250.63,4257.7865,8010.2792,-3759.6493,484.56908,85304215000.0,-0.006181368,0,1
167.25,114.75,2,4722.605,4731.6886,8862.2614,-4139.6564,486.76908,147853790000.0,-0.0055622733,0,1
167.25,115.0,2,5317.3521,5329.2572,9926.7167,-4609.3647,489.36908,283219970000.0,-0.0049385766,0,1
167.25,115.25,2,6089.9063,6106.1825,11294.829,-5204.9225,491.96908,542519410000.0,-0.0043102127,0,1
167.25,115.5,2,7133.9215,7157.564,13117.321,-5983.3993,494.96908,1148513600000.0,-0.0036770813,0,1
167.25,115.75,2,8622.6154,8660.1038,15668.819,-7046.2033,498.36908,2687116200000.0,-0.0030391027,0,1
167.25,116.0,2,10915.838,10983.569,19499.375,-8583.5379,502.36908,7304339200000.0,-0.0023962107,0,1
167.25,116.25,2,14902.262,15053.833,25886.167,-10983.906,507.16908,24251260000000.0,-0.0017483218,0,1
167.25,116.5,2,23519.535,24028.257,38706.358,-15186.823,513.16908,108686610000000.0,-0.0010953331,0,1
167.25,116.75,2,55131.013,60204.883,77031.07,-21900.056,521.96908,980898100000000.0,-0.00043715632,0,1
167.25,117.0,1,,,,,,-1.0,0.00022628077,0,1
167.25,117.25,1,,,,,,-1.0,0.00089507859,0,1
167.25,117.5,1,,,,,,-1.0,0.001569344,0,1
167.25,117.75,1,,,,,,-1.0,0.0022491744,0,1
167.25,118.0,1,,,,,,-1.0,0.0029346602,0,1
167.25,118.25,1,,,,,,-1.0,0.0036259003,0,1
167.25,118.5,1,,,,,,-1.0,0.0043230151,0,1
167.25,118.75,1,,,,,,-1.0,0.0050261126,0,1
167.25,119.0,1,,,,,,-1.0,0.0057353035,0,1
167.25,119.25,1,,,,,,-1.0,0.0064507014,0,1
167.25,119.5,1,,,,,,-1.0,0.0071724151,0,1
167.25,119.75,1,,,,,,-1.0,0.0079005703,0,1
167.25,120.0,1,,,,,,-1.0,0.0086352943,0,1
167.25,120.25,1,,,,,,-1.0,0.0093767132,0,1
167.25,120.5,1,,,,,,-1.0,0.010124956,0,1
167.25,120.75,1,,,,,,-1.0,0.010880156,0,1
167.25,121.0,1,,,,,,-1.0,0.01164245,0,1
167.25,121.25,1,,,,,,-1.0,0.012411977,0,1
167.25,121.5,1,,,,,,-1.0,0.013188865,0,1
167.25,121.75,1,,,,,,-1.0,0.013973273,0,1
167.25,122.0,1,,,,,,-1.0,0.014765353,0,1
167.25,122.25,1,,,,,,-1.0,0.015565258,0,1
167.25,122.5,1,,,,,,-1.0,0.016373115,0,1
167.25,122.75,1,,,,,,-1.0,0.017189117,0,1
167.25,123.0,1,,,,,,-1.0,0.018013394,0,1
167.25,123.25,1,,,,,,-1.0,0.018846136,0,1
167.25,123.5,1,,,,,,-1.0,0.019687479,0,1
167.25,123.75,1,,,,,,-1.0,0.020537607,0,1
167.25,124.0,1,,,,,,-1.0,0.021396687,0,1
167.25,124.25,1,,,,,,-1.0,0.02226489,0,1
167.25,124.5,1,,,,,,-1.0,0.023142387,0,1
167.25,124.75,1,,,,,,-1.0,0.024029355,0,1
167.25,125.0,1,,,,,,-1.0,0.024925957,0,1
167.25,125.25,1,,,,,,-1.0,0.025832374,0,1
167.25,125.5,1,,,,,,-1.0,0.026748779,0,1
167.25,125.75,1,,,,,,-1.0,0.027675351,0,1
167.25,126.0,1,,,,,,-1.0,0.028612253,0,1
167.25,126.25,1,,,,,,-1.0,0.029559651,0,1
167.25,126.5,1,,,,,,-1.0,0.030517715,0,1
167.25,126.75,1,,,,,,-1.0,0.031486618,0,1
167.25,127.0,1,,,,,,-1.0,0.032466494,0,1
167.25,127.25,1,,,,,,-1.0,0.033457514,0,1
167.25,127.5,1,,,,,,-1.0,0.034459814,0,1
167.25,127.75,1,,,,,,-1.0,0.035473532,0,1
167.25,128.0,1,,,,,,-1.0,0.036498794,0,1
167.25,128.25,1,,,,,,-1.0,0.037535715,0,1
167.25,128.5,1,,,,,,-1.0,0.038584394,0,1
167.25,128.75,1,,,,,,-1.0,0.039644928,0,1
167.25,129.0,1,,,,,,-1.0,0.04071738,0,1
167.25,129.25,1,,,,,,-1.0,0.041801828,0,1
167.25,129.5,1,,,,,,-1.0,0.0428983,0,1
167.25,129.75,1,,,,,,-1.0,0.044006816,0,1
167.25,130.0,1,,,,,,-1.0,0.045127392,0,1
167.25,130.25,1,,,,,,-1.0,0.046259984,0,1
167.25,130.5,1,,,,,,-1.0,0.047404566,0,1
167.25,130.75,1,,,,,,-1.0,0.04856107,0,1
167.25,131.0,1,,,,,,-1.0,0.049729386,0,1
167.25,131.25,1,,,,,,-1.0,0.050909414,0,1
167.25,131.5,1,,,,,,-1.0,0.052101007,0,1
167.25,131.75,1,,,,,,-1.0,0.053304002,0,1
167.25,132.0,1,,,,,,-1.0,0.054518174,0,1
167.25,132.25,1,,,,,,-1.0,0.055743332,0,1
167.25,132.5,1,,,,,,-1.0,0.05697922,0,1
167.25,132.75,1,,,,,,-1.0,0.058225572,0,1
167.25,133.0,1,,,,,,-1.0,0.059482083,0,1
167.25,133.25,1,,,,,,-1.0,0.06074846,0,1
167.25,133.5,1,,,,,,-1.0,0.06202434,0,1
167.25,133.75,1,,,,,,-1.0,0.063309392,0,1
167.25,134.0,1,,,,,,-1.0,0.064603241,0,1
167.25,134.25,1,,,,,,-1.0,0.065905496,0,1
167.25,134.5,1,,,,,,-1.0,0.067215783,0,1
167.25,134.75,1,,,,,,-1.0,0.068533683,0,1
167.25,135.0,1,,,,,,-1.0,0.069858796,0,1
167.25,135.25,1,,,,,,-1.0,0.071190685,0,1
167.25,135.5,1,,,,,,-1.0,0.072528957,0,1
167.25,135.75,1,,,,,,-1.0,0.073873183,0,1
167.25,136.0,1,,,,,,-1.0,0.075222918,0,1
167.25,136.25,1,,,,,,-1.0,0.076577772,0,1
167.25,136.5,1,,,,,,-1.0,0.077937333,0,1
167.25,136.75,1,,,,,,-1.0,0.079301196,0,1
167.25,137.0,1,,,,,,-1.0,0.080668922,0,1
167.25,137.25,1,,,,,,-1.0,0.082040158,0,1
167.25,137.5,1,,,,,,-1.0,0.083414531,0,1
167.25,137.75,1,,,,,,-1.0,0.084791617,0,1
167.25,138.0,1,,,,,,-1.0,0.08617111,0,1
167.5,112.0,2,1959.8499,1961.0919,3773.5505,-1813.7006,466.37505,902774490.0,-0.013420557,0,1
167.5,112.25,2,2047.2985,2048.6635,3938.6721,-1891.3736,467.57505,1218618100.0,-0.012846885,0,1
167.5,112.5,2,2143.5934,2145.0987,4120.1625,-1976.5691,468.77505,1644962400.0,-0.01226934,0,1
167.5,112.75,2,2250.1524,2251.8227,4320.5273,-2070.3749,469.97505,2220467000.0,-0.011687841,0,1
167.5,113.0,2,2368.7136,2370.5789,4543.0739,-2174.3603,471.37505,3150992600.0,-0.011102328,0,1
167.5,113.25,2,2501.4302,2503.5282,4791.579,-2290.1488,472.77505,4471471300.0,-0.010512741,0,1
167.5,113.5,2,2651.0045,2653.3779,5070.8143,-2419.8098,474.17505,6345319900.0,-0.0099190338,0,1
167.5,113.75,2,2820.8736,2823.5755,5387.1341,-2566.2605,475.77505,9466104900.0,-0.009321141,0,1
167.5,114.0,2,3015.4762,3018.5805,5748.1514,-2732.6752,477.37505,14121769000.0,-0.0087189806,0,1
167.5,114.25,2,3240.6491,3244.2519,6164.5123,-2923.8632,478.97505,21067204000.0,-0.0081124851,0,1
167.5,114.5,2,3504.2207,3508.4427,6649.6076,-3145.3869,480.97505,34733947000.0,-0.0075016031,0,1
167.5,114.75,2,3816.9409,3821.9485,7222.3105,-3405.3696,482.77505,54473673000.0,-0.0068862637,0,1
167.5,115.0,2,4193.9851,4200.0264,7908.8193,-3714.8341,484.97505,94416658000.0,-0.0062663761,0,1
167.5,115.25,2,4657.4878,4664.9364,8747.0805,-4089.5927,487.17505,163647960000.0,-0.0056418658,0,1
167.5,115.5,2,5241.0432,5250.4658,9793.8355,-4552.7924,489.77505,313474340000.0,-0.0050126876,0,1
167.5,115.75,2,5998.2141,6010.6248,11138.314,-5140.1002,492.37505,600472900000.0,-0.004378737,0,1
167.5,116.0,2,7019.9526,7037.2865,12927.997,-5908.0449,495.37505,1271201100000.0,-0.003739928,0,1
167.5,116.25,2,8473.9975,8500.4231,15430.765,-6956.7676,498.97505,3126650300000.0,-0.0030961924,0,1
167.5,116.5,2,10707.414,10753.603,19181.58,-8474.1656,502.77505,8084609800000.0,-0.0024474537,0,1
167.5,116.75,2,14572.223,14673.788,25427.65,-10855.427,507.57505,26841850000000.0,-0.0017936027,0,1
167.5,117.0,2,22857.424,23197.683,37910.834,-15053.41,513.57505,120296830000000.0,-0.0011345506,0,1
167.5,117.25,2,52624.177,55969.386,74877.577,-22253.401,522.37505,1085680500000000.0,-0.00047023824,0,1
167.5,117.5,1,,,,,,-1.0,0.00019945832,0,1
167.5,117.75,1,,,,,,-1.0,0.00087463708,0,1
167.5,118.0,1,,,,,,-1.0,0.0015553862,0,1
167.5,118.25,1,,,,,,-1.0,0.002241797,0,1
167.5,118.5,1,,,,,,-1.0,0.0029339938,0,1
167.5,118.75,1,,,,,,-1.0,0.0036320825,0,1
167.5,119.0,1,,,,,,-1.0,0.0043361669,0,1
167.5,119.25,1,,,,,,-1.0,0.0050463461,0,1
167.5,119.5,1,,,,,,-1.0,0.0057627542,0,1
167.5,119.75,1,,,,,,-1.0,0.0064855086,0,1
167.5,120.0,1,,,,,,-1.0,0.0072147297,0,1
167.5,120.25,1,,,,,,-1.0,0.0079505413,0,1
167.5,120.5,1,,,,,,-1.0,0.0086930702,0,1
167.5,120.75,1,,,,,,-1.0,0.0094424468,0,1
167.5,121.0,1,,,,,,-1.0,0.010198805,0,1
167.5,121.25,1,,,,,,-1.0,0.010962281,0,1
167.5,121.5,1,,,,,,-1.0,0.011733018,0,1
167.5,121.75,1,,,,,,-1.0,0.012511158,0,1
167.5,122.0,1,,,,,,-1.0,0.013296852,0,1
167.5,122.25,1,,,,,,-1.0,0.014090252,0,1
167.5,122.5,1,,,,,,-1.0,0.014891514,0,1
167.5,122.75,1,,,,,,-1.0,0.015700784,0,1
167.5,123.0,1,,,,,,-1.0,0.016518224,0,1
167.5,123.25,1,,,,,,-1.0,0.017344013,0,1
167.5,123.5,1,,,,,,-1.0,0.018178287,0,1
167.5,123.75,1,,,,,,-1.0,0.019021242,0,1
167.5,124.0,1,,,,,,-1.0,0.019873042,0,1
167.5,124.25,1,,,,,,-1.0,0.020733844,0,1
167.5,124.5,1,,,,,,-1.0,0.021603839,0,1
167.5,124.75,1,,,,,,-1.0,0.022483202,0,1
167.5,125.0,1,,,,,,-1.0,0.023372113,0,1
167.5,125.25,1,,,,,,-1.0,0.024270743,0,1
167.5,125.5,1,,,,,,-1.0,0.025179273,0,1
167.5,125.75,1,,,,,,-1.0,0.026097897,0,1
167.5,126.0,1,,,,,,-1.0,0.027026773,0,1
167.5,126.25,1,,,,,,-1.0,0.027966092,0,1
167.5,126.5,1,,,,,,-1.0,0.02891603,0,1
167.5,126.75,1,,,,,,-1.0,0.029876762,0,1
167.5,127.0,1,,,,,,-1.0,0.030848455,0,1
167.5,127.25,1,,,,,,-1.0,0.031831266,0,1
167.5,127.5,1,,,,,,-1.0,0.032825369,0,1
167.5,127.75,1,,,,,,-1.0,0.033830913,0,1
167.5,128.0,1,,,,,,-1.0,0.034848041,0,1
167.5,128.25,1,,,,,,-1.0,0.035876898,0,1
167.5,128.5,1,,,,,,-1.0,0.036917594,0,1
167.5,128.75,1,,,,,,-1.0,0.037970259,0,1
167.5,129.0,1,,,,,,-1.0,0.039034986,0,1
167.5,129.25,1,,,,,,-1.0,0.040111866,0,1
167.5,129.5,1,,,,,,-1.0,0.041200963,0,1
167.5,129.75,1,,,,,,-1.0,0.042302337,0,1
167.5,130.0,1,,,,,,-1.0,0.043416011,0,1
167.5,130.25,1,,,,,,-1.0,0.044542007,0,1
167.5,130.5,1,,,,,,-1.0,0.045680304,0,1
167.5,130.75,1,,,,,,-1.0,0.046830877,0,1
167.5,131.0,1,,,,,,-1.0,0.047993666,0,1
167.5,131.25,1,,,,,,-1.0,0.049168584,0,1
167.5,131.5,1,,,,,,-1.0,0.050355527,0,1
167.5,131.75,1,,,,,,-1.0,0.051554343,0,1
167.5,132.0,1,,,,,,-1.0,0.052764874,0,1
167.5,132.25,1,,,,,,-1.0,0.053986944,0,1
167.5,132.5,1,,,,,,-1.0,0.055220311,0,1
167.5,132.75,1,,,,,,-1.0,0.056464743,0,1
167.5,133.0,1,,,,,,-1.0,0.057719951,0,1
167.5,133.25,1,,,,,,-1.0,0.058985666,0,1
167.5,133.5,1,,,,,,-1.0,0.060261547,0,1
167.5,133.75,1,,,,,,-1.0,0.061547268,0,1
167.5,134.0,1,,,,,,-1.0,0.062842464,0,1
167.5,134.25,1,,,,,,-1.0,0.06414676,0,1
167.5,134.5,1,,,,,,-1.0,0.065459759,0,1
167.5,134.75,1,,,,,,-1.0,0.066781048,0,1
167.5,135.0,1,,,,,,-1.0,0.068110227,0,1
167.5,135.25,1,,,,,,-1.0,0.069446866,0,1
167.5,135.5,1,,,,,,-1.0,0.070790513,0,1
167.5,135.75,1,,,,,,-1.0,0.072140755,0,1
167.5,136.0,1,,,,,,-1.0,0.073497153,0,1
167.5,136.25,1,,,,,,-1.0,0.074859269,0,1
167.5,136.5,1,,,,,,-1.0,0.076226667,0,1
167.5,136.75,1,,,,,,-1.0,0.077598918,0,1
167.5,137.0,1,,,,,,-1.0,0.078975587,0,1
167.5,137.25,1,,,,,,-1.0,0.080356261,0,1
167.5,137.5,1,,,,,,-1.0,0.081740538,0,1
167.5,137.75,1,,,,,,-1.0,0.083128024,0,1
167.5,138.0,1,,,,,,-1.0,0.084518338,0,1
167.75,112.0,2,1787.7643,1788.7774,3447.9046,-1660.1403,464.58102,576493590.0,-0.014713371,0,1
167.75,112.25,2,1859.8394,1860.9372,3584.4872,-1724.6478,465.58102,740232420.0,-0.014142845,0,1
167.75,112.5,2,1938.5178,1939.713,3733.362,-1794.8442,466.78102,999209250.0,-0.013568474,0,1
167.75,112.75,2,2024.7537,2026.0612,3896.2698,-1871.5161,467.98102,1348791400.0,-0.012990202,0,1
167.75,113.0,2,2119.6943,2121.1306,4075.2729,-1955.5786,469.18102,1820678000.0,-0.012407979,0,1
167.75,113.25,2,2224.7325,2226.3133,4272.9436,-2048.2111,470.38102,2457658200.0,-0.011821762,0,1
167.75,113.5,2,2341.5739,2343.3229,4492.3883,-2150.8144,471.78102,3487583000.0,-0.011231463,0,1
167.75,113.75,2,2472.3319,2474.2779,4737.3359,-2265.004,473.18102,4949115800.0,-0.010637021,0,1
167.75,114.0,2,2619.6584,2621.8328,5012.6743,-2393.0159,474.58102,7023129700.0,-0.010038377,0,1
167.75,114.25,2,2786.9218,2789.3571,5324.3772,-2537.4554,475.98102,9966295400.0,-0.0094354879,0,1
167.75,114.5,2,2978.4746,2981.2167,5680.1322,-2701.6576,477.78102,15630262000.0,-0.0088282563,0,1
167.75,114.75,2,3200.0312,3203.1382,6090.0952,-2890.064,479.38102,23317612000.0,-0.0082166123,0,1
167.75,115.0,2,3459.2543,3462.7869,6567.7889,-3108.5346,481.18102,36569294000.0,-0.0076005096,0,1
167.75,115.25,2,3766.658,3770.6956,7131.8226,-3365.1646,483.18102,60292574000.0,-0.0069798647,0,1
167.75,115.5,2,4137.067,4141.7234,7807.3562,-3670.2892,485.38102,104502290000.0,-0.0063545879,0,1
167.75,115.75,2,4592.0814,4597.5045,8631.7198,-4039.6384,487.58102,181128900000.0,-0.0057246155,0,1
167.75,116.0,2,5164.4357,5170.8353,9660.8487,-4496.413,490.18102,346959810000.0,-0.0050898827,0,1
167.75,116.25,2,5906.2308,5913.9959,10980.955,-5074.7242,492.78102,664615670000.0,-0.0044502812,0,1
167.75,116.5,2,6905.7332,6915.6013,12738.925,-5833.1917,495.98102,1479129400000.0,-0.0038057349,0,1
167.75,116.75,2,8325.2618,8338.8462,15193.792,-6868.5306,499.38102,3460640400000.0,-0.0031561855,0,1
167.75,117.0,2,10499.293,10521.215,18863.899,-8364.6058,503.38102,9406995900000.0,-0.0025015118,0,1
167.75,117.25,2,14243.99,14291.141,24969.67,-10725.68,507.98102,29709108000000.0,-0.0018416266,0,1
167.75,117.5,2,22204.013,22371.06,37109.149,-14905.136,513.98102,133146980000000.0,-0.0011764729,0,1
167.75,117.75,2,50204.027,52022.034,72853.708,-22649.68,522.58102,1143048000000000.0,-0.00050591918,0,1
167.75,118.0,1,,,,,,-1.0,0.00017013071,0,1
167.75,118.25,1,,,,,,-1.0,0.00085174539,0,1
167.75,118.5,1,,,,,,-1.0,0.0015390528,0,1
167.75,118.75,1,,,,,,-1.0,0.002232162,0,1
167.75,119.0,1,,,,,,-1.0,0.0029311665,0,1
167.75,119.25,1,,,,,,-1.0,0.0036361729,0,1
167.75,119.5,1,,,,,,-1.0,0.0043473115,0,1
167.75,119.75,1,,,,,,-1.0,0.0050646973,0,1
167.75,120.0,1,,,,,,-1.0,0.0057884422,0,1
167.75,120.25,1,,,,,,-1.0,0.0065186608,0,1
167.75,120.5,1,,,,,,-1.0,0.0072554937,0,1
167.75,120.75,1,,,,,,-1.0,0.0079990688,0,1
167.75,121.0,1,,,,,,-1.0,0.0087495176,0,1
167.75,121.25,1,,,,,,-1.0,0.0095069748,0,1
167.75,121.5,1,,,,,,-1.0,0.010271579,0,1
167.75,121.75,1,,,,,,-1.0,0.011043472,0,1
167.75,122.0,1,,,,,,-1.0,0.0118228,0,1
167.75,122.25,1,,,,,,-1.0,0.012609714,0,1
167.75,122.5,1,,,,,,-1.0,0.013404366,0,1
167.75,122.75,1,,,,,,-1.0,0.014206916,0,1
167.75,123.0,1,,,,,,-1.0,0.015017525,0,1
167.75,123.25,1,,,,,,-1.0,0.015836332,0,1
167.75,123.5,1,,,,,,-1.0,0.016663533,0,1
167.75,123.75,1,,,,,,-1.0,0.017499285,0,1
167.75,124.0,1,,,,,,-1.0,0.018343757,0,1
167.75,124.25,1,,,,,,-1.0,0.019197126,0,1
167.75,124.5,1,,,,,,-1.0,0.020059577,0,1
167.75,124.75,1,,,,,,-1.0,0.02093128,0,1
167.75,125.0,1,,,,,,-1.0,0.021812414,0,1
167.75,125.25,1,,,,,,-1.0,0.02270317,0,1
167.75,125.5,1,,,,,,-1.0,0.023603726,0,1
167.75,125.75,1,,,,,,-1.0,0.024514268,0,1
167.75,126.0,1,,,,,,-1.0,0.025434996,0,1
167.75,126.25,1,,,,,,-1.0,0.026366075,0,1
167.75,126.5,1,,,,,,-1.0,0.02730771,0,1
167.75,126.75,1,,,,,,-1.0,0.028260074,0,1
167.75,127.0,1,,,,,,-1.0,0.029223345,0,1
167.75,127.25,1,,,,,,-1.0,0.030197702,0,1
167.75,127.5,1,,,,,,-1.0,0.031183331,0,1
167.75,127.75,1,,,,,,-1.0,0.03218039,0,1
167.75,128.0,1,,,,,,-1.0,0.03318905,0,1
167.75,128.25,1,,,,,,-1.0,0.034209461,0,1
167.75,128.5,1,,,,,,-1.0,0.03524177,0,1
167.75,128.75,1,,,,,,-1.0,0.036286128,0,1
167.75,129.0,1,,,,,,-1.0,0.037342633,0,1
167.75,129.25,1,,,,,,-1.0,0.03841142,0,1
167.75,129.5,1,,,,,,-1.0,0.039492588,0,1
167.75,129.75,1,,,,,,-1.0,0.040586195,0,1
167.75,130.0,1,,,,,,-1.0,0.041692334,0,1
167.75,130.25,1,,,,,,-1.0,0.042811033,0,1
167.75,130.5,1,,,,,,-1.0,0.043942319,0,1
167.75,130.75,1,,,,,,-1.0,0.045086198,0,1
167.75,131.0,1,,,,,,-1.0,0.046242642,0,1
167.75,131.25,1,,,,,,-1.0,0.047411596,0,1
167.75,131.5,1,,,,,,-1.0,0.048592999,0,1
167.75,131.75,1,,,,,,-1.0,0.049786736,0,1
167.75,132.0,1,,,,,,-1.0,0.050992687,0,1
167.75,132.25,1,,,,,,-1.0,0.052210695,0,1
167.75,132.5,1,,,,,,-1.0,0.053440556,0,1
167.75,132.75,1,,,,,,-1.0,0.054682072,0,1
167.75,133.0,1,,,,,,-1.0,0.055934988,0,1
167.75,133.25,1,,,,,,-1.0,0.057199039,0,1
167.75,133.5,1,,,,,,-1.0,0.058473926,0,1
167.75,133.75,1,,,,,,-1.0,0.05975933,0,1
167.75,134.0,1,,,,,,-1.0,0.061054891,0,1
167.75,134.25,1,,,,,,-1.0,0.062360253,0,1
167.75,134.5,1,,,,,,-1.0,0.063675018,0,1
167.75,134.75,1,,,,,,-1.0,0.064998806,0,1
167.75,135.0,1,,,,,,-1.0,0.066331176,0,1
167.75,135.25,1,,,,,,-1.0,0.06767172,0,1
167.75,135.5,1,,,,,,-1.0,0.069019974,0,1
167.75,135.75,1,,,,,,-1.0,0.070375499,0,1
167.75,136.0,1,,,,,,-1.0,0.071737849,0,1
167.75,136.25,1,,,,,,-1.0,0.07310657,0,1
167.75,136.5,1,,,,,,-1.0,0.074481205,0,1
167.75,136.75,1,,,,,,-1.0,0.075861303,0,1
167.75,137.0,1,,,,,,-1.0,0.077246416,0,1
167.75,137.25,1,,,,,,-1.0,0.078636102,0,1
167.75,137.5,1,,,,,,-1.0,0.080029924,0,1
167.75,137.75,1,,,,,,-1.0,0.081427457,0,1
167.75,138.0,1,,,,,,-1.0,0.082828286,0,1
168.0,112.0,2,1642.7682,1643.6148,3172.6616,-1529.8933,462.78698,368136360.0,-0.016012843,0,1
168.0,112.25,2,1703.0879,1703.9967,3287.2971,-1584.2091,463.78698,472696450.0,-0.01544542,0,1
168.0,112.5,2,1768.4563,1769.4355,3411.3964,-1642.9401,464.98698,638073460.0,-0.014874204,0,1
168.0,112.75,2,1839.5373,1840.5933,3546.1561,-1706.6188,465.98698,819302540.0,-0.014299163,0,1
168.0,113.0,2,1917.1169,1918.259,3693.0199,-1775.903,466.98698,1052005300.0,-0.013720225,0,1
168.0,113.25,2,2002.1323,2003.3722,3853.6797,-1851.5474,468.18698,1420058600.0,-0.013137322,0,1
168.0,113.5,2,2095.7109,2097.0614,4030.2248,-1934.5139,469.38698,1916878600.0,-0.012550393,0,1
168.0,113.75,2,2199.219,2200.6913,4225.1577,-2025.9387,470.78698,2720180200.0,-0.011959399,0,1
168.0,114.0,2,2314.3311,2315.9378,4441.4984,-2127.1673,471.98698,3671859300.0,-0.011364271,0,1
168.0,114.25,2,2443.1218,2444.8789,4682.9399,-2239.8182,473.38698,5210616300.0,-0.010764928,0,1
168.0,114.5,2,2588.1897,2590.1152,4954.2946,-2366.1049,474.98698,7773326100.0,-0.010161303,0,1
168.0,114.75,2,2752.8393,2754.9384,5261.3344,-2508.4951,476.38698,11030875000.0,-0.0095533698,0,1
168.0,115.0,2,2941.3323,2943.6188,5611.7379,-2670.4056,477.98698,16456131000.0,-0.0089410167,0,1
168.0,115.25,2,3159.266,3161.7493,6015.6416,-2856.3756,479.78698,25808352000.0,-0.008324172,0,1
168.0,115.5,2,3414.1377,3416.8041,6485.9862,-3071.8485,481.58698,40475552000.0,-0.007702796,0,1
168.0,115.75,2,3716.2243,3719.0516,7040.9435,-3324.7192,483.58698,66732904000.0,-0.0070767894,0,1
168.0,116.0,2,4080.004,4082.9476,7705.4209,-3625.4168,485.78698,115665010000.0,-0.0064460649,0,1
168.0,116.25,2,4526.5466,4529.489,8516.3578,-3989.8112,487.98698,200476720000.0,-0.0058105771,0,1
168.0,116.5,2,5087.7315,5090.4869,9527.9511,-4440.2196,490.58698,384021350000.0,-0.0051702215,0,1
168.0,116.75,2,5814.22,5816.4647,10824.94,-5010.7202,493.18698,735608570000.0,-0.0045249041,0,1
168.0,117.0,2,6791.6231,6792.7266,12549.393,-5757.7698,496.38698,1637127000000.0,-0.0038745774,0,1
168.0,117.25,2,8176.9169,8175.8161,14955.958,-6779.0411,499.78698,3830299000000.0,-0.0032191215,0,1
168.0,117.5,2,10292.218,10287.103,18549.098,-8256.8797,503.78698,10411832000000.0,-0.0025584408,0,1
168.0,117.75,2,13918.74,13907.082,24506.085,-10587.345,508.38698,32882574000000.0,-0.001892485,0,1
168.0,118.0,2,21561.942,21553.182,36330.003,-14768.06,514.38698,147369470000000.0,-0.0012211165,0,1
168.0,118.25,2,47878.938,48358.737,70961.703,-23082.765,522.78698,1203444200000000.0,-0.00054424384,0,1
168.0,118.5,1,,,,,,-1.0,0.00013820349,0,1
168.0,118.75,1,,,,,,-1.0,0.00082636311,0,1
168.0,119.0,1,,,,,,-1.0,0.0015203347,0,1
168.0,119.25,1,,,,,,-1.0,0.0022201998,0,1
168.0,119.5,1,,,,,,-1.0,0.0029261011,0,1
168.0,119.75,1,,,,,,-1.0,0.0036381516,0,1
168.0,120.0,1,,,,,,-1.0,0.0043564429,0,1
168.0,120.25,1,,,,,,-1.0,0.0050811154,0,1
168.0,120.5,1,,,,,,-1.0,0.0058122967,0,1
168.0,120.75,1,,,,,,-1.0,0.0065501123,0,1
168.0,121.0,1,,,,,,-1.0,0.0072946795,0,1
168.0,121.25,1,,,,,,-1.0,0.0080461375,0,1
168.0,121.5,1,,,,,,-1.0,0.00880463,0,1
168.0,121.75,1,,,,,,-1.0,0.0095702967,0,1
168.0,122.0,1,,,,,,-1.0,0.010343281,0,1
168.0,122.25,1,,,,,,-1.0,0.01112373,0,1
168.0,122.5,1,,,,,,-1.0,0.011911795,0,1
168.0,122.75,1,,,,,,-1.0,0.012707631,0,1
168.0,123.0,1,,,,,,-1.0,0.013511398,0,1
168.0,123.25,1,,,,,,-1.0,0.01432326,0,1
168.0,123.5,1,,,,,,-1.0,0.015143373,0,1
168.0,123.75,1,,,,,,-1.0,0.015971907,0,1
168.0,124.0,1,,,,,,-1.0,0.01680905,0,1
168.0,124.25,1,,,,,,-1.0,0.017654957,0,1
168.0,124.5,1,,,,,,-1.0,0.018509824,0,1
168.0,124.75,1,,,,,,-1.0,0.019373812,0,1
168.0,125.0,1,,,,,,-1.0,0.020247125,0,1
168.0,125.25,1,,,,,,-1.0,0.021129942,0,1
168.0,125.5,1,,,,,,-1.0,0.022022448,0,1
168.0,125.75,1,,,,,,-1.0,0.02292483,0,1
168.0,126.0,1,,,,,,-1.0,0.023837283,0,1
168.0,126.25,1,,,,,,-1.0,0.024760005,0,1
168.0,126.5,1,,,,,,-1.0,0.025693186,0,1
168.0,126.75,1,,,,,,-1.0,0.026637011,0,1
168.0,127.0,1,,,,,,-1.0,0.027591674,0,1
168.0,127.25,1,,,,,,-1.0,0.028557369,0,1
168.0,127.5,1,,,,,,-1.0,0.029534281,0,1
168.0,127.75,1,,,,,,-1.0,0.0305226,0,1
168.0,128.0,1,,,,,,-1.0,0.031522481,0,1
168.0,128.25,1,,,,,,-1.0,0.032534126,0,1
168.0,128.5,1,,,,,,-1.0,0.033557686,0,1
168.0,128.75,1,,,,,,-1.0,0.034593316,0,1
168.0,129.0,1,,,,,,-1.0,0.035641171,0,1
168.0,129.25,1,,,,,,-1.0,0.036701392,0,1
168.0,129.5,1,,,,,,-1.0,0.0377741,0,1
168.0,129.75,1,,,,,,-1.0,0.038859398,0,1
168.0,130.0,1,,,,,,-1.0,0.039957386,0,1
168.0,130.25,1,,,,,,-1.0,0.041068145,0,1
168.0,130.5,1,,,,,,-1.0,0.042191728,0,1
168.0,130.75,1,,,,,,-1.0,0.043328167,0,1
168.0,131.0,1,,,,,,-1.0,0.04447749,0,1
168.0,131.25,1,,,,,,-1.0,0.045639662,0,1
168.0,131.5,1,,,,,,-1.0,0.046814666,0,1
168.0,131.75,1,,,,,,-1.0,0.048002425,0,1
168.0,132.0,1,,,,,,-1.0,0.049202861,0,1
168.0,132.25,1,,,,,,-1.0,0.050415836,0,1
168.0,132.5,1,,,,,,-1.0,0.051641203,0,1
168.0,132.75,1,,,,,,-1.0,0.052878784,0,1
168.0,133.0,1,,,,,,-1.0,0.054128367,0,1
168.0,133.25,1,,,,,,-1.0,0.055389711,0,1
168.0,133.5,1,,,,,,-1.0,0.056662552,0,1
168.0,133.75,1,,,,,,-1.0,0.057946566,0,1
168.0,134.0,1,,,,,,-1.0,0.059241456,0,1
168.0,134.25,1,,,,,,-1.0,0.060546857,0,1
168.0,134.5,1,,,,,,-1.0,0.061862394,0,1
168.0,134.75,1,,,,,,-1.0,0.063187683,0,1
168.0,135.0,1,,,,,,-1.0,0.064522295,0,1
168.0,135.25,1,,,,,,-1.0,0.065865822,0,1
168.0,135.5,1,,,,,,-1.0,0.067217785,0,1
168.0,135.75,1,,,,,,-1.0,0.068577757,0,1
168.0,136.0,1,,,,,,-1.0,0.069945271,0,1
168.0,136.25,1,,,,,,-1.0,0.071319857,0,1
168.0,136.5,1,,,,,,-1.0,0.072701045,0,1
168.0,136.75,1,,,,,,-1.0,0.074088364,0,1
168.0,137.0,1,,,,,,-1.0,0.075481338,0,1
168.0,137.25,1,,,,,,-1.0,0.07687949,0,1
168.0,137.5,1,,,,,,-1.0,0.078282375,0,1
168.0,137.75,1,,,,,,-1.0,0.07968954,0,1
168.0,138.0,1,,,,,,-1.0,0.081100538,0,1
168.25,112.0,2,1518.9355,1519.6588,2936.9144,-1417.9789,461.39292,259807350.0,-0.017318983,0,1
168.25,112.25,2,1570.0743,1570.8447,3034.3628,-1464.2885,462.19292,317329420.0,-0.016754645,0,1
168.25,112.5,2,1625.1517,1625.9716,3139.2244,-1514.0727,463.19292,407459040.0,-0.016186595,0,1
168.25,112.75,2,1684.6431,1685.5183,3252.3543,-1567.7112,464.19292,523187760.0,-0.015614749,0,1
168.25,113.0,2,1749.1035,1750.0405,3374.7813,-1625.6778,465.19292,671786390.0,-0.015039049,0,1
168.25,113.25,2,1819.1855,1820.1915,3507.7093,-1688.5238,466.19292,862590790.0,-0.014459437,0,1
168.25,113.5,2,1895.661,1896.7404,3652.513,-1756.852,467.39292,1164375800.0,-0.013875881,0,1
168.25,113.75,2,1979.451,1980.6092,3810.9728,-1831.5217,468.59292,1571742900.0,-0.013288308,0,1
168.25,114.0,2,2071.6615,2072.9061,3985.0675,-1913.406,469.79292,2121631000.0,-0.012696641,0,1
168.25,114.25,2,2173.6341,2174.9717,4177.2139,-2003.5799,470.99292,2863902300.0,-0.012100822,0,1
168.25,114.5,2,2287.0127,2288.4406,4390.4176,-2103.4049,472.39292,4064070800.0,-0.011500821,0,1
168.25,114.75,2,2413.8307,2415.3506,4628.4169,-2214.5862,473.79292,5767191000.0,-0.010896532,0,1
168.25,115.0,2,2556.6382,2558.2462,4895.7023,-2339.0641,475.19292,8184033600.0,-0.010287886,0,1
168.25,115.25,2,2718.6717,2720.3456,5198.1565,-2479.4848,476.79292,12209143000.0,-0.0096748536,0,1
168.25,115.5,2,2904.1073,2905.8178,5543.4005,-2639.2932,478.39292,18213902000.0,-0.009057328,0,1
168.25,115.75,2,3118.4236,3120.122,5940.972,-2822.5484,480.19292,28565084000.0,-0.0084352296,0,1
168.25,116.0,2,3368.9531,3370.539,6403.9682,-3035.0151,481.99292,44798969000.0,-0.0078085271,0,1
168.25,116.25,2,3665.7398,3667.0716,6949.955,-3284.2152,483.99292,73861014000.0,-0.0071771016,0,1
168.25,116.5,2,4022.9199,4023.7634,7603.8463,-3580.9264,486.19292,128019820000.0,-0.0065408779,0,1
168.25,116.75,2,4461.0326,4460.9839,8401.2648,-3940.2322,488.39292,221890750000.0,-0.0058998072,0,1
168.25,117.0,2,5011.122,5009.5399,9394.9955,-4383.8735,490.99292,425040790000.0,-0.005253765,0,1
168.25,117.25,2,5722.4139,5718.1675,10668.722,-4946.3078,493.59292,814182980000.0,-0.0046026888,0,1
168.25,117.5,2,6677.9174,6668.9478,12360.933,-5683.0153,496.79292,1811997500000.0,-0.0039464914,0,1
168.25,117.75,2,8029.3618,8011.7145,14719.838,-6690.4766,500.19292,4239434400000.0,-0.0032850578,0,1
168.25,118.0,2,10086.793,10051.784,18236.902,-8150.1099,504.19292,11523977000000.0,-0.0026183356,0,1
168.25,118.25,2,13597.464,13523.282,24055.994,-10458.53,508.79292,36394944000000.0,-0.0019461951,0,1
168.25,118.5,2,20932.778,20747.382,35567.545,-14634.766,514.79292,163110820000000.0,-0.001268543,0,1
168.25,118.75,2,45652.229,44966.417,69038.06,-23385.831,522.99292,1267028700000000.0,-0.00058530225,0,1
168.25,119.0,1,,,,,,-1.0,0.00010366453,0,1
168.25,119.25,1,,,,,,-1.0,0.00079844009,0,1
168.25,119.5,1,,,,,,-1.0,0.0014991372,0,1
168.25,119.75,1,,,,,,-1.0,0.002205886,0,1
168.25,120.0,1,,,,,,-1.0,0.0029187755,0,1
168.25,120.25,1,,,,,,-1.0,0.0036379374,0,1
168.25,120.5,1,,,,,,-1.0,0.0043635036,0,1
168.25,120.75,1,,,,,,-1.0,0.0050955838,0,1
168.25,121.0,1,,,,,,-1.0,0.0058343033,0,1
168.25,121.25,1,,,,,,-1.0,0.0065798091,0,1
168.25,121.5,1,,,,,,-1.0,0.0073322344,0,1
168.25,121.75,1,,,,,,-1.0,0.0080917143,0,1
168.25,122.0,1,,,,,,-1.0,0.0088583775,0,1
168.25,122.25,1,,,,,,-1.0,0.0096323856,0,1
168.25,122.5,1,,,,,,-1.0,0.010413887,0,1
168.25,122.75,1,,,,,,-1.0,0.011203034,0,1
168.25,123.0,1,,,,,,-1.0,0.011999984,0,1
168.25,123.25,1,,,,,,-1.0,0.012804897,0,1
168.25,123.5,1,,,,,,-1.0,0.013617939,0,1
168.25,123.75,1,,,,,,-1.0,0.01443928,0,1
168.25,124.0,1,,,,,,-1.0,0.015269073,0,1
168.25,124.25,1,,,,,,-1.0,0.016107513,0,1
168.25,124.5,1,,,,,,-1.0,0.016954786,0,1
168.25,124.75,1,,,,,,-1.0,0.017811043,0,1
168.25,125.0,1,,,,,,-1.0,0.018676507,0,1
168.25,125.25,1,,,,,,-1.0,0.019551326,0,1
168.25,125.5,1,,,,,,-1.0,0.020435721,0,1
168.25,125.75,1,,,,,,-1.0,0.021329877,0,1
168.25,126.0,1,,,,,,-1.0,0.022233987,0,1
168.25,126.25,1,,,,,,-1.0,0.023148246,0,1
168.25,126.5,1,,,,,,-1.0,0.024072855,0,1
168.25,126.75,1,,,,,,-1.0,0.025008022,0,1
168.25,127.0,1,,,,,,-1.0,0.02595392,0,1
168.25,127.25,1,,,,,,-1.0,0.026910777,0,1
168.25,127.5,1,,,,,,-1.0,0.027878776,0,1
168.25,127.75,1,,,,,,-1.0,0.028858111,0,1
168.25,128.0,1,,,,,,-1.0,0.029848972,0,1
168.25,128.25,1,,,,,,-1.0,0.030851552,0,1
168.25,128.5,1,,,,,,-1.0,0.031866044,0,1
168.25,128.75,1,,,,,,-1.0,0.032892612,0,1
168.25,129.0,1,,,,,,-1.0,0.033931427,0,1
168.25,129.25,1,,,,,,-1.0,0.034982644,0,1
168.25,129.5,1,,,,,,-1.0,0.036046421,0,1
168.25,129.75,1,,,,,,-1.0,0.037122893,0,1
168.25,130.0,1,,,,,,-1.0,0.038212183,0,1
168.25,130.25,1,,,,,,-1.0,0.0393144,0,1
168.25,130.5,1,,,,,,-1.0,0.040429629,0,1
168.25,130.75,1,,,,,,-1.0,0.041557947,0,1
168.25,131.0,1,,,,,,-1.0,0.042699391,0,1
168.25,131.25,1,,,,,,-1.0,0.043853998,0,1
168.25,131.5,1,,,,,,-1.0,0.045021767,0,1
168.25,131.75,1,,,,,,-1.0,0.046202673,0,1
168.25,132.0,1,,,,,,-1.0,0.047396664,0,1
168.25,132.25,1,,,,,,-1.0,0.048603657,0,1
168.25,132.5,1,,,,,,-1.0,0.049823541,0,1
168.25,132.75,1,,,,,,-1.0,0.051056167,0,1
168.25,133.0,1,,,,,,-1.0,0.052301376,0,1
168.25,133.25,1,,,,,,-1.0,0.053558937,0,1
168.25,133.5,1,,,,,,-1.0,0.054828633,0,1
168.25,133.75,1,,,,,,-1.0,0.056110191,0,1
168.25,134.0,1,,,,,,-1.0,0.057403298,0,1
168.25,134.25,1,,,,,,-1.0,0.058707642,0,1
168.25,134.5,1,,,,,,-1.0,0.060022864,0,1
168.25,134.75,1,,,,,,-1.0,0.061348586,0,1
168.25,135.0,1,,,,,,-1.0,0.062684404,0,1
168.25,135.25,1,,,,,,-1.0,0.064029881,0,1
168.25,135.5,1,,,,,,-1.0,0.065384589,0,1
168.25,135.75,1,,,,,,-1.0,0.066748071,0,1
168.25,136.0,1,,,,,,-1.0,0.068119853,0,1
168.25,136.25,1,,,,,,-1.0,0.069499455,0,1
168.25,136.5,1,,,,,,-1.0,0.070886395,0,1
168.25,136.75,1,,,,,,-1.0,0.072280185,0,1
168.25,137.0,1,,,,,,-1.0,0.073680341,0,1
168.25,137.25,1,,,,,,-1.0,0.075086336,0,1
168.25,137.5,1,,,,,,-1.0,0.076497722,0,1
168.25,137.75,1,,,,,,-1.0,0.077914019,0,1
168.25,138.0,1,,,,,,-1.0,0.079334734,0,1
168.5,112.0,2,1411.9505,1412.5799,2732.7534,-1320.8028,459.79886,174412850.0,-0.018631827,0,1
168.5,112.25,2,1455.7889,1456.4524,2816.4927,-1360.7038,460.59886,213028340.0,-0.018070584,0,1
168.5,112.5,2,1502.7533,1503.4544,2906.124,-1403.3707,461.59886,273533800.0,-0.017505649,0,1
168.5,112.75,2,1553.1922,1553.935,3002.2934,-1449.1012,462.59886,351224350.0,-0.016936966,0,1
168.5,113.0,2,1607.508,1608.2968,3105.7413,-1498.2332,463.39886,428986390.0,-0.016364482,0,1
168.5,113.25,2,1666.1678,1667.005,3217.3414,-1551.1736,464.39886,550829430.0,-0.015788162,0,1
168.5,113.5,2,1729.717,1730.6052,3338.0889,-1608.372,465.59886,743541950.0,-0.015207943,0,1
168.5,113.75,2,1798.7967,1799.7399,3469.1482,-1670.3515,466.59886,954726770.0,-0.014623749,0,1
168.5,114.0,2,1874.1653,1875.1671,3611.9784,-1737.8131,467.79886,1288746300.0,-0.01403552,0,1
168.5,114.25,2,1956.7265,1957.784,3768.1961,-1811.4696,468.79886,1654783100.0,-0.013443232,0,1
168.5,114.5,2,2047.5665,2048.6791,3939.7559,-1892.1894,470.19886,2348248900.0,-0.012846787,0,1
168.5,114.75,2,2148.0027,2149.1668,4129.161,-1981.1583,471.39886,3169804500.0,-0.012246115,0,1
168.5,115.0,2,2259.6465,2260.848,4339.2895,-2079.6429,472.79886,4498166700.0,-0.011641183,0,1
168.5,115.25,2,2384.4944,2385.7124,4573.743,-2189.2487,474.19886,6383202400.0,-0.011031902,0,1
168.5,115.5,2,2525.0443,2526.2499,4837.049,-2312.0047,475.59886,9058195400.0,-0.010418187,0,1
168.5,115.75,2,2684.469,2685.6046,5134.9921,-2450.5231,477.19886,13513240000.0,-0.0098000076,0,1
168.5,116.0,2,2866.8581,2867.8442,5474.9277,-2608.0697,478.79886,20159385000.0,-0.0091772576,0,1
168.5,116.25,2,3077.5725,3078.2907,5866.3515,-2788.779,480.59886,31616208000.0,-0.008549857,0,1
168.5,116.5,2,3323.7833,3324.0356,6321.9085,-2998.1252,482.39886,49584085000.0,-0.0079177686,0,1
168.5,116.75,2,3615.304,3614.8096,6859.2803,-3243.9763,484.39886,81750335000.0,-0.0072808662,0,1
168.5,117.0,2,3965.9277,3964.2365,7502.5058,-3536.5781,486.59886,141694020000.0,-0.0066390956,0,1
168.5,117.25,2,4395.6794,4392.0771,8286.243,-3890.5636,488.79886,245591580000.0,-0.0059923687,0,1
168.5,117.5,2,4934.7686,4928.1081,9262.6862,-4327.9177,491.39886,470440700000.0,-0.0053405778,0,1
168.5,117.75,2,5631.0193,5619.287,10513.442,-4882.4231,493.99886,901148370000.0,-0.0046836806,0,1
168.5,118.0,2,6564.8806,6544.4998,12173.789,-5608.9085,497.19886,2005542600000.0,-0.0040215366,0,1
168.5,118.25,2,7882.9445,7846.834,14485.647,-6602.7023,500.59886,4692261400000.0,-0.0033540846,0,1
168.5,118.5,2,9883.5005,9816.0491,17927.863,-8044.3625,504.59886,12754889000000.0,-0.0026812157,0,1
168.5,118.75,2,13280.885,13140.927,23610.737,-10329.852,509.19886,40282399000000.0,-0.0020028226,0,1
168.5,119.0,2,20318.241,19956.229,34803.621,-14485.38,514.99886,171728480000000.0,-0.0013188336,0,1
168.5,119.25,2,43525.438,41835.51,67170.837,-23645.4,523.19886,1333969900000000.0,-0.00062910539,0,1
168.5,119.5,1,,,,,,-1.0,6.6433161e-05,0,1
168.5,119.75,1,,,,,,-1.0,0.00076791489,0,1
168.5,120.0,1,,,,,,-1.0,0.0014754549,0,1
168.5,120.25,1,,,,,,-1.0,0.0021891426,0,1
168.5,120.5,1,,,,,,-1.0,0.0029091309,0,1
168.5,120.75,1,,,,,,-1.0,0.0036355236,0,1
168.5,121.0,1,,,,,,-1.0,0.0043684427,0,1
168.5,121.25,1,,,,,,-1.0,0.0051080365,0,1
168.5,121.5,1,,,,,,-1.0,0.0058544274,0,1
168.5,121.75,1,,,,,,-1.0,0.0066077386,0,1
168.5,122.0,1,,,,,,-1.0,0.0073681303,0,1
168.5,122.25,1,,,,,,-1.0,0.008135744,0,1
168.5,122.5,1,,,,,,-1.0,0.0089107251,0,1
168.5,122.75,1,,,,,,-1.0,0.0096932144,0,1
168.5,123.0,1,,,,,,-1.0,0.010483374,0,1
168.5,123.25,1,,,,,,-1.0,0.011281365,0,1
168.5,123.5,1,,,,,,-1.0,0.012087352,0,1
168.5,123.75,1,,,,,,-1.0,0.0129015,0,1
168.5,124.0,1,,,,,,-1.0,0.013723982,0,1
168.5,124.25,1,,,,,,-1.0,0.014554963,0,1
168.5,124.5,1,,,,,,-1.0,0.015394623,0,1
168.5,124.75,1,,,,,,-1.0,0.016243155,0,1
168.5,125.0,1,,,,,,-1.0,0.017100746,0,1
168.5,125.25,1,,,,,,-1.0,0.017967559,0,1
168.5,125.5,1,,,,,,-1.0,0.01884382,0,1
168.5,125.75,1,,,,,,-1.0,0.019729696,0,1
168.5,126.0,1,,,,,,-1.0,0.020625398,0,1
168.5,126.25,1,,,,,,-1.0,0.021531128,0,1
168.5,126.5,1,,,,,,-1.0,0.022447086,0,1
168.5,126.75,1,,,,,,-1.0,0.023373474,0,1
168.5,127.0,1,,,,,,-1.0,0.024310503,0,1
168.5,127.25,1,,,,,,-1.0,0.025258372,0,1
168.5,127.5,1,,,,,,-1.0,0.026217288,0,1
168.5,127.75,1,,,,,,-1.0,0.027187457,0,1
168.5,128.0,1,,,,,,-1.0,0.028169086,0,1
168.5,128.25,1,,,,,,-1.0,0.029162373,0,1
168.5,128.5,1,,,,,,-1.0,0.030167518,0,1
168.5,128.75,1,,,,,,-1.0,0.031184715,0,1
168.5,129.0,1,,,,,,-1.0,0.032214145,0,1
168.5,129.25,1,,,,,,-1.0,0.033255991,0,1
168.5,129.5,1,,,,,,-1.0,0.03431043,0,1
168.5,129.75,1,,,,,,-1.0,0.035377616,0,1
168.5,130.0,1,,,,,,-1.0,0.036457705,0,1
168.5,130.25,1,,,,,,-1.0,0.037550826,0,1
168.5,130.5,1,,,,,,-1.0,0.038657112,0,1
168.5,130.75,1,,,,,,-1.0,0.03977665,0,1
168.5,131.0,1,,,,,,-1.0,0.040909545,0,1
168.5,131.25,1,,,,,,-1.0,0.042055841,0,1
168.5,131.5,1,,,,,,-1.0,0.043215579,0,1
168.5,131.75,1,,,,,,-1.0,0.044388795,0,1
168.5,132.0,1,,,,,,-1.0,0.045575454,0,1
168.5,132.25,1,,,,,,-1.0,0.046775529,0,1
168.5,132.5,1,,,,,,-1.0,0.04798894,0,1
168.5,132.75,1,,,,,,-1.0,0.049215597,0,1
168.5,133.0,1,,,,,,-1.0,0.050455363,0,1
168.5,133.25,1,,,,,,-1.0,0.051708077,0,1
168.5,133.5,1,,,,,,-1.0,0.052973521,0,1
168.5,133.75,1,,,,,,-1.0,0.054251478,0,1
168.5,134.0,1,,,,,,-1.0,0.055541678,0,1
168.5,134.25,1,,,,,,-1.0,0.056843818,0,1
168.5,134.5,1,,,,,,-1.0,0.058157575,0,1
168.5,134.75,1,,,,,,-1.0,0.059482592,0,1
168.5,135.0,1,,,,,,-1.0,0.060818485,0,1
168.5,135.25,1,,,,,,-1.0,0.06216483,0,1
168.5,135.5,1,,,,,,-1.0,0.063521213,0,1
168.5,135.75,1,,,,,,-1.0,0.064887155,0,1
168.5,136.0,1,,,,,,-1.0,0.066262205,0,1
168.5,136.25,1,,,,,,-1.0,0.067645876,0,1
168.5,136.5,1,,,,,,-1.0,0.069037677,0,1
168.5,136.75,1,,,,,,-1.0,0.070437078,0,1
168.5,137.0,1,,,,,,-1.0,0.071843597,0,1
168.5,137.25,1,,,,,,-1.0,0.073256732,0,1
168.5,137.5,1,,,,,,-1.0,0.074675931,0,1
168.5,137.75,1,,,,,,-1.0,0.076100732,0,1
168.5,138.0,1,,,,,,-1.0,0.07753061,0,1
168.75,112.0,2,1318.5962,1319.1507,2554.2428,-1235.6465,458.40479,123089010.0,-0.019951431,0,1
168.75,112.25,2,1356.5388,1357.1201,2626.8676,-1270.3288,459.20479,150341260.0,-0.019393232,0,1
168.75,112.5,2,1396.9997,1397.6104,2704.2524,-1307.2527,460.00479,183627230.0,-0.018831389,0,1
168.75,112.75,2,1440.2397,1440.8826,2786.8825,-1346.6428,461.00479,235782030.0,-0.018265849,0,1
168.75,113.0,2,1486.5569,1487.2344,2875.3083,-1388.7514,461.80479,287984820.0,-0.017696568,0,1
168.75,113.25,2,1536.2938,1537.0063,2970.175,-1433.8812,462.80479,369779830.0,-0.017123512,0,1
168.75,113.5,2,1589.8459,1590.5959,3072.2028,-1482.3569,463.80479,474806700.0,-0.016546594,0,1
168.75,113.75,2,1647.6723,1648.4622,3182.244,-1534.5717,464.80479,609663870.0,-0.015965756,0,1
168.75,114.0,2,1710.3087,1711.1378,3301.3192,-1591.0105,465.80479,782823900.0,-0.015380961,0,1
168.75,114.25,2,1778.3847,1779.2509,3430.5717,-1652.187,466.80479,1005165800.0,-0.014792149,0,1
168.75,114.5,2,1852.645,1853.5468,3571.3731,-1718.7281,468.00479,1356831900.0,-0.014199234,0,1
168.75,114.75,2,1933.9776,1934.9081,3725.3248,-1791.3473,469.20479,1831531500.0,-0.013602168,0,1
168.75,115.0,2,2023.4485,2024.3936,3894.4615,-1871.013,470.40479,2472308900.0,-0.013000903,0,1
168.75,115.25,2,2122.3501,2123.2937,4081.0565,-1958.7064,471.80479,3508373300.0,-0.012395339,0,1
168.75,115.5,2,2232.2646,2233.1767,4288.1038,-2055.8392,473.00479,4735808600.0,-0.011785429,0,1
168.75,115.75,2,2355.1484,2355.9832,4519.0655,-2163.9171,474.40479,6720432400.0,-0.011171109,0,1
168.75,116.0,2,2493.4513,2494.1484,4778.4217,-2284.9704,476.00479,10025707000.0,-0.010552277,0,1
168.75,116.25,2,2650.2815,2650.741,5071.8214,-2421.5399,477.60479,14956597000.0,-0.009928901,0,1
168.75,116.5,2,2829.6428,2829.7281,5406.467,-2576.8243,479.20479,22312621000.0,-0.0093008742,0,1
168.75,116.75,2,3036.7811,3036.2916,5791.7753,-2754.9942,481.00479,34993156000.0,-0.0086681216,0,1
168.75,117.0,2,3278.7067,3277.3374,6240.2703,-2961.5636,482.80479,54880193000.0,-0.0080305875,0,1
168.75,117.25,2,3565.0035,3562.3191,6768.7987,-3203.7952,484.80479,90482141000.0,-0.0073881493,0,1
168.75,117.5,2,3909.1336,3904.4406,7401.3764,-3492.2428,487.00479,156828440000.0,-0.0067407723,0,1
168.75,117.75,2,4330.6062,4322.8543,8171.8088,-3841.2027,489.20479,271823370000.0,-0.0060883257,0,1
168.75,118.0,2,4858.8173,4846.2846,9131.2019,-4272.3847,491.80479,520688770000.0,-0.0054307469,0,1
168.75,118.25,2,5540.2112,5519.9879,10359.265,-4819.0537,494.40479,997400600000.0,-0.0047679353,0,1
168.75,118.5,2,6452.7289,6419.5822,11988.097,-5535.3683,497.60479,2219755900000.0,-0.004099791,0,1
168.75,118.75,2,7737.9565,7681.5872,14252.238,-6514.2815,501.00479,5193444800000.0,-0.0034262379,0,1
168.75,119.0,2,9682.7336,9580.4791,17619.121,-7936.3874,505.00479,14117247000000.0,-0.0027471429,0,1
168.75,119.25,2,12969.662,12761.003,23165.685,-10196.024,509.60479,44584988000000.0,-0.0020624512,0,1
168.75,119.5,2,19719.119,19182.792,34051.691,-14332.573,515.40479,190070910000000.0,-0.001372008,0,1
168.75,119.75,2,41498.863,38947.871,65283.87,-23785.007,523.40479,1404444600000000.0,-0.00067574797,0,1
168.75,120.0,1,,,,,,-1.0,2.6470381e-05,0,1
168.75,120.25,1,,,,,,-1.0,0.0007347463,0,1
168.75,120.5,1,,,,,,-1.0,0.0014491945,0,1
168.75,120.75,1,,,,,,-1.0,0.0021699566,0,1
168.75,121.0,1,,,,,,-1.0,0.002897115,0,1
168.75,121.25,1,,,,,,-1.0,0.0036308378,0,1
168.75,121.5,1,,,,,,-1.0,0.0043712376,0,1
168.75,121.75,1,,,,,,-1.0,0.0051184405,0,1
168.75,122.0,1,,,,,,-1.0,0.005872605,0,1
168.75,122.25,1,,,,,,-1.0,0.0066338614,0,1
168.75,122.5,1,,,,,,-1.0,0.0074023422,0,1
168.75,122.75,1,,,,,,-1.0,0.0081782158,0,1
168.75,123.0,1,,,,,,-1.0,0.0089616328,0,1
168.75,123.25,1,,,,,,-1.0,0.0097527478,0,1
168.75,123.5,1,,,,,,-1.0,0.010551717,0,1
168.75,123.75,1,,,,,,-1.0,0.011358703,0,1
168.75,124.0,1,,,,,,-1.0,0.012173882,0,1
168.75,124.25,1,,,,,,-1.0,0.012997427,0,1
168.75,124.5,1,,,,,,-1.0,0.013829515,0,1
168.75,124.75,1,,,,,,-1.0,0.014670316,0,1
168.75,125.0,1,,,,,,-1.0,0.015520027,0,1
168.75,125.25,1,,,,,,-1.0,0.01637884,0,1
168.75,125.5,1,,,,,,-1.0,0.017246943,0,1
168.75,125.75,1,,,,,,-1.0,0.018124521,0,1
168.75,126.0,1,,,,,,-1.0,0.019011794,0,1
168.75,126.25,1,,,,,,-1.0,0.019908949,0,1
168.75,126.5,1,,,,,,-1.0,0.020816191,0,1
168.75,126.75,1,,,,,,-1.0,0.021733737,0,1
168.75,127.0,1,,,,,,-1.0,0.022661793,0,1
168.75,127.25,1,,,,,,-1.0,0.023600572,0,1
168.75,127.5,1,,,,,,-1.0,0.024550292,0,1
168.75,127.75,1,,,,,,-1.0,0.025511142,0,1
168.75,128.0,1,,,,,,-1.0,0.02648337,0,1
168.75,128.25,1,,,,,,-1.0,0.027467157,0,1
168.75,128.5,1,,,,,,-1.0,0.02846273,0,1
168.75,128.75,1,,,,,,-1.0,0.029470298,0,1
168.75,129.0,1,,,,,,-1.0,0.030490052,0,1
168.75,129.25,1,,,,,,-1.0,0.031522201,0,1
168.75,129.5,1,,,,,,-1.0,0.032566929,0,1
168.75,129.75,1,,,,,,-1.0,0.033624427,0,1
168.75,130.0,1,,,,,,-1.0,0.034694869,0,1
168.75,130.25,1,,,,,,-1.0,0.03577841,0,1
168.75,130.5,1,,,,,,-1.0,0.036875212,0,1
168.75,130.75,1,,,,,,-1.0,0.037985395,0,1
168.75,131.0,1,,,,,,-1.0,0.039109078,0,1
168.75,131.25,1,,,,,,-1.0,0.04024638,0,1
168.75,131.5,1,,,,,,-1.0,0.041397355,0,1
168.75,131.75,1,,,,,,-1.0,0.042562078,0,1
168.75,132.0,1,,,,,,-1.0,0.043740554,0,1
168.75,132.25,1,,,,,,-1.0,0.044932813,0,1
168.75,132.5,1,,,,,,-1.0,0.046138813,0,1
168.75,132.75,1,,,,,,-1.0,0.04735851,0,1
168.75,133.0,1,,,,,,-1.0,0.048591794,0,1
168.75,133.25,1,,,,,,-1.0,0.049838561,0,1
168.75,133.5,1,,,,,,-1.0,0.051098651,0,1
168.75,133.75,1,,,,,,-1.0,0.052371864,0,1
168.75,134.0,1,,,,,,-1.0,0.053657979,0,1
168.75,134.25,1,,,,,,-1.0,0.054956738,0,1
168.75,134.5,1,,,,,,-1.0,0.056267831,0,1
168.75,134.75,1,,,,,,-1.0,0.057590945,0,1
168.75,135.0,1,,,,,,-1.0,0.058925714,0,1
168.75,135.25,1,,,,,,-1.0,0.060271752,0,1
168.75,135.5,1,,,,,,-1.0,0.061628626,0,1
168.75,135.75,1,,,,,,-1.0,0.062995917,0,1
168.75,136.0,1,,,,,,-1.0,0.064373137,0,1
168.75,136.25,1,,,,,,-1.0,0.065759814,0,1
168.75,136.5,1,,,,,,-1.0,0.067155438,0,1
168.75,136.75,1,,,,,,-1.0,0.068559503,0,1
168.75,137.0,1,,,,,,-1.0,0.0699715,0,1
168.75,137.25,1,,,,,,-1.0,0.071390883,0,1
168.75,137.5,1,,,,,,-1.0,0.072817131,0,1
168.75,137.75,1,,,,,,-1.0,0.074249706,0,1
168.75,138.0,1,,,,,,-1.0,0.075688095,0,1
169.0,112.0,2,1236.4253,1236.9206,2396.8264,-1160.4012,457.21071,91321674.0,-0.021277796,0,1
169.0,112.25,2,1269.5419,1270.0587,2460.3275,-1190.7856,457.81071,106100650.0,-0.02072262,0,1
169.0,112.5,2,1304.7137,1305.254,2527.7218,-1223.008,458.61071,129591620.0,-0.020163849,0,1
169.0,112.75,2,1342.1395,1342.7053,2599.3829,-1257.2434,459.61071,166398940.0,-0.019601431,0,1
169.0,113.0,2,1382.0444,1382.6359,2675.7301,-1293.6857,460.41071,203240120.0,-0.019035341,0,1
169.0,113.25,2,1424.6847,1425.303,2757.2323,-1332.5475,461.21071,248238050.0,-0.018465508,0,1
169.0,113.5,2,1470.3536,1471.0005,2844.4458,-1374.0922,462.21071,318743960.0,-0.017891867,0,1
169.0,113.75,2,1519.3876,1520.0645,2938.0099,-1418.6222,463.01071,389314760.0,-0.017314361,0,1
169.0,114.0,2,1572.1753,1572.8792,3038.6311,-1466.4558,464.01071,499890040.0,-0.016732973,0,1
169.0,114.25,2,1629.1676,1629.8976,3147.156,-1517.9885,465.01071,641871520.0,-0.016147606,0,1
169.0,114.5,2,1690.8909,1691.6452,3264.5501,-1573.6592,466.21071,866435920.0,-0.015558195,0,1
169.0,114.75,2,1757.9638,1758.7338,3391.9324,-1633.9687,467.21071,1112525700.0,-0.014964712,0,1
169.0,115.0,2,1831.1179,1831.8933,3530.7212,-1699.6033,468.41071,1501752700.0,-0.014367073,0,1
169.0,115.25,2,1911.2244,1911.9918,3682.4845,-1771.26,469.61071,2027154100.0,-0.013765197,0,1
169.0,115.5,2,1999.3307,2000.0623,3849.1227,-1849.792,470.81071,2736371800.0,-0.013159063,0,1
169.0,115.75,2,2096.7045,2097.3673,4033.0241,-1936.3197,472.01071,3693715600.0,-0.012548563,0,1
169.0,116.0,2,2204.8984,2205.4432,4236.9636,-2032.0653,473.41071,5241631900.0,-0.011933631,0,1
169.0,116.25,2,2325.8305,2326.1819,4464.4695,-2138.639,474.81071,7438229700.0,-0.011314225,0,1
169.0,116.5,2,2461.9022,2461.9633,4719.9127,-2258.0106,476.21071,10555350000.0,-0.010690227,0,1
169.0,116.75,2,2616.1579,2615.7801,5008.8415,-2392.6836,477.81071,15746732000.0,-0.010061604,0,1
169.0,117.0,2,2792.517,2791.4991,5338.3295,-2545.8125,479.41071,23491364000.0,-0.0094282476,0,1
169.0,117.25,2,2996.1108,2994.1613,5717.6046,-2721.4938,481.21071,36841793000.0,-0.0087900892,0,1
169.0,117.5,2,3233.7925,3230.487,6158.8042,-2925.0116,483.21071,60741848000.0,-0.0081470518,0,1
169.0,117.75,2,3514.9209,3509.6458,6678.9025,-3163.9816,485.21071,100146380000.0,-0.0074990316,0,1
169.0,118.0,2,3852.6268,3844.4412,7300.7878,-3448.161,487.21071,165113460000.0,-0.0068459742,0,1
169.0,118.25,2,4265.918,4253.3969,8058.0769,-3792.159,489.61071,300856340000.0,-0.0061877473,0,1
169.0,118.5,2,4783.3893,4764.2038,9000.6192,-4217.2299,492.21071,576302600000.0,-0.0055243114,0,1
169.0,118.75,2,5450.1328,5420.4219,10206.259,-4756.1261,494.81071,1103931200000.0,-0.0048555159,0,1
169.0,119.0,2,6341.6381,6294.4103,11803.306,-5461.6683,498.01071,2456844000000.0,-0.0041813202,0,1
169.0,119.25,2,7594.6217,7516.3231,14022.544,-6427.9219,501.41071,5748147300000.0,-0.0035015718,0,1
169.0,119.5,2,9484.825,9345.5038,17316.956,-7832.1313,505.41071,15625084000000.0,-0.0028162147,0,1
169.0,119.75,2,12664.2,12384.782,22727.279,-10063.078,510.01071,49347031000000.0,-0.0021251037,0,1
169.0,120.0,2,19136.162,18428.516,33314.965,-14178.803,515.81071,210372040000000.0,-0.0014281641,0,1
169.0,120.25,2,39571.457,36289.088,63553.572,-23982.115,523.61071,1478639400000000.0,-0.00072525783,0,1
169.0,120.5,2,500000.0,1615674.7,500000.0,0.0,541.61071,1.3310287e+17,-1.6289755e-05,1,1
169.0,120.75,1,,,,,,-1.0,0.00069886866,0,1
169.0,121.0,1,,,,,,-1.0,0.0014203376,0,1
169.0,121.25,1,,,,,,-1.0,0.0021482309,0,1
169.0,121.5,1,,,,,,-1.0,0.002882701,0,1
169.0,121.75,1,,,,,,-1.0,0.0036238394,0,1
169.0,122.0,1,,,,,,-1.0,0.0043718216,0,1
169.0,122.25,1,,,,,,-1.0,0.0051267641,0,1
169.0,122.5,1,,,,,,-1.0,0.0058888096,0,1
169.0,122.75,1,,,,,,-1.0,0.006658121,0,1
169.0,123.0,1,,,,,,-1.0,0.007434833,0,1
169.0,123.25,1,,,,,,-1.0,0.0082190972,0,1
169.0,123.5,1,,,,,,-1.0,0.0090110861,0,1
169.0,123.75,1,,,,,,-1.0,0.0098109597,0,1
169.0,124.0,1,,,,,,-1.0,0.010618883,0,1
169.0,124.25,1,,,,,,-1.0,0.011435025,0,1
169.0,124.5,1,,,,,,-1.0,0.012259557,0,1
169.0,124.75,1,,,,,,-1.0,0.013092666,0,1
169.0,125.0,1,,,,,,-1.0,0.013934528,0,1
169.0,125.25,1,,,,,,-1.0,0.014785336,0,1
169.0,125.5,1,,,,,,-1.0,0.015645284,0,1
169.0,125.75,1,,,,,,-1.0,0.016514573,0,1
169.0,126.0,1,,,,,,-1.0,0.017393394,0,1
169.0,126.25,1,,,,,,-1.0,0.018281948,0,1
169.0,126.5,1,,,,,,-1.0,0.019180454,0,1
169.0,126.75,1,,,,,,-1.0,0.020089116,0,1
169.0,127.0,1,,,,,,-1.0,0.021008137,0,1
169.0,127.25,1,,,,,,-1.0,0.021937747,0,1
169.0,127.5,1,,,,,,-1.0,0.022878161,0,1
169.0,127.75,1,,,,,,-1.0,0.023829599,0,1
169.0,128.0,1,,,,,,-1.0,0.024792275,0,1
169.0,128.25,1,,,,,,-1.0,0.025766411,0,1
169.0,128.5,1,,,,,,-1.0,0.026752233,0,1
169.0,128.75,1,,,,,,-1.0,0.027749961,0,1
169.0,129.0,1,,,,,,-1.0,0.028759803,0,1
169.0,129.25,1,,,,,,-1.0,0.029781975,0,1
169.0,129.5,1,,,,,,-1.0,0.030816694,0,1
169.0,129.75,1,,,,,,-1.0,0.031864152,0,1
169.0,130.0,1,,,,,,-1.0,0.032924555,0,1
169.0,130.25,1,,,,,,-1.0,0.033998081,0,1
169.0,130.5,1,,,,,,-1.0,0.035084914,0,1
169.0,130.75,1,,,,,,-1.0,0.036185212,0,1
169.0,131.0,1,,,,,,-1.0,0.037299129,0,1
169.0,131.25,1,,,,,,-1.0,0.038426791,0,1
169.0,131.5,1,,,,,,-1.0,0.039568325,0,1
169.0,131.75,1,,,,,,-1.0,0.040723807,0,1
169.0,132.0,1,,,,,,-1.0,0.041893323,0,1
169.0,132.25,1,,,,,,-1.0,0.043076918,0,1
169.0,132.5,1,,,,,,-1.0,0.044274594,0,1
169.0,132.75,1,,,,,,-1.0,0.045486357,0,1
169.0,133.0,1,,,,,,-1.0,0.046712161,0,1
169.0,133.25,1,,,,,,-1.0,0.047951923,0,1
169.0,133.5,1,,,,,,-1.0,0.049205541,0,1
169.0,133.75,1,,,,,,-1.0,0.050472869,0,1
169.0,134.0,1,,,,,,-1.0,0.051753717,0,1
169.0,134.25,1,,,,,,-1.0,0.053047873,0,1
169.0,134.5,1,,,,,,-1.0,0.054355089,0,1
169.0,134.75,1,,,,,,-1.0,0.055675046,0,1
169.0,135.0,1,,,,,,-1.0,0.057007444,0,1
169.0,135.25,1,,,,,,-1.0,0.058351909,0,1
169.0,135.5,1,,,,,,-1.0,0.059708051,0,1
169.0,135.75,1,,,,,,-1.0,0.061075443,0,1
169.0,136.0,1,,,,,,-1.0,0.062453642,0,1
169.0,136.25,1,,,,,,-1.0,0.063842156,0,1
169.0,136.5,1,,,,,,-1.0,0.065240494,0,1
169.0,136.75,1,,,,,,-1.0,0.066648138,0,1
169.0,137.0,1,,,,,,-1.0,0.068064573,0,1
169.0,137.25,1,,,,,,-1.0,0.069489251,0,1
169.0,137.5,1,,,,,,-1.0,0.070921622,0,1
169.0,137.75,1,,,,,,-1.0,0.07236113,0,1
169.0,138.0,1,,,,,,-1.0,0.073807243,0,1
169.25,112.0,2,1163.5429,1163.9907,2256.9758,-1093.4329,455.81663,64448493.0,-0.022610957,0,1
169.25,112.25,2,1192.6623,1193.1276,2312.8982,-1120.2359,456.61663,78717568.0,-0.022058784,0,1
169.25,112.5,2,1223.4783,1223.9626,2372.0344,-1148.5561,457.41663,96145854.0,-0.021503063,0,1
169.25,112.75,2,1256.1447,1256.6494,2434.6912,-1178.5465,458.21663,117432810.0,-0.020943745,0,1
169.25,113.0,2,1290.8344,1291.3588,2501.1845,-1210.3501,459.01663,143432760.0,-0.020380816,0,1
169.25,113.25,2,1327.7427,1328.2881,2571.8795,-1244.1368,459.81663,175189170.0,-0.019814184,0,1
169.25,113.5,2,1367.091,1367.6586,2647.1866,-1280.0957,460.61663,213976530.0,-0.019243797,0,1
169.25,113.75,2,1409.1312,1409.7216,2727.5815,-1318.4503,461.61663,274751310.0,-0.018669605,0,1
169.25,114.0,2,1454.1514,1454.7618,2813.6,-1359.4486,462.41663,335582010.0,-0.018091584,0,1
169.25,114.25,2,1502.4823,1503.1121,2905.8585,-1403.3762,463.41663,430895820.0,-0.017509636,0,1
169.25,114.5,2,1554.5058,1555.153,3005.0672,-1450.5614,464.41663,553281190.0,-0.016923702,0,1
169.25,114.75,2,1610.6651,1611.3212,3112.0277,-1501.3627,465.41663,710427110.0,-0.016333767,0,1
169.25,115.0,2,1671.4774,1672.1349,3227.7513,-1556.2739,466.41663,912206470.0,-0.015739726,0,1
169.25,115.25,2,1737.5501,1738.1977,3353.3353,-1615.7852,467.41663,1171296300.0,-0.015141514,0,1
169.25,115.5,2,1809.6019,1810.2168,3490.0844,-1680.4825,468.61663,1581084600.0,-0.014539112,0,1
169.25,115.75,2,1888.4887,1889.0458,3639.6456,-1751.1569,469.81663,2134241000.0,-0.013932402,0,1
169.25,116.0,2,1975.238,1975.6979,3803.8272,-1828.5892,471.01663,2880924000.0,-0.013321341,0,1
169.25,116.25,2,2071.0944,2071.4019,3984.9914,-1913.897,472.41663,4088225800.0,-0.012705861,0,1
169.25,116.5,2,2177.5805,2177.6638,4185.9139,-2008.3333,473.61663,5518527500.0,-0.012085863,0,1
169.25,116.75,2,2296.5774,2296.327,4410.005,-2113.4277,475.21663,8232675700.0,-0.011461323,0,1
169.25,117.0,2,2430.4378,2429.7159,4661.5895,-2231.1516,476.61663,11682723000.0,-0.010832108,0,1
169.25,117.25,2,2582.1436,2580.7468,4946.0791,-2363.9355,478.21663,17428575000.0,-0.01019819,0,1
169.25,117.5,2,2755.5312,2753.1865,5270.3616,-2514.8305,479.81663,26000378000.0,-0.0095594486,0,1
169.25,117.75,2,2955.6191,2951.9344,5643.6579,-2688.0388,481.61663,40776710000.0,-0.0089158299,0,1
169.25,118.0,2,3189.1037,3183.5261,6077.7912,-2888.6875,483.41663,63950611000.0,-0.0082672309,0,1
169.25,118.25,2,3465.1237,3456.8441,6589.385,-3124.2614,485.41663,105436730000.0,-0.0076135759,0,1
169.25,118.5,2,3796.4847,3784.302,7200.8798,-3404.3951,487.61663,182748530000.0,-0.0069547688,0,1
169.25,118.75,2,4201.7017,4183.7722,7945.1875,-3743.4857,490.01663,332989540000.0,-0.0062907214,0,1
169.25,119.0,2,4708.5839,4681.9727,8871.0158,-4162.4319,492.41663,606746500000.0,-0.0056213368,0,1
169.25,119.25,2,5360.9008,5320.6992,10054.026,-4693.1256,495.21663,1221837400000.0,-0.00494652,0,1
169.25,119.5,2,6231.7621,6169.2238,11620.852,-5389.0902,498.41663,2719249200000.0,-0.004266168,0,1
169.25,119.75,2,7453.1206,7351.2855,13794.01,-6340.8898,501.81663,6362082700000.0,-0.0035801827,0,1
169.25,120.0,2,9289.9959,9111.7834,17015.898,-7725.9024,505.61663,16450499000000.0,-0.0028884516,0,1
169.25,120.25,2,12364.889,12012.984,22300.333,-9935.4443,510.41663,54617579000000.0,-0.0021908748,0,1
169.25,120.5,2,18569.824,17695.43,32593.519,-14023.695,516.01663,221485210000000.0,-0.0014873301,0,1
169.25,120.75,2,37740.393,33841.416,61912.208,-24171.816,523.81663,1556750300000000.0,-0.00077771407,0,1
169.25,121.0,2,500000.0,425208.18,500000.0,0.0,539.41663,7.6907278e+16,-6.1896611e-05,1,1
169.25,121.25,1,,,,,,-1.0,0.00066023305,0,1
169.25,121.5,1,,,,,,-1.0,0.0013888083,0,1
169.25,121.75,1,,,,,,-1.0,0.0021239542,0,1
169.25,122.0,1,,,,,,-1.0,0.0028657999,0,1
169.25,122.25,1,,,,,,-1.0,0.0036144947,0,1
169.25,122.5,1,,,,,,-1.0,0.0043701531,0,1
169.25,122.75,1,,,,,,-1.0,0.0051329519,0,1
169.25,123.0,1,,,,,,-1.0,0.0059030063,0,1
169.25,123.25,1,,,,,,-1.0,0.0066804877,0,1
169.25,123.5,1,,,,,,-1.0,0.0074655582,0,1
169.25,123.75,1,,,,,,-1.0,0.0082583539,0,1
169.25,124.0,1,,,,,,-1.0,0.0090590538,0,1
169.25,124.25,1,,,,,,-1.0,0.0098678311,0,1
169.25,124.5,1,,,,,,-1.0,0.010684856,0,1
169.25,124.75,1,,,,,,-1.0,0.011510305,0,1
169.25,125.0,1,,,,,,-1.0,0.012344357,0,1
169.25,125.25,1,,,,,,-1.0,0.013187199,0,1
169.25,125.5,1,,,,,,-1.0,0.01403902,0,1
169.25,125.75,1,,,,,,-1.0,0.014900019,0,1
169.25,126.0,1,,,,,,-1.0,0.015770397,0,1
169.25,126.25,1,,,,,,-1.0,0.016650362,0,1
169.25,126.5,1,,,,,,-1.0,0.017540111,0,1
169.25,126.75,1,,,,,,-1.0,0.018439858,0,1
169.25,127.0,1,,,,,,-1.0,0.019349824,0,1
169.25,127.25,1,,,,,,-1.0,0.020270228,0,1
169.25,127.5,1,,,,,,-1.0,0.021201275,0,1
169.25,127.75,1,,,,,,-1.0,0.022143205,0,1
169.25,128.0,1,,,,,,-1.0,0.023096242,0,1
169.25,128.25,1,,,,,,-1.0,0.024060616,0,1
169.25,128.5,1,,,,,,-1.0,0.025036536,0,1
169.25,128.75,1,,,,,,-1.0,0.026024258,0,1
169.25,129.0,1,,,,,,-1.0,0.027023987,0,1
169.25,129.25,1,,,,,,-1.0,0.028035964,0,1
169.25,129.5,1,,,,,,-1.0,0.029060409,0,1
169.25,129.75,1,,,,,,-1.0,0.030097544,0,1
169.25,130.0,1,,,,,,-1.0,0.031147574,0,1
169.25,130.25,1,,,,,,-1.0,0.032210723,0,1
169.25,130.5,1,,,,,,-1.0,0.033287175,0,1
169.25,130.75,1,,,,,,-1.0,0.03437712,0,1
169.25,131.0,1,,,,,,-1.0,0.035480746,0,1
169.25,131.25,1,,,,,,-1.0,0.036598215,0,1
169.25,131.5,1,,,,,,-1.0,0.037729674,0,1
169.25,131.75,1,,,,,,-1.0,0.038875258,0,1
169.25,132.0,1,,,,,,-1.0,0.040035066,0,1
169.25,132.25,1,,,,,,-1.0,0.041209195,0,1
169.25,132.5,1,,,,,,-1.0,0.042397704,0,1
169.25,132.75,1,,,,,,-1.0,0.043600631,0,1
169.25,133.0,1,,,,,,-1.0,0.044817978,0,1
169.25,133.25,1,,,,,,-1.0,0.046049709,0,1
169.25,133.5,1,,,,,,-1.0,0.047295784,0,1
169.25,133.75,1,,,,,,-1.0,0.048556088,0,1
169.25,134.0,1,,,,,,-1.0,0.049830503,0,1
169.25,134.25,1,,,,,,-1.0,0.051118839,0,1
169.25,134.5,1,,,,,,-1.0,0.052420904,0,1
169.25,134.75,1,,,,,,-1.0,0.053736448,0,1
169.25,135.0,1,,,,,,-1.0,0.055065177,0,1
169.25,135.25,1,,,,,,-1.0,0.056406775,0,1
169.25,135.5,1,,,,,,-1.0,0.057760863,0,1
169.25,135.75,1,,,,,,-1.0,0.059127053,0,1
169.25,136.0,1,,,,,,-1.0,0.060504934,0,1
169.25,136.25,1,,,,,,-1.0,0.061894016,0,1
169.25,136.5,1,,,,,,-1.0,0.063293833,0,1
169.25,136.75,1,,,,,,-1.0,0.064703874,0,1
169.25,137.0,1,,,,,,-1.0,0.06612359,0,1
169.25,137.25,1,,,,,,-1.0,0.067552468,0,1
169.25,137.5,1,,,,,,-1.0,0.068989915,0,1
169.25,137.75,1,,,,,,-1.0,0.070435394,0,1
169.25,138.0,1,,,,,,-1.0,0.071888311,0,1
169.5,112.0,2,1098.4597,1098.8686,2131.9006,-1033.4408,454.82253,50266677.0,-0.023950949,0,1
169.5,112.25,2,1124.2335,1124.6568,2181.4721,-1057.2386,455.42253,58401546.0,-0.023401758,0,1
169.5,112.5,2,1151.4221,1151.8609,2233.7336,-1082.3115,456.22253,71331810.0,-0.022849066,0,1
169.5,112.75,2,1180.1461,1180.6013,2288.9152,-1108.7691,456.82253,82875739.0,-0.02229283,0,1
169.5,113.0,2,1210.5404,1211.0114,2347.2707,-1136.7303,457.62253,101224660.0,-0.021733028,0,1
169.5,113.25,2,1242.7561,1243.2439,2409.0836,-1166.3276,458.42253,123636070.0,-0.021169574,0,1
169.5,113.5,2,1276.9632,1277.4688,2474.6708,-1197.7076,459.22253,151009440.0,-0.020602417,0,1
169.5,113.75,2,1313.3539,1313.8772,2544.3955,-1231.0416,460.02253,184443350.0,-0.020031511,0,1
169.5,114.0,2,1352.1455,1352.6843,2618.6644,-1266.5188,461.02253,236829950.0,-0.019456828,0,1
169.5,114.25,2,1393.5859,1394.1394,2697.9415,-1304.3556,461.82253,289264750.0,-0.018878273,0,1
169.5,114.5,2,1437.9581,1438.5248,2782.7375,-1344.7794,462.82253,371423290.0,-0.018295789,0,1
169.5,114.75,2,1485.5873,1486.1595,2873.6918,-1388.1045,463.62253,453657440.0,-0.017709367,0,1
169.5,115.0,2,1536.8487,1537.4207,2971.4976,-1434.6489,464.62253,582507680.0,-0.017118896,0,1
169.5,115.25,2,1592.1777,1592.7401,3076.9543,-1484.7766,465.62253,747954670.0,-0.016524318,0,1
169.5,115.5,2,1652.0826,1652.6176,3190.9853,-1538.9027,466.62253,960392800.0,-0.015925611,0,1
169.5,115.75,2,1717.1606,1717.6487,3314.7576,-1597.597,467.82253,1296394700.0,-0.015322659,0,1
169.5,116.0,2,1788.1169,1788.5272,3449.5038,-1661.3869,469.02253,1749949800.0,-0.014715429,0,1
169.5,116.25,2,1865.7925,1866.0833,3596.8758,-1731.0832,470.22253,2362185100.0,-0.014103843,0,1
169.5,116.5,2,1951.1959,1951.3128,3758.6382,-1807.4423,471.42253,3188616400.0,-0.013487814,0,1
169.5,116.75,2,2045.5484,2045.4117,3937.0889,-1891.5405,472.62253,4304181900.0,-0.012867309,0,1
169.5,117.0,2,2150.343,2149.8539,4134.9793,-1984.6363,474.02253,6107924900.0,-0.012242202,0,1
169.5,117.25,2,2267.4241,2266.4368,4355.6834,-2088.2592,475.42253,8667558000.0,-0.011612477,0,1
169.5,117.5,2,2399.097,2397.4272,4603.4309,-2204.3339,477.02253,12930477000.0,-0.010977995,0,1
169.5,117.75,2,2548.2814,2545.6653,4883.532,-2335.2506,478.62253,19290005000.0,-0.010338729,0,1
169.5,118.0,2,2718.7309,2714.8187,5202.7475,-2484.0165,480.22253,28777306000.0,-0.0096945497,0,1
169.5,118.25,2,2915.3543,2909.6448,5570.1258,-2654.7715,482.02253,45131800000.0,-0.0090454152,0,1
169.5,118.5,2,3144.6939,3136.4953,5997.272,-2852.5781,483.82253,70780751000.0,-0.0083911954,0,1
169.5,118.75,2,3415.6705,3403.9668,6500.2851,-3084.6145,485.82253,116697730000.0,-0.0077318455,0,1
169.5,119.0,2,3740.7714,3724.0849,7101.6733,-3360.9019,488.02253,202266690000.0,-0.0070672248,0,1
169.5,119.25,2,4138.0286,4114.0759,7832.9618,-3694.9332,490.42253,368553940000.0,-0.006397292,0,1
169.5,119.5,2,4634.4842,4599.6913,8742.1706,-4107.6863,492.82253,671549070000.0,-0.0057218938,0,1
169.5,119.75,2,5272.6177,5220.9928,9903.7524,-4631.1347,495.62253,1352333800000.0,-0.0050409848,0,1
169.5,120.0,2,6123.2032,6044.2013,11439.569,-5316.3655,498.62253,2862890600000.0,-0.0043544124,0,1
169.5,120.25,2,7313.5961,7186.8261,13569.25,-6255.6542,502.22253,7041574600000.0,-0.0036621096,0,1
169.5,120.5,2,9098.4326,8879.72,16718.878,-7620.4458,506.02253,18207467000000.0,-0.0029639386,0,1
169.5,120.75,2,12071.949,11646.553,21875.078,-9803.1293,510.62253,57502695000000.0,-0.0022598055,0,1
169.5,121.0,2,18020.332,16984.498,31886.57,-13866.238,516.42253,245140570000000.0,-0.0015495863,0,1
169.5,121.25,2,36002.609,31589.243,60334.317,-24331.708,524.02253,1638984000000000.0,-0.00083316162,0,1
169.5,121.5,2,676513.27,238357.77,220306.22,456207.06,538.22253,5.705847e+16,-0.00011041782,0,1
169.5,121.75,1,,,,,,-1.0,0.00061878564,0,1
169.5,122.0,1,,,,,,-1.0,0.0013545587,0,1
169.5,122.25,1,,,,,,-1.0,0.0020970562,0,1
169.5,122.5,1,,,,,,-1.0,0.0028463934,0,1
169.5,122.75,1,,,,,,-1.0,0.0036027297,0,1
169.5,123.0,1,,,,,,-1.0,0.0043661983,0,1
169.5,123.25,1,,,,,,-1.0,0.0051369499,0,1
169.5,123.5,1,,,,,,-1.0,0.0059151513,0,1
169.5,123.75,1,,,,,,-1.0,0.0067009287,0,1
169.5,124.0,1,,,,,,-1.0,0.0074944762,0,1
169.5,124.25,1,,,,,,-1.0,0.0082959508,0,1
169.5,124.5,1,,,,,,-1.0,0.0091055043,0,1
169.5,124.75,1,,,,,,-1.0,0.0099233337,0,1
169.5,125.0,1,,,,,,-1.0,0.010749616,0,1
169.5,125.25,1,,,,,,-1.0,0.011584532,0,1
169.5,125.5,1,,,,,,-1.0,0.012428269,0,1
169.5,125.75,1,,,,,,-1.0,0.013281021,0,1
169.5,126.0,1,,,,,,-1.0,0.014142984,0,1
169.5,126.25,1,,,,,,-1.0,0.015014363,0,1
169.5,126.5,1,,,,,,-1.0,0.015895368,0,1
169.5,126.75,1,,,,,,-1.0,0.016786215,0,1
169.5,127.0,1,,,,,,-1.0,0.017687108,0,1
169.5,127.25,1,,,,,,-1.0,0.018598271,0,1
169.5,127.5,1,,,,,,-1.0,0.01951993,0,1
169.5,127.75,1,,,,,,-1.0,0.020452318,0,1
169.5,128.0,1,,,,,,-1.0,0.021395644,0,1
169.5,128.25,1,,,,,,-1.0,0.022350157,0,1
169.5,128.5,1,,,,,,-1.0,0.023316092,0,1
169.5,128.75,1,,,,,,-1.0,0.024293678,0,1
169.5,129.0,1,,,,,,-1.0,0.025283148,0,1
169.5,129.25,1,,,,,,-1.0,0.026284758,0,1
169.5,129.5,1,,,,,,-1.0,0.027298723,0,1
169.5,129.75,1,,,,,,-1.0,0.028325284,0,1
169.5,130.0,1,,,,,,-1.0,0.029364679,0,1
169.5,130.25,1,,,,,,-1.0,0.030417116,0,1
169.5,130.5,1,,,,,,-1.0,0.031482838,0,1
169.5,130.75,1,,,,,,-1.0,0.032562038,0,1
169.5,131.0,1,,,,,,-1.0,0.033654934,0,1
169.5,131.25,1,,,,,,-1.0,0.034761715,0,1
169.5,131.5,1,,,,,,-1.0,0.035882551,0,1
169.5,131.75,1,,,,,,-1.0,0.037017618,0,1
169.5,132.0,1,,,,,,-1.0,0.038167063,0,1
169.5,132.25,1,,,,,,-1.0,0.039331007,0,1
169.5,132.5,1,,,,,,-1.0,0.040509563,0,1
169.5,132.75,1,,,,,,-1.0,0.041702795,0,1
169.5,133.0,1,,,,,,-1.0,0.042910764,0,1
169.5,133.25,1,,,,,,-1.0,0.044133498,0,1
169.5,133.5,1,,,,,,-1.0,0.045370983,0,1
169.5,133.75,1,,,,,,-1.0,0.046623184,0,1
169.5,134.0,1,,,,,,-1.0,0.047889997,0,1
169.5,134.25,1,,,,,,-1.0,0.049171328,0,1
169.5,134.5,1,,,,,,-1.0,0.050466996,0,1
169.5,134.75,1,,,,,,-1.0,0.051776826,0,1
169.5,135.0,1,,,,,,-1.0,0.053100562,0,1
169.5,135.25,1,,,,,,-1.0,0.054437937,0,1
169.5,135.5,1,,,,,,-1.0,0.055788612,0,1
169.5,135.75,1,,,,,,-1.0,0.057152243,0,1
169.5,136.0,1,,,,,,-1.0,0.058528432,0,1
169.5,136.25,1,,,,,,-1.0,0.059916728,0,1
169.5,136.5,1,,,,,,-1.0,0.061316682,0,1
169.5,136.75,1,,,,,,-1.0,0.062727797,0,1
169.5,137.0,1,,,,,,-1.0,0.064149552,0,1
169.5,137.25,1,,,,,,-1.0,0.065581391,0,1
169.5,137.5,1,,,,,,-1.0,0.067022764,0,1
169.5,137.75,1,,,,,,-1.0,0.068473076,0,1
169.5,138.0,1,,,,,,-1.0,0.069931757,0,1
169.75,112.0,2,1039.9882,1040.3648,2019.3941,-979.40595,453.62843,37293394.0,-0.025297805,0,1
169.75,112.25,2,1062.9355,1063.324,2063.5845,-1000.649,454.22843,43328742.0,-0.024751576,0,1
169.75,112.5,2,1087.0732,1087.4747,2110.0458,-1022.9725,455.02843,52921845.0,-0.024201892,0,1
169.75,112.75,2,1112.4974,1112.9125,2158.9554,-1046.4581,455.62843,61486412.0,-0.02364871,0,1
169.75,113.0,2,1139.3144,1139.7424,2210.5185,-1071.2041,456.42843,75099673.0,-0.023092012,0,1
169.75,113.25,2,1167.6429,1168.0845,2264.9521,-1097.3092,457.22843,91726948.0,-0.022531713,0,1
169.75,113.5,2,1197.6154,1198.0713,2322.5069,-1124.8915,457.82843,106571510.0,-0.021967761,0,1
169.75,113.75,2,1229.3805,1229.851,2383.4723,-1154.0918,458.62843,130166740.0,-0.021400109,0,1
169.75,114.0,2,1263.1055,1263.5881,2448.1563,-1185.0507,459.42843,158986010.0,-0.020828738,0,1
169.75,114.25,2,1298.979,1299.4731,2516.9165,-1217.9375,460.42843,204142080.0,-0.020253551,0,1
169.75,114.5,2,1337.215,1337.7193,2590.1481,-1252.9331,461.22843,249339700.0,-0.01967449,0,1
169.75,114.75,2,1378.0569,1378.5654,2668.3092,-1290.2523,462.02843,304544190.0,-0.019091546,0,1
169.75,115.0,2,1421.783,1422.2908,2751.9228,-1330.1398,463.02843,391042480.0,-0.018504615,0,1
169.75,115.25,2,1468.7128,1469.213,2841.5815,-1372.8687,464.02843,502108490.0,-0.017913635,0,1
169.75,115.5,2,1519.2154,1519.6931,2937.962,-1418.7466,465.02843,644720060.0,-0.017318593,0,1
169.75,115.75,2,1573.7188,1574.159,3041.9013,-1468.1825,466.02843,827836940.0,-0.016719369,0,1
169.75,116.0,2,1632.7223,1633.1013,3154.2936,-1521.5714,467.02843,1062963700.0,-0.016115929,0,1
169.75,116.25,2,1696.8127,1697.0983,3276.2448,-1579.4321,468.02843,1364872400.0,-0.015508203,0,1
169.75,116.5,2,1766.683,1766.8344,3409.0305,-1642.3476,469.22843,1842385000.0,-0.014896102,0,1
169.75,116.75,2,1843.1584,1843.1153,3554.2223,-1711.0639,470.42843,2486959600.0,-0.014279598,0,1
169.75,117.0,2,1927.2292,1926.9192,3713.5961,-1786.3669,471.62843,3357044400.0,-0.013658562,0,1
169.75,117.25,2,2020.0936,2019.4104,3889.3913,-1869.2977,473.02843,4763872700.0,-0.013032985,0,1
169.75,117.5,2,2123.2156,2122.0292,4084.3029,-1961.0873,474.42843,6760257200.0,-0.012402725,0,1
169.75,117.75,2,2238.4027,2236.5291,4301.6653,-2063.2625,475.82843,9593261500.0,-0.011767763,0,1
169.75,118.0,2,2367.9139,2365.1179,4545.5648,-2177.6508,477.22843,13613486000.0,-0.011127963,0,1
169.75,118.25,2,2514.6073,2510.5596,4821.3397,-2306.7324,478.82843,20308935000.0,-0.010483298,0,1
169.75,118.5,2,2682.1558,2676.4237,5135.5452,-2453.3894,480.62843,31850750000.0,-0.0098336242,0,1
169.75,118.75,2,2875.3585,2867.3255,5497.0796,-2621.7211,482.22843,47515735000.0,-0.0091789178,0,1
169.75,119.0,2,3100.608,3089.4307,5917.3233,-2816.7154,484.22843,78340204000.0,-0.0085190275,0,1
169.75,119.25,2,3366.611,3351.0621,6412.0416,-3045.4306,486.22843,129161160000.0,-0.0078539114,0,1
169.75,119.5,2,3685.5424,3663.8376,7003.0901,-3317.5477,488.42843,223868970000.0,-0.0071834365,0,1
169.75,119.75,2,4074.9611,4044.3844,7721.8053,-3646.8441,490.62843,388021570000.0,-0.0065075281,0,1
169.75,120.0,2,4561.157,4517.4378,8614.8704,-4053.7134,493.22843,743271160000.0,-0.0058260781,0,1
169.75,120.25,2,5185.3526,5121.4401,9754.4282,-4569.0756,496.02843,1496764300000.0,-0.0051389736,0,1
169.75,120.5,2,6016.06,5919.5114,11261.023,-5244.9631,499.02843,3168650100000.0,-0.0044461347,0,1
169.75,120.75,2,7176.1662,7023.2309,13346.059,-6169.8927,502.42843,7413522200000.0,-0.0037474128,0,1
169.75,121.0,2,8910.2823,8649.7459,16427.77,-7517.488,506.42843,20152043000000.0,-0.003042742,0,1
169.75,121.25,2,11785.534,11286.168,21456.846,-9671.312,511.02843,63644038000000.0,-0.0023319647,0,1
169.75,121.5,2,17487.735,16296.707,31194.206,-13706.471,516.62843,258089300000000.0,-0.0016149854,0,1
169.75,121.75,2,34355.424,29516.311,58744.573,-24389.149,524.02843,1641401400000000.0,-0.0008916746,0,1
169.75,122.0,2,500000.0,162565.66,500000.0,0.0,537.22843,4.4502723e+16,-0.00016189733,1,1
169.75,122.25,1,,,,,,-1.0,0.00057445376,0,1
169.75,122.5,1,,,,,,-1.0,0.0013175466,0,1
169.75,122.75,1,,,,,,-1.0,0.002067475,0,1
169.75,123.0,1,,,,,,-1.0,0.0028244304,0,1
169.75,123.25,1,,,,,,-1.0,0.0035885061,0,1
169.75,123.5,1,,,,,,-1.0,0.004359904,0,1
169.75,123.75,1,,,,,,-1.0,0.0051387304,0,1
169.75,124.0,1,,,,,,-1.0,0.0059251839,0,1
169.75,124.25,1,,,,,,-1.0,0.0067194023,0,1
169.75,124.5,1,,,,,,-1.0,0.0075215612,0,1
169.75,124.75,1,,,,,,-1.0,0.008331845,0,1
169.75,125.0,1,,,,,,-1.0,0.0091504055,0,1
169.75,125.25,1,,,,,,-1.0,0.009977439,0,1
169.75,125.5,1,,,,,,-1.0,0.010813136,0,1
169.75,125.75,1,,,,,,-1.0,0.011657685,0,1
169.75,126.0,1,,,,,,-1.0,0.01251128,0,1
169.75,126.25,1,,,,,,-1.0,0.013374121,0,1
169.75,126.5,1,,,,,,-1.0,0.014246412,0,1
169.75,126.75,1,,,,,,-1.0,0.015128367,0,1
169.75,127.0,1,,,,,,-1.0,0.016020201,0,1
169.75,127.25,1,,,,,,-1.0,0.016922141,0,1
169.75,127.5,1,,,,,,-1.0,0.0178344,0,1
169.75,127.75,1,,,,,,-1.0,0.018757207,0,1
169.75,128.0,1,,,,,,-1.0,0.019690801,0,1
169.75,128.25,1,,,,,,-1.0,0.020635422,0,1
169.75,128.5,1,,,,,,-1.0,0.021591286,0,1
169.75,128.75,1,,,,,,-1.0,0.022558654,0,1
169.75,129.0,1,,,,,,-1.0,0.023537769,0,1
169.75,129.25,1,,,,,,-1.0,0.024528861,0,1
169.75,129.5,1,,,,,,-1.0,0.025532189,0,1
169.75,129.75,1,,,,,,-1.0,0.026547996,0,1
169.75,130.0,1,,,,,,-1.0,0.027576528,0,1
169.75,130.25,1,,,,,,-1.0,0.028618018,0,1
169.75,130.5,1,,,,,,-1.0,0.029672704,0,1
169.75,130.75,1,,,,,,-1.0,0.03074083,0,1
169.75,131.0,1,,,,,,-1.0,0.031822609,0,1
169.75,131.25,1,,,,,,-1.0,0.032918269,0,1
169.75,131.5,1,,,,,,-1.0,0.034028013,0,1
169.75,131.75,1,,,,,,-1.0,0.035152046,0,1
169.75,132.0,1,,,,,,-1.0,0.036290523,0,1
169.75,132.25,1,,,,,,-1.0,0.037443632,0,1
169.75,132.5,1,,,,,,-1.0,0.038611513,0,1
169.75,132.75,1,,,,,,-1.0,0.039794278,0,1
169.75,133.0,1,,,,,,-1.0,0.040992037,0,1
169.75,133.25,1,,,,,,-1.0,0.042204865,0,1
169.75,133.5,1,,,,,,-1.0,0.043432779,0,1
169.75,133.75,1,,,,,,-1.0,0.044675812,0,1
169.75,134.0,1,,,,,,-1.0,0.04593394,0,1
169.75,134.25,1,,,,,,-1.0,0.04720707,0,1
169.75,134.5,1,,,,,,-1.0,0.048495129,0,1
169.75,134.75,1,,,,,,-1.0,0.049797965,0,1
169.75,135.0,1,,,,,,-1.0,0.051115389,0,1
169.75,135.25,1,,,,,,-1.0,0.052447176,0,1
169.75,135.5,1,,,,,,-1.0,0.053793037,0,1
169.75,135.75,1,,,,,,-1.0,0.055152688,0,1
169.75,136.0,1,,,,,,-1.0,0.05652575,0,1
169.75,136.25,1,,,,,,-1.0,0.057911831,0,1
169.75,136.5,1,,,,,,-1.0,0.059310504,0,1
169.75,136.75,1,,,,,,-1.0,0.060721291,0,1
169.75,137.0,1,,,,,,-1.0,0.062143679,0,1
169.75,137.25,1,,,,,,-1.0,0.06357714,0,1
169.75,137.5,1,,,,,,-1.0,0.065021136,0,1
169.75,137.75,1,,,,,,-1.0,0.066475043,0,1
169.75,138.0,1,,,,,,-1.0,0.067938299,0,1
170.0,112.0,2,987.17029,987.51978,1917.6377,-930.46746,452.63431,29086899.0,-0.026651562,0,1
170.0,112.25,2,1007.7096,1008.0692,1957.2369,-949.52729,453.23431,33794156.0,-0.026108273,0,1
170.0,112.5,2,1029.2589,1029.6292,1998.764,-969.50511,453.83431,39263207.0,-0.025561576,0,1
170.0,112.75,2,1051.8952,1052.277,2042.3674,-990.47223,454.63431,47956190.0,-0.025011424,0,1
170.0,113.0,2,1075.7035,1076.0961,2088.2064,-1012.503,455.23431,55717143.0,-0.024457803,0,1
170.0,113.25,2,1100.7781,1101.1818,2136.458,-1035.6799,456.03431,68053073.0,-0.023900635,0,1
170.0,113.5,2,1127.2237,1127.6391,2187.3191,-1060.0954,456.63431,79066390.0,-0.023339865,0,1
170.0,113.75,2,1155.1569,1155.5845,2241.0137,-1085.8568,457.43431,96571907.0,-0.02277544,0,1
170.0,114.0,2,1184.7081,1185.1456,2297.7846,-1113.0765,458.23431,117953190.0,-0.022207351,0,1
170.0,114.25,2,1216.0233,1216.4701,2357.9069,-1141.8836,459.03431,144068360.0,-0.021635505,0,1
170.0,114.5,2,1249.267,1249.7219,2421.6878,-1172.4208,459.83431,175965490.0,-0.021059841,0,1
170.0,114.75,2,1284.6246,1285.0835,2489.4809,-1204.8563,460.63431,214924730.0,-0.020480338,0,1
170.0,115.0,2,1322.3065,1322.7648,2561.6777,-1239.3712,461.43431,262509660.0,-0.01989692,0,1
170.0,115.25,2,1362.5522,1363.0044,2638.7128,-1276.1607,462.43431,337069070.0,-0.019309508,0,1
170.0,115.5,2,1405.6352,1406.0699,2721.1333,-1315.4981,463.23431,411697100.0,-0.018718091,0,1
170.0,115.75,2,1451.8698,1452.2749,2809.5079,-1357.6381,464.23431,528629540.0,-0.018122565,0,1
170.0,116.0,2,1501.6186,1501.9765,2904.4953,-1402.8767,465.23431,678773760.0,-0.017522874,0,1
170.0,116.25,2,1555.3026,1555.5873,3006.9276,-1451.625,466.23431,871562760.0,-0.016918977,0,1
170.0,116.5,2,1613.4125,1613.594,3117.6647,-1504.2523,467.23431,1119108700.0,-0.01631076,0,1
170.0,116.75,2,1676.5247,1676.5558,3237.851,-1561.3263,468.43431,1510638800.0,-0.015698222,0,1
170.0,117.0,2,1745.32,1745.1466,3368.6854,-1623.3654,469.63431,2039149100.0,-0.015081223,0,1
170.0,117.25,2,1820.6084,1820.1526,3511.6987,-1691.0903,470.83431,2752563300.0,-0.014459747,0,1
170.0,117.5,2,1903.3618,1902.5278,3668.6976,-1765.3358,472.03431,3715571900.0,-0.013833672,0,1
170.0,117.75,2,1994.7556,1993.4117,3841.8617,-1847.106,473.23431,5015497400.0,-0.013202965,0,1
170.0,118.0,2,2096.2253,2094.2059,4033.8407,-1937.6154,474.63431,7117329600.0,-0.012567506,0,1
170.0,118.25,2,2209.5422,2206.6214,4247.8953,-2038.3531,476.03431,10099971000.0,-0.011927259,0,1
170.0,118.5,2,2336.9188,2332.8078,4488.0436,-2151.1248,477.63431,15067387000.0,-0.011282089,0,1
170.0,118.75,2,2481.1531,2475.4529,4759.5359,-2278.3828,479.23431,22477900000.0,-0.010631972,0,1
170.0,119.0,2,2645.8389,2638.0251,5068.7926,-2422.9537,480.83431,33533086000.0,-0.0099767605,0,1
170.0,119.25,2,2835.6671,2825.0088,5424.4533,-2588.7862,482.63431,52590348000.0,-0.0093164117,0,1
170.0,119.5,2,3056.8825,3042.3707,5837.9523,-2781.0698,484.63431,86706825000.0,-0.0086508016,0,1
170.0,119.75,2,3317.9833,3298.1771,6324.4659,-3006.4826,486.63431,142955390000.0,-0.0079798459,0,1
170.0,120.0,2,3630.8377,3603.6286,6905.5155,-3274.6778,488.83431,247777860000.0,-0.0073034566,0,1
170.0,120.25,2,4012.5424,3974.7694,7611.5104,-3598.968,491.03431,429461720000.0,-0.0066215023,0,1
170.0,120.5,2,4488.6552,4435.3325,8488.4451,-3999.7899,493.63431,822651450000.0,-0.0059339284,0,1
170.0,120.75,2,5099.1686,5022.1413,9607.1198,-4507.9512,496.43431,1656616600000.0,-0.0052405824,0,1
170.0,121.0,2,5910.4008,5795.371,11083.799,-5173.3987,499.43431,3507057300000.0,-0.0045413736,0,1
170.0,121.25,2,7040.905,6860.6879,13125.639,-6084.734,502.83431,8205275700000.0,-0.0038361962,0,1
170.0,121.5,2,8725.6389,8422.3145,16138.871,-7413.2319,506.83431,22304252000000.0,-0.0031249065,0,1
170.0,121.75,2,11505.745,10932.401,21045.447,-9539.7025,511.43431,70441130000000.0,-0.0024074258,0,1
170.0,122.0,2,16971.95,15632.582,30516.868,-13544.919,516.83431,271721410000000.0,-0.0016835955,0,1
170.0,122.25,2,32794.314,27608.262,57306.093,-24511.779,524.23431,1728099100000000.0,-0.0009532996,0,1
170.0,122.5,2,454978.21,121610.42,191443.19,263535.02,536.63431,3.8360261e+16,-0.00021642016,0,1
170.0,122.75,1,,,,,,-1.0,0.00052720776,0,1
170.0,123.0,1,,,,,,-1.0,0.0012776787,0,1
170.0,123.25,1,,,,,,-1.0,0.0020351776,0,1
170.0,123.5,1,,,,,,-1.0,0.0027998227,0,1
170.0,123.75,1,,,,,,-1.0,0.0035717819,0,1
170.0,124.0,1,,,,,,-1.0,0.0043512005,0,1
170.0,124.25,1,,,,,,-1.0,0.0051382453,0,1
170.0,124.5,1,,,,,,-1.0,0.005933072,0,1
170.0,124.75,1,,,,,,-1.0,0.0067358664,0,1
170.0,125.0,1,,,,,,-1.0,0.007546774,0,1
170.0,125.25,1,,,,,,-1.0,0.0083660046,0,1
170.0,125.5,1,,,,,,-1.0,0.009193725,0,1
170.0,125.75,1,,,,,,-1.0,0.010030118,0,1
170.0,126.0,1,,,,,,-1.0,0.010875393,0,1
170.0,126.25,1,,,,,,-1.0,0.011729744,0,1
170.0,126.5,1,,,,,,-1.0,0.012593373,0,1
170.0,126.75,1,,,,,,-1.0,0.013466486,0,1
170.0,127.0,1,,,,,,-1.0,0.014349298,0,1
170.0,127.25,1,,,,,,-1.0,0.015242027,0,1
170.0,127.5,1,,,,,,-1.0,0.016144899,0,1
170.0,127.75,1,,,,,,-1.0,0.017058149,0,1
170.0,128.0,1,,,,,,-1.0,0.017982001,0,1
170.0,128.25,1,,,,,,-1.0,0.018916689,0,1
170.0,128.5,1,,,,,,-1.0,0.019862464,0,1
170.0,128.75,1,,,,,,-1.0,0.020819574,0,1
170.0,129.0,1,,,,,,-1.0,0.021788246,0,1
170.0,129.25,1,,,,,,-1.0,0.022768748,0,1
170.0,129.5,1,,,,,,-1.0,0.023761324,0,1
170.0,129.75,1,,,,,,-1.0,0.024766268,0,1
170.0,130.0,1,,,,,,-1.0,0.025783814,0,1
170.0,130.25,1,,,,,,-1.0,0.026814193,0,1
170.0,130.5,1,,,,,,-1.0,0.027857641,0,1
170.0,130.75,1,,,,,,-1.0,0.028914401,0,1
170.0,131.0,1,,,,,,-1.0,0.029984719,0,1
170.0,131.25,1,,,,,,-1.0,0.03106885,0,1
170.0,131.5,1,,,,,,-1.0,0.032167055,0,1
170.0,131.75,1,,,,,,-1.0,0.033279581,0,1
170.0,132.0,1,,,,,,-1.0,0.034406587,0,1
170.0,132.25,1,,,,,,-1.0,0.035548295,0,1
170.0,132.5,1,,,,,,-1.0,0.036704862,0,1
170.0,132.75,1,,,,,,-1.0,0.037876472,0,1
170.0,133.0,1,,,,,,-1.0,0.039063242,0,1
170.0,133.25,1,,,,,,-1.0,0.040265315,0,1
170.0,133.5,1,,,,,,-1.0,0.041482766,0,1
170.0,133.75,1,,,,,,-1.0,0.042715671,0,1
170.0,134.0,1,,,,,,-1.0,0.043964036,0,1
170.0,134.25,1,,,,,,-1.0,0.045227876,0,1
170.0,134.5,1,,,,,,-1.0,0.046507122,0,1
170.0,134.75,1,,,,,,-1.0,0.047801711,0,1
170.0,135.0,1,,,,,,-1.0,0.049111514,0,1
170.0,135.25,1,,,,,,-1.0,0.050436345,0,1
170.0,135.5,1,,,,,,-1.0,0.051776003,0,1
170.0,135.75,1,,,,,,-1.0,0.053130227,0,1
170.0,136.0,1,,,,,,-1.0,0.054498692,0,1
170.0,136.25,1,,,,,,-1.0,0.055881067,0,1
170.0,136.5,1,,,,,,-1.0,0.057276957,0,1
170.0,136.75,1,,,,,,-1.0,0.0586859,0,1
170.0,137.0,1,,,,,,-1.0,0.060107447,0,1
170.0,137.25,1,,,,,,-1.0,0.061541079,0,1
170.0,137.5,1,,,,,,-1.0,0.06298626,0,1
170.0,137.75,1,,,,,,-1.0,0.064442384,0,1
170.0,138.0,1,,,,,,-1.0,0.065908892,0,1
170.25,112.0,2,939.22449,939.55108,1825.1756,-885.95113,451.64019,22686213.0,-0.028012256,0,1
170.25,112.25,2,957.6969,958.03196,1860.8281,-903.13122,452.24019,26357619.0,-0.027471886,0,1
170.25,112.5,2,977.03238,977.37649,1898.1291,-921.09667,452.84019,30623185.0,-0.026928155,0,1
170.25,112.75,2,997.29346,997.64722,1937.199,-939.90557,453.44019,35579064.0,-0.026381014,0,1
170.25,113.0,2,1018.5488,1018.9122,1978.1691,-959.62023,454.04019,41336975.0,-0.025830436,0,1
170.25,113.25,2,1040.8742,1041.2468,2021.1823,-980.30804,454.84019,50489096.0,-0.025276376,0,1
170.25,113.5,2,1064.3533,1064.7355,2066.3966,-1002.0432,455.44019,58659960.0,-0.024718764,0,1
170.25,113.75,2,1089.0788,1089.4709,2113.9875,-1024.9088,456.24019,71647437.0,-0.024157548,0,1
170.25,114.0,2,1115.1535,1115.5546,2164.1515,-1048.998,456.84019,83242446.0,-0.023592701,0,1
170.25,114.25,2,1142.6922,1143.1007,2217.1018,-1074.4096,457.64019,101672550.0,-0.02302417,0,1
170.25,114.5,2,1171.823,1172.2381,2273.0821,-1101.2592,458.44019,124183140.0,-0.022451876,0,1
170.25,114.75,2,1202.6895,1203.1089,2332.3609,-1129.6714,459.24019,151677630.0,-0.021875779,0,1
170.25,115.0,2,1235.4535,1235.8723,2395.2458,-1159.7923,460.04019,185259470.0,-0.021295845,0,1
170.25,115.25,2,1270.2974,1270.7114,2462.0782,-1191.7808,460.84019,226276430.0,-0.020711976,0,1
170.25,115.5,2,1307.428,1307.8294,2533.2475,-1225.8195,461.64019,276374650.0,-0.020124142,0,1
170.25,115.75,2,1347.0808,1347.4588,2609.1932,-1262.1125,462.64019,354872080.0,-0.019532282,0,1
170.25,116.0,2,1389.525,1389.8673,2690.4063,-1300.8813,463.64019,455664770.0,-0.0189363,0,1
170.25,116.25,2,1435.0697,1435.3545,2777.5056,-1342.4359,464.44019,556550210.0,-0.018336198,0,1
170.25,116.5,2,1484.0713,1484.2757,2871.1143,-1387.043,465.44019,714624610.0,-0.017731844,0,1
170.25,116.75,2,1536.9438,1537.0328,2972.0554,-1435.1115,466.44019,917596170.0,-0.017123217,0,1
170.25,117.0,2,1594.1694,1594.1004,3081.1795,-1487.01,467.64019,1238625300.0,-0.016510218,0,1
170.25,117.25,2,1656.3142,1656.0298,3199.5705,-1543.2563,468.64019,1590426300.0,-0.015892797,0,1
170.25,117.5,2,1724.0469,1723.4739,3328.4961,-1604.4493,469.84019,2146851000.0,-0.01527087,0,1
170.25,117.75,2,1798.1627,1797.2057,3469.3964,-1671.2336,471.04019,2897945700.0,-0.01464437,0,1
170.25,118.0,2,1879.6152,1878.1523,3624.0187,-1744.4035,472.24019,3911817500.0,-0.014013211,0,1
170.25,118.25,2,1969.5571,1967.4287,3794.5883,-1825.0311,473.64019,5551133300.0,-0.013377331,0,1
170.25,118.5,2,2069.3958,2066.399,3983.6666,-1914.2709,475.04019,7877433100.0,-0.012736623,0,1
170.25,118.75,2,2180.8667,2176.731,4194.4497,-2013.583,476.44019,11178610000.0,-0.012091042,0,1
170.25,119.0,2,2306.1372,2300.5158,4430.9095,-2124.7723,478.04019,16676526000.0,-0.011440454,0,1
170.25,119.25,2,2447.9456,2440.3679,4698.0912,-2250.1457,479.44019,23665117000.0,-0.010784827,0,1
170.25,119.5,2,2609.8076,2599.6528,5002.5352,-2392.7276,481.24019,37114291000.0,-0.010124023,0,1
170.25,119.75,2,2796.3093,2782.726,5352.4941,-2556.1848,483.04019,58206795000.0,-0.0094579723,0,1
170.25,120.0,2,3013.5498,2995.3564,5759.138,-2745.5882,484.84019,91286427000.0,-0.0087865821,0,1
170.25,120.25,2,3269.8218,3245.3548,6237.5359,-2967.714,486.84019,150505870000.0,-0.0081097281,0,1
170.25,120.5,2,3576.6953,3543.5159,6808.6579,-3231.9626,489.04019,260864760000.0,-0.0074273535,0,1
170.25,120.75,2,3950.8133,3905.2838,7502.4758,-3551.6625,491.44019,475326580000.0,-0.0067393169,0,1
170.25,121.0,2,4417.0194,4353.466,8363.326,-3946.3066,494.04019,910507470000.0,-0.0060455152,0,1
170.25,121.25,2,5014.1149,4923.2319,9460.9693,-4446.8544,496.64019,1744114200000.0,-0.0053458674,0,1
170.25,121.5,2,5806.2768,5671.9133,10908.621,-5102.3446,499.84019,3881597600000.0,-0.0046402235,0,1
170.25,121.75,2,6907.8746,6699.5157,12908.017,-6000.1428,503.24019,9081567700000.0,-0.0039284847,0,1
170.25,122.0,2,8544.5624,8197.6713,15853.989,-7309.4265,507.04019,23482297000000.0,-0.0032105392,0,1
170.25,122.25,2,11232.625,10585.853,20640.803,-9408.1784,511.64019,74161625000000.0,-0.0024862375,0,1
170.25,122.5,2,16472.789,14992.46,29853.108,-13380.32,517.24019,300740220000000.0,-0.0017554788,0,1
170.25,122.75,2,31315.789,25850.505,55872.184,-24556.396,524.44019,1819372300000000.0,-0.0010181211,0,1
170.25,123.0,2,379627.62,96049.977,179576.69,200050.93,536.04019,3.3065537e+16,-0.00027401303,0,1
170.25,123.25,1,,,,,,-1.0,0.00047694512,0,1
170.25,123.5,1,,,,,,-1.0,0.001234934,0,1
170.25,123.75,1,,,,,,-1.0,0.0020000874,0,1
170.25,124.0,1,,,,,,-1.0,0.0027725488,0,1
170.25,124.25,1,,,,,,-1.0,0.0035524994,0,1
170.25,124.5,1,,,,,,-1.0,0.004340061,0,1
170.25,124.75,1,,,,,,-1.0,0.005135446,0,1
170.25,125.0,1,,,,,,-1.0,0.005938775,0,1
170.25,125.25,1,,,,,,-1.0,0.0067502713,0,1
170.25,125.5,1,,,,,,-1.0,0.0075700747,0,1
170.25,125.75,1,,,,,,-1.0,0.0083983987,0,1
170.25,126.0,1,,,,,,-1.0,0.0092354297,0,1
170.25,126.25,1,,,,,,-1.0,0.010081342,0,1
170.25,126.5,1,,,,,,-1.0,0.010936361,0,1
170.25,126.75,1,,,,,,-1.0,0.011800687,0,1
170.25,127.0,1,,,,,,-1.0,0.012674531,0,1
170.25,127.25,1,,,,,,-1.0,0.013558106,0,1
170.25,127.5,1,,,,,,-1.0,0.014451633,0,1
170.25,127.75,1,,,,,,-1.0,0.015355342,0,1
170.25,128.0,1,,,,,,-1.0,0.016269467,0,1
170.25,128.25,1,,,,,,-1.0,0.017194249,0,1
170.25,128.5,1,,,,,,-1.0,0.018129929,0,1
170.25,128.75,1,,,,,,-1.0,0.01907674,0,1
170.25,129.0,1,,,,,,-1.0,0.020034995,0,1
170.25,129.25,1,,,,,,-1.0,0.021005029,0,1
170.25,129.5,1,,,,,,-1.0,0.021987056,0,1
170.25,129.75,1,,,,,,-1.0,0.022981292,0,1
170.25,130.0,1,,,,,,-1.0,0.023987958,0,1
170.25,130.25,1,,,,,,-1.0,0.02500728,0,1
170.25,130.5,1,,,,,,-1.0,0.026039492,0,1
170.25,130.75,1,,,,,,-1.0,0.027084831,0,1
170.25,131.0,1,,,,,,-1.0,0.02814354,0,1
170.25,131.25,1,,,,,,-1.0,0.029215869,0,1
170.25,131.5,1,,,,,,-1.0,0.030302074,0,1
170.25,131.75,1,,,,,,-1.0,0.031402418,0,1
170.25,132.0,1,,,,,,-1.0,0.03251717,0,1
170.25,132.25,1,,,,,,-1.0,0.033646604,0,1
170.25,132.5,1,,,,,,-1.0,0.034791005,0,1
170.25,132.75,1,,,,,,-1.0,0.035950663,0,1
170.25,133.0,1,,,,,,-1.0,0.03712578,0,1
170.25,133.25,1,,,,,,-1.0,0.038316347,0,1
170.25,133.5,1,,,,,,-1.0,0.039522511,0,1
170.25,133.75,1,,,,,,-1.0,0.040744374,0,1
170.25,134.0,1,,,,,,-1.0,0.041982018,0,1
170.25,134.25,1,,,,,,-1.0,0.043235504,0,1
170.25,134.5,1,,,,,,-1.0,0.044504832,0,1
170.25,134.75,1,,,,,,-1.0,0.045789973,0,1
170.25,135.0,1,,,,,,-1.0,0.047090882,0,1
170.25,135.25,1,,,,,,-1.0,0.048407435,0,1
170.25,135.5,1,,,,,,-1.0,0.049739494,0,1
170.25,135.75,1,,,,,,-1.0,0.051086838,0,1
170.25,136.0,1,,,,,,-1.0,0.052449219,0,1
170.25,136.25,1,,,,,,-1.0,0.053826361,0,1
170.25,136.5,1,,,,,,-1.0,0.055217902,0,1
170.25,136.75,1,,,,,,-1.0,0.056623454,0,1
170.25,137.0,1,,,,,,-1.0,0.058042589,0,1
170.25,137.25,1,,,,,,-1.0,0.059474819,0,1
170.25,137.5,1,,,,,,-1.0,0.060919639,0,1
170.25,137.75,1,,,,,,-1.0,0.062376475,0,1
170.25,138.0,1,,,,,,-1.0,0.06384477,0,1
170.5,112.0,2,895.50701,895.814,1740.7819,-845.27484,450.64606,17693985.0,-0.029379922,0,1
170.5,112.25,2,912.19306,912.50722,1773.0156,-860.82258,451.24606,20557477.0,-0.028842451,0,1
170.5,112.5,2,929.62161,929.94341,1806.6739,-877.05231,451.84606,23884381.0,-0.028301663,0,1
170.5,112.75,2,947.84386,948.17378,1841.8506,-894.00675,452.44606,27749692.0,-0.027757512,0,1
170.5,113.0,2,966.91581,967.25438,1878.6542,-911.7384,453.04606,32240542.0,-0.027209952,0,1
170.5,113.25,2,986.89894,987.2453,1917.1994,-930.30044,453.64606,37458166.0,-0.026658972,0,1
170.5,113.5,2,1007.8608,1008.2151,1957.6147,-949.75392,454.44606,45751507.0,-0.026104494,0,1
170.5,113.75,2,1029.8758,1030.2384,2000.0425,-970.16673,455.04606,53155668.0,-0.025546462,0,1
170.5,114.0,2,1053.0263,1053.3972,2044.6374,-991.61115,455.64606,61758075.0,-0.024984825,0,1
170.5,114.25,2,1077.4032,1077.7803,2091.5718,-1014.1686,456.44606,75431483.0,-0.024419582,0,1
170.5,114.5,2,1103.108,1103.4905,2141.0367,-1037.9287,457.24606,92132222.0,-0.023850631,0,1
170.5,114.75,2,1130.2533,1130.6401,2193.2453,-1062.992,457.84606,107042370.0,-0.023277916,0,1
170.5,115.0,2,1158.9651,1159.3521,2248.4374,-1089.4722,458.64606,130741850.0,-0.022701426,0,1
170.5,115.25,2,1189.3848,1189.7681,2306.8776,-1117.4927,459.44606,159688450.0,-0.022121071,0,1
170.5,115.5,2,1221.6714,1222.0464,2368.8553,-1147.1839,460.24606,195043920.0,-0.021536781,0,1
170.5,115.75,2,1256.0045,1256.3608,2434.7296,-1178.7251,461.04606,238227180.0,-0.020948556,0,1
170.5,116.0,2,1292.5875,1292.9158,2504.8762,-1212.2887,462.04606,305889750.0,-0.020356272,0,1
170.5,116.25,2,1331.6521,1331.937,2579.7293,-1248.0772,462.84606,373614580.0,-0.019759903,0,1
170.5,116.5,2,1373.4631,1373.6848,2659.7704,-1286.3073,463.84606,479730620.0,-0.019159377,0,1
170.5,116.75,2,1418.3245,1418.458,2745.603,-1327.2785,464.84606,615986310.0,-0.018554617,0,1
170.5,117.0,2,1466.5869,1466.5973,2837.8484,-1371.2615,465.84606,790942080.0,-0.017945584,0,1
170.5,117.25,2,1518.6569,1518.5025,2937.3052,-1418.6484,466.84606,1015589700.0,-0.017332171,0,1
170.5,117.5,2,1575.0087,1574.6313,3044.8385,-1469.8298,467.84606,1304043000.0,-0.016714354,0,1
170.5,117.75,2,1636.1982,1635.5286,3161.4901,-1525.2918,469.04606,1760274000.0,-0.016092012,0,1
170.5,118.0,2,1702.8819,1701.8267,3288.4914,-1585.6094,470.24606,2376121300.0,-0.015465115,0,1
170.5,118.25,2,1775.8403,1774.2851,3427.2932,-1651.4528,471.44606,3207428300.0,-0.014833549,0,1
170.5,118.5,2,1856.0088,1853.8042,3579.6068,-1723.598,472.64606,4329575300.0,-0.014197262,0,1
170.5,118.75,2,1944.5182,1941.4747,3747.6075,-1803.0893,473.84606,5844315400.0,-0.013556162,0,1
170.5,119.0,2,2042.7476,2038.6231,3933.8144,-1891.0669,475.24606,8293478300.0,-0.012910157,0,1
170.5,119.25,2,2152.3978,2146.8745,4141.3273,-1988.9295,476.84606,12372416000.0,-0.012259192,0,1
170.5,119.5,2,2275.5906,2268.2615,4374.1696,-2098.579,478.24606,17557294000.0,-0.011603136,0,1
170.5,119.75,2,2415.0071,2405.3267,4637.1788,-2222.1717,479.84606,26192404000.0,-0.010941942,0,1
170.5,120.0,2,2574.0853,2561.3326,4936.727,-2362.6417,481.64606,41077867000.0,-0.010275489,0,1
170.5,120.25,2,2757.3081,2740.5073,5281.0257,-2523.7176,483.24606,61280976000.0,-0.0096036763,0,1
170.5,120.5,2,2970.6327,2948.4241,5680.9926,-2710.3599,485.24606,101035250000.0,-0.0089264449,0,1
170.5,120.75,2,3222.1511,3192.6322,6151.3893,-2929.2382,487.24606,166578960000.0,-0.0082436509,0,1
170.5,121.0,2,3523.1407,3483.5531,6712.7146,-3189.5739,489.44606,288723490000.0,-0.0075552013,0,1
170.5,121.25,2,3889.8029,3836.0144,7394.3329,-3504.53,491.84606,526088510000.0,-0.0068610131,0,1
170.5,121.5,2,4346.2829,4271.9022,8239.5107,-3893.2279,494.24606,958595760000.0,-0.0061609428,0,1
170.5,121.75,2,4930.2241,4824.8386,9316.4772,-4386.2531,497.04606,1930374800000.0,-0.0054548861,0,1
170.5,122.0,2,5703.7281,5549.3012,10735.538,-5031.8098,500.24606,4296128100000.0,-0.0047427494,0,1
170.5,122.25,2,6777.1173,6539.8747,12693.265,-5916.1476,503.64606,10051423000000.0,-0.0040243806,0,1
170.5,122.5,2,8367.0916,7976.2579,15573.347,-7206.2552,507.44606,25990061000000.0,-0.0032996607,0,1
170.5,122.75,2,10966.175,10246.851,20242.987,-9276.8114,512.04606,82081625000000.0,-0.002568491,0,1
170.5,123.0,2,15989.985,14376.392,29203.767,-13213.782,517.44606,316623760000000.0,-0.0018307058,0,1
170.5,123.25,2,29915.385,24230.902,54530.871,-24615.487,524.44606,1822043900000000.0,-0.0010861727,0,1
170.5,123.5,2,319808.91,78614.792,169034.53,150774.39,535.64606,2.9962869e+16,-0.00033478363,0,1
170.5,123.75,1,,,,,,-1.0,0.00042364125,0,1
170.5,124.0,1,,,,,,-1.0,0.0011892411,0,1
170.5,124.25,1,,,,,,-1.0,0.0019621481,0,1
170.5,124.5,1,,,,,,-1.0,0.0027425517,0,1
170.5,124.75,1,,,,,,-1.0,0.003530586,0,1
170.5,125.0,1,,,,,,-1.0,0.0043264334,0,1
170.5,125.25,1,,,,,,-1.0,0.0051302647,0,1
170.5,125.5,1,,,,,,-1.0,0.0059422461,0,1
170.5,125.75,1,,,,,,-1.0,0.0067625741,0,1
170.5,126.0,1,,,,,,-1.0,0.0075914229,0,1
170.5,126.25,1,,,,,,-1.0,0.0084289903,0,1
170.5,126.5,1,,,,,,-1.0,0.0092754864,0,1
170.5,126.75,1,,,,,,-1.0,0.010131082,0,1
170.5,127.0,1,,,,,,-1.0,0.010996014,0,1
170.5,127.25,1,,,,,,-1.0,0.011870494,0,1
170.5,127.5,1,,,,,,-1.0,0.012754737,0,1
170.5,127.75,1,,,,,,-1.0,0.013648967,0,1
170.5,128.0,1,,,,,,-1.0,0.014553413,0,1
170.5,128.25,1,,,,,,-1.0,0.015468312,0,1
170.5,128.5,1,,,,,,-1.0,0.016393907,0,1
170.5,128.75,1,,,,,,-1.0,0.017330575,0,1
170.5,129.0,1,,,,,,-1.0,0.018278661,0,1
170.5,129.25,1,,,,,,-1.0,0.01923837,0,1
170.5,129.5,1,,,,,,-1.0,0.020209908,0,1
170.5,129.75,1,,,,,,-1.0,0.021193488,0,1
170.5,130.0,1,,,,,,-1.0,0.022189328,0,1
170.5,130.25,1,,,,,,-1.0,0.023197649,0,1
170.5,130.5,1,,,,,,-1.0,0.024218681,0,1
170.5,130.75,1,,,,,,-1.0,0.025252657,0,1
170.5,131.0,1,,,,,,-1.0,0.026299817,0,1
170.5,131.25,1,,,,,,-1.0,0.027360406,0,1
170.5,131.5,1,,,,,,-1.0,0.028434675,0,1
170.5,131.75,1,,,,,,-1.0,0.029522883,0,1
170.5,132.0,1,,,,,,-1.0,0.030625293,0,1
170.5,132.25,1,,,,,,-1.0,0.031742177,0,1
170.5,132.5,1,,,,,,-1.0,0.032873813,0,1
170.5,132.75,1,,,,,,-1.0,0.034020485,0,1
170.5,133.0,1,,,,,,-1.0,0.035182487,0,1
170.5,133.25,1,,,,,,-1.0,0.036360118,0,1
170.5,133.5,1,,,,,,-1.0,0.037553686,0,1
170.5,133.75,1,,,,,,-1.0,0.038763505,0,1
170.5,134.0,1,,,,,,-1.0,0.039989546,0,1
170.5,134.25,1,,,,,,-1.0,0.041231707,0,1
170.5,134.5,1,,,,,,-1.0,0.042490068,0,1
170.5,134.75,1,,,,,,-1.0,0.043764655,0,1
170.5,135.0,1,,,,,,-1.0,0.045055458,0,1
170.5,135.25,1,,,,,,-1.0,0.04636246,0,1
170.5,135.5,1,,,,,,-1.0,0.047685545,0,1
170.5,135.75,1,,,,,,-1.0,0.049024584,0,1
170.5,136.0,1,,,,,,-1.0,0.050379407,0,1
170.5,136.25,1,,,,,,-1.0,0.051749771,0,1
170.5,136.5,1,,,,,,-1.0,0.053135398,0,1
170.5,136.75,1,,,,,,-1.0,0.054535946,0,1
170.5,137.0,1,,,,,,-1.0,0.055951024,0,1
170.5,137.25,1,,,,,,-1.0,0.057380224,0,1
170.5,137.5,1,,,,,,-1.0,0.058823038,0,1
170.5,137.75,1,,,,,,-1.0,0.060278963,0,1
170.5,138.0,1,,,,,,-1.0,0.06174742,0,1
170.75,112.0,2,855.48251,855.77272,1663.4471,-807.96462,449.85192,14507851.0,-0.030754597,0,1
170.75,112.25,2,870.61503,870.91135,1692.7059,-822.09086,450.25192,16033655.0,-0.030220005,0,1
170.75,112.5,2,886.39022,886.69302,1723.1985,-836.80832,450.85192,18628449.0,-0.029682139,0,1
170.75,112.75,2,902.85035,903.16,1755.0035,-852.15314,451.45192,21643170.0,-0.029140955,0,1
170.75,113.0,2,920.04148,920.35841,1788.2089,-868.16737,452.05192,25145776.0,-0.028596409,0,1
170.75,113.25,2,938.01393,938.33833,1822.9122,-884.89825,452.65192,29215224.0,-0.02804846,0,1
170.75,113.5,2,956.82279,957.15381,1859.2153,-902.39254,453.25192,33943248.0,-0.027497091,0,1
170.75,113.75,2,976.52846,976.8663,1897.2336,-920.70511,454.05192,41458376.0,-0.026942218,0,1
170.75,114.0,2,997.19737,997.54217,1937.0956,-939.89826,454.65192,48167761.0,-0.026383792,0,1
170.75,114.25,2,1018.9027,1019.2538,1978.9361,-960.03336,455.25192,55962954.0,-0.025821777,0,1
170.75,114.5,2,1041.7254,1042.081,2022.9118,-981.18638,456.05192,68353307.0,-0.025256142,0,1
170.75,114.75,2,1065.7551,1066.1142,2069.1892,-1003.4341,456.65192,79415212.0,-0.024686798,0,1
170.75,115.0,2,1091.0912,1091.452,2117.9593,-1026.8681,457.45192,96997959.0,-0.024113698,0,1
170.75,115.25,2,1117.8448,1118.2027,2169.431,-1051.5862,458.25192,118473580.0,-0.023536828,0,1
170.75,115.5,2,1146.1398,1146.4913,2223.8379,-1077.6981,458.85192,137646660.0,-0.02295608,0,1
170.75,115.75,2,1176.1153,1176.4538,2281.4432,-1105.3279,459.65192,168122010.0,-0.022371423,0,1
170.75,116.0,2,1207.9277,1208.2441,2342.5436,-1134.6159,460.65192,215872930.0,-0.021782805,0,1
170.75,116.25,2,1241.7538,1242.0381,2407.4558,-1165.702,461.45192,263667790.0,-0.021190127,0,1
170.75,116.5,2,1277.794,1278.0284,2476.5904,-1198.7964,462.25192,322044570.0,-0.020593395,0,1
170.75,116.75,2,1316.276,1316.4426,2550.3576,-1234.0816,463.25192,413513410.0,-0.019992475,0,1
170.75,117.0,2,1357.4605,1357.5315,2629.2378,-1271.7774,464.05192,505066420.0,-0.019387355,0,1
170.75,117.25,2,1401.6462,1401.5894,2713.8072,-1312.161,465.05192,648518120.0,-0.018777928,0,1
170.75,117.5,2,1449.1783,1448.9492,2804.7229,-1355.5446,466.05192,832713750.0,-0.01816416,0,1
170.75,117.75,2,1500.456,1500.0014,2902.7118,-1402.2558,467.05192,1069225600.0,-0.017545947,0,1
170.75,118.0,2,1555.9453,1555.1944,3008.6605,-1452.7152,468.25192,1443303600.0,-0.016923251,0,1
170.75,118.25,2,1616.192,1615.0597,3123.5871,-1507.3951,469.25192,1853238500.0,-0.016295958,0,1
170.75,118.5,2,1681.8408,1680.2142,3248.7062,-1566.8655,470.45192,2501610300.0,-0.015664042,0,1
170.75,118.75,2,1753.6574,1751.4008,3385.4421,-1631.7847,471.65192,3376820800.0,-0.015027368,0,1
170.75,119.0,2,1832.5595,1829.4949,3535.4752,-1702.9157,472.85192,4558231200.0,-0.014385908,0,1
170.75,119.25,2,1919.6558,1915.5622,3700.9368,-1781.281,474.25192,6468438000.0,-0.013739541,0,1
170.75,119.5,2,2016.2979,2010.8926,3884.2644,-1867.9665,475.65192,9179150500.0,-0.01308819,0,1
170.75,119.75,2,2124.1527,2117.0681,4088.6463,-1964.4935,477.05192,13025835000.0,-0.01243179,0,1
170.75,120.0,2,2245.2971,2236.0636,4317.8175,-2072.5203,478.65192,19432262000.0,-0.011770213,0,1
170.75,120.25,2,2382.3552,2370.3509,4576.6924,-2194.3372,480.25192,28989528000.0,-0.011103396,0,1
170.75,120.5,2,2538.6902,2523.0893,4871.5281,-2332.8379,481.85192,43247294000.0,-0.010431238,0,1
170.75,120.75,2,2718.6833,2698.3772,5210.2848,-2491.6015,483.65192,67825258000.0,-0.0097536199,0,1
170.75,121.0,2,2928.1524,2901.6085,5603.6763,-2675.5239,485.65192,111824950000.0,-0.0090704673,0,1
170.75,121.25,2,3174.9926,3140.0603,6066.177,-2891.1844,487.65192,184368170000.0,-0.0083816687,0,1
170.75,121.5,2,3470.1963,3423.7807,6617.7191,-3147.5228,489.85192,319556680000.0,-0.0076871,0,1
170.75,121.75,2,3829.534,3767.0252,7287.2873,-3457.7532,492.05192,553872580000.0,-0.0069866655,0,1
170.75,122.0,2,4276.4709,4190.7401,8117.3287,-3840.8578,494.65192,1060965500000.0,-0.0062802618,0,1
170.75,122.25,2,4847.5233,4727.036,9173.6657,-4326.1424,497.45192,2136522200000.0,-0.005567748,0,1
170.75,122.5,2,5602.7824,5427.7016,10564.581,-4961.7991,500.45192,4523017600000.0,-0.0048490037,0,1
170.75,122.75,2,6648.6597,6381.9934,12481.385,-5832.7253,503.85192,10582264000000.0,-0.004123938,0,1
170.75,123.0,2,8193.243,7758.2284,15296.938,-7103.6948,507.85192,28765576000000.0,-0.0033923911,0,1
170.75,123.25,2,10706.362,9915.8519,19852.342,-9145.9802,512.25192,86416565000000.0,-0.0026542293,0,1
170.75,123.5,2,15523.213,13784.36,28567.84,-13044.627,517.65192,333345460000000.0,-0.0019093338,0,1
170.75,123.75,2,28589.436,22736.494,53302.027,-24712.591,524.65192,1918270700000000.0,-0.0011575639,0,1
170.75,124.0,2,271698.47,66002.369,159933.15,111765.33,535.25192,2.7151278e+16,-0.00039875758,0,1
170.75,124.25,1,,,,,,-1.0,0.00036722592,0,1
170.75,124.5,1,,,,,,-1.0,0.0011405217,0,1
170.75,124.75,1,,,,,,-1.0,0.0019213161,0,1
170.75,125.0,1,,,,,,-1.0,0.0027097608,0,1
170.75,125.25,1,,,,,,-1.0,0.0035060096,0,1
170.75,125.5,1,,,,,,-1.0,0.0043102643,0,1
170.75,125.75,1,,,,,,-1.0,0.0051226707,0,1
170.75,126.0,1,,,,,,-1.0,0.0059434377,0,1
170.75,126.25,1,,,,,,-1.0,0.0067727383,0,1
170.75,126.5,1,,,,,,-1.0,0.0076107775,0,1
170.75,126.75,1,,,,,,-1.0,0.0084577417,0,1
170.75,127.0,1,,,,,,-1.0,0.0093138596,0,1
170.75,127.25,1,,,,,,-1.0,0.010179306,0,1
170.75,127.5,1,,,,,,-1.0,0.011054327,0,1
170.75,127.75,1,,,,,,-1.0,0.011939142,0,1
170.75,128.0,1,,,,,,-1.0,0.012833976,0,1
170.75,128.25,1,,,,,,-1.0,0.013739058,0,1
170.75,128.5,1,,,,,,-1.0,0.014654703,0,1
170.75,128.75,1,,,,,,-1.0,0.015581409,0,1
170.75,129.0,1,,,,,,-1.0,0.01651938,0,1
170.75,129.25,1,,,,,,-1.0,0.017468814,0,1
170.75,129.5,1,,,,,,-1.0,0.018429915,0,1
170.75,129.75,1,,,,,,-1.0,0.019402893,0,1
170.75,130.0,1,,,,,,-1.0,0.02038796,0,1
170.75,130.25,1,,,,,,-1.0,0.021385336,0,1
170.75,130.5,1,,,,,,-1.0,0.022395246,0,1
170.75,130.75,1,,,,,,-1.0,0.023417919,0,1
170.75,131.0,1,,,,,,-1.0,0.02445359,0,1
170.75,131.25,1,,,,,,-1.0,0.0255025,0,1
170.75,131.5,1,,,,,,-1.0,0.026564897,0,1
170.75,131.75,1,,,,,,-1.0,0.027641034,0,1
170.75,132.0,1,,,,,,-1.0,0.028731171,0,1
170.75,132.25,1,,,,,,-1.0,0.029835574,0,1
170.75,132.5,1,,,,,,-1.0,0.030954516,0,1
170.75,132.75,1,,,,,,-1.0,0.032088276,0,1
170.75,133.0,1,,,,,,-1.0,0.033237143,0,1
170.75,133.25,1,,,,,,-1.0,0.034401411,0,1
170.75,133.5,1,,,,,,-1.0,0.035581382,0,1
170.75,133.75,1,,,,,,-1.0,0.036777366,0,1
170.75,134.0,1,,,,,,-1.0,0.037989682,0,1
170.75,134.25,1,,,,,,-1.0,0.039218657,0,1
170.75,134.5,1,,,,,,-1.0,0.040464626,0,1
170.75,134.75,1,,,,,,-1.0,0.041727602,0,1
170.75,135.0,1,,,,,,-1.0,0.0430072,0,1
170.75,135.25,1,,,,,,-1.0,0.04430342,0,1
170.75,135.5,1,,,,,,-1.0,0.045616252,0,1
170.75,135.75,1,,,,,,-1.0,0.046945629,0,1
170.75,136.0,1,,,,,,-1.0,0.048291447,0,1
170.75,136.25,1,,,,,,-1.0,0.049653514,0,1
170.75,136.5,1,,,,,,-1.0,0.051031641,0,1
170.75,136.75,1,,,,,,-1.0,0.052425545,0,1
170.75,137.0,1,,,,,,-1.0,0.053834913,0,1
170.75,137.25,1,,,,,,-1.0,0.055259357,0,1
170.75,137.5,1,,,,,,-1.0,0.05669847,0,1
170.75,137.75,1,,,,,,-1.0,0.058151747,0,1
170.75,138.0,1,,,,,,-1.0,0.059618683,0,1
171.0,112.0,2,818.70245,818.97795,1592.3278,-773.62537,448.85777,11315268.0,-0.032136329,0,1
171.0,112.25,2,832.47622,832.75722,1618.9792,-786.50297,449.45777,13146466.0,-0.031604583,0,1
171.0,112.5,2,846.80935,847.09587,1646.7056,-799.89629,450.05777,15274015.0,-0.031069618,0,1
171.0,112.75,2,861.737,862.02933,1675.5742,-813.83717,450.65777,17745873.0,-0.03053138,0,1
171.0,113.0,2,877.29737,877.59584,1705.6575,-828.36015,451.05777,19612223.0,-0.029989824,0,1
171.0,113.25,2,893.53199,893.83694,1737.0347,-843.50273,451.65777,22786152.0,-0.029444906,0,1
171.0,113.5,2,910.48616,910.79754,1769.7919,-859.3057,452.25777,26473732.0,-0.028896592,0,1
171.0,113.75,2,928.20935,928.52639,1804.0229,-875.81352,452.85777,30758088.0,-0.028344854,0,1
171.0,114.0,2,946.75572,947.07851,1839.8294,-893.07372,453.45777,35735800.0,-0.027789613,0,1
171.0,114.25,2,966.18467,966.51321,1877.322,-911.13738,454.25777,43647805.0,-0.027230818,0,1
171.0,114.5,2,986.56151,986.89459,1916.6309,-930.06938,454.85777,50711515.0,-0.026668446,0,1
171.0,114.75,2,1007.9582,1008.2943,1957.8873,-949.9291,455.45777,58918374.0,-0.026102445,0,1
171.0,115.0,2,1030.4544,1030.7923,2001.2449,-970.79052,456.25777,71963065.0,-0.025532734,0,1
171.0,115.25,2,1054.1382,1054.4752,2046.8675,-992.72933,456.85777,83609153.0,-0.024959284,0,1
171.0,115.5,2,1079.1076,1079.4394,2094.9365,-1015.8289,457.65777,102120450.0,-0.024382049,0,1
171.0,115.75,2,1105.4717,1105.7946,2145.6744,-1040.2027,458.45777,124730200.0,-0.023800935,0,1
171.0,116.0,2,1133.3526,1133.6587,2199.3027,-1065.95,459.25777,152345810.0,-0.023215934,0,1
171.0,116.25,2,1162.8872,1163.1679,2256.0806,-1093.1934,460.05777,186075590.0,-0.022626953,0,1
171.0,116.5,2,1194.2296,1194.4732,2316.2986,-1122.069,460.85777,227273240.0,-0.022033935,0,1
171.0,116.75,2,1227.5536,1227.7436,2380.2728,-1152.7193,461.65777,277592160.0,-0.021436842,0,1
171.0,117.0,2,1263.0565,1263.1738,2448.4059,-1185.3494,462.45777,339051830.0,-0.020835569,0,1
171.0,117.25,2,1300.9625,1300.9792,2521.0871,-1220.1246,463.45777,435351170.0,-0.020230105,0,1
171.0,117.5,2,1341.5279,1341.4124,2598.834,-1257.306,464.45777,559001970.0,-0.019620323,0,1
171.0,117.75,2,1385.0468,1384.7545,2682.1671,-1297.1203,465.25777,682766550.0,-0.019006217,0,1
171.0,118.0,2,1431.8579,1431.3376,2771.7389,-1339.8811,466.25777,876689600.0,-0.018387657,0,1
171.0,118.25,2,1482.3539,1481.5371,2868.2874,-1385.9335,467.45777,1183407200.0,-0.017764621,0,1
171.0,118.5,2,1536.9924,1535.7968,2972.6752,-1435.6829,468.45777,1519524900.0,-0.017136997,0,1
171.0,118.75,2,1596.3094,1594.6307,3085.9063,-1489.5969,469.65777,2051144100.0,-0.016504728,0,1
171.0,119.0,2,1660.9374,1658.6453,3209.1691,-1548.2316,470.65777,2633721100.0,-0.015867736,0,1
171.0,119.25,2,1731.628,1728.5627,3343.8343,-1612.2063,471.85777,3555151600.0,-0.015225913,0,1
171.0,119.5,2,1809.2815,1805.2354,3491.6475,-1682.366,473.25777,5045000300.0,-0.014579231,0,1
171.0,119.75,2,1894.9841,1889.7036,3654.603,-1759.6189,474.45777,6810038100.0,-0.013927552,0,1
171.0,120.0,2,1990.0616,1983.2215,3835.1471,-1845.0855,475.85777,9663904100.0,-0.013270805,0,1
171.0,120.25,2,2096.1457,2087.3277,4036.3234,-1940.1777,477.45777,14416851000.0,-0.012608919,0,1
171.0,120.5,2,2215.271,2203.9403,4261.9808,-2046.7097,478.85777,20458485000.0,-0.011941768,0,1
171.0,120.75,2,2350.0055,2335.461,4516.7818,-2166.7763,480.45777,30520473000.0,-0.011269272,0,1
171.0,121.0,2,2503.6378,2484.9473,4806.8502,-2303.2124,482.25777,47865630000.0,-0.01059135,0,1
171.0,121.25,2,2680.4503,2656.3675,5140.0942,-2459.6439,484.05777,75068251000.0,-0.0099078703,0,1
171.0,121.5,2,2886.1244,2854.9422,5526.9845,-2640.8601,485.85777,117730450000.0,-0.0092187313,0,1
171.0,121.75,2,3128.3633,3087.6794,5981.6809,-2853.3177,487.85777,194104700000.0,-0.0085238593,0,1
171.0,122.0,2,3417.8793,3364.2548,6523.6953,-3105.816,490.05777,336432560000.0,-0.0078231129,0,1
171.0,122.25,2,3770.0244,3698.3634,7181.3917,-3411.3673,492.45777,613020100000.0,-0.0071163761,0,1
171.0,122.5,2,4207.6018,4110.0627,7996.2399,-3788.6382,495.05777,1174265000000.0,-0.0064035387,0,1
171.0,122.75,2,4766.0311,4629.9501,9032.5087,-4266.4776,497.85777,2364679400000.0,-0.0056844987,0,1
171.0,123.0,2,5503.4577,5307.1956,10395.853,-4892.3951,500.85777,5006026300000.0,-0.0049591059,0,1
171.0,123.25,2,6522.5156,6226.0467,12272.481,-5749.9658,504.25777,11712334000000.0,-0.0042272322,0,1
171.0,123.5,2,8023.0173,7543.9385,15023.463,-7000.4458,508.05777,30284694000000.0,-0.0034887539,0,1
171.0,123.75,2,10453.127,9593.0342,19465.854,-9012.7276,512.45777,90980249000000.0,-0.0027435475,0,1
171.0,124.0,2,15072.114,13215.967,27939.184,-12867.07,517.85777,350949540000000.0,-0.0019914505,0,1
171.0,124.25,2,27333.545,21357.271,52119.147,-24785.603,524.85777,2019575100000000.0,-0.0012323178,0,1
171.0,124.5,2,232506.46,56476.726,153658.9,78847.565,535.05777,2.5864908e+16,-0.000466014,0,1
171.0,124.75,1,,,,,,-1.0,0.00030761305,0,1
171.0,125.0,1,,,,,,-1.0,0.0010887394,0,1
171.0,125.25,1,,,,,,-1.0,0.0018775274,0,1
171.0,125.5,1,,,,,,-1.0,0.0026741163,0,1
171.0,125.75,1,,,,,,-1.0,0.0034787134,0,1
171.0,126.0,1,,,,,,-1.0,0.0042914918,0,1
171.0,126.25,1,,,,,,-1.0,0.005112613,0,1
171.0,126.5,1,,,,,,-1.0,0.0059423015,0,1
171.0,126.75,1,,,,,,-1.0,0.0067807187,0,1
171.0,127.0,1,,,,,,-1.0,0.0076280966,0,1
171.0,127.25,1,,,,,,-1.0,0.0084846147,0,1
171.0,127.5,1,,,,,,-1.0,0.0093505174,0,1
171.0,127.75,1,,,,,,-1.0,0.010225986,0,1
171.0,128.0,1,,,,,,-1.0,0.011111274,0,1
171.0,128.25,1,,,,,,-1.0,0.012006608,0,1
171.0,128.5,1,,,,,,-1.0,0.012912484,0,1
171.0,128.75,1,,,,,,-1.0,0.013829278,0,1
171.0,129.0,1,,,,,,-1.0,0.014757183,0,1
171.0,129.25,1,,,,,,-1.0,0.015696393,0,1
171.0,129.5,1,,,,,,-1.0,0.01664711,0,1
171.0,129.75,1,,,,,,-1.0,0.017609538,0,1
171.0,130.0,1,,,,,,-1.0,0.018583889,0,1
171.0,130.25,1,,,,,,-1.0,0.019570377,0,1
171.0,130.5,1,,,,,,-1.0,0.020569222,0,1
171.0,130.75,1,,,,,,-1.0,0.021580651,0,1
171.0,131.0,1,,,,,,-1.0,0.022604894,0,1
171.0,131.25,1,,,,,,-1.0,0.02364219,0,1
171.0,131.5,1,,,,,,-1.0,0.024692779,0,1
171.0,131.75,1,,,,,,-1.0,0.025756913,0,1
171.0,132.0,1,,,,,,-1.0,0.026834844,0,1
171.0,132.25,1,,,,,,-1.0,0.027926836,0,1
171.0,132.5,1,,,,,,-1.0,0.029033156,0,1
171.0,132.75,1,,,,,,-1.0,0.030154079,0,1
171.0,133.0,1,,,,,,-1.0,0.031289887,0,1
171.0,133.25,1,,,,,,-1.0,0.03244087,0,1
171.0,133.5,1,,,,,,-1.0,0.033607325,0,1
171.0,133.75,1,,,,,,-1.0,0.034789555,0,1
171.0,134.0,1,,,,,,-1.0,0.035987874,0,1
171.0,134.25,1,,,,,,-1.0,0.037202603,0,1
171.0,134.5,1,,,,,,-1.0,0.03843407,0,1
171.0,134.75,1,,,,,,-1.0,0.039682615,0,1
171.0,135.0,1,,,,,,-1.0,0.040948584,0,1
171.0,135.25,1,,,,,,-1.0,0.042232335,0,1
171.0,135.5,1,,,,,,-1.0,0.043533714,0,1
171.0,135.75,1,,,,,,-1.0,0.044852121,0,1
171.0,136.0,1,,,,,,-1.0,0.046187535,0,1
171.0,136.25,1,,,,,,-1.0,0.04753985,0,1
171.0,136.5,1,,,,,,-1.0,0.048908942,0,1
171.0,136.75,1,,,,,,-1.0,0.050294594,0,1
171.0,137.0,1,,,,,,-1.0,0.051696552,0,1
171.0,137.25,1,,,,,,-1.0,0.053114533,0,1
171.0,137.5,1,,,,,,-1.0,0.054548152,0,1
171.0,137.75,1,,,,,,-1.0,0.055997005,0,1
171.0,138.0,1,,,,,,-1.0,0.0574606,0,1
171.25,112.0,2,784.78811,785.05027,1526.6979,-741.90979,448.06362,9277702.3,-0.033525172,0,1
171.25,112.25,2,797.36726,797.63455,1551.0583,-753.691,448.66362,10779152.0,-0.032996245,0,1
171.25,112.5,2,810.43576,810.70824,1576.3592,-765.92349,449.06362,11912806.0,-0.032464139,0,1
171.25,112.75,2,824.02306,824.30048,1602.6573,-778.63425,449.66362,13840705.0,-0.031928824,0,1
171.25,113.0,2,838.16106,838.44366,1630.0131,-791.85209,450.26362,16080606.0,-0.031390237,0,1
171.25,113.25,2,852.8843,853.17235,1658.4928,-805.60847,450.86362,18682998.0,-0.030848333,0,1
171.25,113.5,2,868.23033,868.52411,1688.1682,-819.93784,451.26362,20647906.0,-0.030303068,0,1
171.25,113.75,2,884.23999,884.53939,1719.1165,-834.8765,451.86362,23989444.0,-0.029754407,0,1
171.25,114.0,2,900.95783,901.26198,1751.423,-850.46514,452.46362,27871758.0,-0.029202325,0,1
171.25,114.25,2,918.43247,918.74137,1785.179,-866.74653,453.06362,32382363.0,-0.02864674,0,1
171.25,114.5,2,936.71716,937.03068,1820.4856,-883.76848,453.86362,39551907.0,-0.028087602,0,1
171.25,114.75,2,955.87034,956.18697,1857.4572,-901.5869,454.46362,45952760.0,-0.027524894,0,1
171.25,115.0,2,975.95624,976.27441,1896.2128,-920.25654,455.06362,53389490.0,-0.026958553,0,1
171.25,115.25,2,997.0457,997.36411,1936.8873,-939.84162,455.66362,62029738.0,-0.026388502,0,1
171.25,115.5,2,1019.217,1019.5323,1979.6281,-960.41107,456.46362,75763293.0,-0.025814724,0,1
171.25,115.75,2,1042.5569,1042.8651,2024.6029,-982.046,457.26362,92537496.0,-0.025237152,0,1
171.25,116.0,2,1067.1619,1067.4588,2071.9928,-1004.8309,457.86362,107513230.0,-0.024655702,0,1
171.25,116.25,2,1093.1394,1093.4162,2121.9904,-1028.8511,458.66362,131316960.0,-0.024070381,0,1
171.25,116.5,2,1120.6097,1120.8582,2174.8446,-1054.235,459.46362,160390890.0,-0.023481065,0,1
171.25,116.75,2,1149.7075,1149.9149,2230.8033,-1081.0958,460.26362,195901880.0,-0.022887732,0,1
171.25,117.0,2,1180.5845,1180.735,2290.1485,-1109.564,461.06362,239275100.0,-0.022290306,0,1
171.25,117.25,2,1213.4121,1213.4852,2353.199,-1139.7869,461.86362,292251260.0,-0.021688724,0,1
171.25,117.5,2,1248.3841,1248.3533,2420.3377,-1171.9535,462.86362,375258050.0,-0.02108293,0,1
171.25,117.75,2,1285.7215,1285.5539,2491.9615,-1206.24,463.66362,458341220.0,-0.020472844,0,1
171.25,118.0,2,1325.6761,1325.33,2568.5605,-1242.8845,464.66362,588521770.0,-0.019858409,0,1
171.25,118.25,2,1368.5369,1367.9605,2650.6751,-1282.1382,465.66362,755676910.0,-0.019239551,0,1
171.25,118.5,2,1414.6371,1413.7667,2738.9313,-1324.2942,466.66362,970308360.0,-0.018616187,0,1
171.25,118.75,2,1464.3623,1463.1171,2834.0656,-1369.7032,467.66362,1245900600.0,-0.017988269,0,1
171.25,119.0,2,1518.162,1516.4458,2936.9144,-1418.7524,468.66362,1599768000.0,-0.017355679,0,1
171.25,119.25,2,1576.5622,1574.2509,3048.4688,-1471.9066,469.86362,2159461000.0,-0.016718393,0,1
171.25,119.5,2,1640.1839,1637.1287,3169.8976,-1529.7138,471.06362,2914967400.0,-0.016076284,0,1
171.25,119.75,2,1709.7645,1705.7793,3302.5539,-1592.7894,472.26362,3934794400.0,-0.015429279,0,1
171.25,120.0,2,1786.1863,1781.0365,3448.1367,-1661.9504,473.46362,5311416900.0,-0.01477732,0,1
171.25,120.25,2,1870.5154,1863.911,3608.5995,-1738.0842,474.86362,7537259400.0,-0.01412028,0,1
171.25,120.5,2,1964.0498,1955.6232,3786.364,-1822.3142,476.26362,10695880000.0,-0.013458086,0,1
171.25,120.75,2,2068.389,2057.6686,3984.4819,-1916.0929,477.66362,15178177000.0,-0.012790663,0,1
171.25,121.0,2,2185.5246,2171.9092,4206.5751,-2021.0504,479.26362,22643179000.0,-0.012117885,0,1
171.25,121.25,2,2317.9693,2300.6765,4457.3368,-2139.3675,480.86362,33779653000.0,-0.011439655,0,1
171.25,121.5,2,2468.9396,2446.9296,4742.7518,-2273.8121,482.46362,50393321000.0,-0.010755906,0,1
171.25,121.75,2,2642.6207,2614.5069,5070.56,-2427.9392,484.26362,79032459000.0,-0.010066505,0,1
171.25,122.0,2,2844.5607,2808.4506,5451.0417,-2606.4811,486.26362,130302500000.0,-0.0093713398,0,1
171.25,122.25,2,3082.2747,3035.528,5898.0388,-2815.764,488.26362,214832500000.0,-0.0086703022,0,1
171.25,122.5,2,3366.2026,3305.0264,6430.6613,-3064.4587,490.46362,372359070000.0,-0.0079633087,0,1
171.25,122.75,2,3711.287,3630.0938,7076.6696,-3365.3826,492.86362,678482470000.0,-0.0072502107,0,1
171.25,123.0,2,4139.6877,4029.9184,7876.5669,-3736.8792,495.26362,1236275700000.0,-0.0065308879,0,1
171.25,123.25,2,4685.7599,4533.6722,8893.0948,-4207.3349,498.06362,2489553500000.0,-0.0058052157,0,1
171.25,123.5,2,5405.7639,5187.9598,10229.318,-4823.5542,501.06362,5270384700000.0,-0.0050730819,0,1
171.25,123.75,2,6398.6881,6072.181,12066.437,-5667.749,504.46362,12330839000000.0,-0.0043343479,0,1
171.25,124.0,2,7856.4015,7333.498,14755.582,-6899.1802,508.46362,33518696000000.0,-0.0035888665,0,1
171.25,124.25,2,10206.397,9278.6801,19089.028,-8882.6313,512.86362,100695730000000.0,-0.0028364967,0,1
171.25,124.5,2,14636.315,12671.038,27331.901,-12695.586,518.06362,369482490000000.0,-0.0020770946,0,1
171.25,124.75,2,26143.699,20082.625,51040.258,-24896.559,524.86362,2022527700000000.0,-0.0013105331,0,1
171.25,125.0,2,200174.02,49044.61,148336.49,51837.535,534.66362,2.3437753e+16,-0.00053663277,0,1
171.25,125.25,1,,,,,,-1.0,0.00024476631,0,1
171.25,125.5,1,,,,,,-1.0,0.0010338292,0,1
171.25,125.75,1,,,,,,-1.0,0.0018306966,0,1
171.25,126.0,1,,,,,,-1.0,0.0026355727,0,1
171.25,126.25,1,,,,,,-1.0,0.0034486395,0,1
171.25,126.5,1,,,,,,-1.0,0.0042700603,0,1
171.25,126.75,1,,,,,,-1.0,0.0051000394,0,1
171.25,127.0,1,,,,,,-1.0,0.0059387879,0,1
171.25,127.25,1,,,,,,-1.0,0.0067864693,0,1
171.25,127.5,1,,,,,,-1.0,0.0076433378,0,1
171.25,127.75,1,,,,,,-1.0,0.0085095704,0,1
171.25,128.0,1,,,,,,-1.0,0.0093854258,0,1
171.25,128.25,1,,,,,,-1.0,0.010271117,0,1
171.25,128.5,1,,,,,,-1.0,0.011167279,0,1
171.25,128.75,1,,,,,,-1.0,0.01207421,0,1
171.25,129.0,1,,,,,,-1.0,0.012992099,0,1
171.25,129.25,1,,,,,,-1.0,0.013921137,0,1
171.25,129.5,1,,,,,,-1.0,0.014861523,0,1
171.25,129.75,1,,,,,,-1.0,0.015813457,0,1
171.25,130.0,1,,,,,,-1.0,0.016777147,0,1
171.25,130.25,1,,,,,,-1.0,0.017752803,0,1
171.25,130.5,1,,,,,,-1.0,0.018740643,0,1
171.25,130.75,1,,,,,,-1.0,0.019740889,0,1
171.25,131.0,1,,,,,,-1.0,0.020753767,0,1
171.25,131.25,1,,,,,,-1.0,0.021779511,0,1
171.25,131.5,1,,,,,,-1.0,0.022818359,0,1
171.25,131.75,1,,,,,,-1.0,0.023870555,0,1
171.25,132.0,1,,,,,,-1.0,0.024936351,0,1
171.25,132.25,1,,,,,,-1.0,0.026016003,0,1
171.25,132.5,1,,,,,,-1.0,0.027109774,0,1
171.25,132.75,1,,,,,,-1.0,0.028217934,0,1
171.25,133.0,1,,,,,,-1.0,0.029340761,0,1
171.25,133.25,1,,,,,,-1.0,0.030478539,0,1
171.25,133.5,1,,,,,,-1.0,0.031631558,0,1
171.25,133.75,1,,,,,,-1.0,0.032800119,0,1
171.25,134.0,1,,,,,,-1.0,0.033984527,0,1
171.25,134.25,1,,,,,,-1.0,0.035185098,0,1
171.25,134.5,1,,,,,,-1.0,0.036402155,0,1
171.25,134.75,1,,,,,,-1.0,0.03763603,0,1
171.25,135.0,1,,,,,,-1.0,0.038887063,0,1
171.25,135.25,1,,,,,,-1.0,0.040155606,0,1
171.25,135.5,1,,,,,,-1.0,0.041442018,0,1
171.25,135.75,1,,,,,,-1.0,0.042746668,0,1
171.25,136.0,1,,,,,,-1.0,0.04406992,0,1
171.25,136.25,1,,,,,,-1.0,0.045411088,0,1
171.25,136.5,1,,,,,,-1.0,0.046769645,0,1
171.25,136.75,1,,,,,,-1.0,0.04814547,0,1
171.25,137.0,1,,,,,,-1.0,0.049538395,0,1
171.25,137.25,1,,,,,,-1.0,0.050948175,0,1
171.25,137.5,1,,,,,,-1.0,0.05237454,0,1
171.25,137.75,1,,,,,,-1.0,0.053817121,0,1
171.25,138.0,1,,,,,,-1.0,0.055275517,0,1
171.5,112.0,2,753.41739,753.66792,1465.9483,-712.53092,447.26945,7607029.2,-0.034921143,0,1
171.5,112.25,2,764.94116,765.19612,1488.2805,-723.33932,447.86945,8838107.0,-0.034395032,0,1
171.5,112.5,2,776.89505,777.15468,1511.4392,-734.54415,448.26945,9767618.8,-0.033865774,0,1
171.5,112.75,2,789.3039,789.56848,1535.4748,-746.17093,448.86945,11348354.0,-0.033333328,0,1
171.5,113.0,2,802.1945,802.46353,1560.4356,-758.24114,449.26945,12541871.0,-0.032797684,0,1
171.5,113.25,2,815.59581,815.86942,1586.3788,-770.78295,449.86945,14571575.0,-0.032258771,0,1
171.5,113.5,2,829.53916,829.81757,1613.3639,-783.82473,450.46945,16929755.0,-0.031716543,0,1
171.5,113.75,2,844.05853,844.34195,1641.4547,-797.39616,451.06945,19669569.0,-0.031170955,0,1
171.5,114.0,2,859.19083,859.47927,1670.7217,-811.5309,451.66945,22852779.0,-0.030621966,0,1
171.5,114.25,2,874.97623,875.26857,1701.2425,-826.26631,452.06945,25256226.0,-0.030069565,0,1
171.5,114.5,2,891.4585,891.75464,1733.1007,-841.64216,452.66945,29343548.0,-0.029513662,0,1
171.5,114.75,2,908.68548,908.98516,1766.3852,-857.69976,453.46945,35840291.0,-0.028954208,0,1
171.5,115.0,2,926.70956,927.0112,1801.198,-874.48839,454.06945,41640477.0,-0.028391183,0,1
171.5,115.25,2,945.58819,945.89004,1837.6465,-892.05828,454.66945,48379333.0,-0.027824529,0,1
171.5,115.5,2,965.38461,965.6852,1875.8527,-910.46811,455.26945,56208765.0,-0.027254166,0,1
171.5,115.75,2,986.16853,986.4642,1915.9476,-929.77903,456.06945,68653541.0,-0.026680081,0,1
171.5,116.0,2,1008.017,1008.3037,1958.079,-950.06196,456.66945,79764035.0,-0.026102201,0,1
171.5,116.25,2,1031.0155,1031.2885,2002.4051,-971.38953,457.46945,97424012.0,-0.025520447,0,1
171.5,116.5,2,1055.2591,1055.5095,2049.1134,-993.85431,458.06945,113190550.0,-0.024934824,0,1
171.5,116.75,2,1080.8535,1081.0731,2098.3888,-1017.5353,458.86945,138251250.0,-0.024345204,0,1
171.5,117.0,2,1107.9173,1108.0924,2150.4787,-1042.5614,459.66945,168860460.0,-0.023751581,0,1
171.5,117.25,2,1136.5831,1136.6983,2205.6257,-1069.0427,460.46945,206246630.0,-0.023153854,0,1
171.5,117.5,2,1167.0003,1167.0344,2264.0989,-1097.0985,461.26945,251910210.0,-0.022551987,0,1
171.5,117.75,2,1199.3377,1199.2651,2326.2422,-1126.9046,462.26945,323459110.0,-0.021945895,0,1
171.5,118.0,2,1233.786,1233.5735,2392.3912,-1158.6053,463.06945,395073850.0,-0.021335531,0,1
171.5,118.25,2,1270.5623,1270.1703,2462.9716,-1192.4092,463.86945,482544290.0,-0.020720801,0,1
171.5,118.5,2,1309.9145,1309.2914,2538.4494,-1228.5349,464.86945,619599130.0,-0.020101671,0,1
171.5,118.75,2,1352.1267,1351.2127,2619.363,-1267.2363,465.86945,795581030.0,-0.019478018,0,1
171.5,119.0,2,1397.5261,1396.243,2706.3268,-1308.8007,466.86945,1021546300.0,-0.018849832,0,1
171.5,119.25,2,1446.4916,1444.748,2800.0608,-1353.5692,467.86945,1311691400.0,-0.01821698,0,1
171.5,119.5,2,1499.4642,1497.1464,2901.3929,-1401.9286,469.06945,1770598200.0,-0.017579407,0,1
171.5,119.75,2,1556.9607,1553.928,3011.2952,-1454.3345,470.06945,2273493000.0,-0.016937043,0,1
171.5,120.0,2,1619.5903,1615.6728,3130.8915,-1511.3012,471.26945,3068894600.0,-0.016289774,0,1
171.5,120.25,2,1688.0763,1683.0614,3261.5822,-1573.5059,472.46945,4142574400.0,-0.015637543,0,1
171.5,120.5,2,1763.2843,1756.9085,3404.9465,-1641.6622,473.86945,5878592900.0,-0.014980259,0,1
171.5,120.75,2,1846.2587,1838.196,3562.9542,-1716.6954,475.06945,7935270400.0,-0.014317812,0,1
171.5,121.0,2,1938.2727,1928.1109,3738.0378,-1799.7651,476.46945,11260685000.0,-0.01365012,0,1
171.5,121.25,2,2040.8921,2028.1057,3933.046,-1892.1539,478.06945,16798968000.0,-0.012977107,0,1
171.5,121.5,2,2156.0668,2139.987,4151.6505,-1995.5836,479.46945,23838870000.0,-0.012298647,0,1
171.5,121.75,2,2286.256,2266.0149,4398.4322,-2112.1762,481.06945,35563415000.0,-0.011614639,0,1
171.5,122.0,2,2434.6052,2409.0586,4679.2558,-2244.6506,482.86945,55774536000.0,-0.010924991,0,1
171.5,122.25,2,2605.2042,2572.8212,5001.7092,-2396.505,484.66945,87471885000.0,-0.010229605,0,1
171.5,122.5,2,2803.4708,2762.1723,5375.8425,-2572.3717,486.46945,137183220000.0,-0.0095283501,0,1
171.5,122.75,2,3036.7366,2983.631,5815.2706,-2778.534,488.66945,237773240000.0,-0.0088211125,0,1
171.5,123.0,2,3315.1755,3246.1363,6338.6448,-3023.4692,490.66945,392021790000.0,-0.0081077756,0,1
171.5,123.25,2,3653.331,3562.2778,6973.103,-3319.772,493.06945,714310280000.0,-0.0073882349,0,1
171.5,123.5,2,4072.7378,3950.3957,7758.0653,-3685.3275,495.66945,1368290500000.0,-0.0066623567,0,1
171.5,123.75,2,4606.7166,4438.2675,8755.373,-4148.6564,498.46945,2755398700000.0,-0.0059300042,0,1
171.5,124.0,2,5309.7043,5070.0669,10064.944,-4755.2394,501.46945,5833179100000.0,-0.0051910449,0,1
171.5,124.25,2,6277.1722,5920.5671,11863.346,-5586.1734,504.86945,13647579000000.0,-0.0044453419,0,1
171.5,124.5,2,7693.3631,7127.1747,14491.92,-6798.5567,508.66945,35288677000000.0,-0.0036927599,0,1
171.5,124.75,2,9966.0569,8972.8896,18718.819,-8752.762,513.06945,106013040000000.0,-0.0029331627,0,1
171.5,125.0,2,14215.34,12148.79,26737.62,-12522.28,518.26945,388993310000000.0,-0.0021663841,0,1
171.5,125.25,2,25015.835,18903.636,50082.961,-25067.126,525.06945,2129328900000000.0,-0.0013922689,0,1
171.5,125.5,2,173250.86,43099.397,144241.19,29009.668,534.46945,2.2327227e+16,-0.00061065691,0,1
171.5,125.75,1,,,,,,-1.0,0.00017861301,0,1
171.5,126.0,1,,,,,,-1.0,0.00097569557,0,1
171.5,126.25,1,,,,,,-1.0,0.0017807867,0,1
171.5,126.5,1,,,,,,-1.0,0.0025940685,0,1
171.5,126.75,1,,,,,,-1.0,0.0034157226,0,1
171.5,127.0,1,,,,,,-1.0,0.0042459238,0,1
171.5,127.25,1,,,,,,-1.0,0.0050848965,0,1
171.5,127.5,1,,,,,,-1.0,0.0059328398,0,1
171.5,127.75,1,,,,,,-1.0,0.0067899432,0,1
171.5,128.0,1,,,,,,-1.0,0.0076564578,0,1
171.5,128.25,1,,,,,,-1.0,0.0085326181,0,1
171.5,128.5,1,,,,,,-1.0,0.0094191155,0,1
171.5,128.75,1,,,,,,-1.0,0.010316234,0,1
171.5,129.0,1,,,,,,-1.0,0.011224157,0,1
171.5,129.25,1,,,,,,-1.0,0.012143076,0,1
171.5,129.5,1,,,,,,-1.0,0.013073184,0,1
171.5,129.75,1,,,,,,-1.0,0.014014679,0,1
171.5,130.0,1,,,,,,-1.0,0.014967765,0,1
171.5,130.25,1,,,,,,-1.0,0.015932648,0,1
171.5,130.5,1,,,,,,-1.0,0.016909543,0,1
171.5,130.75,1,,,,,,-1.0,0.017898666,0,1
171.5,131.0,1,,,,,,-1.0,0.018900242,0,1
171.5,131.25,1,,,,,,-1.0,0.019914499,0,1
171.5,131.5,1,,,,,,-1.0,0.020941671,0,1
171.5,131.75,1,,,,,,-1.0,0.021981999,0,1
171.5,132.0,1,,,,,,-1.0,0.023035728,0,1
171.5,132.25,1,,,,,,-1.0,0.024103112,0,1
171.5,132.5,1,,,,,,-1.0,0.025184408,0,1
171.5,132.75,1,,,,,,-1.0,0.026279882,0,1
171.5,133.0,1,,,,,,-1.0,0.027389805,0,1
171.5,133.25,1,,,,,,-1.0,0.028514457,0,1
171.5,133.5,1,,,,,,-1.0,0.029654124,0,1
171.5,133.75,1,,,,,,-1.0,0.030809099,0,1
171.5,134.0,1,,,,,,-1.0,0.031979683,0,1
171.5,134.25,1,,,,,,-1.0,0.033166185,0,1
171.5,134.5,1,,,,,,-1.0,0.034368924,0,1
171.5,134.75,1,,,,,,-1.0,0.035588224,0,1
171.5,135.0,1,,,,,,-1.0,0.036824419,0,1
171.5,135.25,1,,,,,,-1.0,0.038077855,0,1
171.5,135.5,1,,,,,,-1.0,0.039348882,0,1
171.5,135.75,1,,,,,,-1.0,0.040637864,0,1
171.5,136.0,1,,,,,,-1.0,0.041945174,0,1
171.5,136.25,1,,,,,,-1.0,0.043271193,0,1
171.5,136.5,1,,,,,,-1.0,0.044616316,0,1
171.5,136.75,1,,,,,,-1.0,0.045980651,0,1
171.5,137.0,1,,,,,,-1.0,0.047362932,0,1
171.5,137.25,1,,,,,,-1.0,0.04876285,0,1
171.5,137.5,1,,,,,,-1.0,0.050180184,0,1
171.5,137.75,1,,,,,,-1.0,0.05161468,0,1
171.5,138.0,1,,,,,,-1.0,0.053065988,0,1
171.75,112.0,2,724.31475,724.55516,1409.555,-685.24024,446.67528,6556975.0,-0.036324281,0,1
171.75,112.25,2,734.90199,735.14623,1430.085,-695.18297,447.07528,7246578.1,-0.035800966,0,1
171.75,112.5,2,745.86895,746.11721,1451.3462,-705.47725,447.47528,8008707.4,-0.035274545,0,1
171.75,112.75,2,757.23669,757.48917,1473.3799,-716.1432,448.07528,9304790.5,-0.034744979,0,1
171.75,113.0,2,769.02786,769.2848,1496.2279,-727.20005,448.47528,10283384.0,-0.034212226,0,1
171.75,113.25,2,781.26688,781.52818,1519.938,-738.67117,449.07528,11947587.0,-0.033676259,0,1
171.75,113.5,2,793.98008,794.2454,1544.56,-750.57989,449.47528,13204126.0,-0.033137044,0,1
171.75,113.75,2,807.19593,807.46542,1570.1492,-762.95325,450.07528,15341006.0,-0.032594516,0,1
171.75,114.0,2,820.94524,821.21905,1596.7624,-775.81716,450.67528,17823706.0,-0.03204863,0,1
171.75,114.25,2,835.26141,835.53966,1624.4659,-789.20445,451.27528,20708192.0,-0.031499337,0,1
171.75,114.5,2,850.18073,850.46222,1653.328,-803.14729,451.87528,24059487.0,-0.030946636,0,1
171.75,114.75,2,865.7427,866.02707,1683.4227,-817.68004,452.47528,27953135.0,-0.030390442,0,1
171.75,115.0,2,881.99038,882.27727,1714.8339,-832.84355,453.07528,32476910.0,-0.029830696,0,1
171.75,115.25,2,898.97082,899.25877,1747.6496,-848.67881,453.67528,37732786.0,-0.029267377,0,1
171.75,115.5,2,916.73557,917.02247,1781.9675,-865.23197,454.27528,43839243.0,-0.028700436,0,1
171.75,115.75,2,935.3412,935.6254,1817.8974,-882.55623,454.87528,50933934.0,-0.028129789,0,1
171.75,116.0,2,954.84995,955.12773,1855.5572,-900.70726,455.47528,59176788.0,-0.027555419,0,1
171.75,116.25,2,975.33049,975.59746,1895.0784,-919.7479,456.27528,72278692.0,-0.026977259,0,1
171.75,116.5,2,996.85873,997.10998,1936.6021,-939.74333,456.87528,83975860.0,-0.026395228,0,1
171.75,116.75,2,1019.5189,1019.7454,1980.2909,-960.77208,457.67528,102568350.0,-0.025809329,0,1
171.75,117.0,2,1043.4045,1043.5978,2026.3201,-982.91564,458.47528,125277260.0,-0.025219434,0,1
171.75,117.25,2,1068.6199,1068.766,2074.8813,-1006.2614,459.07528,145551410.0,-0.024625545,0,1
171.75,117.5,2,1095.2819,1095.3655,2126.2165,-1030.9346,459.87528,177776900.0,-0.024027547,0,1
171.75,117.75,2,1123.5211,1123.5206,2180.548,-1057.0269,460.67528,217137190.0,-0.023425422,0,1
171.75,118.0,2,1153.4846,1153.3753,2238.1833,-1084.6986,461.47528,265211960.0,-0.022819063,0,1
171.75,118.25,2,1185.3384,1185.0871,2299.41,-1114.0716,462.47528,340538900.0,-0.022208449,0,1
171.75,118.5,2,1219.2703,1218.8389,2364.5944,-1145.3242,463.27528,415935160.0,-0.021593456,0,1
171.75,118.75,2,1255.4937,1254.8318,2434.143,-1178.6493,464.27528,534071310.0,-0.020974083,0,1
171.75,119.0,2,1294.2522,1293.3021,2508.517,-1214.2648,465.07528,652316170.0,-0.020350191,0,1
171.75,119.25,2,1335.8251,1334.5137,2588.2481,-1252.4229,466.07528,837590550.0,-0.019721749,0,1
171.75,119.5,2,1380.5338,1378.7734,2673.9381,-1293.4043,467.07528,1075487600.0,-0.019088667,0,1
171.75,119.75,2,1428.7504,1426.4358,2766.2914,-1337.541,468.27528,1451756300.0,-0.018450845,0,1
171.75,120.0,2,1480.9078,1477.9072,2866.1235,-1385.2157,469.27528,1864092000.0,-0.017808253,0,1
171.75,120.25,2,1537.5135,1533.6696,2974.3745,-1436.861,470.47528,2516261100.0,-0.017160766,0,1
171.75,120.5,2,1599.165,1594.286,3092.2045,-1493.0396,471.67528,3396597200.0,-0.016508296,0,1
171.75,120.75,2,1666.5719,1660.4181,3220.909,-1554.3371,472.87528,4584926600.0,-0.015850794,0,1
171.75,121.0,2,1740.583,1732.8617,3362.0984,-1621.5154,474.07528,6189003500.0,-0.01518814,0,1
171.75,121.25,2,1822.2227,1812.57,3517.7364,-1695.5137,475.47528,8782614100.0,-0.014520236,0,1
171.75,121.5,2,1912.7377,1900.6973,3690.0889,-1777.3512,476.87528,12463123000.0,-0.013846994,0,1
171.75,121.75,2,2013.6622,1998.6533,3882.0627,-1868.4005,478.27528,17686013000.0,-0.01316834,0,1
171.75,122.0,2,2126.9053,2108.1901,4097.2287,-1970.3234,479.87528,26384431000.0,-0.012484142,0,1
171.75,122.25,2,2254.8732,2231.4973,4340.0857,-2085.2125,481.47528,39360946000.0,-0.011794298,0,1
171.75,122.5,2,2400.6418,2371.3535,4616.3731,-2215.7313,483.07528,58719631000.0,-0.011098702,0,1
171.75,122.75,2,2568.208,2531.3355,4933.5407,-2365.3327,484.87528,92090712000.0,-0.010397257,0,1
171.75,123.0,2,2762.8618,2716.1367,5301.4423,-2538.5805,486.87528,151831920000.0,-0.0096898457,0,1
171.75,123.25,2,2991.7557,2932.0353,5733.3652,-2741.6095,488.87528,250328510000.0,-0.0089763396,0,1
171.75,123.5,2,3264.8045,3187.6181,6247.6291,-2982.8247,491.07528,433882640000.0,-0.0082566181,0,1
171.75,123.75,2,3596.1622,3494.9535,6870.7471,-3274.5849,493.47528,790585720000.0,-0.0075305565,0,1
171.75,124.0,2,4006.7565,3871.557,7641.1903,-3634.4338,496.07528,1514399200000.0,-0.006798026,0,1
171.75,124.25,2,4528.9034,4343.8458,8619.4023,-4090.4989,498.67528,2900893600000.0,-0.0060589041,0,1
171.75,124.5,2,5215.2768,4953.6406,9902.7463,-4687.4696,501.87528,6456057400000.0,-0.0053130509,0,1
171.75,124.75,2,6157.9574,5771.2974,11662.566,-5504.6089,505.07528,14368220000000.0,-0.0045603169,0,1
171.75,125.0,2,7533.8648,6925.0248,14232.36,-6698.4948,509.07528,39056871000000.0,-0.0038005561,0,1
171.75,125.25,2,9731.994,8675.7614,18355.292,-8623.2977,513.27528,111610910000000.0,-0.0030336179,0,1
171.75,125.5,2,13808.749,11648.918,26153.785,-12345.036,518.47528,409533540000000.0,-0.0022593468,0,1
171.75,125.75,2,23945.713,17812.171,49293.203,-25347.49,525.07528,2132432900000000.0,-0.0014775821,0,1
171.75,126.0,2,150471.49,38244.555,143185.97,7285.5206,534.27528,2.1269275e+16,-0.00068817495,0,1
171.75,126.25,1,,,,,,-1.0,0.00010906016,0,1
171.75,126.5,1,,,,,,-1.0,0.00091430186,0,1
171.75,126.75,1,,,,,,-1.0,0.0017277326,0,1
171.75,127.0,1,,,,,,-1.0,0.002549541,0,1
171.75,127.25,1,,,,,,-1.0,0.0033798993,0,1
171.75,127.5,1,,,,,,-1.0,0.0042190251,0,1
171.75,127.75,1,,,,,,-1.0,0.0050671303,0,1
171.75,128.0,1,,,,,,-1.0,0.0059244153,0,1
171.75,128.25,1,,,,,,-1.0,0.0067911373,0,1
171.75,128.5,1,,,,,,-1.0,0.007668019,0,1
171.75,128.75,1,,,,,,-1.0,0.0085553744,0,1
171.75,129.0,1,,,,,,-1.0,0.0094533854,0,1
171.75,129.25,1,,,,,,-1.0,0.010362238,0,1
171.75,129.5,1,,,,,,-1.0,0.011282123,0,1
171.75,129.75,1,,,,,,-1.0,0.012213235,0,1
171.75,130.0,1,,,,,,-1.0,0.013155773,0,1
171.75,130.25,1,,,,,,-1.0,0.014109942,0,1
171.75,130.5,1,,,,,,-1.0,0.015075951,0,1
171.75,130.75,1,,,,,,-1.0,0.016054015,0,1
171.75,131.0,1,,,,,,-1.0,0.017044351,0,1
171.75,131.25,1,,,,,,-1.0,0.018047187,0,1
171.75,131.5,1,,,,,,-1.0,0.01906275,0,1
171.75,131.75,1,,,,,,-1.0,0.020091278,0,1
171.75,132.0,1,,,,,,-1.0,0.021133012,0,1
171.75,132.25,1,,,,,,-1.0,0.0221882,0,1
171.75,132.5,1,,,,,,-1.0,0.023257095,0,1
171.75,132.75,1,,,,,,-1.0,0.024339958,0,1
171.75,133.0,1,,,,,,-1.0,0.025437057,0,1
171.75,133.25,1,,,,,,-1.0,0.026548664,0,1
171.75,133.5,1,,,,,,-1.0,0.027675061,0,1
171.75,133.75,1,,,,,,-1.0,0.028816536,0,1
171.75,134.0,1,,,,,,-1.0,0.029973384,0,1
171.75,134.25,1,,,,,,-1.0,0.031145908,0,1
171.75,134.5,1,,,,,,-1.0,0.032334421,0,1
171.75,134.75,1,,,,,,-1.0,0.033539241,0,1
171.75,135.0,1,,,,,,-1.0,0.034760697,0,1
171.75,135.25,1,,,,,,-1.0,0.035999125,0,1
171.75,135.5,1,,,,,,-1.0,0.037254872,0,1
171.75,135.75,1,,,,,,-1.0,0.038528293,0,1
171.75,136.0,1,,,,,,-1.0,0.039819754,0,1
171.75,136.25,1,,,,,,-1.0,0.041129629,0,1
171.75,136.5,1,,,,,,-1.0,0.042458305,0,1
171.75,136.75,1,,,,,,-1.0,0.043806178,0,1
171.75,137.0,1,,,,,,-1.0,0.045173656,0,1
171.75,137.25,1,,,,,,-1.0,0.046561157,0,1
171.75,137.5,1,,,,,,-1.0,0.047967768,0,1
171.75,137.75,1,,,,,,-1.0,0.049392366,0,1
171.75,138.0,1,,,,,,-1.0,0.050834706,0,1
172.0,112.0,2,697.24305,697.47466,1357.0659,-659.82287,445.8811,5376211.4,-0.037734625,0,1
172.0,112.25,2,706.9958,707.23075,1375.989,-668.99315,446.2811,5941632.4,-0.037214085,0,1
172.0,112.5,2,717.08513,717.32355,1395.561,-678.47584,446.6811,6566519.4,-0.03669048,0,1
172.0,112.75,2,727.52899,727.77104,1415.8155,-688.28651,447.2811,7629207.1,-0.036163771,0,1
172.0,113.0,2,738.34666,738.5925,1436.7917,-698.44499,447.6811,8431577.8,-0.035633919,0,1
172.0,113.25,2,749.55884,749.80865,1458.527,-708.96819,448.2811,9796095.8,-0.035100882,0,1
172.0,113.5,2,761.18779,761.44179,1481.065,-719.87717,448.6811,10826360.0,-0.034564619,0,1
172.0,113.75,2,773.25751,773.51519,1504.4515,-731.19397,449.2811,12578436.0,-0.034025117,0,1
172.0,114.0,2,785.7939,786.05515,1528.7358,-742.94187,449.6811,13901322.0,-0.033482314,0,1
172.0,114.25,2,798.82494,799.08984,1553.9717,-755.14674,450.2811,16151032.0,-0.032936153,0,1
172.0,114.5,2,812.38091,812.64952,1580.2165,-767.83557,450.8811,18764821.0,-0.032386588,0,1
172.0,114.75,2,826.49468,826.76619,1607.5333,-781.03865,451.4811,21801612.0,-0.031833601,0,1
172.0,115.0,2,841.20192,841.47544,1635.99,-794.78811,452.0811,25329860.0,-0.03127714,0,1
172.0,115.25,2,856.54148,856.81654,1665.6606,-809.11909,452.6811,29429098.0,-0.03071713,0,1
172.0,115.5,2,872.55574,872.83114,1696.6279,-824.07213,453.2811,34191734.0,-0.030153536,0,1
172.0,115.75,2,889.29102,889.56417,1728.9783,-839.68729,453.8811,39725127.0,-0.029586337,0,1
172.0,116.0,2,906.79804,907.06714,1762.8059,-856.00784,454.4811,46154013.0,-0.029015432,0,1
172.0,116.25,2,925.13253,925.39399,1798.2179,-873.08536,455.0811,53623313.0,-0.0284408,0,1
172.0,116.5,2,944.35582,944.60479,1835.3361,-890.98032,455.6811,62301401.0,-0.027862388,0,1
172.0,116.75,2,964.53556,964.76709,1874.2846,-909.749,456.4811,76095103.0,-0.027280102,0,1
172.0,117.0,2,985.74657,985.95139,1915.2076,-929.461,457.0811,88409897.0,-0.026693958,0,1
172.0,117.25,2,1008.0718,1008.2412,1958.261,-950.18917,457.8811,107984090.0,-0.026103819,0,1
172.0,117.5,2,1031.6036,1031.7236,2003.6141,-972.01051,458.6811,131892070.0,-0.025509687,0,1
172.0,117.75,2,1056.4448,1056.4999,2051.4801,-995.03534,459.4811,161093340.0,-0.02491145,0,1
172.0,118.0,2,1082.7101,1082.6791,2102.0574,-1019.3473,460.0811,187163750.0,-0.024309092,0,1
172.0,118.25,2,1110.5285,1110.3869,2155.6094,-1045.0809,461.0811,240323020.0,-0.023702499,0,1
172.0,118.5,2,1140.0447,1139.7597,2212.3924,-1072.3477,461.8811,293531190.0,-0.023091661,0,1
172.0,118.75,2,1171.4218,1170.9567,2272.7266,-1101.3048,462.6811,358519810.0,-0.022476446,0,1
172.0,119.0,2,1204.8448,1204.1509,2336.9622,-1132.1175,463.4811,437897090.0,-0.02185685,0,1
172.0,119.25,2,1240.5233,1239.5449,2405.4954,-1164.9721,464.4811,562270990.0,-0.021232749,0,1
172.0,119.5,2,1278.697,1277.3653,2478.7853,-1200.0883,465.4811,721970240.0,-0.020604086,0,1
172.0,119.75,2,1319.6399,1317.8712,2557.345,-1237.7051,466.4811,927028140.0,-0.019970802,0,1
172.0,120.0,2,1363.6678,1361.3634,2641.7774,-1278.1097,467.4811,1190327700.0,-0.019332784,0,1
172.0,120.25,2,1411.1461,1408.1847,2732.7649,-1321.6188,468.4811,1528411000.0,-0.018689981,0,1
172.0,120.5,2,1462.5001,1458.7351,2831.1049,-1368.6047,469.4811,1962518600.0,-0.018042306,0,1
172.0,120.75,2,1518.2274,1513.4829,2937.7603,-1419.5329,470.6811,2649123000.0,-0.017389655,0,1
172.0,121.0,2,1578.9148,1572.9755,3053.8092,-1474.8945,471.8811,3575942000.0,-0.016731948,0,1
172.0,121.25,2,1645.2579,1637.8583,3180.5689,-1535.311,473.0811,4827016800.0,-0.016069122,0,1
172.0,121.5,2,1718.0895,1708.9058,3319.6501,-1601.5606,474.2811,6515791200.0,-0.015401051,0,1
172.0,121.75,2,1798.4132,1787.044,3472.8769,-1674.4636,475.6811,9246347800.0,-0.014727642,0,1
172.0,122.0,2,1887.451,1873.3947,3642.5668,-1755.1158,477.0811,13121192000.0,-0.014048799,0,1
172.0,122.25,2,1986.7056,1969.3252,3831.5491,-1844.8436,478.4811,18619858000.0,-0.013364449,0,1
172.0,122.5,2,2098.0459,2076.5342,4043.3262,-1945.2803,480.0811,27777564000.0,-0.012674458,0,1
172.0,122.75,2,2223.8264,2197.1417,4282.3056,-2058.4792,481.6811,41439256000.0,-0.01197872,0,1
172.0,123.0,2,2367.0549,2333.8347,4554.12,-2187.065,483.4811,64989690000.0,-0.011277125,0,1
172.0,123.25,2,2531.6372,2490.0702,4866.0712,-2334.4339,485.2811,101924120000.0,-0.01056956,0,1
172.0,123.5,2,2722.7386,2670.3715,5227.8026,-2505.064,487.0811,159848840000.0,-0.0098559116,0,1
172.0,123.75,2,2947.3365,2880.7738,5652.3543,-2705.0178,489.2811,277058490000.0,-0.0091360678,0,1
172.0,124.0,2,3215.0934,3129.5234,6157.6406,-2942.5473,491.4811,480212460000.0,-0.0084098893,0,1
172.0,124.25,2,3539.7836,3428.1746,6769.5715,-3229.788,493.6811,832329700000.0,-0.0076772474,0,1
172.0,124.5,2,3941.7452,3793.4433,7525.7671,-3584.0219,496.2811,1594361500000.0,-0.0069380093,0,1
172.0,124.75,2,4452.3207,4250.4497,8484.9128,-4032.5921,499.0811,3210649800000.0,-0.0061920378,0,1
172.0,125.0,2,5122.476,4838.7607,9742.3862,-4619.9102,502.0811,6796945800000.0,-0.0054391913,0,1
172.0,125.25,2,6041.0277,5624.5192,11465.396,-5424.368,505.4811,15902453000000.0,-0.0046793236,0,1
172.0,125.5,2,7377.8615,6727.2588,13977.029,-6599.1678,509.2811,41119126000000.0,-0.0039122837,0,1
172.0,125.75,2,9504.0866,8387.3681,17996.621,-8492.5343,513.6811,123528680000000.0,-0.0031379266,0,1
172.0,126.0,2,13416.134,11170.635,25582.947,-12166.813,518.6811,431157460000000.0,-0.0023560831,0,1
172.0,126.25,2,22928.439,16800.202,48886.304,-25957.866,525.2811,2245028200000000.0,-0.001566585,0,1
172.0,126.5,2,53157.342,34213.289,500000.0,-446842.66,534.0811,2.026141e+16,-0.00076926088,0,1
172.0,126.75,1,,,,,,-1.0,3.6066402e-05,0,1
172.0,127.0,1,,,,,,-1.0,0.00084957969,0,1
172.0,127.25,1,,,,,,-1.0,0.0016714679,0,1
172.0,127.5,1,,,,,,-1.0,0.0025019122,0,1
172.0,127.75,1,,,,,,-1.0,0.0033411199,0,1
172.0,128.0,1,,,,,,-1.0,0.0041893058,0,1
172.0,128.25,1,,,,,,-1.0,0.0050466978,0,1
172.0,128.5,1,,,,,,-1.0,0.0059140138,0,1
172.0,128.75,1,,,,,,-1.0,0.0067916577,0,1
172.0,129.0,1,,,,,,-1.0,0.0076798081,0,1
172.0,129.25,1,,,,,,-1.0,0.0085786482,0,1
172.0,129.5,1,,,,,,-1.0,0.0094883649,0,1
172.0,129.75,1,,,,,,-1.0,0.01040915,0,1
172.0,130.0,1,,,,,,-1.0,0.011341199,0,1
172.0,130.25,1,,,,,,-1.0,0.012284714,0,1
172.0,130.5,1,,,,,,-1.0,0.013239898,0,1
172.0,130.75,1,,,,,,-1.0,0.014206964,0,1
172.0,131.0,1,,,,,,-1.0,0.015186126,0,1
172.0,131.25,1,,,,,,-1.0,0.016177606,0,1
172.0,131.5,1,,,,,,-1.0,0.017181628,0,1
172.0,131.75,1,,,,,,-1.0,0.018198426,0,1
172.0,132.0,1,,,,,,-1.0,0.019228235,0,1
172.0,132.25,1,,,,,,-1.0,0.0202713,0,1
172.0,132.5,1,,,,,,-1.0,0.02132787,0,1
172.0,132.75,1,,,,,,-1.0,0.022398201,0,1
172.0,133.0,1,,,,,,-1.0,0.023482553,0,1
172.0,133.25,1,,,,,,-1.0,0.024581197,0,1
172.0,133.5,1,,,,,,-1.0,0.025694408,0,1
172.0,133.75,1,,,,,,-1.0,0.026822469,0,1
172.0,134.0,1,,,,,,-1.0,0.027965669,0,1
172.0,134.25,1,,,,,,-1.0,0.029124306,0,1
172.0,134.5,1,,,,,,-1.0,0.030298687,0,1
172.0,134.75,1,,,,,,-1.0,0.031489123,0,1
172.0,135.0,1,,,,,,-1.0,0.032695937,0,1
172.0,135.25,1,,,,,,-1.0,0.033919461,0,1
172.0,135.5,1,,,,,,-1.0,0.035160032,0,1
172.0,135.75,1,,,,,,-1.0,0.036418,0,1
172.0,136.0,1,,,,,,-1.0,0.037693722,0,1
172.0,136.25,1,,,,,,-1.0,0.038987568,0,1
172.0,136.5,1,,,,,,-1.0,0.040299914,0,1
172.0,136.75,1,,,,,,-1.0,0.04163115,0,1
172.0,137.0,1,,,,,,-1.0,0.042981676,0,1
172.0,137.25,1,,,,,,-1.0,0.044351902,0,1
172.0,137.5,1,,,,,,-1.0,0.045742251,0,1
172.0,137.75,1,,,,,,-1.0,0.047153157,0,1
172.0,138.0,1,,,,,,-1.0,0.048584524,0,1
172.25,112.0,2,671.9971,672.22048,1308.0904,-636.09334,445.08691,4408067.4,-0.039152251,0,1
172.25,112.25,2,681.00342,681.23006,1325.5746,-644.57113,445.68691,5121443.6,-0.038634445,0,1
172.25,112.5,2,690.30921,690.53915,1343.6369,-653.32765,446.08691,5660070.5,-0.038113617,0,1
172.25,112.75,2,699.92985,700.16292,1362.3063,-662.37644,446.48691,6255345.3,-0.037589744,0,1
172.25,113.0,2,709.88181,710.11812,1381.6155,-671.73365,446.88691,6913225.7,-0.037062771,0,1
172.25,113.25,2,720.18276,720.42245,1401.5963,-681.41351,447.48691,8032022.4,-0.036532656,0,1
172.25,113.5,2,730.85163,731.09484,1422.2867,-691.43503,447.88691,8876757.6,-0.035999358,0,1
172.25,113.75,2,741.90877,742.15566,1443.7254,-701.81666,448.48691,10313321.0,-0.035462837,0,1
172.25,114.0,2,753.37607,753.62674,1465.9543,-712.57821,448.88691,11397982.0,-0.034923051,0,1
172.25,114.25,2,765.27712,765.53078,1489.0174,-723.74023,449.48691,13242566.0,-0.034379996,0,1
172.25,114.5,2,777.63738,777.89405,1512.9645,-735.32717,449.88691,14635299.0,-0.033833586,0,1
172.25,114.75,2,790.48435,790.744,1537.8477,-747.36339,450.48691,17003792.0,-0.033283774,0,1
172.25,115.0,2,803.84783,804.11021,1563.7274,-759.87955,451.08691,19755587.0,-0.03273052,0,1
172.25,115.25,2,817.76014,818.02367,1590.6623,-772.90214,451.68691,22952718.0,-0.032173819,0,1
172.25,115.5,2,832.25638,832.52048,1618.717,-786.46058,452.28691,26667253.0,-0.031613571,0,1
172.25,115.75,2,847.37477,847.6386,1647.9663,-800.59149,452.88691,30982928.0,-0.031049725,0,1
172.25,116.0,2,863.15703,863.41753,1678.4895,-815.33247,453.48691,35997027.0,-0.030482292,0,1
172.25,116.25,2,879.64877,879.90392,1710.3741,-830.72531,454.08691,41822579.0,-0.029911158,0,1
172.25,116.5,2,896.89997,897.14649,1743.7159,-846.81589,454.68691,48590904.0,-0.029336285,0,1
172.25,116.75,2,914.96554,915.19803,1778.6147,-863.64914,455.28691,56454576.0,-0.02875765,0,1
172.25,117.0,2,933.90597,934.11931,1815.1923,-881.28629,456.08691,68953775.0,-0.028175143,0,1
172.25,117.25,2,953.78793,953.97302,1853.5754,-899.78751,456.68691,80112857.0,-0.027588773,0,1
172.25,117.5,2,974.6852,974.83281,1893.9044,-919.21919,457.48691,97850064.0,-0.026998419,0,1
172.25,117.75,2,996.67956,996.77604,1936.3283,-939.64873,458.08691,113685560.0,-0.026404071,0,1
172.25,118.0,2,1019.8621,1019.8917,1981.0271,-961.16506,458.88691,138855850.0,-0.025805626,0,1
172.25,118.25,2,1044.3338,1044.2758,2028.1919,-983.85804,459.68691,169598920.0,-0.025203061,0,1
172.25,118.5,2,1070.2082,1070.0382,2078.0349,-1007.8267,460.48691,207148590.0,-0.024596266,0,1
172.25,118.75,2,1097.6119,1097.298,2130.7982,-1033.1863,461.28691,253011860.0,-0.02398523,0,1
172.25,119.0,2,1126.6872,1126.1936,2186.7544,-1060.0672,462.08691,309029380.0,-0.023369824,0,1
172.25,119.25,2,1157.5948,1156.8748,2246.2067,-1088.6119,462.88691,377449340.0,-0.022750037,0,1
172.25,119.5,2,1190.5164,1189.5163,2309.5067,-1118.9903,463.88691,484654540.0,-0.022125754,0,1
172.25,119.75,2,1225.6581,1224.3131,2377.0418,-1151.3836,464.68691,591958390.0,-0.021496907,0,1
172.25,120.0,2,1263.2553,1261.4857,2449.2563,-1186.001,465.68691,760089620.0,-0.020863451,0,1
172.25,120.25,2,1303.5773,1301.2903,2526.6656,-1223.0883,466.68691,975974400.0,-0.020225267,0,1
172.25,120.5,2,1346.9343,1344.0178,2609.8357,-1262.9015,467.68691,1253175900.0,-0.019582289,0,1
172.25,120.75,2,1393.6851,1390.0024,2699.4837,-1305.7986,468.68691,1609109700.0,-0.01893446,0,1
172.25,121.0,2,1444.2469,1439.6365,2796.376,-1352.1291,469.88691,2172071000.0,-0.01828166,0,1
172.25,121.25,2,1499.1085,1493.3749,2901.4281,-1402.3196,470.88691,2788994300.0,-0.017623803,0,1
172.25,121.5,2,1558.8451,1551.7493,3015.7304,-1456.8853,472.08691,3764748600.0,-0.016960823,0,1
172.25,121.75,2,1624.1397,1615.3906,3140.605,-1516.4652,473.28691,5081879000.0,-0.01629262,0,1
172.25,122.0,2,1695.8085,1685.0503,3277.5433,-1581.7348,474.68691,7211529600.0,-0.015619086,0,1
172.25,122.25,2,1774.8352,1761.6285,3428.4209,-1653.5857,476.08691,10233648000.0,-0.014940122,0,1
172.25,122.5,2,1862.4174,1846.214,3595.4834,-1733.066,477.48691,14522237000.0,-0.014255631,0,1
172.25,122.75,2,1960.0268,1940.1347,3781.5099,-1821.4831,478.88691,20608036000.0,-0.013565525,0,1
172.25,123.0,2,2069.4931,2045.0343,3989.9343,-1920.4411,480.48691,30743576000.0,-0.012869684,0,1
172.25,123.25,2,2193.12,2162.9652,4225.0861,-2031.9661,482.08691,45864026000.0,-0.012167993,0,1
172.25,123.5,2,2333.8486,2296.5244,4492.4956,-2158.6469,483.68691,68421087000.0,-0.011460338,0,1
172.25,123.75,2,2495.4957,2449.0482,4799.2967,-2303.801,485.48691,107305630000.0,-0.010746601,0,1
172.25,124.0,2,2683.1046,2624.8957,5154.9662,-2471.8617,487.48691,176917070000.0,-0.010026663,0,1
172.25,124.25,2,2903.4819,2829.8729,5572.241,-2668.7591,489.48691,291686930000.0,-0.0093003983,0,1
172.25,124.5,2,3166.0443,3071.8879,6068.6793,-2902.635,491.68691,505567250000.0,-0.0085676777,0,1
172.25,124.75,2,3484.1961,3361.9933,6669.5719,-3185.3758,494.08691,921203600000.0,-0.0078283753,0,1
172.25,125.0,2,3877.7029,3716.1319,7411.7747,-3534.0718,496.68691,1764603100000.0,-0.0070823496,0,1
172.25,125.25,2,4376.9637,4158.1691,8352.4614,-3975.4978,499.28691,3380169300000.0,-0.0063294553,0,1
172.25,125.5,2,5031.2927,4725.5099,9584.6753,-4553.3827,502.48691,7522705100000.0,-0.0055695461,0,1
172.25,125.75,2,5926.3571,5480.2923,11271.127,-5344.7698,505.68691,16742088000000.0,-0.004802471,0,1
172.25,126.0,2,7225.3078,6533.8779,13724.907,-6499.5995,509.48691,43290179000000.0,-0.0040280742,0,1
172.25,126.25,2,9282.2164,8107.6299,17646.505,-8364.289,513.88691,130050880000000.0,-0.0032461947,0,1
172.25,126.5,2,13036.991,10713.277,25026.84,-11989.849,518.88691,453922190000000.0,-0.0024566661,0,1
172.25,126.75,2,21834.048,15861.314,55814.184,-33980.135,525.28691,2248291300000000.0,-0.0016593168,0,1
172.25,127.0,2,33627.867,30819.542,360158.04,-326530.18,533.88691,1.9301263e+16,-0.00085396938,0,1
172.25,127.25,2,272038220.0,650805.79,265544.69,271772670.0,552.08691,1.826525e+18,-4.0440552e-05,0,1
172.25,127.5,1,,,,,,-1.0,0.00078145901,0,1
172.25,127.75,1,,,,,,-1.0,0.0016119111,0,1
172.25,128.0,1,,,,,,-1.0,0.0024511288,0,1
172.25,128.25,1,,,,,,-1.0,0.003299322,0,1
172.25,128.5,1,,,,,,-1.0,0.0041571228,0,1
172.25,128.75,1,,,,,,-1.0,0.0050251068,0,1
172.25,129.0,1,,,,,,-1.0,0.0059034498,0,1
172.25,129.25,1,,,,,,-1.0,0.0067923316,0,1
172.25,129.5,1,,,,,,-1.0,0.0076919361,0,1
172.25,129.75,1,,,,,,-1.0,0.0086024514,0,1
172.25,130.0,1,,,,,,-1.0,0.0095240703,0,1
172.25,130.25,1,,,,,,-1.0,0.01045699,0,1
172.25,130.5,1,,,,,,-1.0,0.011401412,0,1
172.25,130.75,1,,,,,,-1.0,0.012357544,0,1
172.25,131.0,1,,,,,,-1.0,0.013325596,0,1
172.25,131.25,1,,,,,,-1.0,0.014305786,0,1
172.25,131.5,1,,,,,,-1.0,0.015298336,0,1
172.25,131.75,1,,,,,,-1.0,0.016303473,0,1
172.25,132.0,1,,,,,,-1.0,0.01732143,0,1
172.25,132.25,1,,,,,,-1.0,0.018352447,0,1
172.25,132.5,1,,,,,,-1.0,0.019396767,0,1
172.25,132.75,1,,,,,,-1.0,0.020454642,0,1
172.25,133.0,1,,,,,,-1.0,0.021526329,0,1
172.25,133.25,1,,,,,,-1.0,0.022612092,0,1
172.25,133.5,1,,,,,,-1.0,0.023712201,0,1
172.25,133.75,1,,,,,,-1.0,0.024826935,0,1
172.25,134.0,1,,,,,,-1.0,0.025956576,0,1
172.25,134.25,1,,,,,,-1.0,0.027101418,0,1
172.25,134.5,1,,,,,,-1.0,0.02826176,0,1
172.25,134.75,1,,,,,,-1.0,0.029437909,0,1
172.25,135.0,1,,,,,,-1.0,0.030630182,0,1
172.25,135.25,1,,,,,,-1.0,0.031838903,0,1
172.25,135.5,1,,,,,,-1.0,0.033064403,0,1
172.25,135.75,1,,,,,,-1.0,0.034307026,0,1
172.25,136.0,1,,,,,,-1.0,0.035567122,0,1
172.25,136.25,1,,,,,,-1.0,0.036845052,0,1
172.25,136.5,1,,,,,,-1.0,0.038141188,0,1
172.25,136.75,1,,,,,,-1.0,0.039455908,0,1
172.25,137.0,1,,,,,,-1.0,0.040789607,0,1
172.25,137.25,1,,,,,,-1.0,0.042142686,0,1
172.25,137.5,1,,,,,,-1.0,0.043515558,0,1
172.25,137.75,1,,,,,,-1.0,0.044908652,0,1
172.25,138.0,1,,,,,,-1.0,0.046322403,0,1
172.5,112.0,2,648.39843,648.61427,1262.287,-613.88854,444.49271,3799565.3,-0.040577191,0,1
172.5,112.25,2,656.7347,656.95339,1278.4785,-621.74382,444.89271,4199169.1,-0.040062119,0,1
172.5,112.5,2,665.33835,665.56001,1295.1872,-629.84888,445.29271,4640799.6,-0.03954406,0,1
172.5,112.75,2,674.22264,674.4474,1312.4372,-638.21453,445.69271,5128876.8,-0.039022976,0,1
172.5,113.0,2,683.40171,683.62973,1330.2562,-646.85447,446.29271,5958904.6,-0.03849883,0,1
172.5,113.25,2,692.89069,693.12176,1348.6734,-655.78267,446.69271,6585608.1,-0.037971604,0,1
172.5,113.5,2,702.70578,702.93983,1367.7189,-665.01313,447.09271,7278222.6,-0.037441249,0,1
172.5,113.75,2,712.86433,713.10146,1387.4275,-674.56316,447.69271,8456088.2,-0.036907715,0,1
172.5,114.0,2,723.38496,723.62527,1407.8336,-684.44867,448.09271,9345422.8,-0.036370959,0,1
172.5,114.25,2,734.28766,734.53128,1428.9764,-694.6887,448.69271,10857832.0,-0.035830938,0,1
172.5,114.5,2,745.59396,745.84067,1450.8965,-705.30254,449.09271,11999760.0,-0.035287624,0,1
172.5,114.75,2,757.32705,757.57614,1473.6387,-716.31169,449.69271,13941732.0,-0.03474099,0,1
172.5,115.0,2,769.51196,769.76333,1497.2544,-727.74246,450.09271,15407997.0,-0.034190957,0,1
172.5,115.25,2,782.17575,782.42922,1521.7884,-739.61266,450.69271,17901539.0,-0.033637477,0,1
172.5,115.5,2,795.34772,795.60206,1547.2997,-751.95197,451.29271,20798621.0,-0.033080539,0,1
172.5,115.75,2,809.05967,809.31367,1573.8489,-764.78921,451.89271,24164550.0,-0.03252008,0,1
172.5,116.0,2,823.34614,823.59883,1601.5027,-778.15657,452.49271,28075202.0,-0.031956025,0,1
172.5,116.25,2,838.24479,838.4937,1630.3326,-792.08786,453.09271,32618730.0,-0.031388363,0,1
172.5,116.5,2,853.7967,854.03903,1660.4158,-806.61913,453.69271,37897558.0,-0.030817028,0,1
172.5,116.75,2,870.04684,870.27974,1691.8406,-821.79374,454.29271,44030681.0,-0.030241937,0,1
172.5,117.0,2,887.04447,887.26187,1724.6986,-837.6541,454.89271,51156353.0,-0.029663108,0,1
172.5,117.25,2,904.84375,905.04037,1759.0888,-854.24508,455.49271,59435202.0,-0.02908041,0,1
172.5,117.5,2,923.50433,923.67151,1795.1378,-871.63346,456.29271,72594320.0,-0.028493837,0,1
172.5,117.75,2,943.09195,943.21982,1832.9616,-889.86963,456.89271,84342567.0,-0.027903299,0,1
172.5,118.0,2,963.67934,963.75474,1872.7,-909.02069,457.69271,103016240.0,-0.027308758,0,1
172.5,118.25,2,985.34728,985.35416,1914.5041,-929.15686,458.29271,119687800.0,-0.026710137,0,1
172.5,118.5,2,1008.1852,1008.1033,1958.5496,-950.36435,459.09271,146187010.0,-0.02610739,0,1
172.5,118.75,2,1032.2931,1032.0982,2005.0259,-972.73282,459.89271,178553210.0,-0.025500427,0,1
172.5,119.0,2,1057.7821,1057.4435,2054.1409,-996.35874,460.69271,218085390.0,-0.02488922,0,1
172.5,119.25,2,1084.7772,1084.2599,2106.1351,-1021.358,461.49271,266370100.0,-0.024273649,0,1
172.5,119.5,2,1113.4183,1112.6774,2161.2749,-1047.8566,462.29271,325345170.0,-0.023653706,0,1
172.5,119.75,2,1143.8634,1142.8476,2219.864,-1076.0006,463.09271,397377490.0,-0.02302927,0,1
172.5,120.0,2,1176.291,1174.9386,2282.2392,-1105.9482,464.09271,510242790.0,-0.022400273,0,1
172.5,120.25,2,1210.9038,1209.1393,2348.7853,-1137.8815,464.89271,623211960.0,-0.021766677,0,1
172.5,120.5,2,1247.9329,1245.6692,2419.9426,-1172.0097,465.89271,800219990.0,-0.021128358,0,1
172.5,120.75,2,1287.643,1284.7758,2496.2009,-1208.5578,466.89271,1027502800.0,-0.020485243,0,1
172.5,121.0,2,1330.3387,1326.7409,2578.1627,-1247.824,467.89271,1319339700.0,-0.019837291,0,1
172.5,121.25,2,1376.3721,1371.8949,2666.463,-1290.0909,469.09271,1780922300.0,-0.019184374,0,1
172.5,121.5,2,1426.1532,1420.6178,2761.9214,-1335.7682,470.09271,2286749600.0,-0.018526408,0,1
172.5,121.75,2,1480.1611,1473.3522,2865.397,-1385.2359,471.29271,3086789000.0,-0.017863308,0,1
172.5,122.0,2,1538.9607,1530.6155,2978.0045,-1439.0438,472.49271,4166729300.0,-0.017195008,0,1
172.5,122.25,2,1603.2216,1593.0231,3100.9696,-1497.748,473.69271,5624496300.0,-0.016521383,0,1
172.5,122.5,2,1673.7441,1661.3045,3235.816,-1562.072,474.89271,7592275900.0,-0.015842337,0,1
172.5,122.75,2,1751.4927,1736.3337,3384.3713,-1632.8786,476.29271,10773952000.0,-0.015157769,0,1
172.5,123.0,2,1837.6406,1819.1674,3548.844,-1711.2035,477.69271,15288966000.0,-0.014467577,0,1
172.5,123.25,2,1933.6293,1911.0946,3731.9528,-1798.3234,479.09271,21696076000.0,-0.01377166,0,1
172.5,123.5,2,2041.2501,2013.7048,3937.0742,-1895.824,480.69271,32366742000.0,-0.013069912,0,1
172.5,123.75,2,2162.7568,2128.9841,4168.4537,-2005.6968,482.29271,48285504000.0,-0.012362208,0,1
172.5,124.0,2,2301.0255,2259.4413,4431.5059,-2130.4804,484.09271,75726745000.0,-0.01164843,0,1
172.5,124.25,2,2459.7856,2408.2945,4733.2378,-2273.4522,485.89271,118763180000.0,-0.010928458,0,1
172.5,124.5,2,2643.9615,2579.7408,5082.9087,-2438.9472,487.69271,186257740000.0,-0.010202166,0,1
172.5,124.75,2,2860.1936,2779.36,5492.9314,-2632.7378,489.89271,322831790000.0,-0.0094694265,0,1
172.5,125.0,2,3117.6574,3014.7339,5980.7317,-2863.0743,492.09271,559549170000.0,-0.0087301054,0,1
172.5,125.25,2,3429.3992,3296.4339,6570.6475,-3141.2482,494.29271,969840280000.0,-0.0079840658,0,1
172.5,125.5,2,3814.6263,3639.6545,7299.1833,-3484.557,496.89271,1857768700000.0,-0.0072311659,0,1
172.5,125.75,2,4302.8247,4067.0517,8221.7448,-3918.9201,499.69271,3741086700000.0,-0.0064712591,0,1
172.5,126.0,2,4941.7114,4613.9636,9429.1466,-4487.4352,502.69271,7919880500000.0,-0.0057041944,0,1
172.5,126.25,2,5813.9195,5338.7282,11079.73,-5265.8107,506.09271,18529724000000.0,-0.0049298155,0,1
172.5,126.5,2,7076.147,6345.0316,13477.944,-6401.7969,509.89271,47912485000000.0,-0.0041479612,0,1
172.5,126.75,2,9066.2297,7836.5993,17302.617,-8236.3869,514.09271,136917170000000.0,-0.0033584651,0,1
172.5,127.0,2,12670.879,10276.202,24480.037,-11809.158,519.09271,477887870000000.0,-0.002561155,0,1
172.5,127.25,2,20994.054,14989.263,50147.672,-29153.618,525.29271,2251554400000000.0,-0.0017558532,0,1
172.5,127.5,2,68556.541,27928.127,233243.59,-164687.05,533.69271,1.8386576e+16,-0.00094238133,0,1
172.5,127.75,2,500000.0,218329.03,500000.0,0.0,549.29271,9.0834189e+17,-0.00012054716,1,1
172.5,128.0,1,,,,,,-1.0,0.00070984649,0,1
172.5,128.25,1,,,,,,-1.0,0.001549002,0,1
172.5,128.5,1,,,,,,-1.0,0.0023973672,0,1
172.5,128.75,1,,,,,,-1.0,0.0032557438,0,1
172.5,129.0,1,,,,,,-1.0,0.004124333,0,1
172.5,129.25,1,,,,,,-1.0,0.0050033115,0,1
172.5,129.5,1,,,,,,-1.0,0.0058928601,0,1
172.5,129.75,1,,,,,,-1.0,0.0067931636,0,1
172.5,130.0,1,,,,,,-1.0,0.0077044112,0,1
172.5,130.25,1,,,,,,-1.0,0.0086267968,0,1
172.5,130.5,1,,,,,,-1.0,0.0095605186,0,1
172.5,130.75,1,,,,,,-1.0,0.01050578,0,1
172.5,131.0,1,,,,,,-1.0,0.011462788,0,1
172.5,131.25,1,,,,,,-1.0,0.012431756,0,1
172.5,131.5,1,,,,,,-1.0,0.013412902,0,1
172.5,131.75,1,,,,,,-1.0,0.014406449,0,1
172.5,132.0,1,,,,,,-1.0,0.015412627,0,1
172.5,132.25,1,,,,,,-1.0,0.016431669,0,1
172.5,132.5,1,,,,,,-1.0,0.017463816,0,1
172.5,132.75,1,,,,,,-1.0,0.018509315,0,1
172.5,133.0,1,,,,,,-1.0,0.019568417,0,1
172.5,133.25,1,,,,,,-1.0,0.020641382,0,1
172.5,133.5,1,,,,,,-1.0,0.021728475,0,1
172.5,133.75,1,,,,,,-1.0,0.022829968,0,1
172.5,134.0,1,,,,,,-1.0,0.02394614,0,1
172.5,134.25,1,,,,,,-1.0,0.025077279,0,1
172.5,134.5,1,,,,,,-1.0,0.026223677,0,1
172.5,134.75,1,,,,,,-1.0,0.027385638,0,1
172.5,135.0,1,,,,,,-1.0,0.028563469,0,1
172.5,135.25,1,,,,,,-1.0,0.02975749,0,1
172.5,135.5,1,,,,,,-1.0,0.030968026,0,1
172.5,135.75,1,,,,,,-1.0,0.032195413,0,1
172.5,136.0,1,,,,,,-1.0,0.033439994,0,1
172.5,136.25,1,,,,,,-1.0,0.034702125,0,1
172.5,136.5,1,,,,,,-1.0,0.035982167,0,1
172.5,136.75,1,,,,,,-1.0,0.037280495,0,1
172.5,137.0,1,,,,,,-1.0,0.038597492,0,1
172.5,137.25,1,,,,,,-1.0,0.039933553,0,1
172.5,137.5,1,,,,,,-1.0,0.041289084,0,1
172.5,137.75,1,,,,,,-1.0,0.042664501,0,1
172.5,138.0,1,,,,,,-1.0,0.044060234,0,1
172.75,112.0,2,626.29109,626.50039,1219.3587,-593.06757,443.8985,3275055.8,-0.042009463,0,1
172.75,112.25,2,634.02387,634.23569,1234.3851,-600.36122,444.2985,3619496.4,-0.041497105,0,1
172.75,112.5,2,641.99616,642.21058,1249.8751,-607.87892,444.6985,4000162.2,-0.040981799,0,1
172.75,112.75,2,650.21944,650.43655,1265.8495,-615.63009,445.0985,4420862.9,-0.040463509,0,1
172.75,113.0,2,658.70591,658.92582,1282.3324,-623.62646,445.4985,4885809.1,-0.039942197,0,1
172.75,113.25,2,667.4686,667.69144,1299.3493,-631.88071,445.8985,5399654.1,-0.039417826,0,1
172.75,113.5,2,676.52143,676.74732,1316.9253,-640.40392,446.4985,6273503.1,-0.038890357,0,1
172.75,113.75,2,685.87927,686.10819,1335.0908,-649.21149,446.8985,6933293.2,-0.038359759,0,1
172.75,114.0,2,695.55802,695.78959,1353.8755,-658.31749,447.2985,7662474.0,-0.037826011,0,1
172.75,114.25,2,705.57475,705.80904,1373.3116,-667.73682,447.8985,8902524.6,-0.037289045,0,1
172.75,114.5,2,715.94775,716.18482,1393.4349,-677.48712,448.2985,9838811.3,-0.036748817,0,1
172.75,114.75,2,726.69669,726.93659,1414.2826,-687.58589,448.8985,11431068.0,-0.036205283,0,1
172.75,115.0,2,737.84272,738.08489,1435.8986,-698.05584,449.2985,12633284.0,-0.035658425,0,1
172.75,115.25,2,749.40866,749.65243,1458.3214,-708.91276,449.8985,14677782.0,-0.035108197,0,1
172.75,115.5,2,761.41912,761.66423,1481.6,-720.18083,450.2985,16221458.0,-0.034554524,0,1
172.75,115.75,2,773.90072,774.14669,1505.7851,-731.88443,450.8985,18846645.0,-0.033997362,0,1
172.75,116.0,2,786.88229,787.12704,1530.9323,-744.05003,451.4985,21896677.0,-0.033436718,0,1
172.75,116.25,2,800.39514,800.63759,1557.1006,-756.7055,452.0985,25440310.0,-0.032872482,0,1
172.75,116.5,2,814.47332,814.71168,1584.3567,-769.88339,452.6985,29557423.0,-0.032304613,0,1
172.75,116.75,2,829.15391,829.38449,1612.769,-783.61506,453.2985,34340826.0,-0.031733105,0,1
172.75,117.0,2,844.47744,844.69726,1642.4171,-797.93966,453.8985,39898347.0,-0.031157844,0,1
172.75,117.25,2,860.48822,860.69188,1673.3844,-812.89623,454.4985,46355266.0,-0.030578824,0,1
172.75,117.5,2,877.23487,877.41622,1705.7583,-828.52347,455.0985,53857136.0,-0.029995964,0,1
172.75,117.75,2,894.77086,894.92185,1739.6537,-844.8828,455.6985,62573064.0,-0.029409211,0,1
172.75,118.0,2,913.15494,913.26497,1775.1749,-862.01998,456.4985,76426913.0,-0.02881852,0,1
172.75,118.25,2,932.45198,932.50855,1812.4457,-879.99368,457.0985,88795405.0,-0.028223811,0,1
172.75,118.5,2,952.73385,952.72041,1851.601,-898.86719,457.8985,108454950.0,-0.027625046,0,1
172.75,118.75,2,974.07985,973.977,1892.7925,-918.71268,458.4985,126006680.0,-0.027022142,0,1
172.75,119.0,2,996.57841,996.36198,1936.2014,-939.62301,459.2985,153904900.0,-0.026415043,0,1
172.75,119.25,2,1020.3277,1019.9682,1981.9962,-961.66854,460.0985,187979870.0,-0.025803693,0,1
172.75,119.5,2,1045.4372,1044.9007,2030.3949,-984.95766,460.8985,229599140.0,-0.025187987,0,1
172.75,119.75,2,1072.0299,1071.2728,2081.6324,-1009.6025,461.6985,280433020.0,-0.02456792,0,1
172.75,120.0,2,1100.2433,1099.2169,2135.9696,-1035.7263,462.4985,342521660.0,-0.023943359,0,1
172.75,120.25,2,1130.2328,1128.8781,2193.704,-1063.4713,463.4985,439806520.0,-0.02331425,0,1
172.75,120.5,2,1162.1737,1160.4196,2255.1682,-1092.9945,464.2985,537180900.0,-0.022680542,0,1
172.75,120.75,2,1196.2652,1194.0297,2320.7386,-1124.4733,465.2985,689753930.0,-0.022042119,0,1
172.75,121.0,2,1232.7346,1229.9202,2390.8423,-1158.1077,466.0985,842467350.0,-0.021398905,0,1
172.75,121.25,2,1271.8415,1268.3302,2465.9904,-1194.1489,467.0985,1081749500.0,-0.020750862,0,1
172.75,121.5,2,1313.8853,1309.5396,2546.7274,-1232.8422,468.2985,1460209100.0,-0.020097861,0,1
172.75,121.75,2,1359.2116,1353.8678,2633.7382,-1274.5267,469.2985,1874945600.0,-0.01943982,0,1
172.75,122.0,2,1408.2227,1401.6849,2727.7533,-1319.5306,470.2985,2407477800.0,-0.018776648,0,1
172.75,122.25,2,1461.3891,1453.4206,2829.676,-1368.2869,471.4985,3249755100.0,-0.018108278,0,1
172.75,122.5,2,1519.2649,1509.5813,2940.5904,-1421.3256,472.6985,4386710500.0,-0.017434599,0,1
172.75,122.75,2,1582.5068,1570.764,3061.6866,-1479.1799,473.8985,5921439800.0,-0.016755506,0,1
172.75,123.0,2,1651.8995,1637.6771,3194.4765,-1542.5771,475.2985,8402923000.0,-0.0160709,0,1
172.75,123.25,2,1728.3885,1711.1694,3340.7395,-1612.3511,476.4985,11342760000.0,-0.015380678,0,1
172.75,123.5,2,1813.1233,1792.2659,3502.6508,-1689.5275,477.8985,16096142000.0,-0.014684733,0,1
172.75,123.75,2,1907.5157,1882.2162,3682.8859,-1775.3702,479.4985,24012622000.0,-0.013982955,0,1
172.75,124.0,2,2013.3192,1982.5594,3884.7479,-1871.4287,480.8985,34075533000.0,-0.013275236,0,1
172.75,124.25,2,2132.7389,2095.2141,4112.3976,-1979.6587,482.6985,53441074000.0,-0.012561459,0,1
172.75,124.5,2,2268.5872,2222.6032,4371.1545,-2102.5673,484.2985,79724714000.0,-0.011841495,0,1
172.75,124.75,2,2424.5082,2367.8293,4667.8807,-2243.3725,486.0985,125033240000.0,-0.01111522,0,1
172.75,125.0,2,2605.31,2534.9318,5011.6424,-2406.3324,488.0985,206144960000.0,-0.010382506,0,1
172.75,125.25,2,2817.4712,2729.2696,5414.6252,-2597.1539,490.0985,339875590000.0,-0.0096432193,0,1
172.75,125.5,2,3069.9316,2958.108,5893.8251,-2823.8935,492.2985,589090380000.0,-0.0088972225,0,1
172.75,125.75,2,3375.3905,3231.5492,6473.0742,-3097.6837,494.6985,1073392700000.0,-0.0081443739,0,1
172.75,126.0,2,3752.5106,3564.0664,7187.814,-3435.3034,497.2985,2056127500000.0,-0.0073845272,0,1
172.75,126.25,2,4229.8949,3977.1547,8092.7253,-3862.8304,499.8985,3938596100000.0,-0.0066175311,0,1
172.75,126.5,2,4853.7163,4504.1778,9275.7373,-4422.021,502.8985,8338008100000.0,-0.0058432296,0,1
172.75,126.75,2,5703.6883,5199.8707,10890.735,-5187.047,506.2985,19507994000000.0,-0.0050614614,0,1
172.75,127.0,2,6930.3155,6160.7153,13234.892,-6304.5762,510.0985,50442009000000.0,-0.0042720599,0,1
172.75,127.25,2,8855.9875,7574.1171,16963.9,-8107.9122,514.2985,144145660000000.0,-0.0034748532,0,1
172.75,127.5,2,12317.353,9858.5257,23948.728,-11631.375,519.2985,503117800000000.0,-0.0026696634,0,1
172.75,127.75,2,20163.594,14178.121,46115.167,-25951.573,525.4985,2370424500000000.0,-0.0018563069,0,1
172.75,128.0,2,77952.997,25438.909,161111.08,-83158.084,533.4985,1.75152e+16,-0.0010345941,0,1
172.75,128.25,2,77441466.0,128806.83,205909.96,77235556.0,547.6985,6.0976221e+17,-0.00020432879,0,1
172.75,128.5,1,,,,,,-1.0,0.00063476681,0,1
172.75,128.75,1,,,,,,-1.0,0.0014835889,0,1
172.75,129.0,1,,,,,,-1.0,0.0023424785,0,1
172.75,129.25,1,,,,,,-1.0,0.0032116094,0,1
172.75,129.5,1,,,,,,-1.0,0.004091159,0,1
172.75,129.75,1,,,,,,-1.0,0.004981309,0,1
172.75,130.0,1,,,,,,-1.0,0.0058822453,0,1
172.75,130.25,1,,,,,,-1.0,0.0067941583,0,1
172.75,130.5,1,,,,,,-1.0,0.0077172426,0,1
172.75,130.75,1,,,,,,-1.0,0.0086516976,0,1
172.75,131.0,1,,,,,,-1.0,0.0095977276,0,1
172.75,131.25,1,,,,,,-1.0,0.010555541,0,1
172.75,131.5,1,,,,,,-1.0,0.011525353,0,1
172.75,131.75,1,,,,,,-1.0,0.012507383,0,1
172.75,132.0,1,,,,,,-1.0,0.013501854,0,1
172.75,132.25,1,,,,,,-1.0,0.014508997,0,1
172.75,132.5,1,,,,,,-1.0,0.015529048,0,1
172.75,132.75,1,,,,,,-1.0,0.016562249,0,1
172.75,133.0,1,,,,,,-1.0,0.017608848,0,1
172.75,133.25,1,,,,,,-1.0,0.018669098,0,1
172.75,133.5,1,,,,,,-1.0,0.01974326,0,1
172.75,133.75,1,,,,,,-1.0,0.020831601,0,1
172.75,134.0,1,,,,,,-1.0,0.021934395,0,1
172.75,134.25,1,,,,,,-1.0,0.023051924,0,1
172.75,134.5,1,,,,,,-1.0,0.024184474,0,1
172.75,134.75,1,,,,,,-1.0,0.025332343,0,1
172.75,135.0,1,,,,,,-1.0,0.026495834,0,1
172.75,135.25,1,,,,,,-1.0,0.027675259,0,1
172.75,135.5,1,,,,,,-1.0,0.028870937,0,1
172.75,135.75,1,,,,,,-1.0,0.030083197,0,1
172.75,136.0,1,,,,,,-1.0,0.031312377,0,1
172.75,136.25,1,,,,,,-1.0,0.032558824,0,1
172.75,136.5,1,,,,,,-1.0,0.033822893,0,1
172.75,136.75,1,,,,,,-1.0,0.03510495,0,1
172.75,137.0,1,,,,,,-1.0,0.036405373,0,1
172.75,137.25,1,,,,,,-1.0,0.037724546,0,1
172.75,137.5,1,,,,,,-1.0,0.039062868,0,1
172.75,137.75,1,,,,,,-1.0,0.040420747,0,1
172.75,138.0,1,,,,,,-1.0,0.041798605,0,1
173.0,112.0,2,605.53822,605.74172,1179.0423,-573.50411,443.30429,2822946.0,-0.04344912,0,1
173.0,112.25,2,612.72575,612.93166,1193.0155,-580.28976,443.70429,3119837.9,-0.042939444,0,1
173.0,112.5,2,620.12849,620.33672,1207.4053,-587.27676,444.10429,3447954.1,-0.042426869,0,1
173.0,112.75,2,627.75641,627.967,1222.2299,-594.47353,444.50429,3810578.6,-0.04191135,0,1
173.0,113.0,2,635.62009,635.83312,1237.5113,-601.89119,444.90429,4211340.6,-0.04139285,0,1
173.0,113.25,2,643.7308,643.94634,1253.2694,-609.53857,445.30429,4654251.2,-0.040871333,0,1
173.0,113.5,2,652.10056,652.31868,1269.5275,-617.42698,445.70429,5143743.1,-0.04034676,0,1
173.0,113.75,2,660.74215,660.96297,1286.3118,-625.56963,446.10429,5684715.2,-0.039819092,0,1
173.0,114.0,2,669.66926,669.89288,1303.6472,-633.97791,446.70429,6604696.8,-0.039288289,0,1
173.0,114.25,2,678.8965,679.12303,1321.5615,-642.66502,447.10429,7299318.9,-0.038754311,0,1
173.0,114.5,2,688.43951,688.66834,1340.0857,-651.64617,447.50429,8066994.9,-0.038217156,0,1
173.0,114.75,2,698.31505,698.54615,1359.2503,-660.93526,448.10429,9372510.9,-0.037676745,0,1
173.0,115.0,2,708.54111,708.77448,1379.0922,-670.55109,448.50429,10358227.0,-0.037133032,0,1
173.0,115.25,2,719.13704,719.37262,1399.6499,-680.5129,449.10429,12034542.0,-0.03658597,0,1
173.0,115.5,2,730.12364,730.3605,1420.9583,-690.83463,449.50429,13300226.0,-0.036035554,0,1
173.0,115.75,2,741.52333,741.7608,1443.0617,-701.53837,450.10429,15452658.0,-0.035481715,0,1
173.0,116.0,2,753.36034,753.59792,1466.0081,-712.6478,450.50429,17077828.0,-0.034924386,0,1
173.0,116.25,2,765.66089,765.89722,1489.8461,-724.18525,451.10429,19841606.0,-0.034363547,0,1
173.0,116.5,2,778.45336,778.68643,1514.6311,-736.17778,451.70429,23052657.0,-0.033799157,0,1
173.0,116.75,2,791.7686,791.9968,1540.4213,-748.65266,452.30429,26783366.0,-0.033231125,0,1
173.0,117.0,2,805.64018,805.86007,1567.2817,-761.64153,452.90429,31117832.0,-0.032659448,0,1
173.0,117.25,2,820.10467,820.31254,1595.2817,-775.17708,453.50429,36153763.0,-0.032084046,0,1
173.0,117.5,2,835.20204,835.39326,1624.4968,-789.29474,454.10429,42004680.0,-0.031504857,0,1
173.0,117.75,2,850.97604,851.14351,1655.0066,-804.03053,454.70429,48802475.0,-0.030921865,0,1
173.0,118.0,2,867.47468,867.61112,1686.9141,-819.4394,455.30429,56700387.0,-0.030334956,0,1
173.0,118.25,2,884.75063,884.8446,1720.3143,-835.56363,455.90429,65876451.0,-0.029744144,0,1
173.0,118.5,2,902.86187,902.90173,1755.3087,-852.44682,456.70429,80461679.0,-0.029149291,0,1
173.0,118.75,2,921.87253,921.84112,1792.0376,-870.16504,457.30429,93483134.0,-0.028550413,0,1
173.0,119.0,2,941.85316,941.73213,1830.6177,-888.76459,458.10429,114180560.0,-0.027947379,0,1
173.0,119.25,2,962.88216,962.64718,1871.2172,-908.33504,458.90429,139460450.0,-0.027340178,0,1
173.0,119.5,2,985.0464,984.66947,1913.9853,-928.93885,459.50429,162029920.0,-0.02672871,0,1
173.0,119.75,2,1008.4425,1007.8901,1959.1135,-950.67098,460.30429,197903800.0,-0.026112911,0,1
173.0,120.0,2,1033.1784,1032.4094,2006.8064,-973.62801,461.10429,241720240.0,-0.025492741,0,1
173.0,120.25,2,1059.3747,1058.3422,2057.2972,-997.92253,461.90429,295237770.0,-0.024868085,0,1
173.0,120.5,2,1087.1668,1085.8144,2110.8427,-1023.6759,462.70429,360604230.0,-0.024238899,0,1
173.0,120.75,2,1116.7073,1114.9682,2167.732,-1051.0247,463.70429,463024990.0,-0.023605109,0,1
173.0,121.0,2,1148.1687,1145.9655,2228.2875,-1080.1188,464.50429,565540010.0,-0.022966613,0,1
173.0,121.25,2,1181.7466,1178.9879,2292.9018,-1111.1552,465.50429,726167740.0,-0.022323338,0,1
173.0,121.5,2,1217.664,1214.2403,2361.9828,-1144.3188,466.50429,932417840.0,-0.021675236,0,1
173.0,121.75,2,1256.1765,1251.9605,2436.0133,-1179.8368,467.50429,1197248200.0,-0.021022185,0,1
173.0,122.0,2,1297.5774,1292.4187,2515.559,-1217.9816,468.50429,1537297100.0,-0.020364101,0,1
173.0,122.25,2,1342.2066,1335.9263,2601.2737,-1259.0671,469.50429,1973928600.0,-0.019700896,0,1
173.0,122.5,2,1390.4586,1382.8427,2693.8854,-1303.4267,470.70429,2664524900.0,-0.019032494,0,1
173.0,122.75,2,1442.7953,1433.5877,2794.2971,-1351.5017,471.70429,3421317700.0,-0.018358796,0,1
173.0,123.0,2,1499.7604,1488.6539,2903.5146,-1403.7542,472.90429,4618295800.0,-0.017679694,0,1
173.0,123.25,2,1561.9977,1548.6208,3022.7704,-1460.7726,474.30429,6553673700.0,-0.016995087,0,1
173.0,123.5,2,1630.277,1614.1767,3153.5207,-1523.2438,475.50429,8846534100.0,-0.016304873,0,1
173.0,123.75,2,1705.5248,1686.145,3297.523,-1591.9982,476.90429,12553829000.0,-0.015608945,0,1
173.0,124.0,2,1788.8674,1765.5198,3456.9107,-1668.0433,478.30429,17814732000.0,-0.014907194,0,1
173.0,124.25,2,1881.6875,1853.5113,3634.3042,-1752.6166,479.70429,25280308000.0,-0.014199506,0,1
173.0,124.5,2,1985.7017,1951.6095,3832.9518,-1847.2501,481.30429,37713788000.0,-0.013485764,0,1
173.0,124.75,2,2103.0673,2061.6685,4056.9342,-1953.8669,482.90429,56262360000.0,-0.012765847,0,1
173.0,125.0,2,2236.5344,2186.0259,4311.4459,-2074.9115,484.70429,88236945000.0,-0.012039631,0,1
173.0,125.25,2,2389.6637,2327.671,4603.2406,-2213.5769,486.50429,138383080000.0,-0.011306986,0,1
173.0,125.5,2,2567.1504,2490.4895,4941.1198,-2373.9694,488.30429,217027870000.0,-0.01056778,0,1
173.0,125.75,2,2775.3135,2679.6254,5337.2131,-2561.8996,490.50429,376164200000.0,-0.0098218747,0,1
173.0,126.0,2,3022.8648,2902.0369,5807.828,-2784.9632,492.70429,651987740000.0,-0.0090691284,0,1
173.0,126.25,2,3322.1654,3167.3722,6376.7006,-3054.5352,494.90429,1130059700000.0,-0.0083093945,0,1
173.0,126.5,2,3691.3511,3489.4092,7078.0957,-3386.7447,497.50429,2164675500000.0,-0.0075425218,0,1
173.0,126.75,2,4158.1651,3888.5297,7965.2327,-3807.0676,500.30429,4359121200000.0,-0.0067683539,0,1
173.0,127.0,2,4767.292,4396.2142,9124.2346,-4356.9426,503.30429,9228259700000.0,-0.0059867295,0,1
173.0,127.25,2,5595.6325,5063.7879,10705.165,-5109.5323,506.50429,20537870000000.0,-0.0051974817,0,1
173.0,127.5,2,6787.7547,5980.9826,12995.196,-6207.4412,510.30429,53104968000000.0,-0.0044004383,0,1
173.0,127.75,2,8651.3594,7320.128,16633.006,-7981.6466,514.50429,151755470000000.0,-0.0035954214,0,1
173.0,128.0,2,11975.946,9459.6002,23428.5,-11452.554,519.50429,529678640000000.0,-0.0027822471,0,1
173.0,128.25,2,19442.443,13423.066,41938.157,-22495.714,525.50429,2373855000000000.0,-0.0019607253,0,1
173.0,128.5,2,76052.393,23277.504,122620.33,-46567.941,533.50429,1.7540547e+16,-0.0011306601,0,1
173.0,128.75,2,46547082.0,90337.858,185543.32,46361539.0,546.30429,4.3031401e+17,-0.00029133904,0,1
173.0,129.0,1,,,,,,-1.0,0.00055790589,0,1
173.0,129.25,1,,,,,,-1.0,0.0014172452,0,1
173.0,129.5,1,,,,,,-1.0,0.0022868534,0,1
173.0,129.75,1,,,,,,-1.0,0.0031669089,0,1
173.0,130.0,1,,,,,,-1.0,0.0040575943,0,1
173.0,130.25,1,,,,,,-1.0,0.0049590965,0,1
173.0,130.5,1,,,,,,-1.0,0.0058716069,0,1
173.0,130.75,1,,,,,,-1.0,0.0067953211,0,1
173.0,131.0,1,,,,,,-1.0,0.0077304396,0,1
173.0,131.25,1,,,,,,-1.0,0.0086771678,0,1
173.0,131.5,1,,,,,,-1.0,0.0096357157,0,1
173.0,131.75,1,,,,,,-1.0,0.010606299,0,1
173.0,132.0,1,,,,,,-1.0,0.011589137,0,1
173.0,132.25,1,,,,,,-1.0,0.012584457,0,1
173.0,132.5,1,,,,,,-1.0,0.013592491,0,1
173.0,132.75,1,,,,,,-1.0,0.014613474,0,1
173.0,133.0,1,,,,,,-1.0,0.015647651,0,1
173.0,133.25,1,,,,,,-1.0,0.01669527,0,1
173.0,133.5,1,,,,,,-1.0,0.017756588,0,1
173.0,133.75,1,,,,,,-1.0,0.018831866,0,1
173.0,134.0,1,,,,,,-1.0,0.019921373,0,1
173.0,134.25,1,,,,,,-1.0,0.021025384,0,1
173.0,134.5,1,,,,,,-1.0,0.022144183,0,1
173.0,134.75,1,,,,,,-1.0,0.02327806,0,1
173.0,135.0,1,,,,,,-1.0,0.024427311,0,1
173.0,135.25,1,,,,,,-1.0,0.025592244,0,1
173.0,135.5,1,,,,,,-1.0,0.026773172,0,1
173.0,135.75,1,,,,,,-1.0,0.027970416,0,1
173.0,136.0,1,,,,,,-1.0,0.029184308,0,1
173.0,136.25,1,,,,,,-1.0,0.030415187,0,1
173.0,136.5,1,,,,,,-1.0,0.031663403,0,1
173.0,136.75,1,,,,,,-1.0,0.032929313,0,1
173.0,137.0,1,,,,,,-1.0,0.034213287,0,1
173.0,137.25,1,,,,,,-1.0,0.035515704,0,1
173.0,137.5,1,,,,,,-1.0,0.036836952,0,1
173.0,137.75,1,,,,,,-1.0,0.038177432,0,1
173.0,138.0,1,,,,,,-1.0,0.039537556,0,1
173.25,112.0,2,586.01919,586.21689,1141.1068,-555.08763,442.71006,2433243.4,-0.044896259,0,1
173.25,112.25,2,592.71264,592.91249,1154.1254,-561.41271,442.91006,2557998.4,-0.044389258,0,1
173.25,112.5,2,599.60003,599.8021,1167.5192,-567.91918,443.31006,2827025.4,-0.043879381,0,1
173.25,112.75,2,606.69005,606.89443,1181.305,-574.61491,443.71006,3124346.3,-0.043366595,0,1
173.25,113.0,2,613.99191,614.19869,1195.5003,-581.50839,444.11006,3452936.7,-0.042850865,0,1
173.25,113.25,2,621.5154,621.72468,1210.1246,-588.60919,444.71006,4011740.1,-0.042332154,0,1
173.25,113.5,2,629.27092,629.48256,1225.1974,-595.92653,445.11006,4433658.5,-0.041810443,0,1
173.25,113.75,2,637.26955,637.48347,1240.7403,-603.47076,445.51006,4899950.4,-0.04128569,0,1
173.25,114.0,2,645.52309,645.73934,1256.7754,-611.25233,445.91006,5415282.7,-0.040757847,0,1
173.25,114.25,2,654.04412,654.26278,1273.3272,-619.28308,446.31006,5984812.9,-0.040226872,0,1
173.25,114.5,2,662.84607,663.06722,1290.4217,-627.5756,446.71006,6614241.2,-0.039692726,0,1
173.25,114.75,2,671.94332,672.16702,1308.0871,-636.14374,447.31006,7684651.9,-0.039155365,0,1
173.25,115.0,2,681.35123,681.57696,1326.3511,-644.99982,447.71006,8492853.8,-0.038614781,0,1
173.25,115.25,2,691.08629,691.31373,1345.2467,-654.16045,448.31006,9867288.4,-0.038070914,0,1
173.25,115.5,2,701.16618,701.39522,1364.8095,-663.6433,448.71006,10905040.0,-0.037523702,0,1
173.25,115.75,2,711.60993,711.84039,1385.0742,-673.46424,449.31006,12669849.0,-0.036973099,0,1
173.25,116.0,2,722.438,722.66856,1406.0777,-683.63974,449.71006,14002349.0,-0.036419109,0,1
173.25,116.25,2,733.67247,733.90235,1427.8649,-694.19246,450.31006,16268408.0,-0.035861644,0,1
173.25,116.5,2,745.3372,745.56558,1450.4808,-705.14358,450.71006,17979372.0,-0.035300644,0,1
173.25,116.75,2,757.45799,757.68257,1473.9737,-716.51566,451.31006,20889050.0,-0.03473611,0,1
173.25,117.0,2,770.06285,770.28152,1498.3988,-728.33597,451.91006,24269613.0,-0.034167956,0,1
173.25,117.25,2,783.18219,783.39242,1523.8146,-740.63242,452.51006,28197268.0,-0.033596119,0,1
173.25,117.5,2,796.8491,797.04613,1550.2834,-753.43433,453.11006,32760551.0,-0.033020605,0,1
173.25,117.75,2,811.09971,811.27931,1577.8733,-766.77364,453.71006,38062330.0,-0.032441287,0,1
173.25,118.0,2,825.97347,826.12842,1606.6577,-780.68422,454.31006,44222118.0,-0.031858176,0,1
173.25,118.25,2,841.51359,841.63627,1636.7268,-795.2132,454.91006,51378771.0,-0.031271163,0,1
173.25,118.5,2,857.76737,857.84703,1668.1664,-810.39908,455.51006,59693616.0,-0.030680231,0,1
173.25,118.75,2,874.78683,874.81124,1701.0703,-826.28344,456.31006,72909947.0,-0.030085284,0,1
173.25,119.0,2,892.62925,892.58211,1735.5608,-842.93152,456.91006,84709273.0,-0.029486301,0,1
173.25,119.25,2,911.35764,911.22079,1771.7447,-860.38703,457.51006,98418134.0,-0.02888317,0,1
173.25,119.5,2,931.04166,930.79098,1809.7682,-878.72651,458.31006,120208180.0,-0.028275892,0,1
173.25,119.75,2,951.75848,951.36738,1849.7692,-898.01071,459.11006,146822600.0,-0.027664334,0,1
173.25,120.0,2,973.59354,973.02874,1891.9129,-918.31935,459.71006,170583530.0,-0.027048477,0,1
173.25,120.25,2,996.64195,995.86478,1936.3833,-939.74139,460.51006,208351190.0,-0.026428232,0,1
173.25,120.5,2,1021.0098,1019.9754,1983.3825,-962.37277,461.31006,254480720.0,-0.025803509,0,1
173.25,120.75,2,1046.8156,1045.4696,2033.1369,-986.32125,462.11006,310823450.0,-0.025174281,0,1
173.25,121.0,2,1074.1927,1072.4724,2085.8918,-1011.6992,463.11006,399105220.0,-0.02454044,0,1
173.25,121.25,2,1103.2909,1101.1235,2141.9543,-1038.6634,463.91006,487468210.0,-0.023901902,0,1
173.25,121.5,2,1134.2796,1131.5789,2201.6321,-1067.3525,464.71006,595395020.0,-0.023258604,0,1
173.25,121.75,2,1167.3511,1164.0156,2265.2839,-1097.9328,465.71006,764502340.0,-0.022610475,0,1
173.25,122.0,2,1202.7246,1198.6363,2333.3537,-1130.6291,466.71006,981640430.0,-0.021957407,0,1
173.25,122.25,2,1240.6508,1235.671,2406.2886,-1165.6378,467.71006,1260451300.0,-0.021299314,0,1
173.25,122.5,2,1281.418,1275.3831,2484.664,-1203.246,468.71006,1618451500.0,-0.02063611,0,1
173.25,122.75,2,1325.3597,1318.0747,2569.0937,-1243.734,469.71006,2078132800.0,-0.019967718,0,1
173.25,123.0,2,1372.8634,1364.0973,2660.3162,-1287.4529,470.91006,2805185900.0,-0.019294038,0,1
173.25,123.25,2,1424.3821,1413.8597,2759.2218,-1334.8397,472.11006,3786604900.0,-0.018614963,0,1
173.25,123.5,2,1480.4492,1467.8399,2866.7826,-1386.3334,473.31006,5111381900.0,-0.017930393,0,1
173.25,123.75,2,1541.6964,1526.601,2984.2207,-1442.5243,474.51006,6899643900.0,-0.017240225,0,1
173.25,124.0,2,1608.8783,1590.8113,3112.9611,-1504.0828,475.71006,9313545100.0,-0.016544354,0,1
173.25,124.25,2,1682.903,1661.2696,3254.7339,-1571.8309,477.11006,13216550000.0,-0.015842669,0,1
173.25,124.5,2,1764.8741,1738.9391,3411.6291,-1646.755,478.51006,18755177000.0,-0.015135058,0,1
173.25,124.75,2,1856.1458,1824.9919,3586.2196,-1730.0738,480.11006,27979436000.0,-0.014421403,0,1
173.25,125.0,2,1958.3983,1920.8687,3781.6869,-1823.2886,481.51006,39704709000.0,-0.013701585,0,1
173.25,125.25,2,2073.7424,2028.3606,4002.0435,-1928.3011,483.11006,59232466000.0,-0.012975476,0,1
173.25,125.5,2,2204.867,2149.7224,4252.3802,-2047.5131,484.91006,92894998000.0,-0.012242951,0,1
173.25,125.75,2,2355.2519,2287.8333,4539.2473,-2183.9954,486.71006,145688360000.0,-0.011503874,0,1
173.25,126.0,2,2529.4811,2446.4286,4871.4707,-2341.9896,488.71006,240199490000.0,-0.010758109,0,1
173.25,126.25,2,2733.7183,2630.4441,5260.6894,-2526.9711,490.71006,396022010000.0,-0.010005514,0,1
173.25,126.5,2,2976.4547,2846.54,5722.9885,-2746.5338,492.91006,686406350000.0,-0.0092459423,0,1
173.25,126.75,2,3269.7187,3103.9262,6281.5123,-3011.7935,495.31006,1250713900000.0,-0.0084792431,0,1
173.25,127.0,2,3631.1381,3415.7116,6969.7815,-3338.6434,497.71006,2278949300000.0,-0.0077052598,0,1
173.25,127.25,2,4087.6235,3801.2112,7839.6992,-3752.0757,500.51006,4589240400000.0,-0.0069238312,0,1
173.25,127.5,2,4682.4186,4290.113,8975.2433,-4292.8247,503.51006,9715422000000.0,-0.0061347906,0,1
173.25,127.75,2,5489.7153,4930.5196,10522.371,-5032.6555,506.91006,22730657000000.0,-0.0053379658,0,1
173.25,128.0,2,6648.4031,5805.8476,12760.361,-6111.9584,510.51006,55908394000000.0,-0.0045331788,0,1
173.25,128.25,2,8452.186,7074.5178,16308.209,-7856.0225,514.71006,159766680000000.0,-0.0037202458,0,1
173.25,128.5,2,11646.239,9078.6811,22918.489,-11272.25,519.71006,557640520000000.0,-0.0028989833,0,1
173.25,128.75,2,18767.336,12720.471,39477.056,-20709.721,525.71006,2499171400000000.0,-0.0020690228,0,1
173.25,129.0,2,66664.038,21408.53,118200.22,-51536.185,533.31006,1.6709196e+16,-0.0012293672,0,1
173.25,129.25,2,500000.0,69303.666,500000.0,0.0,545.31006,3.3561318e+17,-0.00037976267,1,1
173.25,129.5,1,,,,,,-1.0,0.00047996221,0,1
173.25,129.75,1,,,,,,-1.0,0.0013499827,0,1
173.25,130.0,1,,,,,,-1.0,0.0022304782,0,1
173.25,130.25,1,,,,,,-1.0,0.0031216322,0,1
173.25,130.5,1,,,,,,-1.0,0.0040236326,0,1
173.25,130.75,1,,,,,,-1.0,0.0049366717,0,1
173.25,131.0,1,,,,,,-1.0,0.0058609461,0,1
173.25,131.25,1,,,,,,-1.0,0.0067966576,0,1
173.25,131.5,1,,,,,,-1.0,0.0077440124,0,1
173.25,131.75,1,,,,,,-1.0,0.0087032218,0,1
173.25,132.0,1,,,,,,-1.0,0.0096745023,0,1
173.25,132.25,1,,,,,,-1.0,0.010658076,0,1
173.25,132.5,1,,,,,,-1.0,0.011654169,0,1
173.25,132.75,1,,,,,,-1.0,0.012663015,0,1
173.25,133.0,1,,,,,,-1.0,0.013684853,0,1
173.25,133.25,1,,,,,,-1.0,0.014719927,0,1
173.25,133.5,1,,,,,,-1.0,0.015768487,0,1
173.25,133.75,1,,,,,,-1.0,0.016830791,0,1
173.25,134.0,1,,,,,,-1.0,0.017907102,0,1
173.25,134.25,1,,,,,,-1.0,0.018997691,0,1
173.25,134.5,1,,,,,,-1.0,0.020102835,0,1
173.25,134.75,1,,,,,,-1.0,0.021222818,0,1
173.25,135.0,1,,,,,,-1.0,0.022357933,0,1
173.25,135.25,1,,,,,,-1.0,0.023508479,0,1
173.25,135.5,1,,,,,,-1.0,0.024674763,0,1
173.25,135.75,1,,,,,,-1.0,0.025857102,0,1
173.25,136.0,1,,,,,,-1.0,0.02705582,0,1
173.25,136.25,1,,,,,,-1.0,0.028271249,0,1
173.25,136.5,1,,,,,,-1.0,0.029503731,0,1
173.25,136.75,1,,,,,,-1.0,0.030753619,0,1
173.25,137.0,1,,,,,,-1.0,0.032021272,0,1
173.25,137.25,1,,,,,,-1.0,0.033307063,0,1
173.25,137.5,1,,,,,,-1.0,0.034611372,0,1
173.25,137.75,1,,,,,,-1.0,0.035934592,0,1
173.25,138.0,1,,,,,,-1.0,0.037277125,0,1
173.5,112.0,2,567.62729,567.81999,1105.349,-537.72169,442.11583,2097334.1,-0.04635086,0,1
173.5,112.25,2,573.8718,574.06645,1117.4987,-543.62694,442.31583,2204866.7,-0.045846513,0,1
173.5,112.5,2,580.29156,580.4882,1129.9885,-549.6969,442.71583,2436754.5,-0.045339328,0,1
173.5,112.75,2,586.89416,587.09285,1142.8317,-555.93751,443.11583,2693030.2,-0.044829272,0,1
173.5,113.0,2,593.68766,593.88845,1156.0445,-562.35685,443.51583,2976258.7,-0.044316311,0,1
173.5,113.25,2,600.68059,600.88354,1169.6435,-568.96287,443.91583,3289274.6,-0.043800409,0,1
173.5,113.5,2,607.882,608.0872,1183.6453,-575.76335,444.31583,3635210.6,-0.043281531,0,1
173.5,113.75,2,615.30151,615.50904,1198.0698,-582.76832,444.71583,4017529.0,-0.04275964,0,1
173.5,114.0,2,622.94936,623.1593,1212.9347,-589.98537,445.31583,4667702.8,-0.042234698,0,1
173.5,114.25,2,630.83642,631.04866,1228.2635,-597.42704,445.71583,5158609.4,-0.041706681,0,1
173.5,114.5,2,638.97428,639.18855,1244.076,-605.10169,446.11583,5701145.1,-0.041175558,0,1
173.5,114.75,2,647.37532,647.59164,1260.3973,-613.02195,446.51583,6300739.7,-0.040641267,0,1
173.5,115.0,2,656.05273,656.27115,1277.2532,-621.20042,446.91583,6963394.3,-0.040103767,0,1
173.5,115.25,2,665.02064,665.24116,1294.6692,-629.64853,447.51583,8090309.9,-0.039563014,0,1
173.5,115.5,2,674.29417,674.51633,1312.6749,-638.3807,447.91583,8941175.3,-0.039018989,0,1
173.5,115.75,2,683.88951,684.11268,1331.3019,-647.41244,448.51583,10388164.0,-0.038471652,0,1
173.5,116.0,2,693.82407,694.04801,1350.5869,-656.76284,448.91583,11480696.0,-0.037920929,0,1
173.5,116.25,2,704.11658,704.3409,1370.5604,-666.44383,449.51583,13338666.0,-0.037366771,0,1
173.5,116.5,2,714.78716,715.01012,1391.262,-676.47483,449.91583,14741506.0,-0.036809192,0,1
173.5,116.75,2,725.85758,726.07818,1412.7339,-686.87634,450.51583,17127186.0,-0.036248087,0,1
173.5,117.0,2,737.35132,737.56829,1435.0208,-697.66952,450.91583,18928468.0,-0.035683401,0,1
173.5,117.25,2,749.29386,749.50393,1458.1728,-708.87893,451.51583,21991742.0,-0.035115153,0,1
173.5,117.5,2,761.71279,761.91356,1482.2419,-720.52916,452.11583,25550759.0,-0.034543217,0,1
173.5,117.75,2,774.63814,774.82542,1507.2853,-732.64712,452.71583,29685747.0,-0.033967581,0,1
173.5,118.0,2,788.10259,788.27122,1533.3625,-745.25994,453.31583,34489918.0,-0.033388185,0,1
173.5,118.25,2,802.14183,802.28561,1560.547,-758.40517,453.91583,40071567.0,-0.032804957,0,1
173.5,118.5,2,816.79479,816.90501,1588.9133,-772.11852,454.51583,46556519.0,-0.032217877,0,1
173.5,118.75,2,832.10408,832.17112,1618.5411,-786.43707,455.11583,54090958.0,-0.031626843,0,1
173.5,119.0,2,848.11647,848.1271,1649.5142,-801.39777,455.71583,62844728.0,-0.031031841,0,1
173.5,119.25,2,864.88324,864.82251,1681.9422,-817.05894,456.51583,76758724.0,-0.030432771,0,1
173.5,119.5,2,882.46082,882.30981,1715.9228,-833.46194,457.11583,89180913.0,-0.029829596,0,1
173.5,119.75,2,900.9113,900.64758,1751.5772,-850.66587,457.71583,103613440.0,-0.029222246,0,1
173.5,120.0,2,920.3033,919.90083,1789.0459,-868.74261,458.51583,126553740.0,-0.028610633,0,1
173.5,120.25,2,940.71272,940.13881,1828.4625,-887.74981,459.31583,154573090.0,-0.027994744,0,1
173.5,120.5,2,962.22364,961.4419,1869.9933,-907.76961,460.11583,188796000.0,-0.027374452,0,1
173.5,120.75,2,984.92959,983.89657,1913.8143,-928.88471,460.71583,219349650.0,-0.026749707,0,1
173.5,121.0,2,1008.9349,1007.5989,1960.1215,-951.18656,461.51583,267914270.0,-0.02612046,0,1
173.5,121.25,2,1034.3562,1032.6583,2009.1515,-974.79534,462.51583,344008730.0,-0.025486597,0,1
173.5,121.5,2,1061.3242,1059.1957,2061.1461,-999.82183,463.31583,420173210.0,-0.024848047,0,1
173.5,121.75,2,1089.9864,1087.3456,2116.3758,-1026.3895,464.11583,513200720.0,-0.024204765,0,1
173.5,122.0,2,1120.5092,1117.2622,2175.1799,-1054.6707,465.11583,658962770.0,-0.023556642,0,1
173.5,122.25,2,1153.0815,1149.1188,2237.9096,-1084.8281,465.91583,804858950.0,-0.022903589,0,1
173.5,122.5,2,1187.9187,1183.1121,2304.965,-1117.0463,466.91583,1033459300.0,-0.022245521,0,1
173.5,122.75,2,1225.2667,1219.466,2376.8186,-1151.5518,467.91583,1326988100.0,-0.021582352,0,1
173.5,123.0,2,1265.4091,1258.4359,2454.0326,-1188.6235,468.91583,1703886400.0,-0.020914013,0,1
173.5,123.25,2,1308.673,1300.3183,2537.1992,-1228.5262,470.11583,2300006100.0,-0.020240386,0,1
173.5,123.5,2,1355.4387,1345.4548,2627.0565,-1271.6178,471.11583,2953266300.0,-0.019561375,0,1
173.5,123.75,2,1406.1509,1394.2424,2724.4664,-1318.3155,472.31583,3986492500.0,-0.018876879,0,1
173.5,124.0,2,1461.3328,1447.1457,2830.3967,-1369.0638,473.51583,5381202000.0,-0.018186797,0,1
173.5,124.25,2,1521.6041,1504.7117,2946.0382,-1424.4341,474.71583,7263862900.0,-0.017491021,0,1
173.5,124.5,2,1587.7044,1567.5888,3072.7968,-1485.0923,476.11583,10307912000.0,-0.016789444,0,1
173.5,124.75,2,1660.5241,1636.5518,3212.363,-1551.839,477.31583,13914226000.0,-0.016081951,0,1
173.5,125.0,2,1741.1442,1712.5336,3366.8015,-1625.6574,478.71583,19745226000.0,-0.015368426,0,1
173.5,125.25,2,1830.8909,1796.6686,3538.6232,-1707.7323,480.31583,29456416000.0,-0.014648748,0,1
173.5,125.5,2,1931.4091,1890.3497,3730.9593,-1799.5502,481.91583,43943810000.0,-0.013922792,0,1
173.5,125.75,2,2044.7639,1995.3061,3947.7393,-1902.9754,483.51583,65556460000.0,-0.01319043,0,1
173.5,126.0,2,2173.5846,2113.7119,4193.9042,-2020.3196,485.11583,97798747000.0,-0.012451529,0,1
173.5,126.25,2,2321.2716,2248.3387,4476.0401,-2154.7685,487.11583,161242870000.0,-0.011705952,0,1
173.5,126.5,2,2492.2999,2402.7762,4802.6027,-2310.3028,488.91583,252879160000.0,-0.010953557,0,1
173.5,126.75,2,2692.6831,2581.7575,5184.9907,-2492.3076,490.91583,416927260000.0,-0.010194197,0,1
173.5,127.0,2,2930.6961,2791.6547,5639.1776,-2708.4815,493.11583,722640430000.0,-0.0094277223,0,1
173.5,127.25,2,3218.0457,3041.2548,6187.4041,-2969.3584,495.51583,1316736700000.0,-0.0086539757,0,1
173.5,127.5,2,3571.8631,3343.0221,6862.8586,-3290.9955,498.11583,2522262900000.0,-0.0078728002,0,1
173.5,127.75,2,4018.2554,3715.2475,7715.8998,-3697.6444,500.91583,5079213800000.0,-0.0070840356,0,1
173.5,128.0,2,4599.0735,4185.9161,8828.338,-4229.2645,503.91583,10752696000000.0,-0.0062874994,0,1
173.5,128.25,2,5385.9044,4800.0876,10342.041,-4956.137,507.11583,23930564000000.0,-0.0054830135,0,1
173.5,128.5,2,6512.1891,5635.2729,12529.348,-6017.1584,510.71583,58859690000000.0,-0.0046703941,0,1
173.5,128.75,2,8258.3296,6837.0721,15988.492,-7730.1621,514.91583,168200460000000.0,-0.0038494468,0,1
173.5,129.0,2,11327.785,8716.8317,22421.096,-11093.311,519.91583,587077290000000.0,-0.0030193247,0,1
173.5,129.25,2,18024.298,12076.247,38706.66,-20682.362,525.71583,2502777700000000.0,-0.0021793977,0,1
173.5,129.5,2,58465.07,19796.161,114069.33,-55604.262,533.11583,1.5917215e+16,-0.0013294974,0,1
173.5,129.75,2,500000.0,56063.144,500000.0,0.0,544.51583,2.7517333e+17,-0.00046945182,1,1
173.5,130.0,1,,,,,,-1.0,0.00040091531,0,1
173.5,130.25,1,,,,,,-1.0,0.0012817842,0,1
173.5,130.5,1,,,,,,-1.0,0.0021733393,0,1
173.5,130.75,1,,,,,,-1.0,0.0030757694,0,1
173.5,131.0,1,,,,,,-1.0,0.0039892677,0,1
173.5,131.25,1,,,,,,-1.0,0.0049140321,0,1
173.5,131.5,1,,,,,,-1.0,0.0058502651,0,1
173.5,131.75,1,,,,,,-1.0,0.0067981741,0,1
173.5,132.0,1,,,,,,-1.0,0.0077579716,0,1
173.5,132.25,1,,,,,,-1.0,0.0087298751,0,1
173.5,132.5,1,,,,,,-1.0,0.0097141077,0,1
173.5,132.75,1,,,,,,-1.0,0.010710898,0,1
173.5,133.0,1,,,,,,-1.0,0.011720479,0,1
173.5,133.25,1,,,,,,-1.0,0.012743092,0,1
173.5,133.5,1,,,,,,-1.0,0.013778983,0,1
173.5,133.75,1,,,,,,-1.0,0.014828402,0,1
173.5,134.0,1,,,,,,-1.0,0.01589161,0,1
173.5,134.25,1,,,,,,-1.0,0.016968871,0,1
173.5,134.5,1,,,,,,-1.0,0.018060457,0,1
173.5,134.75,1,,,,,,-1.0,0.019166647,0,1
173.5,135.0,1,,,,,,-1.0,0.020287728,0,1
173.5,135.25,1,,,,,,-1.0,0.021423992,0,1
173.5,135.5,1,,,,,,-1.0,0.022575742,0,1
173.5,135.75,1,,,,,,-1.0,0.023743287,0,1
173.5,136.0,1,,,,,,-1.0,0.024926945,0,1
173.5,136.25,1,,,,,,-1.0,0.026127041,0,1
173.5,136.5,1,,,,,,-1.0,0.027343912,0,1
173.5,136.75,1,,,,,,-1.0,0.028577901,0,1
173.5,137.0,1,,,,,,-1.0,0.029829362,0,1
173.5,137.25,1,,,,,,-1.0,0.031098658,0,1
173.5,137.5,1,,,,,,-1.0,0.032386164,0,1
173.5,137.75,1,,,,,,-1.0,0.033692262,0,1
173.5,138.0,1,,,,,,-1.0,0.035017349,0,1
173.75,112.0,2,550.26776,550.45606,1071.5855,-521.31771,441.52159,1807793.3,-0.047812981,0,1
173.75,112.25,2,556.10329,556.29339,1082.9441,-526.84079,441.92159,1997920.6,-0.047311267,0,1
173.75,112.5,2,562.09757,562.28955,1094.6103,-532.5127,442.12159,2100356.2,-0.046806747,0,1
173.75,112.75,2,568.25729,568.45122,1106.597,-538.33973,442.52159,2321252.5,-0.046299391,0,1
173.75,113.0,2,574.58949,574.7853,1118.9173,-544.3278,442.92159,2565380.8,-0.045789176,0,1
173.75,113.25,2,581.10165,581.29937,1131.5866,-550.48497,443.32159,2835184.3,-0.04527606,0,1
173.75,113.5,2,587.80167,588.00134,1144.6191,-556.81746,443.72159,3133363.2,-0.044760009,0,1
173.75,113.75,2,594.69796,594.89961,1158.0317,-563.33372,444.12159,3462901.9,-0.044240986,0,1
173.75,114.0,2,601.79939,602.00308,1171.8414,-570.042,444.52159,3827098.4,-0.043718954,0,1
173.75,114.25,2,609.11542,609.32121,1186.0665,-576.95103,444.92159,4229597.9,-0.043193877,0,1
173.75,114.5,2,616.65611,616.86406,1200.7254,-584.06925,445.32159,4674428.6,-0.042665713,0,1
173.75,114.75,2,624.43214,624.64232,1215.8398,-591.40768,445.92159,5430911.2,-0.042134425,0,1
173.75,115.0,2,632.45491,632.66703,1231.4315,-598.97661,446.32159,6002085.1,-0.041599995,0,1
173.75,115.25,2,640.73658,640.95032,1247.5234,-606.78685,446.72159,6633329.9,-0.041062379,0,1
173.75,115.5,2,649.29011,649.50546,1264.1401,-614.84997,447.12159,7330963.3,-0.040521515,0,1
173.75,115.75,2,658.12941,658.34628,1281.3089,-623.17952,447.72159,8517364.2,-0.039977358,0,1
173.75,116.0,2,667.26932,667.48731,1299.0588,-631.78949,448.12159,9413143.2,-0.039429881,0,1
173.75,116.25,2,676.7258,676.94391,1317.4186,-640.69279,448.52159,10403132.0,-0.038879063,0,1
173.75,116.5,2,686.51597,686.73377,1336.4251,-649.90916,449.12159,12086715.0,-0.038324816,0,1
173.75,116.75,2,696.65826,696.87509,1356.1108,-659.45249,449.52159,13357886.0,-0.037767091,0,1
173.75,117.0,2,707.17252,707.38618,1376.5118,-669.33924,450.12159,15519649.0,-0.037205908,0,1
173.75,117.25,2,718.08019,718.28935,1397.6709,-679.59073,450.72159,18031260.0,-0.036641146,0,1
173.75,117.5,2,729.40443,729.60686,1419.633,-690.2286,451.12159,19927624.0,-0.036072776,0,1
173.75,117.75,2,741.17038,741.36246,1442.446,-701.27562,451.72159,23152596.0,-0.035500779,0,1
173.75,118.0,2,753.40529,753.58375,1466.1611,-712.7558,452.32159,26899479.0,-0.034925043,0,1
173.75,118.25,2,766.13884,766.29767,1490.8328,-724.69394,452.92159,31252736.0,-0.034345589,0,1
173.75,118.5,2,779.40329,779.53667,1516.5308,-737.1275,453.52159,36310499.0,-0.033762292,0,1
173.75,118.75,2,793.23386,793.33308,1543.3168,-750.08295,454.12159,42186781.0,-0.033175151,0,1
173.75,119.0,2,807.66898,807.72447,1571.2647,-763.59576,454.72159,49014047.0,-0.032584063,0,1
173.75,119.25,2,822.75083,822.7495,1600.4533,-777.7025,455.32159,56946198.0,-0.031989014,0,1
173.75,119.5,2,838.52538,838.45293,1630.9762,-792.4508,455.92159,66162043.0,-0.03138989,0,1
173.75,119.75,2,855.04333,854.88045,1662.9256,-807.88231,456.72159,80810502.0,-0.030786697,0,1
173.75,120.0,2,872.36015,872.08596,1696.4077,-824.04751,457.32159,93888408.0,-0.030179301,0,1
173.75,120.25,2,890.53706,890.12513,1731.5426,-841.00552,458.12159,114675560.0,-0.029567691,0,1
173.75,120.5,2,909.64156,909.06157,1768.4594,-858.81787,458.72159,133233990.0,-0.028951774,0,1
173.75,120.75,2,929.74831,928.96526,1807.2999,-877.55163,459.52159,162732370.0,-0.028331463,0,1
173.75,121.0,2,950.94004,949.91119,1848.225,-897.28491,460.32159,198761760.0,-0.027706743,0,1
173.75,121.25,2,973.30872,971.98599,1891.4086,-918.09984,461.12159,242768160.0,-0.027077494,0,1
173.75,121.5,2,996.95685,995.28447,1937.0478,-940.09094,461.92159,296517700.0,-0.026443641,0,1
173.75,121.75,2,1021.999,1019.9113,1985.3608,-963.36172,462.72159,362167540.0,-0.02580513,0,1
173.75,122.0,2,1048.564,1045.9847,2036.5874,-988.02338,463.52159,442352430.0,-0.025161882,0,1
173.75,122.25,2,1076.7964,1073.6381,2091.0208,-1014.2244,464.32159,540290480.0,-0.024513797,0,1
173.75,122.5,2,1106.8599,1103.0206,2148.9512,-1042.0913,465.32159,693746710.0,-0.023860792,0,1
173.75,122.75,2,1138.94,1134.3012,2210.7574,-1071.8174,466.32159,890788410.0,-0.023202783,0,1
173.75,123.0,2,1173.2482,1167.6706,2276.8208,-1103.5726,467.12159,1088011400.0,-0.0225397,0,1
173.75,123.25,2,1210.0263,1203.3476,2347.6207,-1137.5944,468.12159,1397034300.0,-0.02187144,0,1
173.75,123.5,2,1249.5524,1241.5825,2423.6758,-1174.1234,469.32159,1885799100.0,-0.021197902,0,1
173.75,123.75,2,1292.1479,1282.6627,2505.5996,-1213.4517,470.32159,2421414000.0,-0.020518992,0,1
173.75,124.0,2,1338.1859,1326.9203,2594.1045,-1255.9186,471.32159,3109157100.0,-0.019834608,0,1
173.75,124.25,2,1388.103,1374.7416,2690.0399,-1301.9369,472.52159,4196923000.0,-0.019144649,0,1
173.75,124.5,2,1442.4123,1426.5777,2794.3586,-1351.9463,473.72159,5665253500.0,-0.01844901,0,1
173.75,124.75,2,1501.7216,1482.9597,2908.2275,-1406.506,474.92159,7647292400.0,-0.017747579,0,1
173.75,125.0,2,1566.7561,1544.5167,3033.0288,-1466.2727,476.32159,10852024000.0,-0.017040246,0,1
173.75,125.25,2,1638.3883,1611.9997,3170.4237,-1532.0354,477.72159,15399756000.0,-0.016326892,0,1
173.75,125.5,2,1717.6777,1686.3121,3322.4287,-1604.751,479.12159,21853294000.0,-0.015607398,0,1
173.75,125.75,2,1805.9228,1768.5515,3491.522,-1685.5991,480.52159,31011300000.0,-0.014881639,0,1
173.75,126.0,2,1904.7338,1860.0636,3680.7695,-1776.0357,482.12159,46263423000.0,-0.014149487,0,1
173.75,126.25,2,2016.1313,1962.5175,3893.9769,-1877.8456,483.72159,69016917000.0,-0.013410808,0,1
173.75,126.5,2,2142.6862,2078.0084,4136.1363,-1993.45,485.52159,108240070000.0,-0.012665466,0,1
173.75,126.75,2,2287.7207,2209.2034,4413.5375,-2125.8168,487.32159,169754220000.0,-0.011913319,0,1
173.75,127.0,2,2455.6045,2359.5501,4734.5207,-2278.9162,489.32159,279877400000.0,-0.011154222,0,1
173.75,127.25,2,2652.205,2533.5841,5110.2788,-2458.0738,491.32159,461439820000.0,-0.010388029,0,1
173.75,127.5,2,2885.5841,2737.397,5556.3786,-2670.7945,493.52159,799791960000.0,-0.0096145884,0,1
173.75,127.75,2,3167.1392,2979.3696,6094.6099,-2927.4707,495.92159,1457316000000.0,-0.0088337294,0,1
173.75,128.0,2,3513.5181,3271.3502,6757.2383,-3243.7201,498.32159,2655402800000.0,-0.0080452852,0,1
173.75,128.25,2,3950.048,3630.6583,7593.5524,-3643.5044,501.12159,5347324600000.0,-0.0072490834,0,1
173.75,128.5,2,4517.2375,4083.6562,8683.3706,-4166.1331,504.12159,11320286000000.0,-0.0064449463,0,1
173.75,128.75,2,5284.1642,4672.5358,10164.937,-4880.773,507.32159,25193761000000.0,-0.0056326899,0,1
173.75,129.0,2,6379.0522,5469.4945,12301.768,-5922.7159,511.12159,65143750000000.0,-0.0048119521,0,1
173.75,129.25,2,8069.6462,6610.0686,15676.021,-7606.3745,515.12159,177079070000000.0,-0.0039816448,0,1
173.75,129.5,2,11020.173,8377.8008,21934.048,-10913.874,519.92159,587923220000000.0,-0.00314151,0,1
173.75,129.75,2,17319.462,11486.074,37959.508,-20640.045,525.72159,2506384000000000.0,-0.0022913787,0,1
173.75,130.0,2,51275.25,18390.995,110199.82,-58924.568,533.12159,1.594015e+16,-0.0014310778,0,1
173.75,130.25,2,500000.0,46962.019,500000.0,0.0,543.92159,2.3718516e+17,-0.00056043044,1,1
173.75,130.5,1,,,,,,-1.0,0.00032074455,0,1
173.75,130.75,1,,,,,,-1.0,0.0012126325,0,1
173.75,131.0,1,,,,,,-1.0,0.0021154231,0,1
173.75,131.25,1,,,,,,-1.0,0.0030293105,0,1
173.75,131.5,1,,,,,,-1.0,0.0039544936,0,1
173.75,131.75,1,,,,,,-1.0,0.0048911759,0,1
173.75,132.0,1,,,,,,-1.0,0.0058395659,0,1
173.75,132.25,1,,,,,,-1.0,0.0067998772,0,1
173.75,132.5,1,,,,,,-1.0,0.0077723284,0,1
173.75,132.75,1,,,,,,-1.0,0.0087571438,0,1
173.75,133.0,1,,,,,,-1.0,0.0097545529,0,1
173.75,133.25,1,,,,,,-1.0,0.010764791,0,1
173.75,133.5,1,,,,,,-1.0,0.0117881,0,1
173.75,133.75,1,,,,,,-1.0,0.012824726,0,1
173.75,134.0,1,,,,,,-1.0,0.013874923,0,1
173.75,134.25,1,,,,,,-1.0,0.014938951,0,1
173.75,134.5,1,,,,,,-1.0,0.016017077,0,1
173.75,134.75,1,,,,,,-1.0,0.017109575,0,1
173.75,135.0,1,,,,,,-1.0,0.018216724,0,1
173.75,135.25,1,,,,,,-1.0,0.019338813,0,1
173.75,135.5,1,,,,,,-1.0,0.020476137,0,1
173.75,135.75,1,,,,,,-1.0,0.021629,0,1
173.75,136.0,1,,,,,,-1.0,0.022797712,0,1
173.75,136.25,1,,,,,,-1.0,0.023982595,0,1
173.75,136.5,1,,,,,,-1.0,0.025183975,0,1
173.75,136.75,1,,,,,,-1.0,0.02640219,0,1
173.75,137.0,1,,,,,,-1.0,0.027637587,0,1
173.75,137.25,1,,,,,,-1.0,0.028890522,0,1
173.75,137.5,1,,,,,,-1.0,0.03016136,0,1
173.75,137.75,1,,,,,,-1.0,0.031450477,0,1
173.75,138.0,1,,,,,,-1.0,0.03275826,0,1
174.0,112.0,2,533.85618,534.03995,1039.6555,-505.79931,440.92734,1558220.9,-0.049282727,0,1
174.0,112.25,2,539.3182,539.50363,1050.2907,-510.97254,441.32734,1722100.5,-0.048783629,0,1
174.0,112.5,2,544.9244,545.11153,1061.2056,-516.28119,441.72734,1903215.3,-0.048281762,0,1
174.0,112.75,2,550.68064,550.86953,1072.4109,-521.73022,441.92734,2000795.3,-0.047777094,0,1
174.0,113.0,2,556.59314,556.78383,1083.9187,-527.32553,442.32734,2211220.8,-0.047269593,0,1
174.0,113.25,2,562.66845,562.86101,1095.7421,-533.07366,442.72734,2443776.9,-0.046759226,0,1
174.0,113.5,2,568.9135,569.10799,1107.8951,-538.98162,443.12734,2700791.1,-0.04624596,0,1
174.0,113.75,2,575.33565,575.53212,1120.3904,-545.05475,443.52734,2984835.8,-0.045729759,0,1
174.0,114.0,2,581.94266,582.14119,1133.2439,-551.30124,443.92734,3298753.7,-0.045210587,0,1
174.0,114.25,2,588.74276,588.94319,1146.4715,-557.72869,444.32734,3645686.7,-0.044688428,0,1
174.0,114.5,2,595.74471,595.94693,1160.0891,-564.34442,444.72734,4029106.9,-0.044163236,0,1
174.0,114.75,2,602.95779,603.16182,1174.1162,-571.15837,445.12734,4452851.8,-0.043634965,0,1
174.0,115.0,2,610.39187,610.59775,1188.5701,-578.17823,445.52734,4921162.3,-0.043103574,0,1
174.0,115.25,2,618.05746,618.26522,1203.4718,-585.41431,445.92734,5438725.5,-0.042569021,0,1
174.0,115.5,2,625.96576,626.17542,1218.8432,-592.87743,446.52734,6318897.5,-0.042031265,0,1
174.0,115.75,2,634.12871,634.33956,1234.7063,-600.57755,446.92734,6983461.7,-0.04149031,0,1
174.0,116.0,2,642.55909,642.77092,1251.0866,-608.52746,447.32734,7717918.8,-0.040946073,0,1
174.0,116.25,2,651.27055,651.48318,1268.0096,-616.73908,447.92734,8966942.3,-0.040398503,0,1
174.0,116.5,2,660.2777,660.49074,1285.5035,-625.22584,448.32734,9910003.9,-0.039847561,0,1
174.0,116.75,2,669.59626,669.8083,1303.5991,-634.00281,448.72734,10952248.0,-0.03929325,0,1
174.0,117.0,2,679.24307,679.45342,1322.3276,-643.08454,449.32734,12724697.0,-0.038735466,0,1
174.0,117.25,2,689.23631,689.44388,1341.7262,-652.48987,449.72734,14062965.0,-0.038174166,0,1
174.0,117.5,2,699.59555,699.79776,1361.831,-662.23547,450.32734,16338834.0,-0.037609359,0,1
174.0,117.75,2,710.34193,710.5369,1382.6801,-672.33821,450.92734,18983017.0,-0.037040927,0,1
174.0,118.0,2,721.49834,721.68276,1404.3165,-682.81821,451.32734,20979478.0,-0.036468857,0,1
174.0,118.25,2,733.0896,733.25929,1426.7935,-693.70386,451.92734,24374676.0,-0.035893094,0,1
174.0,118.5,2,745.14263,745.29287,1450.1602,-705.01753,452.52734,28319334.0,-0.035313561,0,1
174.0,118.75,2,757.68674,757.8104,1474.4729,-716.7862,453.12734,32902372.0,-0.034730251,0,1
174.0,119.0,2,770.75379,770.84349,1499.7904,-729.03665,453.72734,38227102.0,-0.034143047,0,1
174.0,119.25,2,784.3786,784.42351,1526.1775,-741.7989,454.32734,44413556.0,-0.033551959,0,1
174.0,119.5,2,798.59915,798.58768,1553.7164,-755.11723,454.92734,51601190.0,-0.032956863,0,1
174.0,119.75,2,813.45691,813.37367,1582.4748,-769.01791,455.52734,59952030.0,-0.032357754,0,1
174.0,120.0,2,828.99735,828.82484,1612.5505,-783.55318,456.12734,69654321.0,-0.031754532,0,1
174.0,120.25,2,845.27031,844.98744,1644.0318,-798.76148,456.92734,85075980.0,-0.031147143,0,1
174.0,120.5,2,862.33047,861.91176,1677.0242,-814.69376,457.52734,98844187.0,-0.030535545,0,1
174.0,120.75,2,880.23806,879.65486,1711.646,-831.40793,458.32734,120728560.0,-0.029919627,0,1
174.0,121.0,2,899.0595,898.27706,1748.0255,-848.96596,458.92734,140266580.0,-0.029299362,0,1
174.0,121.25,2,918.8682,917.84663,1786.3005,-867.43228,459.72734,171321990.0,-0.028674666,0,1
174.0,121.5,2,939.7455,938.43919,1826.6283,-886.88282,460.52734,209253150.0,-0.028045445,0,1
174.0,121.75,2,961.78182,960.13736,1869.1804,-907.39862,461.32734,255582370.0,-0.027411645,0,1
174.0,122.0,2,985.078,983.03304,1914.1479,-929.06992,462.12734,312169010.0,-0.026773205,0,1
174.0,122.25,2,1009.7467,1007.2303,1961.756,-952.00934,462.92734,381284090.0,-0.026130016,0,1
174.0,122.5,2,1035.9141,1032.8445,2012.2323,-976.31812,463.72734,465701440.0,-0.025482,0,1
174.0,122.75,2,1063.7229,1060.005,2065.8661,-1002.1433,464.52734,568809020.0,-0.024829076,0,1
174.0,123.0,2,1093.3334,1088.8565,2122.945,-1029.6117,465.52734,730365240.0,-0.024171178,0,1
174.0,123.25,2,1124.9282,1119.5642,2183.8417,-1058.9135,466.52734,937807530.0,-0.023508205,0,1
174.0,123.5,2,1158.7147,1152.3151,2248.9258,-1090.211,467.52734,1204168700.0,-0.022840059,0,1
174.0,123.75,2,1194.9307,1187.3219,2318.6768,-1123.7462,468.52734,1546183200.0,-0.022166647,0,1
174.0,124.0,2,1233.8491,1224.8278,2393.5951,-1159.746,469.52734,1985338600.0,-0.021487874,0,1
174.0,124.25,2,1275.7855,1265.1125,2474.2898,-1198.5043,470.52734,2549225200.0,-0.02080364,0,1
174.0,124.5,2,1321.1061,1308.499,2561.4609,-1240.3548,471.72734,3441094100.0,-0.020113844,0,1
174.0,124.75,2,1370.2391,1355.3626,2655.9296,-1285.6905,472.72734,4418452200.0,-0.019418379,0,1
174.0,125.0,2,1423.6881,1406.1416,2758.6669,-1334.9788,473.92734,5964286700.0,-0.018717137,0,1
174.0,125.25,2,1482.0492,1461.3514,2870.7867,-1388.7375,475.32734,8463725700.0,-0.018010004,0,1
174.0,125.5,2,1546.0334,1521.6021,2993.6551,-1447.6217,476.52734,11424835000.0,-0.017296864,0,1
174.0,125.75,2,1616.4958,1587.6212,3128.905,-1512.4092,477.92734,16212612000.0,-0.016577598,0,1
174.0,126.0,2,1694.4744,1660.2834,3278.5121,-1584.0378,479.32734,23006792000.0,-0.015852079,0,1
174.0,126.25,2,1781.241,1740.6501,3444.8832,-1663.6422,480.92734,34322100000.0,-0.015120182,0,1
174.0,126.5,2,1878.3717,1830.0211,3631.0795,-1752.7078,482.32734,48705378000.0,-0.014381772,0,1
174.0,126.75,2,1987.8435,1930.0066,3840.8555,-1853.012,484.12734,76385238000.0,-0.013636713,0,1
174.0,127.0,2,2112.1698,2042.6252,4079.0004,-1966.8306,485.72734,113953390000.0,-0.012884863,0,1
174.0,127.25,2,2254.5971,2170.4401,4351.7375,-2097.1405,487.52734,178714480000.0,-0.012126087,0,1
174.0,127.5,2,2419.3927,2316.7609,4667.1921,-2247.7994,489.52734,294650370000.0,-0.011360233,0,1
174.0,127.75,2,2612.2791,2485.9358,5036.4535,-2424.1744,491.52734,485796330000.0,-0.010587138,0,1
174.0,128.0,2,2841.1146,2683.7886,5474.5157,-2633.4011,493.72734,842007960000.0,-0.0098066387,0,1
174.0,128.25,2,3116.9913,2918.3059,6002.9815,-2885.9902,496.12734,1534238500000.0,-0.0090185696,0,1
174.0,128.5,2,3456.0919,3200.744,6653.1189,-3197.027,498.72734,2938896500000.0,-0.0082227585,0,1
174.0,128.75,2,3882.987,3547.4836,7473.1503,-3590.1633,501.32734,5629576300000.0,-0.0074190464,0,1
174.0,129.0,2,4436.8872,3983.3514,8540.7813,-4103.8941,504.32734,11917813000000.0,-0.0066072366,0,1
174.0,129.25,2,5184.4548,4548.343,9990.5041,-4806.0494,507.52734,26523581000000.0,-0.0057864908,0,1
174.0,129.5,2,6248.9227,5310.4554,12078.582,-5829.6591,511.32734,68582279000000.0,-0.0049560618,0,1
174.0,129.75,2,7885.9873,6394.6377,15368.532,-7482.5451,515.32734,186425960000000.0,-0.0041157836,0,1
174.0,130.0,2,10722.991,8059.7319,21458.208,-10735.217,520.12734,618956000000000.0,-0.0032654864,0,1
174.0,130.25,2,16650.293,10943.445,37234.515,-20584.222,525.92734,2638680300000000.0,-0.0024049964,0,1
174.0,130.5,2,44946.201,17155.55,106567.35,-61621.148,532.92734,1.5184557e+16,-0.0015341359,0,1
174.0,130.75,2,9635554.3,40321.782,133430.87,9502123.5,543.32734,2.0444089e+17,-0.00065272276,0,1
174.0,131.0,1,,,,,,-1.0,0.00023942906,0,1
174.0,131.25,1,,,,,,-1.0,0.0011425102,0,1
174.0,131.5,1,,,,,,-1.0,0.0020567158,0,1
174.0,131.75,1,,,,,,-1.0,0.0029822457,0,1
174.0,132.0,1,,,,,,-1.0,0.0039193043,0,1
174.0,132.25,1,,,,,,-1.0,0.0048681013,0,1
174.0,132.5,1,,,,,,-1.0,0.0058288513,0,1
174.0,132.75,1,,,,,,-1.0,0.0068017741,0,1
174.0,133.0,1,,,,,,-1.0,0.0077870949,0,1
174.0,133.25,1,,,,,,-1.0,0.0087850447,0,1
174.0,133.5,1,,,,,,-1.0,0.00979586,0,1
174.0,133.75,1,,,,,,-1.0,0.010819783,0,1
174.0,134.0,1,,,,,,-1.0,0.011857063,0,1
174.0,134.25,1,,,,,,-1.0,0.012907954,0,1
174.0,134.5,1,,,,,,-1.0,0.013972719,0,1
174.0,134.75,1,,,,,,-1.0,0.015051624,0,1
174.0,135.0,1,,,,,,-1.0,0.016144946,0,1
174.0,135.25,1,,,,,,-1.0,0.017252966,0,1
174.0,135.5,1,,,,,,-1.0,0.018375974,0,1
174.0,135.75,1,,,,,,-1.0,0.019514267,0,1
174.0,136.0,1,,,,,,-1.0,0.02066815,0,1
174.0,136.25,1,,,,,,-1.0,0.021837936,0,1
174.0,136.5,1,,,,,,-1.0,0.023023948,0,1
174.0,136.75,1,,,,,,-1.0,0.024226515,0,1
174.0,137.0,1,,,,,,-1.0,0.025445977,0,1
174.0,137.25,1,,,,,,-1.0,0.026682682,0,1
174.0,137.5,1,,,,,,-1.0,0.027936989,0,1
174.0,137.75,1,,,,,,-1.0,0.029209265,0,1
174.0,138.0,1,,,,,,-1.0,0.030499889,0,1
174.25,112.0,2,518.31707,518.49701,1009.4132,-491.09616,440.33308,1343100.2,-0.050760072,0,1
174.25,112.25,2,523.43721,523.61871,1019.3857,-495.94853,440.73308,1484355.2,-0.050263569,0,1
174.25,112.5,2,528.68858,528.87166,1029.6127,-500.92409,441.13308,1640466.2,-0.049764333,0,1
174.25,112.75,2,534.07635,534.26105,1040.1044,-506.02809,441.53308,1812995.6,-0.049262332,0,1
174.25,113.0,2,539.60602,539.79236,1050.8713,-511.26532,441.73308,1905949.8,-0.048757536,0,1
174.25,113.25,2,545.28335,545.47136,1061.9247,-516.64134,442.13308,2106400.3,-0.048249912,0,1
174.25,113.5,2,551.11446,551.30417,1073.2757,-522.1612,442.53308,2327932.4,-0.047739427,0,1
174.25,113.75,2,557.10578,557.29722,1084.9372,-527.83146,442.93308,2572763.2,-0.047226048,0,1
174.25,114.0,2,563.26412,563.45733,1096.9225,-533.65836,443.33308,2843343.1,-0.046709739,0,1
174.25,114.25,2,569.59671,569.79173,1109.2454,-539.64864,443.73308,3142380.1,-0.046190465,0,1
174.25,114.5,2,576.11117,576.30805,1121.9203,-545.80909,444.13308,3472867.0,-0.045668189,0,1
174.25,114.75,2,582.8156,583.0144,1134.9634,-552.14777,444.53308,3838111.7,-0.045142873,0,1
174.25,115.0,2,589.71858,589.91934,1148.3908,-558.67224,444.93308,4241769.4,-0.044614481,0,1
174.25,115.25,2,596.82925,597.03149,1162.22,-565.39078,445.33308,4687880.2,-0.04408301,0,1
174.25,115.5,2,604.15731,604.36101,1176.47,-572.31266,445.73308,5180908.8,-0.043548383,0,1
174.25,115.75,2,611.71308,611.91823,1191.1606,-579.44749,446.13308,5725789.8,-0.043010559,0,1
174.25,116.0,2,619.50758,619.71412,1206.3124,-586.80483,446.73308,6652418.6,-0.042469494,0,1
174.25,116.25,2,627.55256,627.76006,1221.949,-594.3964,447.13308,7352059.6,-0.041925166,0,1
174.25,116.5,2,635.86056,636.06829,1238.0932,-602.23268,447.53308,8125282.5,-0.041377546,0,1
174.25,116.75,2,644.44503,644.65265,1254.7718,-610.32677,447.93308,8979825.9,-0.040826552,0,1
174.25,117.0,2,653.32036,653.5274,1272.0121,-618.69174,448.53308,10433069.0,-0.040272137,0,1
174.25,117.25,2,662.50203,662.70668,1289.8443,-627.34223,448.93308,11530325.0,-0.03971432,0,1
174.25,117.5,2,672.00665,672.20784,1308.2997,-636.29302,449.53308,13396326.0,-0.039152987,0,1
174.25,117.75,2,681.85213,682.04828,1327.4119,-645.55977,449.93308,14805230.0,-0.038588097,0,1
174.25,118.0,2,692.0578,692.2458,1347.2197,-655.16195,450.53308,17201223.0,-0.038019653,0,1
174.25,118.25,2,702.64454,702.82182,1367.7623,-665.11772,451.13308,19984970.0,-0.037447535,0,1
174.25,118.5,2,713.63497,713.79703,1389.0825,-675.44749,451.53308,22086808.0,-0.036871749,0,1
174.25,118.75,2,725.0536,725.19553,1411.2277,-686.17406,452.13308,25661209.0,-0.036292205,0,1
174.25,119.0,2,736.92705,737.04232,1434.2487,-697.32162,452.73308,29814072.0,-0.035708866,0,1
174.25,119.25,2,749.28424,749.36481,1458.1999,-708.91568,453.33308,34639010.0,-0.035121672,0,1
174.25,119.5,2,762.15677,762.19269,1483.1428,-720.98608,453.93308,40244787.0,-0.034530566,0,1
174.25,119.75,2,775.57888,775.55822,1509.1451,-733.56622,454.53308,46757772.0,-0.033935486,0,1
174.25,120.0,2,789.5881,789.49603,1536.2739,-746.68584,455.13308,54324781.0,-0.033336387,0,1
174.25,120.25,2,804.22529,804.04509,1564.6095,-760.38425,455.73308,63116391.0,-0.032733171,0,1
174.25,120.5,2,819.53526,819.24545,1594.2456,-774.71038,456.33308,73330784.0,-0.032125836,0,1
174.25,120.75,2,835.56709,835.14416,1625.2658,-789.69874,457.13308,89566422.0,-0.031514254,0,1
174.25,121.0,2,852.37458,851.79014,1657.7772,-805.4026,457.73308,104061340.0,-0.030898391,0,1
174.25,121.25,2,870.01701,869.23785,1691.8928,-821.87583,458.53308,127100800.0,-0.030278186,0,1
174.25,121.5,2,888.55967,887.5483,1727.7421,-839.18244,459.13308,147670060.0,-0.029653536,0,1
174.25,121.75,2,908.07475,906.78729,1765.456,-857.38128,459.93308,180364620.0,-0.029024387,0,1
174.25,122.0,2,928.64231,927.02742,1805.1929,-876.55062,460.73308,220297850.0,-0.028390687,0,1
174.25,122.25,2,950.35117,948.351,1847.1264,-896.77523,461.53308,269072400.0,-0.027752325,0,1
174.25,122.5,2,973.30037,970.84825,1891.4419,-918.14158,462.33308,328645770.0,-0.027109226,0,1
174.25,122.75,2,997.60076,994.61979,1938.347,-940.74622,463.13308,401408850.0,-0.026461312,0,1
174.25,123.0,2,1023.3764,1019.777,1988.0911,-964.71467,463.93308,490281880.0,-0.02580853,0,1
174.25,123.25,2,1050.7673,1046.4471,2040.9298,-990.16251,464.93308,629534400.0,-0.025150764,0,1
174.25,123.5,2,1079.9311,1074.7722,2097.1776,-1017.2465,465.73308,768915050.0,-0.024487928,0,1
174.25,123.75,2,1111.0472,1104.9128,2157.1648,-1046.1176,466.73308,987306460.0,-0.02381993,0,1
174.25,124.0,2,1144.3194,1137.0505,2221.283,-1076.9636,467.73308,1267726600.0,-0.02314668,0,1
174.25,124.25,2,1179.9809,1171.3926,2289.9955,-1110.0145,468.73308,1627793200.0,-0.022468081,0,1
174.25,124.5,2,1218.3001,1208.1758,2363.7949,-1145.4948,469.73308,2090127800.0,-0.021784035,0,1
174.25,124.75,2,1259.5864,1247.6721,2443.2784,-1183.692,470.73308,2683777200.0,-0.02109444,0,1
174.25,125.0,2,1304.1995,1290.1956,2529.1327,-1224.9332,471.93308,3622720300.0,-0.02039919,0,1
174.25,125.25,2,1352.5597,1336.1108,2622.1652,-1269.6056,473.13308,4890160900.0,-0.019698175,0,1
174.25,125.5,2,1405.1607,1385.8433,2723.316,-1318.1553,474.33308,6601026800.0,-0.018991285,0,1
174.25,125.75,2,1462.5872,1439.8931,2833.7022,-1371.115,475.53308,8910454200.0,-0.018278402,0,1
174.25,126.0,2,1525.5363,1498.8517,2954.6613,-1429.125,476.73308,12027855000.0,-0.017559406,0,1
174.25,126.25,2,1594.8463,1563.4237,3087.7914,-1492.9451,478.13308,17068339000.0,-0.016834173,0,1
174.25,126.5,2,1671.534,1634.4557,3235.0384,-1563.5044,479.53308,24221126000.0,-0.016102575,0,1
174.25,126.75,2,1756.8448,1712.9734,3398.7761,-1641.9313,481.13308,36133673000.0,-0.01536448,0,1
174.25,127.0,2,1852.3217,1800.2321,3581.9684,-1729.6467,482.73308,53905106000.0,-0.014619751,0,1
174.25,127.25,2,1959.8985,1897.7845,3788.309,-1828.4104,484.33308,80416969000.0,-0.013868247,0,1
174.25,127.5,2,2082.0333,2007.5711,4022.4994,-1940.4661,485.93308,119968020000.0,-0.013109845,0,1
174.25,127.75,2,2221.8986,2132.0602,4290.5983,-2068.6998,487.93308,197793830000.0,-0.012344372,0,1
174.25,128.0,2,2383.6603,2274.4285,4600.7119,-2217.0515,489.73308,310202470000.0,-0.011571674,0,1
174.25,128.25,2,2572.9014,2438.8389,4963.4407,-2390.5394,491.93308,537659370000.0,-0.010791588,0,1
174.25,128.5,2,2797.281,2630.8555,5393.7653,-2596.4843,493.93308,886450430000.0,-0.010003949,0,1
174.25,128.75,2,3067.5953,2858.0802,5912.4397,-2844.8444,496.33308,1615218000000.0,-0.0092086096,0,1
174.25,129.0,2,3399.5731,3131.2057,6550.364,-3150.791,498.93308,3094016000000.0,-0.0084053708,0,1
174.25,129.25,2,3817.0554,3465.7898,7354.3813,-3537.3259,501.53308,5926714000000.0,-0.0075939243,0,1
174.25,129.5,2,4357.998,3885.7815,8400.2161,-4042.2181,504.53308,12546854000000.0,-0.0067731408,0,1
174.25,129.75,2,5086.7433,4428.8199,9818.6014,-4731.8581,507.93308,29355207000000.0,-0.0059426542,0,1
174.25,130.0,2,6121.7322,5158.2537,11858.71,-5736.9775,511.53308,72202158000000.0,-0.0051022975,0,1
174.25,130.25,2,7707.2204,6189.9253,15067.867,-7360.6471,515.53308,196265810000000.0,-0.0042519003,0,1
174.25,130.5,2,10435.844,7760.7521,20993.272,-10557.428,520.33308,651625450000000.0,-0.0033912879,0,1
174.25,130.75,2,16014.461,10442.858,36530.669,-20516.208,525.93308,2642471500000000.0,-0.0025202819,0,1
174.25,131.0,2,39354.988,16060.875,103150.57,-63795.587,532.93308,1.5206374e+16,-0.0016386994,0,1
174.25,131.25,2,7030532.2,35263.386,124043.04,6906489.2,542.73308,1.7621673e+17,-0.00074635331,0,1
174.25,131.5,1,,,,,,-1.0,0.00015694776,0,1
174.25,131.75,1,,,,,,-1.0,0.0010713999,0,1
174.25,132.0,1,,,,,,-1.0,0.0019972038,0,1
174.25,132.25,1,,,,,,-1.0,0.0029345651,0,1
174.25,132.5,1,,,,,,-1.0,0.0038836943,0,1
174.25,132.75,1,,,,,,-1.0,0.0048448071,0,1
174.25,133.0,1,,,,,,-1.0,0.0058181243,0,1
174.25,133.25,1,,,,,,-1.0,0.0068038725,0,1
174.25,133.5,1,,,,,,-1.0,0.0078022836,0,1
174.25,133.75,1,,,,,,-1.0,0.0088135955,0,1
174.25,134.0,1,,,,,,-1.0,0.0098380518,0,1
174.25,134.25,1,,,,,,-1.0,0.010875903,0,1
174.25,134.5,1,,,,,,-1.0,0.011927404,0,1
174.25,134.75,1,,,,,,-1.0,0.012992819,0,1
174.25,135.0,1,,,,,,-1.0,0.014072417,0,1
174.25,135.25,1,,,,,,-1.0,0.015166475,0,1
174.25,135.5,1,,,,,,-1.0,0.016275276,0,1
174.25,135.75,1,,,,,,-1.0,0.017399112,0,1
174.25,136.0,1,,,,,,-1.0,0.018538282,0,1
174.25,136.25,1,,,,,,-1.0,0.019693092,0,1
174.25,136.5,1,,,,,,-1.0,0.020863857,0,1
174.25,136.75,1,,,,,,-1.0,0.022050902,0,1
174.25,137.0,1,,,,,,-1.0,0.023254558,0,1
174.25,137.25,1,,,,,,-1.0,0.024475166,0,1
174.25,137.5,1,,,,,,-1.0,0.025713078,0,1
174.25,137.75,1,,,,,,-1.0,0.026968654,0,1
174.25,138.0,1,,,,,,-1.0,0.028242264,0,1
174.5,112.0,2,503.58278,503.75913,980.72847,-477.14569,439.93882,1217030.9,-0.052245097,0,1
174.5,112.25,2,508.38929,508.56704,990.09325,-481.70396,440.13882,1279429.4,-0.051751182,0,1
174.5,112.5,2,513.3155,513.49468,999.69022,-486.37472,440.53882,1413988.1,-0.051254562,0,1
174.5,112.75,2,518.36599,518.54667,1009.5281,-491.16208,440.93882,1562698.6,-0.05075521,0,1
174.5,113.0,2,523.54563,523.72785,1019.6166,-496.07097,441.33882,1727049.0,-0.050253094,0,1
174.5,113.25,2,528.85952,529.04334,1029.9657,-501.10614,441.53882,1815596.7,-0.049748184,0,1
174.5,113.5,2,534.31304,534.4985,1040.5854,-506.27231,441.93882,2006544.7,-0.049240447,0,1
174.5,113.75,2,539.91187,540.09902,1051.4859,-511.57406,442.33882,2217574.8,-0.048729851,0,1
174.5,114.0,2,545.66201,545.85091,1062.6795,-517.01744,442.73882,2450799.2,-0.048216362,0,1
174.5,114.25,2,551.56978,551.76034,1074.1798,-522.61001,443.13882,2708552.0,-0.047699958,0,1
174.5,114.5,2,557.64187,557.834,1085.999,-528.35712,443.53882,2993412.9,-0.047180604,0,1
174.5,114.75,2,563.88536,564.07908,1098.1498,-534.26439,443.93882,3308232.9,-0.046658254,0,1
174.5,115.0,2,570.30777,570.5031,1110.6471,-540.33932,444.33882,3656162.8,-0.046132869,0,1
174.5,115.25,2,576.91704,577.11401,1123.5079,-546.59086,444.73882,4040684.8,-0.045604412,0,1
174.5,115.5,2,583.72162,583.92025,1136.7465,-553.02486,445.13882,4465647.3,-0.045072842,0,1
174.5,115.75,2,590.73047,590.93078,1150.3797,-559.64919,445.53882,4935303.6,-0.044538119,0,1
174.5,116.0,2,597.95313,598.15447,1164.4267,-566.47358,445.93882,5454354.0,-0.044000248,0,1
174.5,116.25,2,605.39976,605.602,1178.9069,-573.50715,446.33882,6027993.4,-0.043459145,0,1
174.5,116.5,2,613.08118,613.28418,1193.841,-580.75982,446.73882,6661963.0,-0.042914763,0,1
174.5,116.75,2,621.00894,621.2125,1209.2516,-588.24265,447.33882,7740096.7,-0.042367056,0,1
174.5,117.0,2,629.19542,629.3983,1225.1622,-595.96675,447.73882,8554129.8,-0.041816041,0,1
174.5,117.25,2,637.65383,637.85544,1241.5979,-603.94411,448.13882,9453775.5,-0.041261614,0,1
174.5,117.5,2,646.39838,646.59799,1258.5862,-612.18782,448.73882,10983720.0,-0.040703722,0,1
174.5,117.75,2,655.4443,655.63989,1276.1571,-620.71277,449.13882,12138888.0,-0.040142379,0,1
174.5,118.0,2,664.808,664.99791,1294.3406,-629.53258,449.73882,14103376.0,-0.039577486,0,1
174.5,118.25,2,674.50717,674.68919,1313.1719,-638.66472,450.13882,15586641.0,-0.039008992,0,1
174.5,118.5,2,684.56088,684.73125,1332.687,-648.12613,450.73882,18109093.0,-0.038436898,0,1
174.5,118.75,2,694.98979,695.14512,1352.9248,-657.935,451.33882,21039764.0,-0.03786108,0,1
174.5,119.0,2,705.81625,705.9507,1373.9299,-668.11365,451.73882,23252536.0,-0.037281562,0,1
174.5,119.25,2,717.06448,717.17225,1395.7463,-678.68184,452.33882,27015592.0,-0.03669822,0,1
174.5,119.5,2,728.76084,728.83341,1418.4235,-689.66267,452.93882,31387640.0,-0.036111057,0,1
174.5,119.75,2,740.93391,740.96209,1442.0228,-701.08889,453.53882,36467235.0,-0.035519962,0,1
174.5,120.0,2,753.61477,753.58608,1466.5947,-712.97992,454.13882,42368882.0,-0.034924935,0,1
174.5,120.25,2,766.83734,766.73838,1492.215,-725.37768,454.73882,49225618.0,-0.034325848,0,1
174.5,120.5,2,780.63852,780.45146,1518.9454,-738.30685,455.33882,57192009.0,-0.033722719,0,1
174.5,120.75,2,795.05863,794.76413,1546.8656,-751.807,455.93882,66447634.0,-0.033115416,0,1
174.5,121.0,2,810.14176,809.71646,1576.0616,-765.91983,456.53882,77201137.0,-0.032503903,0,1
174.5,121.25,2,825.93619,825.35246,1606.6278,-780.69161,457.33882,94293682.0,-0.031888128,0,1
174.5,121.5,2,842.49492,841.72177,1638.6633,-796.1684,457.93882,109553630.0,-0.031267987,0,1
174.5,121.75,2,859.87622,858.87724,1672.2822,-812.406,458.73882,133809100.0,-0.03064343,0,1
174.5,122.0,2,878.1443,876.87715,1707.6083,-829.46398,459.33882,155464000.0,-0.030014404,0,1
174.5,122.25,2,897.37014,895.78718,1744.7762,-847.40608,460.13882,189884160.0,-0.029380801,0,1
174.5,122.5,2,917.63237,915.67887,1783.9356,-866.30322,460.93882,231925030.0,-0.028742549,0,1
174.5,122.75,2,939.01843,936.63108,1825.2497,-886.23125,461.73882,283273870.0,-0.028099585,0,1
174.5,123.0,2,961.62564,958.73164,1868.9181,-907.2925,462.53882,345991490.0,-0.027451837,0,1
174.5,123.25,2,985.56284,982.07947,1915.1359,-929.57306,463.33882,422594960.0,-0.026799201,0,1
174.5,123.5,2,1010.9521,1006.7843,1964.1511,-953.19897,464.13882,516158650.0,-0.026141593,0,1
174.5,123.75,2,1037.9309,1032.9691,2016.2108,-978.27993,465.13882,662760830.0,-0.025478927,0,1
174.5,124.0,2,1066.6542,1060.7724,2071.6285,-1004.9743,465.93882,809497900.0,-0.024811114,0,1
174.5,124.25,2,1097.2982,1090.3504,2130.7287,-1033.4305,466.93882,1039415900.0,-0.024138061,0,1
174.5,124.5,2,1130.0629,1121.8803,2193.8963,-1063.8333,467.93882,1334636400.0,-0.023459674,0,1
174.5,124.75,2,1165.1777,1155.5635,2261.5713,-1096.3936,468.93882,1713707100.0,-0.022775853,0,1
174.5,125.0,2,1202.9058,1191.6306,2334.2725,-1131.3667,469.93882,2200443400.0,-0.022086497,0,1
174.5,125.25,2,1243.5511,1230.3459,2412.5577,-1169.0066,471.13882,2970288000.0,-0.021391501,0,1
174.5,125.5,2,1287.4667,1272.0147,2497.1152,-1209.6486,472.13882,3813925200.0,-0.020690755,0,1
174.5,125.75,2,1335.0647,1316.9911,2588.7304,-1253.6657,473.33882,5148260600.0,-0.019984148,0,1
174.5,126.0,2,1386.8298,1365.6881,2688.3289,-1301.4991,474.53882,6949424900.0,-0.019271563,0,1
174.5,126.25,2,1443.3352,1418.5907,2797.0166,-1353.6813,475.73882,9380742400.0,-0.018552881,0,1
174.5,126.5,2,1505.2646,1476.272,2916.0904,-1410.8259,477.13882,13311907000.0,-0.017827978,0,1
174.5,126.75,2,1573.4392,1539.4143,3047.1328,-1473.6935,478.53882,18890495000.0,-0.017096726,0,1
174.5,127.0,2,1648.8554,1608.8365,3192.0394,-1543.184,479.93882,26806889000.0,-0.016358993,0,1
174.5,127.25,2,1732.733,1685.5299,3353.1638,-1620.4308,481.33882,38040786000.0,-0.015614642,0,1
174.5,127.5,2,1826.582,1770.7059,3533.3861,-1706.8041,482.93882,56750184000.0,-0.014863533,0,1
174.5,127.75,2,1932.2947,1865.858,3736.3393,-1804.0446,484.53882,84661327000.0,-0.014105545,0,1
174.5,128.0,2,2052.2749,1972.8597,3966.6079,-1914.3331,486.33882,132775390000.0,-0.013340505,0,1
174.5,128.25,2,2189.6219,2094.0809,4230.2268,-2040.605,488.13882,208233260000.0,-0.012568256,0,1
174.5,128.5,2,2348.4035,2232.5689,4534.9907,-2186.5872,490.13882,343318610000.0,-0.011788637,0,1
174.5,128.75,2,2534.0676,2392.3057,4891.3994,-2357.3318,492.13882,566036690000.0,-0.011001498,0,1
174.5,129.0,2,2754.0767,2578.6029,5313.9931,-2559.9164,494.33882,981084810000.0,-0.010206669,0,1
174.5,129.25,2,3018.9425,2798.7101,5823.1699,-2804.2274,496.73882,1787653100000.0,-0.0094039555,0,1
174.5,129.5,2,3343.9527,3062.9292,6448.9593,-3105.0067,499.13882,3257316300000.0,-0.008592737,0,1
174.5,129.75,2,3752.2394,3386.3888,7237.1616,-3484.9222,501.93882,6559429500000.0,-0.0077719797,0,1
174.5,130.0,2,4280.5499,3791.5357,8261.5779,-3981.0281,504.93882,13886312000000.0,-0.0069415,0,1
174.5,130.25,2,4990.9883,4313.7818,9649.6678,-4658.6795,508.13882,30904556000000.0,-0.0061011304,0,1
174.5,130.5,2,5997.4184,5012.4644,11643.138,-5645.7199,511.73882,76012943000000.0,-0.0052506996,0,1
174.5,130.75,2,7533.1971,5995.1598,14772.684,-7239.4865,515.73882,206624600000000.0,-0.0043900323,0,1
174.5,131.0,2,10158.349,7479.2059,20538.193,-10379.845,520.53882,686017830000000.0,-0.0035189491,0,1
174.5,131.25,2,15409.829,9979.6304,35847.027,-20437.198,525.93882,2646262700000000.0,-0.0026372665,0,1
174.5,131.5,2,34399.145,15084.249,99930.674,-65531.53,532.73882,1.4485503e+16,-0.0017447966,0,1
174.5,131.75,2,5245822.2,31281.918,116494.81,5129327.4,542.13882,1.5188875e+17,-0.00084134691,0,1
174.5,132.0,1,,,,,,-1.0,7.3279383e-05,0,1
174.5,132.25,1,,,,,,-1.0,0.00099928397,0,1
174.5,132.5,1,,,,,,-1.0,0.0019368734,0,1
174.5,132.75,1,,,,,,-1.0,0.0028862592,0,1
174.5,133.0,1,,,,,,-1.0,0.003847658,0,1
174.5,133.25,1,,,,,,-1.0,0.0048212919,0,1
174.5,133.5,1,,,,,,-1.0,0.0058073885,0,1
174.5,133.75,1,,,,,,-1.0,0.0068061808,0,1
174.5,134.0,1,,,,,,-1.0,0.0078179079,0,1
174.5,134.25,1,,,,,,-1.0,0.0088428147,0,1
174.5,134.5,1,,,,,,-1.0,0.0098811525,0,1
174.5,134.75,1,,,,,,-1.0,0.010933179,0,1
174.5,135.0,1,,,,,,-1.0,0.011999158,0,1
174.5,135.25,1,,,,,,-1.0,0.013079361,0,1
174.5,135.5,1,,,,,,-1.0,0.014174066,0,1
174.5,135.75,1,,,,,,-1.0,0.015283558,0,1
174.5,136.0,1,,,,,,-1.0,0.01640813,0,1
174.5,136.25,1,,,,,,-1.0,0.017548083,0,1
174.5,136.5,1,,,,,,-1.0,0.018703725,0,1
174.5,136.75,1,,,,,,-1.0,0.019875373,0,1
174.5,137.0,1,,,,,,-1.0,0.021063353,0,1
174.5,137.25,1,,,,,,-1.0,0.022267998,0,1
174.5,137.5,1,,,,,,-1.0,0.023489653,0,1
174.5,137.75,1,,,,,,-1.0,0.024728669,0,1
174.5,138.0,1,,,,,,-1.0,0.02598541,0,1
174.75,112.0,2,489.59246,489.76529,953.48451,-463.89205,439.34455,1049008.9,-0.053737873,0,1
174.75,112.25,2,494.11067,494.28483,962.28991,-468.17925,439.74455,1159334.1,-0.053246516,0,1
174.75,112.5,2,498.73827,498.9138,971.30769,-472.56942,440.14455,1281262.4,-0.052752489,0,1
174.75,112.75,2,503.47936,503.6563,980.54567,-477.06631,440.34455,1346954.1,-0.052255765,0,1
174.75,113.0,2,508.33824,508.51662,990.01211,-481.67387,440.74455,1488614.5,-0.051756312,0,1
174.75,113.25,2,513.31946,513.49929,999.71449,-486.39503,441.14455,1645173.5,-0.051254102,0,1
174.75,113.5,2,518.42776,518.60906,1009.6656,-491.23786,441.34455,1729523.3,-0.050749103,0,1
174.75,113.75,2,523.66816,523.85096,1019.8728,-496.20464,441.74455,1911418.9,-0.050241284,0,1
174.75,114.0,2,529.04594,529.23028,1030.3464,-501.30044,442.14455,2112444.5,-0.049730611,0,1
174.75,114.25,2,534.56669,534.75258,1041.097,-506.53034,442.54455,2334612.3,-0.049217051,0,1
174.75,114.5,2,540.23628,540.42377,1052.1367,-511.90047,442.94455,2580145.6,-0.048700569,0,1
174.75,114.75,2,546.06094,546.25007,1063.4767,-517.41575,443.34455,2851501.9,-0.048181129,0,1
174.75,115.0,2,552.04725,552.23806,1075.1301,-523.08281,443.54455,2997701.5,-0.047658695,0,1
174.75,115.25,2,558.20216,558.39468,1087.1102,-528.90809,443.94455,3312972.5,-0.047133231,0,1
174.75,115.5,2,564.53304,564.72686,1099.4309,-534.89789,444.34455,3661400.9,-0.046604734,0,1
174.75,115.75,2,571.0477,571.24283,1112.1078,-541.06009,444.74455,4046473.8,-0.04607313,0,1
174.75,116.0,2,577.75445,577.95085,1125.1566,-547.40214,445.34455,4701331.8,-0.04553838,0,1
174.75,116.25,2,584.6621,584.85973,1138.594,-553.93186,445.74455,5195775.1,-0.04500044,0,1
174.75,116.5,2,591.78002,591.97874,1152.4414,-560.66136,446.14455,5742219.6,-0.044459274,0,1
174.75,116.75,2,599.11822,599.31718,1166.7123,-567.59403,446.54455,6346134.1,-0.043914885,0,1
174.75,117.0,2,606.68733,606.88626,1181.4302,-574.74286,446.94455,7013562.8,-0.043367179,0,1
174.75,117.25,2,614.49873,614.69728,1196.6165,-582.11777,447.54455,8148597.5,-0.042816108,0,1
174.75,117.5,2,622.5646,622.76166,1212.2945,-589.7299,447.94455,9005592.9,-0.042261666,0,1
174.75,117.75,2,630.89798,631.09232,1228.4895,-597.59153,448.34455,9952719.4,-0.041703796,0,1
174.75,118.0,2,639.51287,639.70342,1245.2286,-605.71571,448.94455,11563410.0,-0.041142417,0,1
174.75,118.25,2,648.42431,648.60874,1262.5395,-614.11518,449.34455,12779545.0,-0.040577537,0,1
174.75,118.5,2,657.6485,657.82445,1280.4542,-622.80574,449.94455,14847713.0,-0.040009071,0,1
174.75,118.75,2,667.20292,667.36749,1299.0065,-631.80356,450.34455,16409260.0,-0.03943696,0,1
174.75,119.0,2,677.10645,677.25503,1318.232,-641.12553,450.94455,19064840.0,-0.038861203,0,1
174.75,119.25,2,687.37949,687.50773,1338.169,-650.78955,451.34455,21069907.0,-0.038281671,0,1
174.75,119.5,2,698.04417,698.14478,1358.8589,-660.81469,451.94455,24479740.0,-0.037698406,0,1
174.75,119.75,2,709.12446,709.19048,1380.3532,-671.22874,452.54455,28441400.0,-0.03711125,0,1
174.75,120.0,2,720.64631,720.66723,1402.6972,-682.05088,453.14455,33044192.0,-0.036520247,0,1
174.75,120.25,2,732.63803,732.60305,1425.9442,-693.30617,453.74455,38391874.0,-0.035925246,0,1
174.75,120.5,2,745.13023,745.02485,1450.1529,-705.02267,454.34455,44604994.0,-0.035326265,0,1
174.75,120.75,2,758.15639,757.96455,1475.3959,-717.23956,454.94455,51823609.0,-0.034723187,0,1
174.75,121.0,2,771.75285,771.45527,1501.7337,-729.98089,455.54455,60210444.0,-0.03411597,0,1
174.75,121.25,2,785.9593,785.53304,1529.2456,-743.28627,456.14455,69954555.0,-0.033504568,0,1
174.75,121.5,2,800.81915,800.23856,1558.0144,-757.19524,456.74455,81275598.0,-0.032888874,0,1
174.75,121.75,2,816.37988,815.61453,1588.1342,-771.75434,457.54455,99270239.0,-0.032268853,0,1
174.75,122.0,2,832.69362,831.70848,1619.7026,-787.00896,458.14455,115335560.0,-0.031644435,0,1
174.75,122.25,2,849.81766,848.57328,1652.8305,-803.01287,458.94455,140871180.0,-0.031015524,0,1
174.75,122.5,2,867.81514,866.26631,1687.6396,-819.82447,459.54455,163668960.0,-0.030382049,0,1
174.75,122.75,2,886.75592,884.84976,1724.2598,-837.50386,460.34455,199905710.0,-0.02974397,0,1
174.75,123.0,2,906.71725,904.39439,1762.848,-856.13076,461.14455,244165390.0,-0.029101181,0,1
174.75,123.25,2,927.785,924.97776,1803.5567,-875.77175,461.94455,298224280.0,-0.028453598,0,1
174.75,123.5,2,950.05498,946.68585,1846.5882,-896.53319,462.74455,364251960.0,-0.027801139,0,1
174.75,123.75,2,973.63405,969.61443,1892.1253,-918.49125,463.54455,444898350.0,-0.027143722,0,1
174.75,124.0,2,998.64227,993.87051,1940.4211,-941.77885,464.34455,543400070.0,-0.026481262,0,1
174.75,124.25,2,1025.2145,1019.5736,1991.7135,-966.49899,465.34455,697739500.0,-0.025813679,0,1
174.75,124.5,2,1053.5033,1046.859,2046.3116,-992.80826,466.14455,852220950.0,-0.02514087,0,1
174.75,124.75,2,1083.6816,1075.879,2104.5338,-1020.8522,467.14455,1094273400.0,-0.024462738,0,1
174.75,125.0,2,1115.9459,1106.8061,2166.7592,-1050.8132,468.14455,1405074800.0,-0.023779183,0,1
174.75,125.25,2,1150.5214,1139.8365,2233.4259,-1082.9045,469.14455,1804151800.0,-0.023090105,0,1
174.75,125.5,2,1187.6665,1175.1944,2305.0334,-1117.367,470.14455,2316576700.0,-0.022395398,0,1
174.75,125.75,2,1227.6797,1213.1367,2382.1372,-1154.4575,471.34455,3127051500.0,-0.021694954,0,1
174.75,126.0,2,1270.9074,1253.9601,2465.4097,-1194.5023,472.34455,4015213600.0,-0.020988662,0,1
174.75,126.25,2,1317.7541,1298.0083,2555.6257,-1237.8715,473.54455,5419971400.0,-0.020276408,0,1
174.75,126.5,2,1368.6952,1345.6812,2653.6958,-1285.0006,474.74455,7316196200.0,-0.019558084,0,1
174.75,126.75,2,1424.2929,1397.4497,2760.6971,-1336.4042,475.94455,9875831800.0,-0.018833554,0,1
174.75,127.0,2,1485.2173,1453.869,2877.9163,-1392.699,477.34455,14014472000.0,-0.018102693,0,1
174.75,127.25,2,1552.2735,1515.5996,3006.893,-1454.6195,478.74455,19887483000.0,-0.017365368,0,1
174.75,127.5,2,1626.4376,1583.4333,3149.5004,-1523.0628,480.14455,28221682000.0,-0.016621442,0,1
174.75,127.75,2,1708.904,1658.3275,3308.0349,-1599.1309,481.54455,40048473000.0,-0.015870776,0,1
174.75,128.0,2,1801.1511,1741.4488,3485.3037,-1684.1526,483.14455,59745301000.0,-0.015113246,0,1
174.75,128.25,2,1905.0303,1834.2404,3684.9247,-1779.8944,484.74455,89129516000.0,-0.014348689,0,1
174.75,128.5,2,2022.8915,1938.5032,3911.3922,-1888.5007,486.54455,139782910000.0,-0.013576942,0,1
174.75,128.75,2,2157.7635,2056.514,4170.5418,-2012.7783,488.34455,219223230000.0,-0.012797844,0,1
174.75,129.0,2,2313.6192,2191.1905,4470.0265,-2156.4073,490.34455,361438010000.0,-0.012011254,0,1
174.75,129.25,2,2495.7719,2346.3468,4820.2232,-2324.4513,492.34455,595910530000.0,-0.011216988,0,1
174.75,129.5,2,2711.4965,2527.0614,5235.1874,-2523.6909,494.54455,1032863700000.0,-0.010414842,0,1
174.75,129.75,2,2971.0238,2740.4859,5734.9496,-2763.9258,496.94455,1882000400000.0,-0.0096037514,0,1
174.75,130.0,2,3289.2169,2996.5492,6348.985,-3059.7681,499.34455,3429228400000.0,-0.0087830846,0,1
174.75,130.25,2,3688.5214,3309.4447,7121.7333,-3433.212,502.14455,6905617900000.0,-0.0079526771,0,1
174.75,130.5,2,4204.5153,3700.4514,8125.2056,-3920.6902,505.14455,14619193000000.0,-0.0071123607,0,1
174.75,130.75,2,4897.1535,4202.9861,9483.1504,-4585.997,508.34455,32535613000000.0,-0.0062619634,0,1
174.75,131.0,2,5875.9092,4872.6974,11431.21,-5555.3003,511.94455,80024694000000.0,-0.0054013091,0,1
174.75,131.25,2,7363.7871,5809.6423,14482.92,-7119.1331,515.94455,217529670000000.0,-0.0045302178,0,1
174.75,131.5,2,9890.133,7213.6243,20093.68,-10203.547,520.54455,687000670000000.0,-0.0036485051,0,1
174.75,131.75,2,14834.426,9549.7513,35182.704,-20348.278,525.94455,2650053900000000.0,-0.0027559822,0,1
174.75,132.0,2,29992.784,14207.595,96891.005,-66898.221,532.74455,1.4506256e+16,-0.001852456,0,1
174.75,132.25,2,3990638.8,28066.696,109833.48,3880805.4,541.74455,1.3763152e+17,-0.00093772866,0,1
174.75,132.5,2,17515560000.0,2269352.7,241546.58,17515319000.0,559.34455,1.1210207e+19,-1.1597556e-05,0,1
174.75,132.75,1,,,,,,-1.0,0.00092614475,0,1
174.75,133.0,1,,,,,,-1.0,0.0018757108,0,1
174.75,133.25,1,,,,,,-1.0,0.0028373182,0,1
174.75,133.5,1,,,,,,-1.0,0.0038111902,0,1
174.75,133.75,1,,,,,,-1.0,0.0047975553,0,1
174.75,134.0,1,,,,,,-1.0,0.0057966478,0,1
174.75,134.25,1,,,,,,-1.0,0.0068087078,0,1
174.75,134.5,1,,,,,,-1.0,0.0078339816,0,1
174.75,134.75,1,,,,,,-1.0,0.0088727217,0,1
174.75,135.0,1,,,,,,-1.0,0.009925187,0,1
174.75,135.25,1,,,,,,-1.0,0.010991643,0,1
174.75,135.5,1,,,,,,-1.0,0.012072362,0,1
174.75,135.75,1,,,,,,-1.0,0.013167624,0,1
174.75,136.0,1,,,,,,-1.0,0.014277716,0,1
174.75,136.25,1,,,,,,-1.0,0.015402931,0,1
174.75,136.5,1,,,,,,-1.0,0.016543573,0,1
174.75,136.75,1,,,,,,-1.0,0.017699951,0,1
174.75,137.0,1,,,,,,-1.0,0.018872385,0,1
174.75,137.25,1,,,,,,-1.0,0.0200612,0,1
174.75,137.5,1,,,,,,-1.0,0.021266734,0,1
174.75,137.75,1,,,,,,-1.0,0.022489333,0,1
174.75,138.0,1,,,,,,-1.0,0.02372935,0,1
175.0,112.0,2,476.29125,476.46115,927.57534,-451.28409,438.95026,950540.43,-0.055238386,0,1
175.0,112.25,2,480.5439,480.71512,935.86551,-455.32161,439.15026,999275.68,-0.054749568,0,1
175.0,112.5,2,484.89673,485.06917,944.3502,-459.45347,439.55026,1104370.4,-0.054258128,0,1
175.0,112.75,2,489.3534,489.5271,953.03572,-463.68232,439.95026,1220518.1,-0.053764021,0,1
175.0,113.0,2,493.91775,494.09274,961.93043,-468.01268,440.15026,1283095.4,-0.053267217,0,1
175.0,113.25,2,498.59378,498.77011,971.04293,-472.44915,440.55026,1418039.7,-0.052767687,0,1
175.0,113.5,2,503.38572,503.56343,980.38048,-476.99476,440.95026,1567176.2,-0.052265402,0,1
175.0,113.75,2,508.29801,508.47716,989.95174,-481.65373,441.15026,1647527.1,-0.051760329,0,1
175.0,114.0,2,513.33534,513.51598,999.76542,-486.43007,441.55026,1820799.0,-0.051252437,0,1
175.0,114.25,2,518.50264,518.6848,1009.8311,-491.32842,441.95026,2012294.1,-0.050741693,0,1
175.0,114.5,2,523.8051,523.98866,1020.1593,-496.35422,442.35026,2223928.9,-0.050228081,0,1
175.0,114.75,2,529.24818,529.43314,1030.7601,-501.51188,442.75026,2457821.6,-0.049711555,0,1
175.0,115.0,2,534.83769,535.02405,1041.645,-506.80731,442.95026,2583836.8,-0.049192079,0,1
175.0,115.25,2,540.57972,540.76749,1052.8255,-512.24578,443.35026,2855581.3,-0.048669614,0,1
175.0,115.5,2,546.48074,546.66993,1064.3142,-517.83346,443.75026,3155905.4,-0.048144124,0,1
175.0,115.75,2,552.54758,552.73821,1076.1239,-523.57629,444.15026,3487814.8,-0.04761557,0,1
175.0,116.0,2,558.78748,558.97957,1088.2696,-529.48213,444.55026,3854631.5,-0.047083912,0,1
175.0,116.25,2,565.20813,565.40137,1100.7648,-535.55671,444.95026,4260026.6,-0.046549135,0,1
175.0,116.5,2,571.81768,572.01171,1113.6264,-541.80868,445.35026,4708057.6,-0.0460112,0,1
175.0,116.75,2,578.62479,578.8195,1126.8698,-548.24497,445.95026,5469982.5,-0.045470039,0,1
175.0,117.0,2,585.63869,585.83392,1140.514,-554.87534,446.35026,6045265.6,-0.044925608,0,1
175.0,117.25,2,592.86921,593.06437,1154.5766,-561.70741,446.75026,6681051.7,-0.04437789,0,1
175.0,117.5,2,600.32684,600.521,1169.0815,-568.75469,447.15026,7383704.0,-0.043826852,0,1
175.0,117.75,2,608.0228,608.21539,1184.0456,-576.02277,447.55026,8160255.0,-0.043272409,0,1
175.0,118.0,2,615.96907,616.15907,1199.493,-583.52396,448.15026,9480863.7,-0.04271453,0,1
175.0,118.25,2,624.17853,624.36399,1215.4481,-591.26953,448.55026,10477975.0,-0.042153208,0,1
175.0,118.5,2,632.665,632.84443,1231.9395,-599.27451,449.15026,12173670.0,-0.041588333,0,1
175.0,118.75,2,641.44334,641.61402,1248.9942,-607.55085,449.55026,13453986.0,-0.041019903,0,1
175.0,119.0,2,650.52957,650.6883,1266.6422,-616.11259,449.95026,14868954.0,-0.040447853,0,1
175.0,119.25,2,659.94098,660.08403,1284.9169,-624.97591,450.55026,17275260.0,-0.039872113,0,1
175.0,119.5,2,669.69625,669.81804,1303.8548,-634.15857,451.15026,20070989.0,-0.039292679,0,1
175.0,119.75,2,679.81557,679.91039,1323.497,-643.68139,451.55026,22181873.0,-0.038709432,0,1
175.0,120.0,2,690.32078,690.38022,1343.8811,-653.56032,452.15026,25771659.0,-0.038122391,0,1
175.0,120.25,2,701.23559,701.25084,1365.0529,-663.81735,452.75026,29942396.0,-0.037531428,0,1
175.0,120.5,2,712.58565,712.54485,1387.0674,-674.48174,453.35026,34788101.0,-0.036936545,0,1
175.0,120.75,2,724.39885,724.28879,1409.9698,-685.57099,453.95026,40418008.0,-0.03633764,0,1
175.0,121.0,2,736.70539,736.51015,1433.8218,-697.11642,454.55026,46959025.0,-0.035734667,0,1
175.0,121.25,2,749.53825,749.23878,1458.694,-709.15573,455.15026,54558603.0,-0.03512758,0,1
175.0,121.5,2,762.93321,762.50831,1484.645,-721.71181,455.75026,63388054.0,-0.034516273,0,1
175.0,121.75,2,776.92934,776.35333,1511.7536,-734.82425,456.35026,73646411.0,-0.03390073,0,1
175.0,122.0,2,791.56933,790.8133,1540.101,-748.53168,456.95026,85564923.0,-0.033280858,0,1
175.0,122.25,2,806.89989,805.93104,1569.7801,-762.88021,457.75026,104509230.0,-0.032656572,0,1
175.0,122.5,2,822.97229,821.75256,1600.8825,-777.91019,458.35026,121422400.0,-0.032027822,0,1
175.0,122.75,2,839.84289,838.32853,1633.529,-793.68611,459.15026,148305660.0,-0.031394548,0,1
175.0,123.0,2,857.57374,855.71575,1667.8297,-810.25596,459.75026,172306590.0,-0.030756644,0,1
175.0,123.25,2,876.23344,873.97595,1703.9121,-827.67866,460.55026,210455750.0,-0.030114038,0,1
175.0,123.5,2,895.8981,893.17735,1741.9379,-846.03977,461.35026,257051230.0,-0.029466651,0,1
175.0,123.75,2,916.652,913.39507,1782.0573,-865.40529,462.15026,313963090.0,-0.028814416,0,1
175.0,124.0,2,938.58938,934.71307,1824.4502,-885.86083,462.95026,383475380.0,-0.028157245,0,1
175.0,124.25,2,961.81521,957.22517,1869.3191,-907.50393,463.75026,468377880.0,-0.027495041,0,1
175.0,124.5,2,986.44753,981.0357,1916.9022,-930.45468,464.75026,601409110.0,-0.026827714,0,1
175.0,124.75,2,1012.6189,1006.2616,1967.4381,-954.81927,465.55026,734562740.0,-0.026155173,0,1
175.0,125.0,2,1040.479,1033.0342,2021.2182,-980.73919,466.55026,943197230.0,-0.025477323,0,1
175.0,125.25,2,1070.1979,1061.5018,2078.5843,-1008.3864,467.35026,1152023700.0,-0.024794067,0,1
175.0,125.5,2,1101.9686,1091.8322,2139.8813,-1037.9127,468.35026,1479227700.0,-0.024105302,0,1
175.0,125.75,2,1136.0121,1124.2163,2205.5464,-1069.5343,469.35026,1899366000.0,-0.023410926,0,1
175.0,126.0,2,1172.5823,1158.8721,2276.0655,-1103.4832,470.35026,2438834200.0,-0.022710829,0,1
175.0,126.25,2,1211.9721,1196.0493,2351.9984,-1140.0263,471.55026,3292081800.0,-0.0220049,0,1
175.0,126.5,2,1254.5215,1236.036,2434.0175,-1179.496,472.55026,4227116700.0,-0.021293024,0,1
175.0,126.75,2,1300.6275,1279.166,2522.8512,-1222.2237,473.75026,5706010800.0,-0.020575081,0,1
175.0,127.0,2,1350.7563,1325.8274,2619.4095,-1268.6532,474.95026,7702308900.0,-0.019850958,0,1
175.0,127.25,2,1405.4594,1376.4755,2724.7512,-1319.2919,476.35026,10930097000.0,-0.019120533,0,1
175.0,127.5,2,1465.3936,1431.6486,2840.1338,-1374.7402,477.55026,14754087000.0,-0.018383663,0,1
175.0,127.75,2,1531.3481,1491.9859,2967.0755,-1435.7274,478.95026,20937046000.0,-0.01764021,0,1
175.0,128.0,2,1604.2791,1558.2528,3107.3899,-1503.1108,480.35026,29711083000.0,-0.016890036,0,1
175.0,128.25,2,1685.3566,1631.3728,3263.3743,-1578.0178,481.95026,44323727000.0,-0.016133005,0,1
175.0,128.5,2,1776.0273,1712.4716,3437.7886,-1661.7613,483.35026,62898363000.0,-0.015368982,0,1
175.0,128.75,2,1878.1026,1802.9406,3634.1232,-1756.0206,485.15026,98644269000.0,-0.014597788,0,1
175.0,129.0,2,1993.8803,1904.5113,3856.8,-1862.9197,486.75026,147159960000.0,-0.013819265,0,1
175.0,129.25,2,2126.3208,2019.366,4111.527,-1985.2063,488.75026,242625750000.0,-0.013033271,0,1
175.0,129.5,2,2279.3023,2150.3064,4405.8911,-2126.5888,490.55026,380512920000.0,-0.012239625,0,1
175.0,129.75,2,2458.0094,2301.0169,4749.8681,-2291.8587,492.55026,627359750000.0,-0.011437962,0,1
175.0,130.0,2,2669.5324,2476.6007,5157.423,-2487.8905,494.75026,1087373200000.0,-0.010627044,0,1
175.0,130.25,2,2923.8319,2683.8176,5648.0121,-2724.1801,497.15026,1981323100000.0,-0.0098065326,0,1
175.0,130.5,2,3235.3551,2932.0604,6250.2582,-3014.903,499.75026,3795305300000.0,-0.008976263,0,1
175.0,130.75,2,3625.8851,3234.8488,7007.7565,-3381.8714,502.35026,7270062300000.0,-0.0081360664,0,1
175.0,131.0,2,4129.8724,3612.3765,7990.6651,-3860.7927,505.35026,15390722000000.0,-0.0072857703,0,1
175.0,131.25,2,4805.2013,4096.2078,9319.5962,-4514.3949,508.55026,34252682000000.0,-0.0064251977,0,1
175.0,131.5,2,5757.1443,4738.5937,11222.687,-5465.5423,512.15026,84248002000000.0,-0.0055541679,0,1
175.0,131.75,2,7198.8522,5632.7383,14198.956,-7000.1033,516.15026,229009810000000.0,-0.0046724957,0,1
175.0,132.0,2,9630.8411,6962.6995,19658.155,-10027.313,520.75026,723257170000000.0,-0.0037799915,0,1
175.0,132.25,2,14286.438,9149.7646,34536.875,-20250.437,526.15026,2789910700000000.0,-0.0028764614,0,1
175.0,132.5,2,26063.526,13416.35,94016.789,-67953.263,532.75026,1.4527009e+16,-0.0019617068,0,1
175.0,132.75,2,3087708.6,25416.065,103818.3,2983890.3,541.35026,1.2471231e+17,-0.001035524,0,1
175.0,133.0,2,6968150700.0,269372.25,204227.61,6967946500.0,556.75026,5.8606136e+18,-9.7704739e-05,0,1
175.0,133.25,1,,,,,,-1.0,0.00085196444,0,1
175.0,133.5,1,,,,,,-1.0,0.0018137023,0,1
175.0,133.75,1,,,,,,-1.0,0.0027877328,0,1
175.0,134.0,1,,,,,,-1.0,0.0037742858,0,1
175.0,134.25,1,,,,,,-1.0,0.0047735966,0,1
175.0,134.5,1,,,,,,-1.0,0.0057859066,0,1
175.0,134.75,1,,,,,,-1.0,0.006811463,0,1
175.0,135.0,1,,,,,,-1.0,0.0078505198,0,1
175.0,135.25,1,,,,,,-1.0,0.008903337,0,1
175.0,135.5,1,,,,,,-1.0,0.0099701815,0,1
175.0,135.75,1,,,,,,-1.0,0.011051327,0,1
175.0,136.0,1,,,,,,-1.0,0.012147055,0,1
175.0,136.25,1,,,,,,-1.0,0.013257653,0,1
175.0,136.5,1,,,,,,-1.0,0.014383418,0,1
175.0,136.75,1,,,,,,-1.0,0.015524653,0,1
175.0,137.0,1,,,,,,-1.0,0.016681671,0,1
175.0,137.25,1,,,,,,-1.0,0.017854791,0,1
175.0,137.5,1,,,,,,-1.0,0.019044342,0,1
175.0,137.75,1,,,,,,-1.0,0.020250663,0,1
175.0,138.0,1,,,,,,-1.0,0.021474102,0,1
175.25,112.0,2,463.62955,463.79637,902.90583,-439.27629,438.35597,819306.5,-0.056746768,0,1
175.25,112.25,2,467.63714,467.80509,910.72023,-443.08309,438.75597,905473.71,-0.056260494,0,1
175.25,112.5,2,471.73666,471.90578,918.71194,-446.97528,439.15597,1000703.2,-0.05577161,0,1
175.25,112.75,2,475.93136,476.10168,926.88998,-450.95861,439.35597,1052010.4,-0.055280092,0,1
175.25,113.0,2,480.22467,480.39622,935.25953,-455.03486,439.75597,1162651.3,-0.054785912,0,1
175.25,113.25,2,484.62014,484.79296,943.82795,-459.2078,439.95597,1222261.7,-0.054289041,0,1
175.25,113.5,2,489.12156,489.29567,952.60162,-463.48006,440.35597,1350808.0,-0.05378945,0,1
175.25,113.75,2,493.73287,493.90829,961.58882,-467.85595,440.75597,1492873.8,-0.053287109,0,1
175.25,114.0,2,498.45822,498.63498,970.79761,-472.33939,440.95597,1569415.0,-0.052781988,0,1
175.25,114.25,2,503.30198,503.48009,980.23604,-476.93407,441.35597,1734471.9,-0.052274053,0,1
175.25,114.5,2,508.26874,508.44823,989.91339,-481.64465,441.75597,1916887.9,-0.051763274,0,1
175.25,114.75,2,513.36335,513.54424,999.8386,-486.47525,442.15597,2118488.7,-0.051249616,0,1
175.25,115.0,2,518.59091,518.77322,1010.0219,-491.43101,442.55597,2341292.1,-0.050733045,0,1
175.25,115.25,2,523.95679,524.14056,1020.4736,-496.51681,442.75597,2461332.7,-0.050213525,0,1
175.25,115.5,2,529.46668,529.65194,1031.2043,-501.73765,443.15597,2720193.4,-0.04969102,0,1
175.25,115.75,2,535.12657,535.31319,1042.2265,-507.09988,443.55597,3006278.6,-0.049165508,0,1
175.25,116.0,2,540.94283,541.13055,1053.5515,-512.6087,443.95597,3322451.7,-0.04863696,0,1
175.25,116.25,2,546.92215,547.11096,1065.1925,-518.27034,444.35597,3671877.0,-0.048105315,0,1
175.25,116.5,2,553.07166,553.26151,1077.1636,-524.09199,444.75597,4058051.6,-0.047570533,0,1
175.25,116.75,2,559.3989,559.58975,1089.4787,-530.07983,445.15597,4484840.7,-0.047032572,0,1
175.25,117.0,2,565.9119,566.10338,1102.1537,-536.24179,445.55597,4956515.5,-0.046491411,0,1
175.25,117.25,2,572.61919,572.81066,1115.2046,-542.58544,445.95597,5477796.8,-0.045947024,0,1
175.25,117.5,2,579.52983,579.72101,1128.6493,-549.11944,446.55597,6364291.8,-0.045399329,0,1
175.25,117.75,2,586.65352,586.84401,1142.5065,-555.85296,446.95597,7033630.3,-0.044848281,0,1
175.25,118.0,2,594.00057,594.18904,1156.7951,-562.79452,447.35597,7773363.6,-0.044293892,0,1
175.25,118.25,2,601.58207,601.7675,1171.5374,-569.95533,447.75597,8590895.4,-0.043736069,0,1
175.25,118.5,2,609.40984,609.59114,1186.7557,-577.34589,448.35597,9981196.5,-0.04317475,0,1
175.25,118.75,2,617.4966,617.67117,1202.4744,-584.9778,448.75597,11030928.0,-0.042609962,0,1
175.25,119.0,2,625.85601,626.02177,1218.7201,-592.86408,449.15597,12191061.0,-0.042041581,0,1
175.25,119.25,2,634.50277,634.6565,1235.5208,-601.01803,449.75597,14163992.0,-0.041469591,0,1
175.25,119.5,2,643.45274,643.59025,1252.9065,-609.45374,450.15597,15653632.0,-0.040893946,0,1
175.25,119.75,2,652.72301,652.83963,1270.9095,-618.18647,450.75597,18186926.0,-0.040314564,0,1
175.25,120.0,2,662.33206,662.42112,1289.5667,-627.23464,451.35597,21130193.0,-0.03973144,0,1
175.25,120.25,2,672.29985,672.35421,1308.9117,-636.61188,451.75597,23352475.0,-0.039144464,0,1
175.25,120.5,2,682.64802,682.65797,1328.9945,-646.34649,452.35597,27131705.0,-0.038553633,0,1
175.25,120.75,2,693.39991,693.35472,1349.8515,-656.45156,452.95597,31522544.0,-0.037958846,0,1
175.25,121.0,2,704.58089,704.46727,1371.5402,-666.95933,453.55597,36623971.0,-0.037360068,0,1
175.25,121.25,2,716.21841,716.02073,1394.1048,-677.88641,454.15597,42550983.0,-0.036757239,0,1
175.25,121.5,2,728.34227,728.04301,1417.6064,-689.26411,454.75597,49437190.0,-0.036150261,0,1
175.25,121.75,2,740.98487,740.56223,1442.1073,-701.12243,455.35597,57437820.0,-0.035539141,0,1
175.25,122.0,2,754.18148,753.61165,1467.6766,-713.49511,455.95597,66733226.0,-0.03492375,0,1
175.25,122.25,2,767.97053,767.22616,1494.3882,-726.41763,456.55597,77532947.0,-0.034304024,0,1
175.25,122.5,2,782.394,781.44263,1522.3223,-739.92829,457.15597,90080433.0,-0.033679945,0,1
175.25,122.75,2,797.49784,796.30352,1551.5684,-754.07053,457.95597,110024490.0,-0.033051399,0,1
175.25,123.0,2,813.33242,811.85433,1582.2205,-768.8881,458.55597,127830220.0,-0.032418309,0,1
175.25,123.25,2,829.95317,828.14485,1614.3826,-784.42948,459.35597,156132180.0,-0.031780606,0,1
175.25,123.5,2,847.42117,845.22905,1648.1837,-800.76255,459.95597,181399720.0,-0.03113824,0,1
175.25,123.75,2,865.8038,863.16782,1683.7451,-817.9413,460.75597,221562110.0,-0.03049111,0,1
175.25,124.0,2,885.17585,882.02791,1721.2071,-836.03125,461.55597,270616580.0,-0.02983913,0,1
175.25,124.25,2,905.62024,901.88303,1760.7392,-855.11896,462.35597,330531830.0,-0.029182216,0,1
175.25,124.5,2,927.22953,922.81501,1802.5087,-875.2792,463.15597,403712490.0,-0.028520283,0,1
175.25,124.75,2,950.10693,944.91492,1846.7163,-896.60937,463.95597,493095550.0,-0.027853243,0,1
175.25,125.0,2,974.36842,968.28445,1893.5989,-919.23046,464.95597,633147220.0,-0.027181005,0,1
175.25,125.25,2,1000.1443,993.03752,1943.3862,-943.24195,465.75597,773327760.0,-0.026503475,0,1
175.25,125.5,2,1027.5816,1019.3021,1996.3679,-968.78633,466.75597,992972500.0,-0.025820554,0,1
175.25,125.75,2,1056.8472,1047.2225,2052.8752,-996.02801,467.55597,1212819300.0,-0.025132143,0,1
175.25,126.0,2,1088.131,1076.9621,2113.258,-1025.127,468.55597,1557290900.0,-0.024438136,0,1
175.25,126.25,2,1121.6499,1108.7064,2177.9362,-1056.2863,469.55597,1999601100.0,-0.023738426,0,1
175.25,126.5,2,1157.653,1142.6674,2247.3908,-1089.7377,470.75597,2699179100.0,-0.023032902,0,1
175.25,126.75,2,1196.4281,1179.0877,2322.1731,-1125.7451,471.75597,3465814600.0,-0.022321448,0,1
175.25,127.0,2,1238.3087,1218.2471,2402.9254,-1164.6167,472.95597,4678360300.0,-0.021603946,0,1
175.25,127.25,2,1283.6844,1260.4694,2490.3935,-1206.7091,473.95597,6007133600.0,-0.020880274,0,1
175.25,127.5,2,1333.0126,1306.1314,2585.4597,-1252.4471,475.35597,8524528300.0,-0.020150304,0,1
175.25,127.75,2,1386.834,1355.673,2689.159,-1302.3251,476.55597,11506910000.0,-0.019413934,0,1
175.25,128.0,2,1445.7927,1409.6161,2802.7343,-1356.9416,477.75597,15532703000.0,-0.018671002,0,1
175.25,128.25,2,1510.6621,1468.579,2927.6672,-1417.0052,479.15597,22041955000.0,-0.017921368,0,1
175.25,128.5,2,1582.3788,1533.3014,3065.7646,-1483.3858,480.55597,31279023000.0,-0.017164887,0,1
175.25,128.75,2,1662.0887,1604.6729,3219.2329,-1557.1442,482.15597,46662819000.0,-0.016401439,0,1
175.25,129.0,2,1751.2081,1683.7819,3390.797,-1639.5889,483.75597,69612746000.0,-0.015630852,0,1
175.25,129.25,2,1851.509,1771.9668,3583.8517,-1732.3427,485.35597,103850010000.0,-0.014852956,0,1
175.25,129.5,2,1965.2388,1870.8902,3802.8151,-1837.5763,487.15597,162869240000.0,-0.014067605,0,1
175.25,129.75,2,2095.2894,1982.6492,4053.2473,-1957.958,488.95597,255429820000.0,-0.013274635,0,1
175.25,130.0,2,2245.4484,2110.0103,4342.4696,-2097.0212,490.75597,400593700000.0,-0.012473373,0,1
175.25,130.25,2,2420.7746,2256.6786,4680.44,-2259.6655,492.95597,694330230000.0,-0.011662691,0,1
175.25,130.5,2,2628.178,2427.4095,5080.5895,-2452.4115,495.15597,1203450000000.0,-0.0108424,0,1
175.25,130.75,2,2877.3562,2628.6521,5562.1794,-2684.8233,497.35597,2085883300000.0,-0.010012335,0,1
175.25,131.0,2,3182.3552,2869.3863,6152.9913,-2970.6361,499.95597,3995594600000.0,-0.0091723254,0,1
175.25,131.25,2,3564.315,3162.499,6895.6264,-3331.3114,502.55597,7653724600000.0,-0.0083221986,0,1
175.25,131.5,2,4056.5962,3527.1686,7858.3626,-3801.7664,505.55597,16202935000000.0,-0.0074617769,0,1
175.25,131.75,2,4715.0925,3993.2376,9158.3724,-4443.2799,508.75597,36060295000000.0,-0.0065908788,0,1
175.25,132.0,2,5641.0538,4609.8227,11018.039,-5376.9855,512.35597,88694015000000.0,-0.0057093183,0,1
175.25,132.25,2,7038.2635,5463.8703,13920.297,-6882.0333,516.35597,241095330000000.0,-0.0048169052,0,1
175.25,132.5,2,9380.125,6725.2633,19233.59,-9853.465,520.95597,761425560000000.0,-0.0039134446,0,1
175.25,132.75,2,13764.188,8776.6767,33908.765,-20144.576,526.15597,2793896300000000.0,-0.002998737,0,1
175.25,133.0,2,22550.075,12698.651,91294.865,-68744.79,532.55597,1.3838259e+16,-0.0020725781,0,1
175.25,133.25,2,2425211.1,23193.431,98908.871,2326302.2,540.95597,1.1300557e+17,-0.0011347586,0,1
175.25,133.5,2,500000.0,142215.33,500000.0,0.0,554.75597,3.5597199e+18,-0.00018506405,1,1
175.25,133.75,1,,,,,,-1.0,0.00077672515,0,1
175.25,134.0,1,,,,,,-1.0,0.0017508342,0,1
175.25,134.25,1,,,,,,-1.0,0.0027374936,0,1
175.25,134.5,1,,,,,,-1.0,0.0037369401,0,1
175.25,134.75,1,,,,,,-1.0,0.004749416,0,1
175.25,135.0,1,,,,,,-1.0,0.0057751699,0,1
175.25,135.25,1,,,,,,-1.0,0.0068144567,0,1
175.25,135.5,1,,,,,,-1.0,0.0078675379,0,1
175.25,135.75,1,,,,,,-1.0,0.0089346817,0,1
175.25,136.0,1,,,,,,-1.0,0.010016163,0,1
175.25,136.25,1,,,,,,-1.0,0.011112265,0,1
175.25,136.5,1,,,,,,-1.0,0.012223276,0,1
175.25,136.75,1,,,,,,-1.0,0.013349495,0,1
175.25,137.0,1,,,,,,-1.0,0.014491227,0,1
175.25,137.25,1,,,,,,-1.0,0.015648786,0,1
175.25,137.5,1,,,,,,-1.0,0.016822492,0,1
175.25,137.75,1,,,,,,-1.0,0.018012679,0,1
175.25,138.0,1,,,,,,-1.0,0.019219684,0,1
175.5,112.0,2,451.56241,451.72651,879.38904,-427.82663,437.96168,742396.72,-0.058263007,0,1
175.5,112.25,2,455.34346,455.50871,886.76268,-431.41922,438.36168,820475.27,-0.057779235,0,1
175.5,112.5,2,459.20902,459.37544,894.30103,-435.09202,438.56168,862541.93,-0.057292887,0,1
175.5,112.75,2,463.16197,463.32959,902.01004,-438.84807,438.96168,953256.26,-0.056803937,0,1
175.5,113.0,2,467.20538,467.37412,909.89454,-442.68916,439.16168,1002130.8,-0.056312371,0,1
175.5,113.25,2,471.34245,471.51233,917.96117,-446.61872,439.56168,1107525.8,-0.055818149,0,1
175.5,113.5,2,475.57653,475.74759,926.21605,-450.63951,439.76168,1164309.8,-0.055321237,0,1
175.5,113.75,2,479.91115,480.08343,934.66622,-454.75507,440.16168,1286761.4,-0.054821607,0,1
175.5,114.0,2,484.34999,484.52353,943.31887,-458.96888,440.56168,1422091.2,-0.05431923,0,1
175.5,114.25,2,488.89695,489.07178,952.18065,-463.2837,440.76168,1495003.4,-0.053814074,0,1
175.5,114.5,2,493.55609,493.73226,961.26052,-467.70442,441.16168,1652234.3,-0.053306108,0,1
175.5,114.75,2,498.33172,498.50926,970.56728,-472.23556,441.56168,1826001.3,-0.052795299,0,1
175.5,115.0,2,503.22833,503.4071,980.1091,-476.88077,441.96168,2018043.5,-0.052281633,0,1
175.5,115.25,2,508.25068,508.43068,989.89503,-481.64434,442.16168,2121510.8,-0.051765061,0,1
175.5,115.5,2,513.40379,513.58501,999.93432,-486.53053,442.56168,2344632.1,-0.051245548,0,1
175.5,115.75,2,518.69294,518.87538,1010.2374,-491.54448,442.96168,2591219.2,-0.050723056,0,1
175.5,116.0,2,524.1237,524.30738,1020.8153,-496.69161,443.36168,2863740.1,-0.050197549,0,1
175.5,116.25,2,529.70197,529.88688,1031.6794,-501.9774,443.76168,3164922.2,-0.049668988,0,1
175.5,116.5,2,535.43399,535.62013,1042.8425,-507.40846,444.16168,3497780.0,-0.049137334,0,1
175.5,116.75,2,541.32637,541.51339,1054.3169,-512.99048,444.56168,3865644.7,-0.048602575,0,1
175.5,117.0,2,547.38609,547.57366,1066.1144,-518.72826,444.96168,4272198.2,-0.048064666,0,1
175.5,117.25,2,553.62059,553.80858,1078.2506,-524.63002,445.36168,4721509.2,-0.047523542,0,1
175.5,117.5,2,560.03774,560.22596,1090.7401,-530.7024,445.76168,5218074.6,-0.04697916,0,1
175.5,117.75,2,566.64595,566.83374,1103.6003,-536.95436,446.16168,5766864.3,-0.046431508,0,1
175.5,118.0,2,573.45416,573.64066,1116.8473,-543.39311,446.56168,6373370.7,-0.045880543,0,1
175.5,118.25,2,580.4719,580.65651,1130.4996,-550.02774,447.16168,7404800.3,-0.045326186,0,1
175.5,118.5,2,587.70937,587.89097,1144.5767,-556.86735,447.56168,8183570.0,-0.044768412,0,1
175.5,118.75,2,595.17749,595.35423,1159.1002,-563.92271,447.96168,9044243.6,-0.044207203,0,1
175.5,119.0,2,602.88796,603.05833,1174.0919,-571.20389,448.36168,9995435.0,-0.043642453,0,1
175.5,119.25,2,610.85336,611.01454,1189.5757,-578.72237,448.96168,11613039.0,-0.043074171,0,1
175.5,119.5,2,619.08719,619.23614,1205.5786,-586.49139,449.36168,12834393.0,-0.042502276,0,1
175.5,119.75,2,627.604,627.7369,1222.1276,-594.52363,449.96168,14911437.0,-0.041926713,0,1
175.5,120.0,2,636.41949,636.53107,1239.2526,-602.8331,450.36168,16479686.0,-0.041347463,0,1
175.5,120.25,2,645.55059,645.63512,1256.9842,-611.43365,450.96168,19146664.0,-0.040764426,0,1
175.5,120.5,2,655.01559,655.06512,1275.3632,-620.34766,451.56168,22245250.0,-0.040177601,0,1
175.5,120.75,2,664.83417,664.84008,1294.423,-629.58879,451.96168,24584803.0,-0.039586881,0,1
175.5,121.0,2,675.02774,674.97893,1314.2044,-639.17666,452.56168,28563466.0,-0.038992247,0,1
175.5,121.25,2,685.61931,685.50308,1334.7518,-649.13245,453.16168,33186013.0,-0.03839362,0,1
175.5,121.5,2,696.63389,696.43549,1356.1195,-659.48562,453.76168,38556646.0,-0.03779093,0,1
175.5,121.75,2,708.09855,707.7999,1378.3509,-670.25236,454.36168,44796432.0,-0.037184161,0,1
175.5,122.0,2,720.0426,719.62398,1401.5071,-681.46447,454.96168,52046028.0,-0.036573191,0,1
175.5,122.25,2,732.49794,731.93602,1425.6492,-693.15128,455.56168,60468858.0,-0.035957986,0,1
175.5,122.5,2,745.49925,744.76708,1450.8441,-705.3449,456.16168,70254790.0,-0.035338492,0,1
175.5,122.75,2,759.08433,758.15194,1477.1633,-718.07894,456.76168,81624420.0,-0.034714605,0,1
175.5,123.0,2,773.29447,772.1277,1504.6881,-731.39366,457.36168,94834046.0,-0.034086259,0,1
175.5,123.25,2,788.17489,786.73403,1533.5019,-745.32699,458.16168,115830570.0,-0.033453422,0,1
175.5,123.5,2,803.77511,802.01599,1563.7073,-759.93217,458.76168,134575920.0,-0.032815986,0,1
175.5,123.75,2,820.14957,818.02235,1595.4046,-775.25503,459.56168,164371400.0,-0.03217387,0,1
175.5,124.0,2,837.35837,834.80654,1628.7047,-791.34633,460.16168,190972320.0,-0.031526999,0,1
175.5,124.25,2,855.46775,852.4274,1663.7458,-808.278,460.96168,233254120.0,-0.030875292,0,1
175.5,124.5,2,874.55121,870.94987,1700.6584,-826.10723,461.76168,284897220.0,-0.030218668,0,1
175.5,124.75,2,894.69028,890.44544,1739.6091,-844.91883,462.56168,347974250.0,-0.029557055,0,1
175.5,125.0,2,915.97592,910.99437,1780.7637,-864.78774,463.36168,425016710.0,-0.028890349,0,1
175.5,125.25,2,938.5096,932.68551,1824.3213,-885.81165,464.16168,519116580.0,-0.028218456,0,1
175.5,125.5,2,962.40523,955.61795,1870.5082,-908.10297,465.16168,666558880.0,-0.027541284,0,1
175.5,125.75,2,987.79087,979.90264,1919.5569,-931.766,465.96168,814136860.0,-0.026858735,0,1
175.5,126.0,2,1014.811,1005.6642,1971.7503,-956.93924,466.96168,1045372400.0,-0.026170708,0,1
175.5,126.25,2,1043.6296,1033.0432,2027.4034,-983.77378,467.96168,1342284800.0,-0.025477101,0,1
175.5,126.5,2,1074.433,1062.1984,2086.8893,-1012.4563,468.76168,1639470300.0,-0.024777805,0,1
175.5,126.75,2,1107.4344,1093.3098,2150.5944,-1043.16,469.76168,2105121500.0,-0.024072723,0,1
175.5,127.0,2,1142.8783,1126.5835,2218.999,-1076.1207,470.96168,2841616900.0,-0.023361734,0,1
175.5,127.25,2,1181.0472,1162.2555,2292.6454,-1111.5982,471.96168,3648708300.0,-0.022644716,0,1
175.5,127.5,2,1222.2684,1200.5971,2372.1614,-1149.8931,473.16168,4925241000.0,-0.021921547,0,1
175.5,127.75,2,1266.9242,1241.9224,2458.2849,-1191.3608,474.36168,6648379900.0,-0.0211921,0,1
175.5,128.0,2,1315.4632,1286.5971,2551.875,-1236.4118,475.56168,8974374200.0,-0.020456245,0,1
175.5,128.25,2,1368.4157,1335.0469,2653.9588,-1285.5431,476.76168,12114138000.0,-0.019713872,0,1
175.5,128.5,2,1426.4132,1387.7767,2765.7453,-1339.3321,478.16168,17190780000.0,-0.018964828,0,1
175.5,128.75,2,1490.2137,1445.3845,2888.7004,-1398.4868,479.36168,23205126000.0,-0.018208958,0,1
175.5,129.0,2,1560.7347,1508.5848,3024.5847,-1463.85,480.96168,34617980000.0,-0.017446116,0,1
175.5,129.25,2,1639.0984,1578.2352,3175.5687,-1536.4703,482.36168,49125252000.0,-0.016676187,0,1
175.5,129.5,2,1726.6914,1655.3865,3344.3055,-1617.6141,483.96168,73286265000.0,-0.015898972,0,1
175.5,129.75,2,1825.2473,1741.3263,3534.2049,-1708.9576,485.56168,109330260000.0,-0.01511431,0,1
175.5,130.0,2,1936.9631,1837.6498,3749.4862,-1812.523,487.36168,171463980000.0,-0.014322068,0,1
175.5,130.25,2,2064.6656,1946.5022,3995.6095,-1930.9439,489.16168,268909050000.0,-0.013521148,0,1
175.5,130.5,2,2212.0534,2070.6023,4279.8685,-2067.8151,491.16168,443356070000.0,-0.012710768,0,1
175.5,130.75,2,2384.0612,2213.394,4611.8152,-2227.7539,493.16168,730970580000.0,-0.011890764,0,1
175.5,131.0,2,2587.4262,2379.4429,5004.8104,-2417.3842,495.36168,1266957000000.0,-0.011060969,0,1
175.5,131.25,2,2831.5885,2574.9331,5477.4098,-2645.8213,497.76168,2308546100000.0,-0.010221215,0,1
175.5,131.5,2,3130.2044,2808.4547,6056.9356,-2926.7312,500.16168,4206445200000.0,-0.0093713263,0,1
175.5,131.75,2,3503.7925,3092.2991,6784.9115,-3281.119,502.96168,8470740500000.0,-0.0085111253,0,1
175.5,132.0,2,3984.6624,3444.6944,7727.8547,-3743.1923,505.76168,17057977000000.0,-0.0076404296,0,1
175.5,132.25,2,4626.7921,3893.8807,9000.0619,-4373.2699,508.96168,37963225000000.0,-0.0067590527,0,1
175.5,132.5,2,5527.5768,4486.0792,10816.747,-5289.1707,512.56168,93374466000000.0,-0.0058668035,0,1
175.5,132.75,2,6881.8916,5302.5118,13647.222,-6765.3306,516.56168,253818110000000.0,-0.0049634864,0,1
175.5,133.0,2,9137.6567,6500.2689,18816.604,-9678.9475,520.96168,762511760000000.0,-0.004048901,0,1
175.5,133.25,2,13266.128,8427.8819,33297.648,-20031.52,526.16168,2797881800000000.0,-0.0031228422,0,1
175.5,133.5,2,19400.269,12044.734,88713.473,-69313.204,532.56168,1.3858e+16,-0.0021850998,0,1
175.5,133.75,2,1930629.7,21302.979,94276.337,1836353.4,540.76168,1.0764757e+17,-0.0012354584,0,1
175.5,134.0,2,500000.0,96160.682,500000.0,0.0,553.36168,2.5120706e+18,-0.00027369757,1,1
175.5,134.25,1,,,,,,-1.0,0.0007004089,0,1
175.5,134.5,1,,,,,,-1.0,0.0016870927,0,1
175.5,134.75,1,,,,,,-1.0,0.0026865914,0,1
175.5,135.0,1,,,,,,-1.0,0.0036991485,0,1
175.5,135.25,1,,,,,,-1.0,0.0047250138,0,1
175.5,135.5,1,,,,,,-1.0,0.0057644432,0,1
175.5,135.75,1,,,,,,-1.0,0.0068176996,0,1
175.5,136.0,1,,,,,,-1.0,0.0078850524,0,1
175.5,136.25,1,,,,,,-1.0,0.0089667781,0,1
175.5,136.5,1,,,,,,-1.0,0.010063161,0,1
175.5,136.75,1,,,,,,-1.0,0.011174491,0,1
175.5,137.0,1,,,,,,-1.0,0.012301068,0,1
175.5,137.25,1,,,,,,-1.0,0.013443199,0,1
175.5,137.5,1,,,,,,-1.0,0.014601199,0,1
175.5,137.75,1,,,,,,-1.0,0.015775392,0,1
175.5,138.0,1,,,,,,-1.0,0.01696611,0,1
175.75,112.0,2,440.04899,440.21067,856.94623,-416.89724,437.56737,672705.24,-0.059787158,0,1
175.75,112.25,2,443.62028,443.78287,863.91235,-420.29207,437.76737,707195.57,-0.059305905,0,1
175.75,112.5,2,447.26935,447.43292,871.03068,-423.76133,438.16737,781571.98,-0.058822103,0,1
175.75,112.75,2,450.99882,451.16342,878.3056,-427.30678,438.36737,821644.03,-0.058335725,0,1
175.75,113.0,2,454.81142,454.97709,885.74181,-430.93038,438.76737,908057.09,-0.057846747,0,1
175.75,113.25,2,458.71003,458.87681,893.34505,-434.63502,438.96737,954614.17,-0.057355143,0,1
175.75,113.5,2,462.69764,462.86556,901.1215,-438.42386,439.36737,1055011.8,-0.056860884,0,1
175.75,113.75,2,466.77741,466.94648,909.07542,-442.29801,439.76737,1165968.4,-0.056363944,0,1
175.75,114.0,2,470.95262,471.12286,917.21703,-446.2644,439.96737,1225748.9,-0.055864292,0,1
175.75,114.25,2,475.22674,475.39816,925.55042,-450.32368,440.36737,1354662.0,-0.055361899,0,1
175.75,114.5,2,479.60339,479.77601,934.08275,-454.47936,440.76737,1497133.0,-0.054856734,0,1
175.75,114.75,2,484.08638,484.26021,942.82188,-458.7355,440.96737,1573892.7,-0.054348766,0,1
175.75,115.0,2,488.67971,488.85477,951.77509,-463.09538,441.36737,1739420.4,-0.053837963,0,1
175.75,115.25,2,493.3876,493.5639,960.95067,-467.56307,441.76737,1922356.9,-0.053324291,0,1
175.75,115.5,2,498.21448,498.39204,970.35774,-472.14326,441.96737,2020918.2,-0.052807715,0,1
175.75,115.75,2,503.16503,503.34386,980.00399,-476.83896,442.36737,2233460.0,-0.052288201,0,1
175.75,116.0,2,508.24415,508.42428,989.90083,-481.65668,442.76737,2468355.1,-0.051765712,0,1
175.75,116.25,2,513.45705,513.63842,1000.0566,-486.59951,443.16737,2727954.3,-0.051240219,0,1
175.75,116.5,2,518.80919,518.99148,1010.4826,-491.67339,443.56737,3014855.7,-0.050711709,0,1
175.75,116.75,2,524.30638,524.48954,1021.1903,-496.88389,443.96737,3331930.9,-0.050180114,0,1
175.75,117.0,2,529.95475,530.13871,1032.1905,-502.23579,444.36737,3682353.1,-0.049645394,0,1
175.75,117.25,2,535.76078,535.94547,1043.4967,-507.73592,444.76737,4069629.5,-0.049107505,0,1
175.75,117.5,2,541.73135,541.9165,1055.1214,-513.39002,445.16737,4497636.2,-0.048566421,0,1
175.75,117.75,2,547.87377,548.05865,1067.0795,-519.20571,445.56737,4970656.7,-0.048022132,0,1
175.75,118.0,2,554.19582,554.38011,1079.3875,-525.19172,445.96737,5493425.3,-0.047474548,0,1
175.75,118.25,2,560.70576,560.88903,1092.0572,-531.35141,446.36737,6071173.9,-0.046923623,0,1
175.75,118.5,2,567.4124,567.5934,1105.1082,-537.69583,446.76737,6709684.8,-0.046369364,0,1
175.75,118.75,2,574.32516,574.50279,1118.5575,-544.23238,447.16737,7415348.5,-0.045811692,0,1
175.75,119.0,2,581.4541,581.62724,1132.4247,-550.9706,447.76737,8615405.8,-0.045250537,0,1
175.75,119.25,2,588.81002,588.9762,1146.7314,-557.92134,448.16737,9521495.9,-0.044685923,0,1
175.75,119.5,2,596.4045,596.56155,1161.4982,-565.09366,448.56737,10522880.0,-0.044117736,0,1
175.75,119.75,2,604.24996,604.39477,1176.7505,-572.50053,449.16737,12225843.0,-0.043545951,0,1
175.75,120.0,2,612.35979,612.48824,1192.5123,-580.15251,449.56737,13511646.0,-0.042970531,0,1
175.75,120.25,2,620.74843,620.85596,1208.811,-588.06262,450.16737,15698293.0,-0.042391387,0,1
175.75,120.5,2,629.43138,629.51151,1225.6803,-596.24891,450.56737,17349297.0,-0.041808521,0,1
175.75,120.75,2,638.42537,638.47125,1243.149,-604.72367,451.16737,20157007.0,-0.041221817,0,1
175.75,121.0,2,647.74851,647.75086,1261.2507,-613.5022,451.56737,22276938.0,-0.040631278,0,1
175.75,121.25,2,657.42024,657.36885,1280.0271,-622.60682,452.16737,25882109.0,-0.0400368,0,1
175.75,121.5,2,667.46167,667.34399,1299.5148,-632.05311,452.76737,30070721.0,-0.039438349,0,1
175.75,121.75,2,677.8955,677.69684,1319.7579,-641.86245,453.36737,34937193.0,-0.038835868,0,1
175.75,122.0,2,688.74633,688.45032,1340.8059,-652.05954,453.96737,40591228.0,-0.038229258,0,1
175.75,122.25,2,700.04083,699.62729,1362.7113,-662.67043,454.56737,47160278.0,-0.037618522,0,1
175.75,122.5,2,711.80787,711.25474,1385.5282,-673.72036,455.16737,54792426.0,-0.037003543,0,1
175.75,122.75,2,724.07881,723.36096,1409.3121,-685.23332,455.76737,63659717.0,-0.036384249,0,1
175.75,123.0,2,736.88779,735.97572,1434.1378,-697.25003,456.36737,73962039.0,-0.035760616,0,1
175.75,123.25,2,750.27196,749.13285,1460.0731,-709.80116,456.96737,85931629.0,-0.035132547,0,1
175.75,123.5,2,764.27191,762.86886,1487.1949,-722.92295,457.56737,99838310.0,-0.03449996,0,1
175.75,123.75,2,778.93207,777.22335,1515.5904,-736.65834,458.36737,121942790.0,-0.033862782,0,1
175.75,124.0,2,794.30122,792.23932,1545.3487,-751.0475,458.96737,141677310.0,-0.033220953,0,1
175.75,124.25,2,810.43285,807.96409,1576.5829,-766.15008,459.76737,173045050.0,-0.0325744,0,1
175.75,124.5,2,827.38601,824.4503,1609.3947,-782.00865,460.36737,201049670.0,-0.031923022,0,1
175.75,124.75,2,845.22586,841.75536,1643.9224,-798.6965,461.16737,245562620.0,-0.031266739,0,1
175.75,125.0,2,864.02465,859.94265,1680.2917,-816.26702,461.96737,299930860.0,-0.030605465,0,1
175.75,125.25,2,883.8625,879.0823,1718.669,-834.80653,462.76737,366336380.0,-0.029939114,0,1
175.75,125.5,2,904.82886,899.2521,1759.2171,-854.38825,463.56737,447444260.0,-0.029267594,0,1
175.75,125.75,2,927.02342,920.53858,1802.1294,-875.10595,464.36737,546509650.0,-0.028590812,0,1
175.75,126.0,2,950.55807,943.03829,1847.6309,-897.0728,465.36737,701732290.0,-0.027908671,0,1
175.75,126.25,2,975.55874,966.85928,1895.9511,-920.39235,466.16737,857097750.0,-0.027221071,0,1
175.75,126.5,2,1002.1674,992.12287,1947.3668,-945.19939,467.16737,1100535300.0,-0.026527909,0,1
175.75,126.75,2,1030.5449,1018.9657,2002.1889,-971.64395,468.16737,1413115300.0,-0.025829078,0,1
175.75,127.0,2,1060.8745,1047.5424,2060.7686,-999.89413,469.16737,1814476000.0,-0.025124467,0,1
175.75,127.25,2,1093.3653,1078.0284,2123.5178,-1030.1525,470.16737,2329833200.0,-0.024413962,0,1
175.75,127.5,2,1128.2577,1110.6237,2190.8862,-1062.6284,471.16737,2991565100.0,-0.023697446,0,1
175.75,127.75,2,1165.8287,1145.5559,2263.4093,-1097.5806,472.16737,3841245600.0,-0.022974825,0,1
175.75,128.0,2,1206.3998,1183.0895,2341.7047,-1135.3049,473.36737,5185139200.0,-0.022245947,0,1
175.75,128.25,2,1250.3458,1223.5291,2426.5012,-1176.1554,474.56737,6999205900.0,-0.021510681,0,1
175.75,128.5,2,1298.1069,1267.229,2518.6384,-1220.5314,475.76737,9447939700.0,-0.020768894,0,1
175.75,128.75,2,1350.2032,1314.6018,2619.1232,-1268.92,476.96737,12753385000.0,-0.020020469,0,1
175.75,129.0,2,1407.2538,1366.135,2729.1477,-1321.8939,478.36737,18097914000.0,-0.019265259,0,1
175.75,129.25,2,1470.0014,1422.4075,2850.1242,-1380.1229,479.76737,25682163000.0,-0.018503098,0,1
175.75,129.5,2,1539.3452,1484.108,2983.8323,-1444.4871,481.16737,36444724000.0,-0.017733848,0,1
175.75,129.75,2,1616.384,1552.0655,3132.372,-1515.988,482.56737,51717525000.0,-0.016957368,0,1
175.75,130.0,2,1702.4749,1627.2921,3298.3717,-1595.8968,484.16737,77153481000.0,-0.016173461,0,1
175.75,130.25,2,1799.3141,1711.0331,3485.1154,-1685.8013,485.76737,115099470000.0,-0.015381903,0,1
175.75,130.5,2,1909.0504,1804.9714,3696.7436,-1787.6933,487.56737,180511900000.0,-0.014581364,0,1
175.75,130.75,2,2034.4458,1911.1375,3938.7133,-1904.2675,489.36737,283099010000.0,-0.013771351,0,1
175.75,131.0,2,2179.1118,2032.0843,4218.0278,-2038.916,491.36737,466751360000.0,-0.012951699,0,1
175.75,131.25,2,2347.8645,2171.1282,4544.1164,-2196.252,493.36737,769542890000.0,-0.012122243,0,1
175.75,131.5,2,2547.2691,2332.6583,4929.9314,-2382.6623,495.56737,1333812500000.0,-0.011282812,0,1
175.75,131.75,2,2786.519,2522.6073,5393.8559,-2607.3369,497.96737,2430364900000.0,-0.010433231,0,1
175.75,132.0,2,3078.8916,2749.197,5962.3409,-2883.4493,500.36737,4428413600000.0,-0.009573321,0,1
175.75,132.25,2,3444.3032,3024.1583,6675.9581,-3231.6549,503.16737,8917729900000.0,-0.0087028992,0,1
175.75,132.5,2,3914.0477,3364.8288,7599.5256,-3685.4779,505.96737,17958103000000.0,-0.0078217783,0,1
175.75,132.75,2,4540.2598,3797.9555,8843.9694,-4303.7096,509.16737,39966492000000.0,-0.0069297665,0,1
175.75,133.0,2,5416.648,4367.081,10619.166,-5202.5183,512.76737,98301709000000.0,-0.0060266674,0,1
175.75,133.25,2,6729.6124,5148.1815,13379.333,-6649.7209,516.56737,254179680000000.0,-0.00511228,0,1
175.75,133.5,2,8903.1104,6286.7755,18410.813,-9507.7023,521.16737,802748460000000.0,-0.0041863981,0,1
175.75,133.75,2,12790.822,8101.1011,32702.843,-19912.021,526.36737,2945522200000000.0,-0.0032488108,0,1
175.75,134.0,2,16569.522,11446.494,86262.072,-69692.549,532.56737,1.387774e+16,-0.0022993019,0,1
175.75,134.25,2,1555359.6,19675.511,89673.013,1465686.6,540.36737,9.7542301e+16,-0.0013376499,0,1
175.75,134.5,2,905142050.0,72378.847,144663.28,904997390.0,552.36737,1.9591895e+18,-0.00036362758,0,1
175.75,134.75,1,,,,,,-1.0,0.00062299762,0,1
175.75,135.0,1,,,,,,-1.0,0.0016224643,0,1
175.75,135.25,1,,,,,,-1.0,0.0026350171,0,1
175.75,135.5,1,,,,,,-1.0,0.0036609068,0,1
175.75,135.75,1,,,,,,-1.0,0.0047003907,0,1
175.75,136.0,1,,,,,,-1.0,0.0057537326,0,1
175.75,136.25,1,,,,,,-1.0,0.0068212034,0,1
175.75,136.5,1,,,,,,-1.0,0.0079030807,0,1
175.75,136.75,1,,,,,,-1.0,0.0089996498,0,1
175.75,137.0,1,,,,,,-1.0,0.010111203,0,1
175.75,137.25,1,,,,,,-1.0,0.011238041,0,1
175.75,137.5,1,,,,,,-1.0,0.012380473,0,1
175.75,137.75,1,,,,,,-1.0,0.013538814,0,1
175.75,138.0,1,,,,,,-1.0,0.014713391,0,1
176.0,112.0,3,429.05214,429.21126,835.50492,-406.45278,437.17306,609554.72,-0.061319326,0,1
176.0,112.25,3,432.42885,432.58894,842.09431,-409.66546,437.37306,640807.25,-0.060840541,0,1
176.0,112.5,3,435.87729,436.0384,848.82266,-412.94537,437.77306,708201.54,-0.060359237,0,1
176.0,112.75,2,439.39981,439.56198,855.69515,-416.29534,437.97306,744511.81,-0.05987539,0,1
176.0,113.0,2,442.99886,443.16213,862.71638,-419.71752,438.37306,822812.8,-0.059388975,0,1
176.0,113.25,2,446.67702,446.84129,869.89023,-423.21321,438.57306,864999.32,-0.058899984,0,1
176.0,113.5,2,450.437,450.60226,877.22481,-426.78781,438.97306,955972.09,-0.058408374,0,1
176.0,113.75,2,454.28159,454.44788,884.72392,-430.44233,439.17306,1004985.8,-0.057914111,0,1
176.0,114.0,2,458.21374,458.38111,892.39302,-434.17928,439.57306,1110681.1,-0.057417168,0,1
176.0,114.25,2,462.23654,462.40502,900.23851,-438.00197,439.77306,1167626.9,-0.056917516,0,1
176.0,114.5,2,466.35323,466.52284,908.2662,-441.91297,440.17306,1290427.3,-0.056415127,0,1
176.0,114.75,2,470.5672,470.73798,916.48308,-445.91588,440.57306,1426142.8,-0.055909968,0,1
176.0,115.0,2,474.88201,475.05399,924.89561,-450.0136,440.77306,1499262.7,-0.055402008,0,1
176.0,115.25,2,479.30142,479.47462,933.51149,-454.21007,441.17306,1656941.5,-0.054891216,0,1
176.0,115.5,2,483.82935,484.0038,942.33834,-458.50899,441.57306,1831203.6,-0.054377559,0,1
176.0,115.75,2,488.46993,488.64547,951.38372,-462.91379,441.77306,1925091.4,-0.053861023,0,1
176.0,116.0,2,493.22753,493.40412,960.65632,-467.42879,442.17306,2127555.0,-0.053341559,0,1
176.0,116.25,2,498.10672,498.28435,970.16534,-472.05862,442.57306,2351311.9,-0.052819128,0,1
176.0,116.5,2,503.11234,503.291,979.9193,-476.80696,442.97306,2598601.6,-0.052293693,0,1
176.0,116.75,2,508.2495,508.42916,989.9288,-481.6793,443.37306,2871898.9,-0.051765215,0,1
176.0,117.0,2,513.52356,513.70421,1000.2041,-486.68057,443.77306,3173939.1,-0.051233656,0,1
176.0,117.25,2,518.94024,519.12174,1010.7557,-491.81545,444.17306,3507745.2,-0.050698984,0,1
176.0,117.5,2,524.50554,524.68736,1021.5957,-497.0902,444.57306,3876658.0,-0.050161195,0,1
176.0,117.75,2,530.22587,530.40783,1032.7363,-502.51045,444.77306,4075418.5,-0.049620205,0,1
176.0,118.0,2,536.10798,536.28987,1044.1901,-508.08207,445.37306,4734960.7,-0.049075969,0,1
176.0,118.25,2,542.15907,542.34045,1055.9716,-513.81253,445.77306,5232940.9,-0.048528457,0,1
176.0,118.5,2,548.3868,548.56659,1068.0949,-519.70806,446.17306,5783294.1,-0.047977667,0,1
176.0,118.75,2,554.79932,554.97689,1080.5761,-525.77679,446.57306,6391528.5,-0.047423497,0,1
176.0,119.0,2,561.40534,561.57977,1093.4315,-532.02618,446.97306,7063731.4,-0.046865906,0,1
176.0,119.25,2,568.21415,568.3834,1106.6799,-538.46576,447.37306,7806630.5,-0.046304915,0,1
176.0,119.5,2,575.23571,575.39825,1120.3391,-545.10336,447.97306,9070010.6,-0.045740398,0,1
176.0,119.75,2,582.4807,582.634,1134.4306,-551.94985,448.37306,10023912.0,-0.045172347,0,1
176.0,120.0,2,589.96059,590.10141,1148.9763,-559.01576,448.77306,11078136.0,-0.044600716,0,1
176.0,120.25,2,597.68768,597.8125,1163.9988,-566.31109,449.37306,12870958.0,-0.044025418,0,1
176.0,120.5,2,605.67523,605.77874,1179.5247,-573.84946,449.77306,14224608.0,-0.043446466,0,1
176.0,120.75,2,613.9375,614.01437,1195.5807,-581.64322,450.37306,16526637.0,-0.042863729,0,1
176.0,121.0,2,622.48989,622.53229,1212.1944,-589.70449,450.77306,18264758.0,-0.042277237,0,1
176.0,121.25,2,631.34891,631.3488,1229.4018,-598.05291,451.37306,21220622.0,-0.041686854,0,1
176.0,121.5,2,640.53242,640.4791,1247.233,-606.70058,451.77306,23452414.0,-0.04109259,0,1
176.0,121.75,2,650.05964,649.94131,1265.7299,-615.67031,452.37306,27247818.0,-0.040494341,0,1
176.0,122.0,2,659.95137,659.75399,1284.9284,-624.97701,452.97306,31657448.0,-0.039892059,0,1
176.0,122.25,2,670.22997,669.93689,1304.8724,-634.64248,453.57306,36780707.0,-0.039285708,0,1
176.0,122.5,2,680.91967,680.51255,1325.61,-644.69031,454.17306,42733085.0,-0.038675179,0,1
176.0,122.75,2,692.04669,691.50388,1347.1905,-655.1438,454.57306,47227362.0,-0.038060445,0,1
176.0,123.0,2,703.63944,702.9363,1369.671,-666.03156,455.17306,54870367.0,-0.037441437,0,1
176.0,123.25,2,715.72876,714.83791,1393.1095,-677.38077,455.97306,67018817.0,-0.03681806,0,1
176.0,123.5,2,728.3482,727.23858,1417.5699,-689.22168,456.57306,77864757.0,-0.036190249,0,1
176.0,123.75,2,741.53435,740.17003,1443.1201,-701.58578,457.17306,90465941.0,-0.035557972,0,1
176.0,124.0,2,755.32713,753.6684,1469.8468,-714.51967,457.77306,105106430.0,-0.034921121,0,1
176.0,124.25,2,769.77018,767.77245,1497.8261,-728.05594,458.57306,128377280.0,-0.034279616,0,1
176.0,124.5,2,784.91145,782.52446,1527.1481,-742.23667,459.17306,149153120.0,-0.033633383,0,1
176.0,124.75,2,800.80358,797.97075,1557.9236,-757.12007,459.97306,182176030.0,-0.032982343,0,1
176.0,125.0,2,817.50458,814.16221,1590.2545,-772.74992,460.57306,211658350.0,-0.032326414,0,1
176.0,125.25,2,835.07855,831.15476,1624.2734,-789.19484,461.37306,258520100.0,-0.031665517,0,1
176.0,125.5,2,853.59649,849.01018,1660.1086,-806.51213,462.17306,315757160.0,-0.030999564,0,1
176.0,125.75,2,873.13716,867.79707,1697.9132,-824.77603,462.97306,385666670.0,-0.030328456,0,1
176.0,126.0,2,893.78847,887.59126,1737.8676,-844.07913,463.77306,471054330.0,-0.0296521,0,1
176.0,126.25,2,915.64843,908.47709,1780.1458,-864.49736,464.57306,575347060.0,-0.0289704,0,1
176.0,126.5,2,938.82696,930.5486,1824.964,-886.13702,465.57306,738760250.0,-0.028283257,0,1
176.0,126.75,2,963.44774,953.91071,1872.5692,-909.12142,466.37306,902323800.0,-0.027590575,0,1
176.0,127.0,2,989.65034,978.68146,1923.2157,-933.56534,467.37306,1158606700.0,-0.026892249,0,1
176.0,127.25,2,1017.5928,1004.994,1977.2148,-959.62203,468.37306,1487680400.0,-0.026188163,0,1
176.0,127.5,2,1047.455,1032.9984,2034.9123,-987.4573,469.37306,1910219500.0,-0.025478204,0,1
176.0,127.75,2,1079.4423,1062.8655,2096.7032,-1017.2608,470.37306,2452770400.0,-0.024762254,0,1
176.0,128.0,2,1113.7907,1094.7893,2163.0428,-1049.252,471.37306,3149419500.0,-0.024040193,0,1
176.0,128.25,2,1150.7722,1128.992,2234.4554,-1083.6833,472.37306,4043934700.0,-0.023311896,0,1
176.0,128.5,2,1190.7021,1165.7277,2311.5483,-1120.8462,473.57306,5458740900.0,-0.022577267,0,1
176.0,128.75,2,1233.9485,1205.293,2395.031,-1161.0826,474.77306,7368529500.0,-0.021836139,0,1
176.0,129.0,2,1280.9429,1248.0311,2485.7317,-1204.7888,475.97306,9946474400.0,-0.021088373,0,1
176.0,129.25,2,1332.1955,1294.3417,2584.6401,-1252.4446,477.17306,13426336000.0,-0.020333846,0,1
176.0,129.5,2,1388.3132,1344.6956,2692.9307,-1304.6175,478.57306,19052878000.0,-0.019572419,0,1
176.0,129.75,2,1450.0239,1399.6527,2811.9992,-1361.9753,479.97306,27037321000.0,-0.018803911,0,1
176.0,130.0,2,1518.2085,1459.877,2943.5543,-1425.3458,481.37306,38367784000.0,-0.018028194,0,1
176.0,130.25,2,1593.9429,1526.1694,3089.6753,-1495.7324,482.97306,57238008000.0,-0.017245101,0,1
176.0,130.5,2,1678.5557,1599.5286,3252.9449,-1574.3892,484.37306,81224600000.0,-0.016454189,0,1
176.0,130.75,2,1773.7069,1681.2818,3436.5599,-1662.853,486.17306,127385530000.0,-0.015654095,0,1
176.0,131.0,2,1881.4971,1772.9745,3644.6596,-1763.1624,487.77306,190036880000.0,-0.014844514,0,1
176.0,131.25,2,2004.6254,1876.5358,3882.4818,-1877.8564,489.57306,298037150000.0,-0.014025283,0,1
176.0,131.5,2,2146.6196,1994.4286,4156.9078,-2010.2883,491.57306,491380200000.0,-0.013196233,0,1
176.0,131.75,2,2312.1773,2129.848,4477.2538,-2165.0765,493.57306,810148980000.0,-0.012357194,0,1
176.0,132.0,2,2507.7003,2287.0149,4856.0998,-2348.3995,495.77306,1404193200000.0,-0.01150799,0,1
176.0,132.25,2,2742.1385,2471.6241,5311.3265,-2569.188,498.17306,2558606800000.0,-0.010648442,0,1
176.0,132.5,2,3028.403,2691.5484,5868.9275,-2840.5245,500.57306,4662085500000.0,-0.0097783659,0,1
176.0,132.75,2,3385.8279,2957.9911,6568.5482,-3182.7203,503.37306,9388287300000.0,-0.008897574,0,1
176.0,133.0,2,3844.7268,3287.4544,7472.9553,-3628.2285,506.17306,18905689000000.0,-0.0080058737,0,1
176.0,133.25,2,4455.4624,3705.2926,8690.7287,-4235.2664,509.37306,42075385000000.0,-0.0071030679,0,1
176.0,133.5,2,5308.2066,4252.5671,10424.855,-5116.6483,512.97306,103488750000000.0,-0.0061889547,0,1
176.0,133.75,2,6581.3038,5000.4386,13116.771,-6535.4671,516.77306,267591850000000.0,-0.0052633273,0,1
176.0,134.0,2,8676.1874,6083.9353,18011.48,-9335.293,521.17306,803890350000000.0,-0.0043259739,0,1
176.0,134.25,2,12336.939,7794.3324,32123.711,-19786.772,526.37306,2949712200000000.0,-0.0033766773,0,1
176.0,134.5,2,14019.567,10897.143,83931.189,-69911.622,532.37306,1.3219693e+16,-0.0024152151,0,1
176.0,134.75,2,1266495.6,18259.807,85458.314,1181037.3,540.17306,9.2917091e+16,-0.0014413594,0,1
176.0,135.0,2,532770270.0,57859.534,133184.55,532637090.0,551.37306,1.5279887e+18,-0.00045487654,0,1
176.0,135.25,1,,,,,,-1.0,0.00054447315,0,1
176.0,135.5,1,,,,,,-1.0,0.0015569353,0,1
176.0,135.75,1,,,,,,-1.0,0.0025827618,0,1
176.0,136.0,1,,,,,,-1.0,0.003622211,0,1
176.0,136.25,1,,,,,,-1.0,0.004675548,0,1
176.0,136.5,1,,,,,,-1.0,0.0057430447,0,1
176.0,136.75,1,,,,,,-1.0,0.0068249803,0,1
176.0,137.0,1,,,,,,-1.0,0.007921641,0,1
176.0,137.25,1,,,,,,-1.0,0.009033321,0,1
176.0,137.5,1,,,,,,-1.0,0.010160322,0,1
176.0,137.75,1,,,,,,-1.0,0.011302954,0,1
176.0,138.0,1,,,,,,-1.0,0.012461536,0,1
176.25,112.0,3,418.53791,418.69496,815.0018,-396.46389,436.77873,552331.36,-0.062859474,0,1
176.25,112.25,3,421.73388,421.89182,821.23946,-399.50559,436.97873,580650.0,-0.06238316,0,1
176.25,112.5,3,424.99608,425.15483,827.60604,-402.60996,437.37873,641717.49,-0.061904377,0,1
176.25,112.75,3,428.32664,428.48627,834.10524,-405.7786,437.57873,674619.05,-0.061423077,0,1
176.25,113.0,3,431.72778,431.88833,840.74087,-409.01309,437.77873,709207.51,-0.060939236,0,1
176.25,113.25,3,435.20183,435.36333,847.51964,-412.31782,438.17873,783795.51,-0.060452829,0,1
176.25,113.5,2,438.75117,438.91368,854.44501,-415.69385,438.37873,823981.57,-0.05996383,0,1
176.25,113.75,2,442.37834,442.54188,861.52131,-419.14296,438.77873,910640.47,-0.059472214,0,1
176.25,114.0,2,446.08599,446.25057,868.75434,-422.66836,438.97873,957330.0,-0.058977953,0,1
176.25,114.25,2,449.87687,450.04252,876.14888,-426.27201,439.37873,1058013.3,-0.058481019,0,1
176.25,114.5,2,453.75388,453.92061,883.71119,-429.9573,439.57873,1112258.8,-0.057981384,0,1
176.25,114.75,2,457.72006,457.88787,891.44523,-433.72516,439.97873,1229236.1,-0.057479018,0,1
176.25,115.0,2,461.77859,461.94747,899.3607,-437.5821,440.37873,1358515.9,-0.056973891,0,1
176.25,115.25,2,465.9328,466.10276,907.46167,-441.52887,440.57873,1428168.5,-0.056465971,0,1
176.25,115.5,2,470.18618,470.35722,915.75548,-445.5693,440.97873,1578370.3,-0.055955227,0,1
176.25,115.75,2,474.54241,474.71454,924.24918,-449.70677,441.37873,1744369.0,-0.055441624,0,1
176.25,116.0,2,479.00535,479.17857,932.95028,-453.94493,441.57873,1833804.7,-0.054925129,0,1
176.25,116.25,2,483.57907,483.75339,941.86642,-458.28735,441.97873,2026667.6,-0.054405707,0,1
176.25,116.5,2,488.26784,488.44325,951.00562,-462.73779,442.37873,2239814.1,-0.053883322,0,1
176.25,116.75,2,493.07615,493.25267,960.37736,-467.30121,442.77873,2475377.4,-0.053357937,0,1
176.25,117.0,2,498.00877,498.18624,969.99006,-471.98129,443.17873,2735715.2,-0.052829531,0,1
176.25,117.25,2,503.0707,503.24881,979.85385,-476.78315,443.37873,2875978.3,-0.052298077,0,1
176.25,117.5,2,508.26723,508.4459,989.97933,-481.71209,443.77873,3178447.5,-0.051763511,0,1
176.25,117.75,2,513.60397,513.7831,1000.3776,-486.77366,444.17873,3512727.8,-0.05122579,0,1
176.25,118.0,2,519.08685,519.26628,1011.0582,-491.97137,444.57873,3882164.6,-0.050684872,0,1
176.25,118.25,2,524.72214,524.9012,1022.0345,-497.31231,444.97873,4290455.4,-0.05014076,0,1
176.25,118.5,2,530.51651,530.69466,1033.3184,-502.80188,445.37873,4741686.5,-0.049593385,0,1
176.25,118.75,2,536.47706,536.65385,1044.9245,-508.44745,445.77873,5240374.1,-0.049042684,0,1
176.25,119.0,2,542.61132,542.78588,1056.8674,-514.25609,446.37873,6088446.0,-0.048488632,0,1
176.25,119.25,2,548.92736,549.09822,1069.1619,-520.23449,446.77873,6728773.5,-0.047931215,0,1
176.25,119.5,2,555.43378,555.59979,1081.8242,-526.39046,447.17873,7436444.8,-0.04737033,0,1
176.25,119.75,2,562.13977,562.29888,1094.8736,-532.73381,447.57873,8218542.5,-0.046805971,0,1
176.25,120.0,2,569.05519,569.20488,1108.3275,-539.27228,447.97873,9082894.2,-0.046238087,0,1
176.25,120.25,2,576.19061,576.32822,1122.2061,-546.01553,448.57873,10552817.0,-0.045666591,0,1
176.25,120.5,2,583.55739,583.67852,1136.5321,-552.97469,448.97873,11662667.0,-0.045091509,0,1
176.25,120.75,2,591.16772,591.26827,1151.326,-560.15826,449.37873,12889240.0,-0.044512696,0,1
176.25,121.0,2,599.03478,599.10828,1166.6185,-567.58373,449.97873,14975161.0,-0.043930198,0,1
176.25,121.25,2,607.17262,607.21276,1182.4331,-575.26053,450.37873,16550112.0,-0.04334386,0,1
176.25,121.5,2,615.59645,615.59412,1198.7967,-583.20029,450.97873,19228487.0,-0.042753731,0,1
176.25,121.75,2,624.32264,624.26848,1215.7478,-591.42515,451.57873,22340315.0,-0.042159657,0,1
176.25,122.0,2,633.36879,633.25062,1233.3133,-599.94447,451.97873,24689866.0,-0.041561657,0,1
176.25,122.25,2,642.75383,642.55827,1251.5319,-608.7781,452.57873,28685532.0,-0.040959624,0,1
176.25,122.5,2,652.49821,652.20976,1270.4448,-617.94664,453.17873,33327833.0,-0.040353498,0,1
176.25,122.75,2,662.62403,662.22407,1290.0971,-627.47308,453.77873,38721418.0,-0.039743263,0,1
176.25,123.0,2,673.15509,672.62339,1310.529,-637.37388,454.17873,42793785.0,-0.039128799,0,1
176.25,123.25,2,684.11718,683.43057,1331.7897,-647.67248,454.77873,49719285.0,-0.038510049,0,1
176.25,123.5,2,695.53827,694.66963,1353.938,-658.39973,455.37873,57765568.0,-0.037886995,0,1
176.25,123.75,2,707.44867,706.36839,1377.0328,-669.58416,456.17873,70555024.0,-0.037259517,0,1
176.25,124.0,2,719.88137,718.55606,1401.1351,-681.25373,456.77873,81973243.0,-0.036627546,0,1
176.25,124.25,2,732.87231,731.26438,1426.3143,-693.44196,457.37873,95239320.0,-0.035991012,0,1
176.25,124.5,2,746.46081,744.52745,1452.6441,-706.18333,457.97873,110652300.0,-0.035349865,0,1
176.25,124.75,2,760.68976,758.38338,1480.2139,-719.52412,458.77873,135151030.0,-0.034704011,0,1
176.25,125.0,2,775.60628,772.87363,1509.1051,-733.49878,459.37873,157023090.0,-0.034053361,0,1
176.25,125.25,2,791.26216,788.04342,1539.4292,-748.167,460.17873,191788440.0,-0.033397836,0,1
176.25,125.5,2,807.71441,803.9424,1571.2843,-763.56985,460.77873,222826380.0,-0.032737352,0,1
176.25,125.75,2,825.02605,820.62522,1604.8027,-779.77664,461.57873,272160750.0,-0.032071821,0,1
176.25,126.0,2,843.26689,838.15215,1640.1093,-796.84238,462.37873,332417890.0,-0.031401154,0,1
176.25,126.25,2,862.51435,856.58984,1677.3557,-814.84136,463.17873,406016130.0,-0.030725259,0,1
176.25,126.5,2,882.85477,876.01219,1716.7166,-833.86188,463.97873,495909220.0,-0.03004404,0,1
176.25,126.75,2,904.38456,896.50132,1758.367,-853.98245,464.97873,636760040.0,-0.029357397,0,1
176.25,127.0,2,927.21172,918.14882,1802.5171,-875.30543,465.77873,777740470.0,-0.028665228,0,1
176.25,127.25,2,951.45771,941.05708,1849.4044,-897.94674,466.57873,949934360.0,-0.027967427,0,1
176.25,127.5,2,977.25966,965.341,1899.2987,-922.03907,467.57873,1219739900.0,-0.027263884,0,1
176.25,127.75,2,1004.7729,991.12987,1952.4855,-947.71265,468.57873,1566177000.0,-0.026554487,0,1
176.25,128.0,2,1034.174,1018.5689,2009.3117,-975.13769,469.57873,2011011000.0,-0.02583914,0,1
176.25,128.25,2,1065.6647,1047.8242,2070.1652,-1004.5005,470.57873,2582189300.0,-0.025117711,0,1
176.25,128.5,2,1099.4766,1079.0846,2135.4949,-1036.0183,471.57873,3315596700.0,-0.024390067,0,1
176.25,128.75,2,1135.8767,1112.5658,2205.812,-1069.9353,472.77873,4475587400.0,-0.023656079,0,1
176.25,129.0,2,1175.1746,1148.5149,2281.7152,-1106.5407,473.77873,5746768000.0,-0.022915632,0,1
176.25,129.25,2,1217.7312,1187.2175,2363.9022,-1146.171,474.97873,7757325400.0,-0.022168597,0,1
176.25,129.5,2,1263.97,1229.007,2453.1917,-1189.2217,476.17873,10471294000.0,-0.021414806,0,1
176.25,129.75,2,1314.3912,1274.2705,2550.5442,-1236.1529,477.57873,14859473000.0,-0.020654126,0,1
176.25,130.0,2,1369.5898,1323.4626,2657.1143,-1287.5245,478.77873,20058191000.0,-0.01988643,0,1
176.25,130.25,2,1430.2792,1377.1246,2774.2814,-1344.0023,480.17873,28463928000.0,-0.01911152,0,1
176.25,130.5,2,1497.3223,1435.8965,2903.7129,-1406.3906,481.57873,40392237000.0,-0.018329278,0,1
176.25,130.75,2,1571.7731,1500.5957,3047.437,-1475.6639,483.17873,60258136000.0,-0.017538998,0,1
176.25,131.0,2,1654.9319,1572.2738,3208.0232,-1553.0913,484.77873,89894576000.0,-0.016739415,0,1
176.25,131.25,2,1748.4226,1652.1277,3388.6035,-1640.1809,486.37873,134106950000.0,-0.015930334,0,1
176.25,131.5,2,1854.2995,1741.6398,3593.149,-1738.8495,487.97873,200064060000.0,-0.015111589,0,1
176.25,131.75,2,1975.201,1842.6744,3826.901,-1851.7,489.97873,329849870000.0,-0.014283014,0,1
176.25,132.0,2,2114.5709,1957.6086,4096.5802,-1982.0092,491.77873,517307570000.0,-0.013444437,0,1
176.25,132.25,2,2276.9946,2089.5215,4411.1923,-2134.1976,493.97873,896624900000.0,-0.01259568,0,1
176.25,132.5,2,2468.7113,2242.4742,4783.2091,-2314.4979,495.97873,1478284500000.0,-0.011736565,0,1
176.25,132.75,2,2698.4377,2421.9351,5229.9895,-2531.5518,498.37873,2693610100000.0,-0.010866908,0,1
176.25,133.0,2,2978.7281,2635.4475,5776.9333,-2798.2052,500.77873,4908077500000.0,-0.0099865184,0,1
176.25,133.25,2,3328.3522,2893.7168,6462.6059,-3134.2537,503.57873,9883654400000.0,-0.0090952043,0,1
176.25,133.5,2,3776.6776,3212.4609,7348.5111,-3571.8335,506.37873,19903236000000.0,-0.0081927676,0,1
176.25,133.75,2,4372.36,3615.7336,8539.8808,-4167.5209,509.57873,44295466000000.0,-0.0072790056,0,1
176.25,134.0,2,5202.191,4142.2951,10234.21,-5032.0192,513.17873,108949270000000.0,-0.0063537108,0,1
176.25,134.25,2,6436.8475,4858.8788,12859.159,-6422.3112,516.97873,281711170000000.0,-0.0054166705,0,1
176.25,134.5,2,8456.5809,5890.9822,17623.266,-9166.6848,521.37873,846307130000000.0,-0.0044676667,0,1
176.25,134.75,2,11903.244,7505.81,31559.649,-19656.405,526.37873,2953902100000000.0,-0.0035064763,0,1
176.25,135.0,2,11717.417,10390.956,81712.289,-69994.873,532.37873,1.3238471e+16,-0.0025328703,0,1
176.25,135.25,2,1041312.7,17017.138,82047.545,959265.15,539.77873,8.4194285e+16,-0.0015466141,0,1
176.25,135.5,2,329906270.0,48074.019,122098.85,329784170.0,550.37873,1.1916892e+18,-0.00054746713,0,1
176.25,135.75,1,,,,,,-1.0,0.00046481727,0,1
176.25,136.0,1,,,,,,-1.0,0.001490492,0,1
176.25,136.25,1,,,,,,-1.0,0.0025298167,0,1
176.25,136.5,1,,,,,,-1.0,0.0035830574,0,1
176.25,136.75,1,,,,,,-1.0,0.0046504873,0,1
176.25,137.0,1,,,,,,-1.0,0.0057323868,0,1
176.25,137.25,1,,,,,,-1.0,0.0068290434,0,1
176.25,137.5,1,,,,,,-1.0,0.0079407526,0,1
176.25,137.75,1,,,,,,-1.0,0.0090678175,0,1
176.25,138.0,1,,,,,,-1.0,0.01021055,0,1
176.5,112.0,3,408.47529,408.63009,795.37568,-386.90039,436.3844,500478.98,-0.06440775,0,1
176.5,112.25,3,411.5031,411.65871,801.28637,-389.78327,436.5844,526139.08,-0.063933897,0,1
176.5,112.5,3,414.59217,414.74866,807.31575,-392.72358,436.7844,553114.81,-0.063457578,0,1
176.5,112.75,3,417.74443,417.90185,813.46725,-395.72283,437.1844,611286.41,-0.062978772,0,1
176.5,113.0,3,420.96187,421.12026,819.74751,-398.78565,437.3844,642627.73,-0.062497456,0,1
176.5,113.25,3,424.24657,424.4059,826.15822,-401.91165,437.7844,710213.48,-0.062013618,0,1
176.5,113.5,3,427.6007,427.76088,832.7036,-405.1029,437.9844,746626.9,-0.061527237,0,1
176.5,113.75,3,431.02654,431.18762,839.38866,-408.36212,438.3844,825150.34,-0.061038267,0,1
176.5,114.0,3,434.52646,434.68848,846.21673,-411.69027,438.5844,867456.7,-0.060546682,0,1
176.5,114.25,3,438.10296,438.26593,853.19491,-415.09195,438.9844,958687.92,-0.060052455,0,1
176.5,114.5,2,441.75861,441.92256,860.32729,-418.56868,439.1844,1007840.9,-0.059555558,0,1
176.5,114.75,2,445.49613,445.66109,867.61893,-422.1228,439.5844,1113836.5,-0.059055963,0,1
176.5,115.0,2,449.31836,449.48436,875.0751,-425.75674,439.7844,1170944.1,-0.05855364,0,1
176.5,115.25,2,453.22829,453.39533,882.70163,-429.47334,440.1844,1294093.3,-0.058048559,0,1
176.5,115.5,2,457.22902,457.39712,890.50477,-433.27575,440.3844,1360442.9,-0.057540688,0,1
176.5,115.75,2,461.32384,461.49302,898.49083,-437.16698,440.7844,1503521.9,-0.057029996,0,1
176.5,116.0,2,465.51618,465.68645,906.66647,-441.15029,441.1844,1661648.7,-0.05651645,0,1
176.5,116.25,2,469.80965,469.98103,915.03853,-445.22888,441.3844,1746843.3,-0.056000015,0,1
176.5,116.5,2,474.20803,474.38051,923.61471,-449.40667,441.7844,1930560.4,-0.055480663,0,1
176.5,116.75,2,478.71533,478.88866,932.40209,-453.68676,442.1844,2133599.2,-0.05495838,0,1
176.5,117.0,2,483.33574,483.50989,941.4091,-458.07336,442.5844,2357991.8,-0.054433106,0,1
176.5,117.25,2,488.07368,488.24861,950.64468,-462.571,442.9844,2605983.9,-0.053904803,0,1
176.5,117.5,2,492.93381,493.10949,960.11733,-467.18352,443.1844,2739595.6,-0.053373431,0,1
176.5,117.75,2,497.92108,498.09742,969.83644,-471.91536,443.5844,3027721.4,-0.05283895,0,1
176.5,118.0,2,503.04066,503.21742,979.81249,-476.77182,443.9844,3346149.6,-0.052301339,0,1
176.5,118.25,2,508.29809,508.47471,990.05617,-481.75808,444.3844,3698067.3,-0.051760579,0,1
176.5,118.5,2,513.69918,513.87542,1000.5778,-486.87859,444.7844,4086996.4,-0.051216587,0,1
176.5,118.75,2,519.25013,519.42567,1011.3901,-492.13995,445.1844,4516829.5,-0.050669319,0,1
176.5,119.0,2,524.95752,525.13148,1022.506,-497.54847,445.5844,4991868.6,-0.050118772,0,1
176.5,119.25,2,530.82834,530.99974,1033.9402,-503.11184,445.9844,5516868.1,-0.049564893,0,1
176.5,119.5,2,536.87005,537.03803,1045.7034,-508.83334,446.3844,6097082.1,-0.049007601,0,1
176.5,119.75,2,543.0906,543.2535,1057.813,-514.72238,446.7844,6738317.9,-0.048446895,0,1
176.5,120.0,2,549.49851,549.65437,1070.2848,-520.78632,447.3844,7828808.4,-0.047882718,0,1
176.5,120.25,2,556.10287,556.24974,1083.1362,-527.03328,447.7844,8652171.4,-0.04731498,0,1
176.5,120.5,2,562.91347,563.04768,1096.3846,-533.47116,448.1844,9562128.2,-0.046743724,0,1
176.5,120.75,2,569.94079,570.05909,1110.0538,-540.11305,448.5844,10567786.0,-0.046168801,0,1
176.5,121.0,2,577.19607,577.29345,1124.1635,-546.96742,449.1844,12278016.0,-0.045590237,0,1
176.5,121.25,2,584.69138,584.76253,1138.7368,-554.04543,449.5844,13569306.0,-0.04500792,0,1
176.5,121.5,2,592.43973,592.47749,1153.7956,-561.35591,450.1844,15765284.0,-0.044421848,0,1
176.5,121.75,2,600.45509,600.45167,1169.3732,-568.91811,450.5844,17423334.0,-0.043831913,0,1
176.5,122.0,2,608.75244,608.69766,1185.492,-576.73951,451.1844,20243026.0,-0.043238124,0,1
176.5,122.25,2,617.34792,617.23099,1202.189,-584.84104,451.5844,22372003.0,-0.042640349,0,1
176.5,122.5,2,626.2589,626.06614,1219.4931,-593.2342,452.1844,25992559.0,-0.042038601,0,1
176.5,122.75,2,635.50403,635.22049,1237.442,-601.93795,452.7844,30199046.0,-0.041432771,0,1
176.5,123.0,2,645.10345,644.71208,1256.075,-610.97151,453.3844,35086285.0,-0.040822789,0,1
176.5,123.25,2,655.07886,654.55921,1275.4335,-620.3546,453.7844,38776342.0,-0.040208654,0,1
176.5,123.5,2,665.4537,664.78367,1295.5634,-630.10968,454.3844,45051682.0,-0.03959024,0,1
176.5,123.75,2,676.25335,675.40789,1316.5142,-640.26082,454.9844,52342587.0,-0.038967483,0,1
176.5,124.0,2,687.50526,686.45565,1338.337,-650.83178,455.5844,60813410.0,-0.038340343,0,1
176.5,124.25,2,699.23931,697.95337,1361.0889,-661.84956,456.1844,70655102.0,-0.037708744,0,1
176.5,124.5,2,711.48793,709.92996,1384.837,-673.3491,456.9844,86298336.0,-0.037072594,0,1
176.5,124.75,2,724.28643,722.41643,1409.647,-685.36061,457.5844,100264360.0,-0.03643182,0,1
176.5,125.0,2,737.67346,735.44654,1435.5902,-697.91675,458.1844,116490570.0,-0.035786347,0,1
176.5,125.25,2,751.69124,749.05716,1462.7548,-711.06358,458.9844,142281900.0,-0.035136097,0,1
176.5,125.5,2,766.38606,763.2883,1491.2227,-724.83659,459.5844,165307990.0,-0.034481002,0,1
176.5,125.75,2,781.80885,778.1843,1521.0993,-739.2905,460.3844,201907630.0,-0.033820966,0,1
176.5,126.0,2,798.01569,793.79373,1552.4854,-754.46968,460.9844,234583200.0,-0.033155899,0,1
176.5,126.25,2,815.06846,810.16989,1585.5085,-770.44007,461.7844,286520570.0,-0.032485711,0,1
176.5,126.5,2,833.03588,827.37152,1620.2937,-787.25787,462.5844,349957010.0,-0.031810311,0,1
176.5,126.75,2,851.994,845.46361,1656.9888,-804.99481,463.3844,427438460.0,-0.031129601,0,1
176.5,127.0,2,872.02765,864.51813,1695.7597,-823.73203,464.1844,522074510.0,-0.030443485,0,1
176.5,127.25,2,893.23163,884.615,1736.7946,-843.56302,465.1844,670356940.0,-0.029751864,0,1
176.5,127.5,2,915.71206,905.84297,1780.2874,-864.57538,465.9844,818775820.0,-0.029054644,0,1
176.5,127.75,2,939.58829,928.30202,1826.4716,-886.88327,466.7844,1000055000.0,-0.028351705,0,1
176.5,128.0,2,964.99498,952.1039,1875.6079,-910.6129,467.7844,1284096100.0,-0.027642934,0,1
176.5,128.25,2,992.08469,977.37433,1927.9896,-935.90495,468.7844,1648812000.0,-0.026928214,0,1
176.5,128.5,2,1021.0309,1004.2553,1983.9642,-962.93325,469.7844,2117116500.0,-0.026207425,0,1
176.5,128.75,2,1052.0318,1032.9071,2043.8917,-991.85997,470.7844,2718431400.0,-0.025480457,0,1
176.5,129.0,2,1085.3146,1063.5123,2108.2208,-1022.9062,471.7844,3490535100.0,-0.024747194,0,1
176.5,129.25,2,1121.1414,1096.2811,2177.4587,-1056.3173,472.9844,4711729500.0,-0.024007478,0,1
176.5,129.5,2,1159.8161,1131.454,2252.1887,-1092.3726,473.9844,6049980400.0,-0.023261172,0,1
176.5,129.75,2,1201.6927,1169.3057,2333.1001,-1131.4074,475.1844,8166619400.0,-0.022508182,0,1
176.5,130.0,2,1247.1868,1210.16,2420.99,-1173.8032,476.3844,11023783000.0,-0.021748319,0,1
176.5,130.25,2,1296.7888,1254.3919,2516.8067,-1220.0179,477.7844,15643493000.0,-0.020981438,0,1
176.5,130.5,2,1351.0819,1302.4398,2621.6678,-1270.5859,478.9844,21116507000.0,-0.020207418,0,1
176.5,130.75,2,1410.7655,1354.8264,2736.9598,-1326.1943,480.3844,29965749000.0,-0.019426065,0,1
176.5,131.0,2,1476.685,1412.2328,2864.2993,-1387.6143,481.7844,42523422000.0,-0.018636406,0,1
176.5,131.25,2,1549.8722,1475.4923,3005.7016,-1455.8294,483.3844,63437492000.0,-0.0178374,0,1
176.5,131.5,2,1631.6003,1545.5473,3163.6332,-1532.0329,484.9844,94637617000.0,-0.017028884,0,1
176.5,131.75,2,1723.458,1623.5544,3341.165,-1617.707,486.5844,141182730000.0,-0.016210695,0,1
176.5,132.0,2,1827.4546,1710.9486,3542.2928,-1714.8382,488.3844,221418600000.0,-0.015382663,0,1
176.5,132.25,2,1946.1677,1809.5318,3772.0265,-1825.8588,490.1844,347253490000.0,-0.014544616,0,1
176.5,132.5,2,2082.9615,1921.5988,4036.9569,-1953.9954,491.9844,544601880000.0,-0.013696379,0,1
176.5,132.75,2,2242.3096,2050.1183,4346.0097,-2103.7001,494.1844,943932860000.0,-0.012837769,0,1
176.5,133.0,2,2430.2957,2198.9991,4711.2232,-2280.9275,496.3844,1636074500000.0,-0.011968602,0,1
176.5,133.25,2,2655.4066,2373.4946,5149.6594,-2494.2527,498.5844,2835731000000.0,-0.01108869,0,1
176.5,133.5,2,2929.8527,2580.836,5686.1934,-2756.3407,501.1844,5431958600000.0,-0.010197837,0,1
176.5,133.75,2,3271.8574,2831.2588,6358.2724,-3086.415,503.7844,10405138000000.0,-0.0092958456,0,1
176.5,134.0,2,3709.8746,3139.7442,7225.7798,-3515.9052,506.5844,20953376000000.0,-0.0083825124,0,1
176.5,134.25,2,4290.9201,3529.1304,8391.4184,-4100.4983,509.7844,46632595000000.0,-0.0074576289,0,1
176.5,134.5,2,5098.542,4036.0403,10046.756,-4948.2144,513.1844,109103800000000.0,-0.0065209817,0,1
176.5,134.75,2,6296.1285,4723.1304,12606.692,-6310.5635,517.1844,296574890000000.0,-0.005572352,0,1
176.5,135.0,2,8244.0223,5707.2221,17241.042,-8997.0202,521.3844,847507560000000.0,-0.0046115158,0,1
176.5,135.25,2,11488.59,7233.9707,31010.092,-19521.503,526.3844,2958092000000000.0,-0.0036382433,0,1
176.5,135.5,2,9634.53,9923.0693,79597.661,-69963.131,532.3844,1.3257249e+16,-0.0026522988,0,1
176.5,135.75,2,863920.27,15917.68,78687.372,785232.89,539.5844,8.0201682e+16,-0.001653441,0,1
176.5,136.0,2,212993840.0,41032.172,113564.85,212880280.0,549.7844,1.0271513e+18,-0.00064142217,0,1
176.5,136.25,1,,,,,,-1.0,0.00038401168,0,1
176.5,136.5,1,,,,,,-1.0,0.0014231211,0,1
176.5,136.75,1,,,,,,-1.0,0.0024761734,0,1
176.5,137.0,1,,,,,,-1.0,0.0035434428,0,1
176.5,137.25,1,,,,,,-1.0,0.0046252109,0,1
176.5,137.5,1,,,,,,-1.0,0.0057217667,0,1
176.5,137.75,1,,,,,,-1.0,0.0068334066,0,1
176.5,138.0,1,,,,,,-1.0,0.0079604355,0,1
176.75,112.0,3,398.83587,398.98871,776.5716,-377.73572,435.99006,453493.54,-0.065964135,0,1
176.75,112.25,3,401.70702,401.86076,782.17722,-380.4702,436.19006,476744.65,-0.065492697,0,1
176.75,112.5,3,404.63491,404.78945,787.89213,-383.25722,436.39006,501187.87,-0.065018852,0,1
176.75,112.75,3,407.62128,407.77653,793.72265,-386.10137,436.79006,553898.26,-0.064542569,0,1
176.75,113.0,3,410.66793,410.82397,799.67036,-389.00243,436.99006,582297.23,-0.064063801,0,1
176.75,113.25,3,413.77674,413.93363,805.73856,-391.96182,437.19006,612152.25,-0.063582525,0,1
176.75,113.5,3,416.94967,417.10745,811.9316,-394.98193,437.59006,676532.86,-0.063098717,0,1
176.75,113.75,3,420.18878,420.34749,818.25297,-398.06418,437.79006,711219.45,-0.062612352,0,1
176.75,114.0,3,423.49621,423.65586,824.70801,-401.2118,438.19006,786019.05,-0.062123406,0,1
176.75,114.25,3,426.87416,427.03478,831.30038,-404.42622,438.39006,826319.11,-0.061631853,0,1
176.75,114.5,3,430.32499,430.48659,838.03478,-407.7098,438.79006,913223.85,-0.061137666,0,1
176.75,114.75,3,433.85111,434.0137,844.91512,-411.06401,438.99006,960045.83,-0.060640816,0,1
176.75,115.0,3,437.45509,437.61867,851.94705,-414.49196,439.39006,1061014.7,-0.060141276,0,1
176.75,115.25,2,441.13958,441.30414,859.13564,-417.99606,439.59006,1115414.1,-0.059639017,0,1
176.75,115.5,2,444.90738,445.07292,866.48619,-421.57881,439.99006,1232723.3,-0.059134007,0,1
176.75,115.75,2,448.7614,448.92791,874.00361,-425.24221,440.39006,1362369.9,-0.058626217,0,1
176.75,116.0,2,452.70473,452.87218,881.69494,-428.99022,440.59006,1432220.1,-0.058115614,0,1
176.75,116.25,2,456.74056,456.90895,889.56689,-432.82633,440.99006,1582848.0,-0.057602165,0,1
176.75,116.5,2,460.87227,461.04159,897.62513,-436.75286,441.19006,1664002.3,-0.057085837,0,1
176.75,116.75,2,465.1034,465.27364,905.87649,-440.77309,441.59006,1839007.0,-0.056566594,0,1
176.75,117.0,2,469.43768,469.60882,914.32801,-444.89033,441.99006,2032417.0,-0.056044401,0,1
176.75,117.25,2,473.87902,474.05105,922.98794,-449.10892,442.39006,2246168.2,-0.055519221,0,1
176.75,117.5,2,478.43155,478.60444,931.86488,-453.43333,442.59006,2361331.7,-0.054991017,0,1
176.75,117.75,2,483.09963,483.27329,940.96516,-457.86554,442.99006,2609675.1,-0.054459755,0,1
176.75,118.0,2,487.88782,488.06179,950.29853,-462.41071,443.39006,2884137.1,-0.053925436,0,1
176.75,118.25,2,492.80099,492.97513,959.87466,-467.07367,443.79006,3187464.4,-0.053387978,0,1
176.75,118.5,2,497.84424,498.01838,969.70265,-471.85841,444.19006,3522693.0,-0.052847337,0,1
176.75,118.75,2,503.023,503.19691,979.79409,-476.77109,444.59006,3893177.8,-0.052303471,0,1
176.75,119.0,2,508.34302,508.51583,990.15907,-481.81605,444.99006,4302626.9,-0.051756393,0,1
176.75,119.25,2,513.81039,513.9815,1000.8097,-486.99931,445.39006,4755138.1,-0.051206016,0,1
176.75,119.5,2,519.43162,519.60039,1011.7583,-492.32667,445.79006,5255240.4,-0.050652281,0,1
176.75,119.75,2,525.2136,525.3787,1023.0185,-497.80493,446.19006,5807938.8,-0.050095189,0,1
176.75,120.0,2,531.16372,531.32363,1034.6038,-503.44003,446.59006,6418765.1,-0.049534678,0,1
176.75,120.25,2,537.28985,537.44307,1046.5299,-509.24002,446.99006,7093832.5,-0.048970666,0,1
176.75,120.5,2,543.60042,543.74409,1058.813,-515.21261,447.39006,7839897.4,-0.048403184,0,1
176.75,120.75,2,550.10446,550.23595,1071.4698,-521.36537,447.99006,9108661.3,-0.047832107,0,1
176.75,121.0,2,556.81164,556.92715,1084.5193,-527.70767,448.39006,10066628.0,-0.047257429,0,1
176.75,121.25,2,563.73235,563.82736,1097.9808,-534.24845,448.79006,11125344.0,-0.046679085,0,1
176.75,121.5,2,570.87776,570.94677,1111.8749,-540.9971,449.39006,12925806.0,-0.046097021,0,1
176.75,121.75,2,578.25982,578.2961,1126.2281,-547.9683,449.79006,14285224.0,-0.045511192,0,1
176.75,122.0,2,585.89135,585.88697,1141.0605,-555.16911,450.39006,16597063.0,-0.04492154,0,1
176.75,122.25,2,593.78617,593.73187,1156.4039,-562.61768,450.79006,18342591.0,-0.044327998,0,1
176.75,122.5,2,601.95908,601.84358,1172.2821,-570.32299,451.39006,21311051.0,-0.04373054,0,1
176.75,122.75,2,610.42595,610.23702,1188.7267,-578.30071,451.79006,23552353.0,-0.043129053,0,1
176.75,123.0,2,619.2039,618.92637,1205.7727,-586.56883,452.39006,27363931.0,-0.042523548,0,1
176.75,123.25,2,628.31132,627.92869,1223.4578,-595.14646,452.99006,31792352.0,-0.041913908,0,1
176.75,123.5,2,637.768,637.2616,1241.8149,-604.04685,453.39006,35135982.0,-0.041300064,0,1
176.75,123.75,2,647.5953,646.9431,1260.8839,-613.28865,453.99006,40822188.0,-0.040682009,0,1
176.75,124.0,2,657.81628,656.99423,1280.7173,-622.90107,454.59006,47428615.0,-0.040059629,0,1
176.75,124.25,2,668.45588,667.43702,1301.3598,-632.90388,455.19006,55104189.0,-0.039432852,0,1
176.75,124.5,2,679.5411,678.29517,1322.862,-643.32086,455.79006,64021934.0,-0.038801611,0,1
176.75,124.75,2,691.10129,689.59376,1345.2818,-654.1805,456.39006,74382875.0,-0.038165869,0,1
176.75,125.0,2,703.1684,701.36123,1368.6788,-665.51037,457.19006,90851449.0,-0.03752552,0,1
176.75,125.25,2,715.77712,713.62794,1393.1235,-677.3464,457.79006,105554320.0,-0.036880486,0,1
176.75,125.5,2,728.96544,726.42686,1418.6849,-689.71942,458.39006,122636630.0,-0.036230688,0,1
176.75,125.75,2,742.77489,739.79396,1445.4499,-702.67505,459.19006,149788720.0,-0.035576047,0,1
176.75,126.0,2,757.25099,753.76855,1473.4989,-716.24786,459.79006,174029660.0,-0.034916481,0,1
176.75,126.25,2,772.44379,768.39367,1502.9353,-730.49155,460.59006,212560310.0,-0.034251903,0,1
176.75,126.5,2,788.40846,783.71656,1533.8588,-745.45031,461.19006,246959840.0,-0.033582224,0,1
176.75,126.75,2,805.20583,799.78917,1566.3878,-761.18202,461.99006,301637430.0,-0.032907354,0,1
176.75,127.0,2,822.90338,816.66878,1600.6623,-777.75894,462.79006,368420790.0,-0.032227196,0,1
176.75,127.25,2,841.57597,834.41868,1636.8134,-795.23738,463.59006,449990170.0,-0.031541654,0,1
176.75,127.5,2,861.30693,853.10899,1675.0073,-813.70033,464.39006,549619240.0,-0.030850624,0,1
176.75,127.75,2,882.18937,872.8176,1715.422,-833.23268,465.39006,705725070.0,-0.030154004,0,1
176.75,128.0,2,904.32765,893.63129,1758.2705,-853.94286,466.19006,861974550.0,-0.029451683,0,1
176.75,128.25,2,927.83901,915.64701,1803.762,-875.92295,466.99006,1052818100.0,-0.028743549,0,1
176.75,128.5,2,952.85575,938.973,1852.1569,-899.30119,467.99006,1351845200.0,-0.028029502,0,1
176.75,128.75,2,979.52769,963.73108,1903.7483,-924.22062,468.99006,1735803600.0,-0.027309429,0,1
176.75,129.0,2,1008.0252,990.05981,1958.8621,-950.8369,469.99006,2228815900.0,-0.026583187,0,1
176.75,129.25,2,1038.5429,1018.1155,2017.8751,-979.33222,470.99006,2861856300.0,-0.025850648,0,1
176.75,129.5,2,1071.3038,1048.0748,2081.2161,-1009.9123,471.99006,3674696200.0,-0.025111704,0,1
176.75,129.75,2,1106.5653,1080.1406,2149.3862,-1042.8209,473.19006,4960321100.0,-0.024366221,0,1
176.75,130.0,2,1144.6256,1114.5469,2222.9575,-1078.332,474.19006,6369178300.0,-0.023614032,0,1
176.75,130.25,2,1185.832,1151.5606,2302.6047,-1116.7726,475.39006,8597491400.0,-0.022855025,0,1
176.75,130.5,2,1230.5921,1191.4933,2389.1165,-1158.5244,476.59006,11605400000.0,-0.022089041,0,1
176.75,130.75,2,1279.3869,1234.7091,2483.4212,-1204.0343,477.99006,16468846000.0,-0.021315908,0,1
176.75,131.0,2,1332.7881,1281.632,2586.629,-1253.8409,479.19006,22230617000.0,-0.020535492,0,1
176.75,131.25,2,1391.4811,1332.842,2700.0676,-1308.5865,480.59006,31546747000.0,-0.019746486,0,1
176.75,131.5,2,1456.2941,1389.0002,2825.3455,-1369.0514,481.99006,44766964000.0,-0.018948122,0,1
176.75,131.75,2,1528.2377,1450.8599,2964.4064,-1436.1687,483.59006,66784463000.0,-0.018140239,0,1
176.75,132.0,2,1608.5583,1519.3351,3119.7327,-1511.1743,485.19006,99630712000.0,-0.017322673,0,1
176.75,132.25,2,1698.8103,1595.5465,3294.3177,-1595.5074,486.79006,148631560000.0,-0.016495254,0,1
176.75,132.5,2,1800.9581,1680.883,3492.0321,-1691.0741,488.59006,233100680000.0,-0.015657809,0,1
176.75,132.75,2,1917.5216,1777.0871,3717.7839,-1800.2623,490.39006,365574640000.0,-0.014810161,0,1
176.75,133.0,2,2051.7858,1886.3749,3978.113,-1926.3272,492.39006,602730680000.0,-0.013952129,0,1
176.75,133.25,2,2208.1168,2011.6094,4281.6226,-2073.5058,494.39006,993734900000.0,-0.013083527,0,1
176.75,133.5,2,2392.4449,2156.5543,4640.2214,-2247.7765,496.59006,1722394000000.0,-0.012204165,0,1
176.75,133.75,2,2613.0365,2326.259,5070.4929,-2457.4564,498.79006,2985344600000.0,-0.01131385,0,1
176.75,134.0,2,2881.7662,2527.6587,5596.6781,-2714.9119,501.39006,5718549500000.0,-0.010412381,0,1
176.75,134.25,2,3216.3288,2770.5452,6255.401,-3039.0722,503.99006,10954115000000.0,-0.0094995546,0,1
176.75,134.5,2,3644.2965,3069.2068,7105.1252,-3460.8288,506.79006,22058879000000.0,-0.0085751617,0,1
176.75,134.75,2,4211.1046,3445.3444,8245.4402,-4034.3356,509.99006,49092938000000.0,-0.0076389882,0,1
176.75,135.0,2,4997.2007,3933.5936,9862.7339,-4865.5333,513.39006,114860140000000.0,-0.0066908144,0,1
176.75,135.25,2,6159.0351,4592.8511,12359.141,-6200.1056,517.19006,296994970000000.0,-0.0057304155,0,1
176.75,135.5,2,8038.2206,5532.025,16870.135,-8831.9142,521.59006,892222190000000.0,-0.0047575608,0,1
176.75,135.75,2,11091.906,6977.4253,30474.508,-19382.601,526.39006,2962282000000000.0,-0.0037720139,0,1
176.75,136.0,2,7746.1183,9489.3232,77580.32,-69834.202,532.19006,1.2628547e+16,-0.0027735324,0,1
176.75,136.25,2,722474.51,14938.094,75360.316,647114.2,539.39006,7.6398259e+16,-0.0017618676,0,1
176.75,136.5,2,142426270.0,35722.321,106001.12,142320260.0,548.99006,8.4215149e+17,-0.0007367647,0,1
176.75,136.75,1,,,,,,-1.0,0.00030203804,0,1
176.75,137.0,1,,,,,,-1.0,0.001354809,0,1
176.75,137.25,1,,,,,,-1.0,0.0024218235,0,1
176.75,137.5,1,,,,,,-1.0,0.0035033643,0,1
176.75,137.75,1,,,,,,-1.0,0.0045997215,0,1
176.75,138.0,1,,,,,,-1.0,0.005711193,0,1
177.0,112.0,3,389.59357,389.74461,758.53889,-368.94532,435.59572,410918.32,-0.067528695,0,1
177.0,112.25,3,392.31856,392.47025,763.85879,-371.54022,435.79572,431986.55,-0.067059719,0,1
177.0,112.5,3,395.0962,395.24862,769.28314,-374.18694,435.99572,454134.97,-0.06658833,0,1
177.0,112.75,3,397.92802,398.08125,774.81278,-376.88476,436.39572,501896.77,-0.066114506,0,1
177.0,113.0,3,400.81567,400.96978,780.45067,-379.63501,436.59572,527629.56,-0.065638226,0,1
177.0,113.25,3,403.76084,403.91585,786.1996,-382.43876,436.79572,554681.71,-0.065159476,0,1
177.0,113.5,3,406.76534,406.92105,792.06556,-385.30023,437.19572,613018.09,-0.064678259,0,1
177.0,113.75,3,409.83098,409.98746,798.05028,-388.2193,437.39572,644448.2,-0.064194512,0,1
177.0,114.0,3,412.9597,413.117,804.15815,-391.19845,437.79572,712225.41,-0.063708211,0,1
177.0,114.25,3,416.1535,416.31166,810.39224,-394.23874,437.99572,748741.99,-0.063219332,0,1
177.0,114.5,3,419.41449,419.57354,816.75693,-397.34243,438.19572,787130.81,-0.062727848,0,1
177.0,114.75,3,422.74486,422.90482,823.25571,-400.51084,438.59572,869914.08,-0.062233732,0,1
177.0,115.0,3,426.14691,426.30777,829.89539,-403.74849,438.79572,914515.53,-0.061736958,0,1
177.0,115.25,3,429.623,429.78479,836.67928,-407.05628,439.19572,1010696.0,-0.061237497,0,1
177.0,115.5,3,433.17565,433.33837,843.61197,-410.43632,439.39572,1062515.5,-0.06073532,0,1
177.0,115.75,3,436.80747,436.97113,850.69834,-413.89087,439.79572,1174261.2,-0.060230397,0,1
177.0,116.0,2,440.5212,440.68581,857.94418,-417.42297,440.19572,1297759.3,-0.059722697,0,1
177.0,116.25,2,444.31971,444.48526,865.3549,-421.03519,440.39572,1364296.9,-0.059212188,0,1
177.0,116.5,2,448.20601,448.37251,872.93651,-424.7305,440.79572,1507781.2,-0.058698838,0,1
177.0,116.75,2,452.18326,452.35069,880.69476,-428.5115,441.19572,1666355.9,-0.058182612,0,1
177.0,117.0,2,456.25476,456.42314,888.63607,-432.38131,441.39572,1751791.8,-0.057663477,0,1
177.0,117.25,2,460.42399,460.59331,896.76763,-436.34363,441.79572,1936029.4,-0.057141396,0,1
177.0,117.5,2,464.69462,464.86483,905.09586,-440.40123,442.19572,2139643.4,-0.05661634,0,1
177.0,117.75,2,469.07049,469.24126,913.62884,-444.55835,442.39572,2249345.3,-0.056088301,0,1
177.0,118.0,2,473.55566,473.72692,922.37365,-448.818,442.79572,2485911.0,-0.055557208,0,1
177.0,118.25,2,478.15439,478.32605,931.33942,-453.18503,443.19572,2747356.5,-0.055023022,0,1
177.0,118.5,2,482.8712,483.04315,940.53448,-457.66328,443.59572,3036298.5,-0.054485702,0,1
177.0,118.75,2,487.71085,487.88286,949.96767,-462.25682,443.99572,3355628.8,-0.053945214,0,1
177.0,119.0,2,492.67839,492.84971,959.64885,-466.97046,444.39572,3708543.4,-0.053401564,0,1
177.0,119.25,2,497.77916,497.94943,969.58968,-471.81051,444.79572,4098574.3,-0.052854654,0,1
177.0,119.5,2,503.01884,503.18759,979.79985,-476.78102,445.19572,4529625.1,-0.05230444,0,1
177.0,119.75,2,508.40343,508.56957,990.28999,-481.88656,445.59572,5006009.9,-0.051750923,0,1
177.0,120.0,2,513.93936,514.10173,1001.0734,-487.13404,445.99572,5532496.6,-0.051194041,0,1
177.0,120.25,2,519.63346,519.79092,1012.1628,-492.52933,446.39572,6114354.3,-0.050633714,0,1
177.0,120.5,2,525.49302,525.64339,1023.5726,-498.07958,446.79572,6757406.6,-0.050069963,0,1
177.0,120.75,2,531.52586,531.66698,1035.3173,-503.79141,447.19572,7468089.2,-0.049502689,0,1
177.0,121.0,2,537.74034,537.8694,1047.4122,-509.67188,447.59572,8253515.0,-0.04893185,0,1
177.0,121.25,2,544.14541,544.25852,1059.876,-515.7306,448.19572,9589216.4,-0.048357433,0,1
177.0,121.5,2,550.75066,550.8438,1072.7275,-521.97679,448.59572,10597723.0,-0.047779325,0,1
177.0,121.75,2,557.56638,557.63365,1085.9855,-528.41908,448.99572,11712295.0,-0.047197555,0,1
177.0,122.0,2,564.6036,564.63902,1099.6689,-535.06534,449.59572,13607746.0,-0.046611984,0,1
177.0,122.25,2,571.87418,571.86953,1113.8057,-541.93149,449.99572,15038885.0,-0.046022639,0,1
177.0,122.5,2,579.39077,579.33732,1128.4148,-549.02405,450.39572,16620538.0,-0.045429397,0,1
177.0,122.75,2,587.16699,587.05397,1143.5274,-556.36044,450.99572,19310310.0,-0.044832241,0,1
177.0,123.0,2,595.21745,595.0325,1159.1682,-563.95076,451.59572,22435380.0,-0.044231105,0,1
177.0,123.25,2,603.55779,603.28722,1175.368,-571.81023,451.99572,24794929.0,-0.043625895,0,1
177.0,123.5,2,612.20483,611.83198,1192.1604,-579.95553,452.59572,28807598.0,-0.043016622,0,1
177.0,123.75,2,621.17667,620.68357,1209.5806,-588.40396,453.19572,33469654.0,-0.04240316,0,1
177.0,124.0,2,630.4928,629.85915,1227.6657,-597.17292,453.59572,36989688.0,-0.041785446,0,1
177.0,124.25,2,640.17419,639.3765,1246.4566,-606.28236,454.19572,42975886.0,-0.041163454,0,1
177.0,124.5,2,650.24353,649.25586,1265.9972,-615.75366,454.79572,49930856.0,-0.040537093,0,1
177.0,124.75,2,660.72538,659.51887,1286.3308,-625.60543,455.39572,58011379.0,-0.03990628,0,1
177.0,125.0,2,671.64628,670.1887,1307.5181,-635.87181,455.99572,67399606.0,-0.039270947,0,1
177.0,125.25,2,683.03506,681.29043,1329.6081,-646.57304,456.59572,78307170.0,-0.038631021,0,1
177.0,125.5,2,694.92314,692.85081,1352.659,-657.73589,457.19572,90979952.0,-0.037986454,0,1
177.0,125.75,2,707.34466,704.89989,1376.7457,-669.40107,457.99572,111123160.0,-0.037337139,0,1
177.0,126.0,2,720.33696,717.4699,1401.9302,-681.59325,458.59572,129106700.0,-0.036682995,0,1
177.0,126.25,2,733.94086,730.59594,1428.3005,-694.35961,459.39572,157691280.0,-0.036023941,0,1
177.0,126.5,2,748.20115,744.31635,1455.9355,-707.73434,459.99572,183211120.0,-0.035359891,0,1
177.0,126.75,2,763.16699,758.67312,1484.9315,-721.76456,460.79572,223774570.0,-0.034690757,0,1
177.0,127.0,2,778.89268,773.71231,1515.4021,-736.50945,461.39572,259988960.0,-0.034016448,0,1
177.0,127.25,2,795.438,789.48459,1547.4502,-752.01224,462.19572,317551230.0,-0.03333687,0,1
177.0,127.5,2,812.86923,806.04575,1581.2092,-768.34001,462.99572,387857950.0,-0.032651925,0,1
177.0,127.75,2,831.26003,823.45747,1616.8279,-785.56784,463.79572,473730770.0,-0.031961511,0,1
177.0,128.0,2,850.69228,841.78804,1654.4521,-803.75984,464.59572,578616070.0,-0.031265525,0,1
177.0,128.25,2,871.25746,861.11282,1694.2635,-823.00608,465.59572,742957750.0,-0.030563876,0,1
177.0,128.5,2,893.05808,881.51628,1736.4602,-843.40211,466.39572,907450640.0,-0.029856448,0,1
177.0,128.75,2,916.20938,903.09299,1781.2723,-865.06294,467.19572,1108362700.0,-0.029143118,0,1
177.0,129.0,2,940.84136,925.94862,1828.9384,-888.09706,468.19572,1423165900.0,-0.028423764,0,1
177.0,129.25,2,967.10115,950.20195,1879.7464,-912.64526,469.19572,1827381200.0,-0.027698265,0,1
177.0,129.5,2,995.15607,975.9854,1934.0206,-938.86453,470.19572,2346403900.0,-0.026966536,0,1
177.0,129.75,2,1025.1971,1003.4519,1992.1313,-966.93419,471.19572,3012842200.0,-0.026228407,0,1
177.0,130.0,2,1057.4435,1032.7741,2054.5011,-997.05765,472.19572,3868566000.0,-0.025483739,0,1
177.0,130.25,2,1092.1476,1064.1468,2121.6179,-1029.4704,473.39572,5222017900.0,-0.024732438,0,1
177.0,130.5,2,1129.602,1097.7971,2194.0465,-1064.4445,474.59572,7048986800.0,-0.023974325,0,1
177.0,130.75,2,1170.1478,1133.9849,2272.4485,-1102.3007,475.59572,9051078300.0,-0.023209255,0,1
177.0,131.0,2,1214.1845,1173.0098,2357.5977,-1143.4131,476.99572,12844091000.0,-0.022437105,0,1
177.0,131.25,2,1262.1839,1215.2291,2450.41,-1188.2262,478.19572,17337710000.0,-0.021657599,0,1
177.0,131.5,2,1314.7065,1261.1315,2551.9677,-1237.2612,479.59572,24603382000.0,-0.02086931,0,1
177.0,131.75,2,1372.4239,1311.2493,2663.5621,-1291.1382,480.79572,33211091000.0,-0.020071656,0,1
177.0,132.0,2,1436.1477,1366.1907,2786.8074,-1350.6597,482.39572,49545126000.0,-0.019264474,0,1
177.0,132.25,2,1506.8675,1426.6867,2923.6151,-1416.7476,483.79572,70307881000.0,-0.0184476,0,1
177.0,132.5,2,1585.8032,1493.6241,3076.3616,-1490.5584,485.39572,104887030000.0,-0.017620863,0,1
177.0,132.75,2,1674.4758,1568.0889,3247.9932,-1573.5174,486.99572,156473070000.0,-0.01678409,0,1
177.0,133.0,2,1774.8068,1651.4259,3442.3482,-1667.5414,488.79572,245398620000.0,-0.015937103,0,1
177.0,133.25,2,1889.2582,1745.3204,3664.2327,-1774.9745,490.59572,384861640000.0,-0.015079722,0,1
177.0,133.5,2,2021.039,1851.9133,3919.9642,-1898.9252,492.59572,634529570000.0,-0.014211758,0,1
177.0,133.75,2,2174.4095,1973.9668,4218.091,-2043.6815,494.59572,1046162400000.0,-0.013333023,0,1
177.0,134.0,2,2355.1523,2115.1061,4570.1167,-2214.9644,496.79572,1813264100000.0,-0.012443321,0,1
177.0,134.25,2,2571.3173,2280.1866,4992.3257,-2421.0085,498.99572,3142845600000.0,-0.011542452,0,1
177.0,134.5,2,2834.4549,2475.8629,5508.462,-2674.0071,501.59572,6020249000000.0,-0.010630211,0,1
177.0,134.75,2,3161.7484,2711.5074,6154.1172,-2992.3688,504.19572,11532033000000.0,-0.0097063888,0,1
177.0,135.0,2,3579.9182,3000.7565,6986.1724,-3406.2543,506.99572,23222662000000.0,-0.00877077,0,1
177.0,135.25,2,4132.8814,3364.2455,8101.7934,-3968.9119,510.19572,51682985000000.0,-0.0078231346,0,1
177.0,135.5,2,4898.1104,3834.7604,9681.8544,-4783.744,513.59572,120919930000000.0,-0.0068632567,0,1
177.0,135.75,2,6025.4589,4467.7253,12116.264,-6090.8048,517.39572,312663840000000.0,-0.0058909049,0,1
177.0,136.0,2,7838.9375,5364.8171,16506.862,-8667.9247,521.59572,893484170000000.0,-0.004905842,0,1
177.0,136.25,2,10712.197,6734.9352,29952.393,-19240.196,526.59572,3118566200000000.0,-0.0039078246,0,1
177.0,136.5,2,6030.583,9086.1411,75653.931,-69623.348,532.19572,1.2646409e+16,-0.0028966032,0,1
177.0,136.75,2,608673.01,14059.853,72876.708,535796.3,539.19572,7.2775062e+16,-0.0018719218,0,1
177.0,137.0,2,98134124.0,31575.74,99253.123,98034871.0,548.39572,7.2587174e+17,-0.00083351793,0,1
177.0,137.25,1,,,,,,-1.0,0.00021887793,0,1
177.0,137.5,1,,,,,,-1.0,0.0012855423,0,1
177.0,137.75,1,,,,,,-1.0,0.0023667589,0,1
177.0,138.0,1,,,,,,-1.0,0.0034628191,0,1
177.25,112.0,3,380.7244,380.87357,741.23127,-360.50686,435.20136,372339.43,-0.069101527,0,1
177.25,112.25,3,383.31289,383.46282,746.28611,-362.97322,435.40136,391429.68,-0.068634934,0,1
177.25,112.5,3,385.95025,386.10102,751.43717,-365.48692,435.60136,411498.71,-0.068165955,0,1
177.25,112.75,3,388.63788,388.78928,756.68612,-368.04824,436.00136,454776.41,-0.067694626,0,1
177.25,113.0,3,391.3773,391.52937,762.03431,-370.65701,436.20136,478093.29,-0.067220871,0,1
177.25,113.25,3,394.17004,394.32284,767.48833,-373.31829,436.40136,502605.66,-0.066744663,0,1
177.25,113.5,3,397.01771,397.1713,773.04884,-376.03114,436.80136,555465.16,-0.066265979,0,1
177.25,113.75,3,399.92196,400.0764,778.71966,-378.7977,437.00136,583944.47,-0.065784797,0,1
177.25,114.0,3,402.88455,403.03988,784.50398,-381.61943,437.20136,613883.94,-0.065301094,0,1
177.25,114.25,3,405.90729,406.0635,790.40412,-384.49683,437.60136,678446.68,-0.06481485,0,1
177.25,114.5,3,408.99208,409.14905,796.42669,-387.4346,437.80136,713231.38,-0.064326056,0,1
177.25,114.75,3,412.14089,412.29866,802.57389,-390.433,438.20136,788242.58,-0.063834661,0,1
177.25,115.0,3,415.35577,415.51436,808.84942,-393.49366,438.40136,828656.64,-0.063340638,0,1
177.25,115.25,3,418.63887,418.79832,815.25748,-396.61861,438.80136,915807.22,-0.06284396,0,1
177.25,115.5,3,421.99244,422.15277,821.80311,-399.81067,439.00136,962761.66,-0.062344599,0,1
177.25,115.75,3,425.41883,425.58005,828.4901,-403.07128,439.40136,1064016.2,-0.061842525,0,1
177.25,116.0,3,428.92049,429.08262,835.32372,-406.40323,439.60136,1118569.5,-0.061337709,0,1
177.25,116.25,3,432.49999,432.66305,842.30868,-409.80869,440.00136,1236210.4,-0.06083012,0,1
177.25,116.5,3,436.16002,436.32401,849.45014,-413.29012,440.20136,1299592.3,-0.060319727,0,1
177.25,116.75,3,439.90339,440.06833,856.75337,-416.84997,440.60136,1436271.6,-0.059806496,0,1
177.25,117.0,2,443.73307,443.89896,864.22477,-420.4917,441.00136,1587325.6,-0.059290395,0,1
177.25,117.25,2,447.65215,447.81882,871.87035,-424.21821,441.20136,1668709.6,-0.058771413,0,1
177.25,117.5,2,451.66387,451.83126,879.69642,-428.03255,441.60136,1844209.3,-0.0582495,0,1
177.25,117.75,2,455.77166,455.93972,887.70906,-431.93739,442.00136,2038166.5,-0.057724616,0,1
177.25,118.0,2,459.97912,460.14779,895.91546,-435.93635,442.20136,2142665.5,-0.057196721,0,1
177.25,118.25,2,464.29001,464.45925,904.32257,-440.03256,442.60136,2368011.6,-0.056665779,0,1
177.25,118.5,2,468.70833,468.87806,912.93802,-444.22969,443.00136,2617057.5,-0.056131748,0,1
177.25,118.75,2,473.23828,473.40813,921.77064,-448.53235,443.40136,2892295.9,-0.05559462,0,1
177.25,119.0,2,477.8843,478.05385,930.82829,-452.94398,443.80136,3196481.3,-0.055054353,0,1
177.25,119.25,2,482.65108,482.82006,940.12029,-457.46922,444.20136,3532658.2,-0.054510877,0,1
177.25,119.5,2,487.54359,487.71168,949.65642,-462.11283,444.40136,3713781.4,-0.053964148,0,1
177.25,119.75,2,492.56709,492.73339,959.44654,-466.87944,444.80136,4104363.2,-0.05341417,0,1
177.25,120.0,2,497.72719,497.8908,969.50107,-471.77387,445.20136,4536022.9,-0.052860878,0,1
177.25,120.25,2,503.02985,503.18992,979.83217,-476.80232,445.60136,5013080.6,-0.052304198,0,1
177.25,120.5,2,508.4814,508.6363,990.45126,-481.96986,446.00136,5540310.8,-0.051744134,0,1
177.25,120.75,2,514.08862,514.23653,1001.3719,-487.2833,446.60136,6436922.8,-0.051180622,0,1
177.25,121.0,2,519.85874,519.99773,1012.6078,-492.74905,447.00136,7113899.9,-0.050613576,0,1
177.25,121.25,2,525.79951,525.92618,1024.1738,-498.37428,447.40136,7862075.3,-0.050043041,0,1
177.25,121.5,2,531.9192,532.0305,1036.0856,-504.16637,447.80136,8688937.0,-0.049468865,0,1
177.25,121.75,2,538.2267,538.31794,1048.3598,-510.13305,448.20136,9602760.5,-0.04889108,0,1
177.25,122.0,2,544.73154,544.79776,1061.0135,-516.28194,448.80136,11156816.0,-0.048309569,0,1
177.25,122.25,2,551.44389,551.47848,1074.0708,-522.6269,449.20136,12330189.0,-0.047724337,0,1
177.25,122.5,2,558.37465,558.37051,1087.5472,-529.17256,449.60136,13626966.0,-0.047135271,0,1
177.25,122.75,2,565.53552,565.48337,1101.4702,-535.93463,450.20136,15832275.0,-0.046542386,0,1
177.25,123.0,2,572.93904,572.82908,1115.8597,-542.9207,450.60136,17497370.0,-0.045945546,0,1
177.25,123.25,2,580.59857,580.41854,1130.7433,-550.14477,451.20136,20329044.0,-0.04534477,0,1
177.25,123.5,2,588.52851,588.26502,1146.1494,-557.62085,451.60136,22467068.0,-0.044739946,0,1
177.25,123.75,2,596.74428,596.38218,1162.108,-565.36374,452.20136,26103009.0,-0.044131005,0,1
177.25,124.0,2,605.26244,604.78363,1178.6507,-573.38831,452.80136,30327370.0,-0.043517952,0,1
177.25,124.25,2,614.10078,613.48583,1195.8131,-581.71228,453.20136,33516927.0,-0.042900657,0,1
177.25,124.5,2,623.27845,622.50546,1213.6307,-590.3523,453.80136,38941114.0,-0.042279059,0,1
177.25,124.75,2,632.81609,631.86014,1232.144,-599.32787,454.40136,45243120.0,-0.041653118,0,1
177.25,125.0,2,642.73601,641.5693,1251.3963,-608.66027,455.00136,52565006.0,-0.041022763,0,1
177.25,125.25,2,653.06232,651.65422,1271.4298,-618.36751,455.60136,61071824.0,-0.040387899,0,1
177.25,125.5,2,663.82119,662.13753,1292.3044,-628.48318,456.20136,70955336.0,-0.039748457,0,1
177.25,125.75,2,675.04092,673.04371,1314.0692,-639.0283,456.80136,82438339.0,-0.039104362,0,1
177.25,126.0,2,686.75241,684.39934,1336.7809,-650.02844,457.40136,95779685.0,-0.038455539,0,1
177.25,126.25,2,698.98924,696.2332,1360.5113,-661.52207,458.20136,116985570.0,-0.03780191,0,1
177.25,126.5,2,711.78814,708.57662,1385.325,-673.53682,458.80136,135917840.0,-0.037143401,0,1
177.25,126.75,2,725.1892,721.46407,1411.3057,-686.11646,459.60136,166010430.0,-0.036479911,0,1
177.25,127.0,2,739.23653,734.93297,1438.5322,-699.29571,460.20136,192876600.0,-0.035811355,0,1
177.25,127.25,2,753.97842,749.02426,1467.0995,-713.12104,461.00136,235580010.0,-0.035137641,0,1
177.25,127.5,2,769.46822,763.78285,1497.1182,-727.65002,461.60136,273704920.0,-0.034458675,0,1
177.25,127.75,2,785.76478,779.25794,1528.6902,-742.9254,462.40136,334303950.0,-0.033774369,0,1
177.25,128.0,2,802.93322,795.5038,1561.9472,-759.01399,463.20136,408319770.0,-0.033084625,0,1
177.25,128.25,2,821.04587,812.58064,1597.0271,-775.98123,464.00136,498722890.0,-0.032389333,0,1
177.25,128.5,2,840.18331,830.55493,1634.0946,-793.9113,464.80136,609141510.0,-0.031688386,0,1
177.25,128.75,2,860.43541,849.50047,1673.3085,-812.8731,465.80136,782153180.0,-0.030981672,0,1
177.25,129.0,2,881.90289,869.49942,1714.8708,-832.96788,466.60136,955324050.0,-0.030269077,0,1
177.25,129.25,2,904.69895,890.64308,1758.9991,-854.30017,467.60136,1226660400.0,-0.029550496,0,1
177.25,129.5,2,928.95126,913.03359,1805.9416,-876.9903,468.40136,1498246400.0,-0.028825823,0,1
177.25,129.75,2,954.8044,936.78715,1855.977,-901.17258,469.40136,1923786400.0,-0.028094904,0,1
177.25,130.0,2,982.42267,962.03387,1909.421,-926.99833,470.40136,2470190600.0,-0.027357608,0,1
177.25,130.25,2,1011.9937,988.91911,1966.6489,-954.65521,471.40136,3171787600.0,-0.02661385,0,1
177.25,130.5,2,1043.7324,1017.6117,2028.0568,-984.32437,472.40136,4072655800.0,-0.025863446,0,1
177.25,130.75,2,1077.8869,1048.3019,2094.1337,-1016.2468,473.60136,5497510400.0,-0.025106264,0,1
177.25,131.0,2,1114.7441,1081.2072,2165.4345,-1050.6904,474.80136,7420862800.0,-0.024342185,0,1
177.25,131.25,2,1154.6387,1116.5812,2242.5947,-1087.956,475.80136,9528576400.0,-0.023571008,0,1
177.25,131.5,2,1197.9625,1154.7216,2326.4004,-1128.4378,477.20136,13521694000.0,-0.022792458,0,1
177.25,131.75,2,1245.1783,1196.0464,2417.7392,-1172.5609,478.40136,18252377000.0,-0.022004953,0,1
177.25,132.0,2,1296.8354,1240.987,2517.6747,-1220.8393,479.80136,25901356000.0,-0.021208075,0,1
177.25,132.25,2,1353.5922,1290.0393,2627.485,-1273.8928,481.20136,36755774000.0,-0.020401662,0,1
177.25,132.5,2,1416.2435,1343.7941,2748.7271,-1332.4836,482.60136,52158926000.0,-0.019585548,0,1
177.25,132.75,2,1485.7587,1402.9615,2883.282,-1397.5233,484.00136,74017039000.0,-0.018759564,0,1
177.25,133.0,2,1563.3321,1468.4015,3033.4681,-1470.1359,485.60136,110420450000.0,-0.017923534,0,1
177.25,133.25,2,1650.4519,1541.1671,3202.2474,-1551.7955,487.20136,164727950000.0,-0.017077281,0,1
177.25,133.5,2,1748.9966,1622.5606,3393.278,-1644.2814,489.00136,258344850000.0,-0.016220623,0,1
177.25,133.75,2,1861.3734,1714.2125,3611.3006,-1749.9272,490.80136,405165380000.0,-0.015353373,0,1
177.25,134.0,2,1990.7158,1818.1918,3862.5794,-1871.8636,492.80136,668004780000.0,-0.01447534,0,1
177.25,134.25,2,2141.1819,1937.1639,4155.3308,-2014.1488,494.80136,1101353700000.0,-0.013586328,0,1
177.25,134.5,2,2318.4096,2074.6225,4500.9646,-2182.555,497.00136,1908924600000.0,-0.012686137,0,1
177.25,134.75,2,2530.2401,2235.238,4915.2993,-2385.0592,499.20136,3308649300000.0,-0.011774561,0,1
177.25,135.0,2,2787.9081,2425.3987,5421.433,-2633.5249,501.80136,6337852900000.0,-0.010851389,0,1
177.25,135.25,2,3108.1015,2654.0808,6054.2432,-2946.1418,504.40136,12140416000000.0,-0.009916407,0,1
177.25,135.5,2,3516.7188,2934.3062,6869.2048,-3352.486,507.20136,24447796000000.0,-0.0089693928,0,1
177.25,135.75,2,4056.214,3285.7116,7960.545,-3904.331,510.40136,54409570000000.0,-0.0080101202,0,1
177.25,136.0,2,4801.2148,3739.3592,9504.2485,-4703.0337,513.80136,127299180000000.0,-0.007038357,0,1
177.25,136.25,2,5895.2946,4347.4615,11878.392,-5983.0972,517.60136,329158710000000.0,-0.0060538651,0,1
177.25,136.5,2,7645.8969,5205.0755,16149.138,-8503.2409,521.80136,940620770000000.0,-0.0050564003,0,1
177.25,136.75,2,10348.533,6505.3925,29443.275,-19094.742,526.60136,3122970900000000.0,-0.0040457121,0,1
177.25,137.0,2,4469.0322,8710.4299,73812.728,-69343.696,532.20136,1.2664272e+16,-0.0030215437,0,1
177.25,137.25,2,516334.08,13268.061,70000.176,446333.91,539.00136,6.9323557e+16,-0.0019836316,0,1
177.25,137.5,2,69385914.0,28248.146,93767.044,69292147.0,547.80136,6.2564603e+17,-0.00093170522,0,1
177.25,137.75,1,,,,,,-1.0,0.00013451293,0,1
177.25,138.0,1,,,,,,-1.0,0.0012153078,0,1
177.5,112.0,3,372.2063,372.35398,724.60575,-352.39944,434.807,337381.83,-0.070682594,0,1
177.5,112.25,3,374.66711,374.81534,729.41312,-354.74601,435.007,354679.77,-0.070218431,0,1
177.5,112.5,3,377.17334,377.32217,734.30844,-357.13511,435.207,372864.59,-0.069751918,0,1
177.5,112.75,3,379.72629,379.87584,739.294,-359.5677,435.607,412079.1,-0.06928302,0,1
177.5,113.0,3,382.32735,382.47766,744.37476,-362.04741,435.807,433206.85,-0.068811718,0,1
177.5,113.25,3,384.97787,385.12902,749.55149,-364.57362,436.007,455417.84,-0.068337994,0,1
177.5,113.5,3,387.67932,387.83109,754.82751,-367.14819,436.407,503314.55,-0.067861876,0,1
177.5,113.75,3,390.43322,390.58567,760.20485,-369.77163,436.607,529120.04,-0.067383284,0,1
177.5,114.0,3,393.24116,393.39433,765.68773,-372.44656,436.807,556248.61,-0.066902197,0,1
177.5,114.25,3,396.10476,396.2587,771.27993,-375.17516,437.207,614749.78,-0.066418592,0,1
177.5,114.5,3,399.02574,399.18049,776.98346,-377.95772,437.407,646268.68,-0.065932444,0,1
177.5,114.75,3,402.00587,402.16145,782.80218,-380.79632,437.607,679403.58,-0.065443729,0,1
177.5,115.0,3,405.04701,405.20345,788.73962,-383.69261,438.007,750857.08,-0.064952421,0,1
177.5,115.25,3,408.1511,408.30841,794.79879,-386.64769,438.207,789354.35,-0.064458493,0,1
177.5,115.5,3,411.32017,411.47835,800.98544,-389.66527,438.607,872371.47,-0.06396192,0,1
177.5,115.75,3,414.55633,414.71536,807.30281,-392.74648,438.807,917098.91,-0.063462672,0,1
177.5,116.0,3,417.86177,418.02166,813.7548,-395.89304,439.207,1013551.0,-0.062960721,0,1
177.5,116.25,3,421.2388,421.39954,820.3464,-399.10761,439.407,1065516.9,-0.062456037,0,1
177.5,116.5,3,424.68983,424.8514,827.08196,-402.39213,439.807,1177578.3,-0.061948589,0,1
177.5,116.75,3,428.21738,428.37978,833.96611,-405.74873,440.007,1237954.0,-0.061438346,0,1
177.5,117.0,3,431.82409,431.98729,841.00452,-409.18043,440.407,1368150.8,-0.060925276,0,1
177.5,117.25,3,435.51273,435.67672,848.20203,-412.6893,440.807,1512040.5,-0.060409345,0,1
177.5,117.5,3,439.2862,439.45094,855.56472,-416.27853,441.007,1589564.5,-0.059890519,0,1
177.5,117.75,2,443.14753,443.31302,863.09835,-419.95082,441.407,1756740.4,-0.059368762,0,1
177.5,118.0,2,447.09992,447.26612,870.80865,-423.70873,441.807,1941498.4,-0.058844039,0,1
177.5,118.25,2,451.14673,451.31361,878.70287,-427.55614,442.007,2041041.2,-0.058316312,0,1
177.5,118.5,2,455.29149,455.45899,886.78731,-431.49582,442.407,2255699.3,-0.057785543,0,1
177.5,118.75,2,459.53792,459.70556,895.06909,-435.53117,442.807,2492933.3,-0.057251744,0,1
177.5,119.0,2,463.88993,464.05757,903.55624,-439.66631,443.207,2755117.4,-0.056714828,0,1
177.5,119.25,2,468.35167,468.51911,912.25597,-443.90431,443.607,3044875.6,-0.056174753,0,1
177.5,119.5,2,472.92749,473.0945,921.17745,-448.24995,443.807,3200989.7,-0.055631475,0,1
177.5,119.75,2,477.62204,477.78787,930.32986,-452.70781,444.207,3537640.8,-0.055085,0,1
177.5,120.0,2,482.44022,482.60418,939.72261,-457.2824,444.607,3909697.7,-0.054535261,0,1
177.5,120.25,2,487.38722,487.54868,949.364,-461.97678,445.007,4320884.2,-0.053982189,0,1
177.5,120.5,2,492.46858,492.62638,959.26592,-466.79734,445.407,4775315.5,-0.053425773,0,1
177.5,120.75,2,497.69019,497.84276,969.43945,-471.74925,445.807,5277539.8,-0.05286598,0,1
177.5,121.0,2,503.05835,503.20423,979.89635,-476.838,446.207,5832583.6,-0.05230271,0,1
177.5,121.25,2,508.57976,508.71642,990.65031,-482.07056,446.607,6446001.7,-0.051735985,0,1
177.5,121.5,2,514.2616,514.38639,1001.712,-487.45039,447.007,7123933.6,-0.05116571,0,1
177.5,121.75,2,520.11156,520.22109,1013.1016,-492.99003,447.607,8276830.1,-0.050591845,0,1
177.5,122.0,2,526.13786,526.22774,1024.8316,-498.6937,448.007,9147311.9,-0.050014363,0,1
177.5,122.25,2,532.34928,532.41464,1036.9186,-504.56933,448.407,10109343.0,-0.049433173,0,1
177.5,122.5,2,538.75526,538.7897,1049.3804,-510.62515,448.807,11172552.0,-0.048848271,0,1
177.5,122.75,2,545.36586,545.36233,1062.2388,-516.87289,449.407,12980653.0,-0.048259558,0,1
177.5,123.0,2,552.19188,552.14174,1075.5117,-523.3198,449.807,14345841.0,-0.047667009,0,1
177.5,123.25,2,559.24481,559.13813,1089.2218,-529.97696,450.407,16667489.0,-0.04707056,0,1
177.5,123.5,2,566.53705,566.3627,1103.3981,-536.86104,450.807,18420424.0,-0.046470124,0,1
177.5,123.75,2,574.08177,573.82615,1118.0592,-543.97747,451.407,21401479.0,-0.045865712,0,1
177.5,124.0,2,581.89312,581.54172,1133.2361,-551.34297,451.807,23652293.0,-0.045257191,0,1
177.5,124.25,2,589.98626,589.52245,1148.9569,-558.97063,452.407,27480044.0,-0.044644517,0,1
177.5,124.5,2,598.37749,597.78193,1165.2534,-566.8759,453.007,31927256.0,-0.044027669,0,1
177.5,124.75,2,607.08429,606.33609,1182.1601,-575.07577,453.407,35285074.0,-0.043406529,0,1
177.5,125.0,2,616.12551,615.20123,1199.7108,-583.58529,454.007,40995408.0,-0.042781035,0,1
177.5,125.25,2,625.52148,624.39472,1217.9511,-592.42965,454.607,47629868.0,-0.042151134,0,1
177.5,125.5,2,635.29408,633.93529,1236.919,-601.62496,455.207,55338012.0,-0.041516769,0,1
177.5,125.75,2,645.46703,643.84383,1256.6584,-611.1914,455.807,64293597.0,-0.04087784,0,1
177.5,126.0,2,656.06608,654.14243,1277.2232,-621.15709,456.407,74698503.0,-0.040234273,0,1
177.5,126.25,2,667.11905,664.85501,1298.6662,-631.54716,457.007,86787279.0,-0.039585992,0,1
177.5,126.5,2,678.65634,676.00748,1321.0431,-642.38679,457.607,100832430.0,-0.03893292,0,1
177.5,126.75,2,690.71093,687.62803,1344.4226,-653.71164,458.407,123157010.0,-0.038274974,0,1
177.5,127.0,2,703.31898,699.74729,1368.87,-665.55106,459.007,143088030.0,-0.037612071,0,1
177.5,127.25,2,716.51989,712.39867,1394.4617,-677.94177,459.607,166244580.0,-0.036944124,0,1
177.5,127.5,2,730.35703,725.61865,1421.2892,-690.93215,460.407,203051580.0,-0.036271043,0,1
177.5,127.75,2,744.8779,739.44715,1449.4323,-704.55435,461.207,248007760.0,-0.035592733,0,1
177.5,128.0,2,760.13489,753.92792,1478.999,-718.86408,461.807,288143910.0,-0.0349091,0,1
177.5,128.25,2,776.18592,769.10907,1510.1062,-733.92027,462.607,351939770.0,-0.034220042,0,1
177.5,128.5,2,793.09499,785.04357,1542.8677,-749.77274,463.407,429860200.0,-0.033525458,0,1
177.5,128.75,2,810.93318,801.78989,1577.4237,-766.49048,464.207,525032440.0,-0.032825239,0,1
177.5,129.0,2,829.77963,819.41276,1613.9276,-784.14797,465.007,641276070.0,-0.032119277,0,1
177.5,129.25,2,849.72273,837.9833,1652.5577,-802.83497,466.007,823414770.0,-0.031407482,0,1
177.5,129.5,2,870.86145,857.58163,1693.4929,-822.63148,466.807,1005721100.0,-0.030689726,0,1
177.5,129.75,2,893.30699,878.29723,1736.9555,-843.64854,467.807,1291371400.0,-0.029965875,0,1
177.5,130.0,2,917.18476,900.22992,1783.1847,-865.99992,468.607,1577284600.0,-0.029235804,0,1
177.5,130.25,2,942.63675,923.49016,1832.4563,-889.81958,469.607,2025273500.0,-0.028499432,0,1
177.5,130.5,2,969.82433,948.20561,1885.0824,-915.25806,470.607,2600502700.0,-0.02775658,0,1
177.5,130.75,2,998.93168,974.51893,1941.4209,-942.48922,471.607,3339111600.0,-0.027007115,0,1
177.5,131.0,2,1030.1699,1002.5906,2001.8797,-971.70981,472.607,4287504100.0,-0.026250939,0,1
177.5,131.25,2,1063.7824,1032.6076,2066.9293,-1003.1469,473.807,5787525200.0,-0.025487848,0,1
177.5,131.5,2,1100.0509,1064.7792,2137.1171,-1037.0662,475.007,7812341900.0,-0.024717749,0,1
177.5,131.75,2,1139.3035,1099.3646,2213.0781,-1073.7746,476.207,10545558000.0,-0.023940142,0,1
177.5,132.0,2,1181.9248,1136.7163,2295.5604,-1113.6355,477.407,14235015000.0,-0.023153487,0,1
177.5,132.25,2,1228.3684,1177.1889,2385.4417,-1157.0733,478.607,19215260000.0,-0.022357453,0,1
177.5,132.5,2,1279.173,1221.1904,2483.7721,-1204.5992,480.007,27267752000.0,-0.021551877,0,1
177.5,132.75,2,1334.9836,1269.2029,2591.8084,-1256.8247,481.407,38694783000.0,-0.020736593,0,1
177.5,133.0,2,1396.5793,1321.8007,2711.0522,-1314.4729,482.807,54910510000.0,-0.019911432,0,1
177.5,133.25,2,1464.9092,1379.6732,2843.3918,-1378.4826,484.207,77921723000.0,-0.019076217,0,1
177.5,133.5,2,1541.1423,1443.6551,2991.0983,-1449.9561,485.807,116245550000.0,-0.018230771,0,1
177.5,133.75,2,1626.7347,1514.7673,3157.0024,-1530.2677,487.607,182309310000.0,-0.01737491,0,1
177.5,134.0,2,1723.5242,1594.2713,3344.786,-1621.2618,489.207,271973540000.0,-0.016508448,0,1
177.5,134.25,2,1833.8627,1683.7451,3559.0613,-1725.1986,491.007,426539410000.0,-0.015631193,0,1
177.5,134.5,2,1960.8112,1785.1887,3805.883,-1845.0718,493.007,703244600000.0,-0.014742948,0,1
177.5,134.75,2,2108.4278,1901.1753,4093.4258,-1984.9981,495.007,1159454300000.0,-0.013843513,0,1
177.5,135.0,2,2282.2101,2035.0726,4432.6948,-2150.4847,497.207,2009627700000.0,-0.012932681,0,1
177.5,135.25,2,2489.7951,2191.3751,4839.2437,-2349.4487,499.407,3483193300000.0,-0.012010242,0,1
177.5,135.5,2,2742.1124,2376.2186,5335.6955,-2593.5831,502.007,6672199000000.0,-0.011075978,0,1
177.5,135.75,2,3055.3706,2598.2039,5955.9086,-2900.538,504.607,12780870000000.0,-0.010129669,0,1
177.5,136.0,2,3454.6743,2869.774,6753.9001,-3299.2257,507.407,25737511000000.0,-0.0091710864,0,1
177.5,136.25,2,3981.0715,3209.6282,7821.6221,-3840.5506,510.607,57279884000000.0,-0.008199998,0,1
177.5,136.5,2,4706.46,3647.2206,9329.7527,-4623.2927,514.007,134014700000000.0,-0.0072161647,0,1
177.5,136.75,2,5768.4408,4231.7896,11644.924,-5876.483,517.607,329622970000000.0,-0.0062193416,0,1
177.5,137.0,2,7458.8843,5052.3218,15801.774,-8342.8895,521.807,941947460000000.0,-0.0052092773,0,1
177.5,137.25,2,10000.045,6287.8031,28946.706,-18946.661,526.607,3127375700000000.0,-0.0041857139,0,1
177.5,137.5,2,3044.8927,8359.501,72051.46,-69006.567,532.207,1.2682134e+16,-0.0031483871,0,1
177.5,137.75,2,440698.05,12550.609,67657.283,373040.77,538.807,6.6035615e+16,-0.0020970254,0,1
177.5,138.0,2,50189457.0,25518.924,88484.294,50100972.0,547.407,5.669064e+17,-0.0010313501,0,1
177.75,112.0,3,364.01888,364.16481,708.62424,-344.60535,434.41263,305705.67,-0.072272071,0,1
177.75,112.25,3,366.36012,366.50667,713.19858,-346.83846,434.61263,321379.54,-0.071810276,0,1
177.75,112.5,3,368.74364,368.89094,717.85479,-349.11115,435.01263,355179.32,-0.071346142,0,1
177.75,112.75,3,371.17065,371.31863,722.59557,-351.42492,435.21263,373389.75,-0.070879678,0,1
177.75,113.0,3,373.64236,373.79089,727.42418,-353.78183,435.41263,392533.86,-0.070410879,0,1
177.75,113.25,3,376.16003,376.3092,732.34221,-356.18218,435.61263,412659.5,-0.069939679,0,1
177.75,113.5,3,378.725,378.87489,737.35117,-358.62617,436.01263,456059.27,-0.069466057,0,1
177.75,113.75,3,381.33865,381.48932,742.45668,-361.11803,436.21263,479441.93,-0.068989992,0,1
177.75,114.0,3,384.00239,384.15389,747.65954,-363.65715,436.41263,504023.45,-0.068511463,0,1
177.75,114.25,3,386.71772,386.86985,752.96286,-366.24514,436.81263,557032.06,-0.068030489,0,1
177.75,114.5,3,389.48618,389.63899,758.36928,-368.88311,437.01263,585591.7,-0.067547001,0,1
177.75,114.75,3,392.30939,392.46292,763.88171,-371.57233,437.21263,615615.63,-0.067060973,0,1
177.75,115.0,3,395.18902,395.3433,769.50497,-374.31595,437.61263,680360.49,-0.066572381,0,1
177.75,115.25,3,398.12683,398.28189,775.24195,-377.11511,437.81263,715243.32,-0.0660812,0,1
177.75,115.5,3,401.12463,401.28048,781.09533,-379.9707,438.21263,790466.11,-0.065587404,0,1
177.75,115.75,3,404.18433,404.34099,787.06934,-382.88501,438.41263,830994.18,-0.065090965,0,1
177.75,116.0,3,407.3079,407.46538,793.16762,-385.85972,438.61263,873600.16,-0.064591856,0,1
177.75,116.25,3,410.49743,410.65572,799.39421,-388.89678,439.01263,965477.49,-0.064090048,0,1
177.75,116.5,3,413.75507,413.91418,805.75348,-391.99842,439.21263,1014978.6,-0.063585511,0,1
177.75,116.75,3,417.08308,417.24302,812.24968,-395.16659,439.61263,1121724.8,-0.063078216,0,1
177.75,117.0,3,420.48384,420.64458,818.88677,-398.40293,440.01263,1239697.6,-0.06256813,0,1
177.75,117.25,3,423.95981,424.12136,825.6706,-401.71078,440.21263,1303258.3,-0.062055222,0,1
177.75,117.5,3,427.5136,427.67593,832.60607,-405.09248,440.61263,1440323.2,-0.061539459,0,1
177.75,117.75,3,431.1479,431.31101,839.69862,-408.55072,440.81263,1514170.1,-0.061020805,0,1
177.75,118.0,3,434.86557,435.02944,846.95286,-412.08729,441.21263,1673416.8,-0.060499227,0,1
177.75,118.25,3,438.66959,438.83421,854.37592,-415.70632,441.61263,1849411.6,-0.059974688,0,1
177.75,118.5,2,442.56311,442.72824,861.97279,-419.40967,441.81263,1944232.9,-0.05944718,0,1
177.75,118.75,2,446.54943,446.71486,869.74981,-423.20038,442.21263,2148709.7,-0.058916655,0,1
177.75,119.0,2,450.63201,450.79764,877.71347,-427.08147,442.61263,2374691.4,-0.058383059,0,1
177.75,119.25,2,454.8145,454.98021,885.87159,-431.05708,443.01263,2624439.9,-0.057846351,0,1
177.75,119.5,2,459.10078,459.26638,894.23112,-435.13034,443.21263,2758997.8,-0.057306492,0,1
177.75,119.75,2,463.4949,463.65978,902.80014,-439.30524,443.61263,3049164.2,-0.056763485,0,1
177.75,120.0,2,468.00119,468.16483,911.58634,-443.58515,444.01263,3369847.6,-0.056217263,0,1
177.75,120.25,2,472.6242,472.78612,920.59944,-447.97523,444.41263,3724257.5,-0.055667761,0,1
177.75,120.5,2,477.36878,477.52822,929.84836,-452.47958,444.81263,4115941.1,-0.055114953,0,1
177.75,120.75,2,482.24008,482.39563,939.34241,-457.10233,445.21263,4548818.4,-0.054558838,0,1
177.75,121.0,2,487.24357,487.39414,949.09297,-461.8494,445.61263,5027221.8,-0.053999306,0,1
177.75,121.25,2,492.3851,492.52893,959.11062,-466.72553,446.01263,5555939.4,-0.053436344,0,1
177.75,121.5,2,497.6709,497.80562,969.4074,-471.73651,446.41263,6140262.6,-0.052869924,0,1
177.75,121.75,2,503.10763,503.23092,979.99617,-476.88854,446.81263,6786039.7,-0.052299936,0,1
177.75,122.0,2,508.70241,508.8104,990.89034,-482.18793,447.21263,7499733.7,-0.051726429,0,1
177.75,122.25,2,514.46287,514.55189,1002.1025,-487.63964,447.61263,8288487.6,-0.051149254,0,1
177.75,122.5,2,520.39718,520.46188,1013.6535,-493.25634,448.21263,9629848.7,-0.05056844,0,1
177.75,122.75,2,526.51401,526.54883,1025.5566,-499.0426,448.61263,10642629.0,-0.049983864,0,1
177.75,123.0,2,532.82271,532.82021,1037.8285,-505.00583,449.01263,11761924.0,-0.049395546,0,1
177.75,123.25,2,539.3332,539.28566,1050.4918,-511.15859,449.61263,13665406.0,-0.048803347,0,1
177.75,123.5,2,546.05616,545.95339,1063.5641,-517.50799,450.01263,15102609.0,-0.048207311,0,1
177.75,123.75,2,553.00292,552.83432,1077.0689,-524.06594,450.41263,16690964.0,-0.047607292,0,1
177.75,124.0,2,560.18565,559.93858,1091.029,-530.84334,451.01263,19392134.0,-0.047003272,0,1
177.75,124.25,2,567.61733,567.27734,1105.4703,-537.85296,451.41263,21431622.0,-0.046395199,0,1
177.75,124.5,2,575.31191,574.86317,1120.4202,-545.10832,452.01263,24899993.0,-0.045782973,0,1
177.75,124.75,2,583.28429,582.70867,1135.9073,-552.62299,452.61263,28929664.0,-0.045166558,0,1
177.75,125.0,2,591.55048,590.82749,1151.962,-560.41151,453.01263,31972224.0,-0.044545905,0,1
177.75,125.25,2,600.12768,599.23498,1168.6184,-568.49075,453.61263,37146424.0,-0.043920909,0,1
177.75,125.5,2,609.03442,607.94707,1185.9118,-576.87743,454.21263,43157988.0,-0.043291507,0,1
177.75,125.75,2,618.29069,616.98089,1203.8789,-585.58825,454.81263,50142428.0,-0.042657634,0,1
177.75,126.0,2,627.91802,626.35451,1222.5666,-594.64856,455.41263,58257190.0,-0.042019247,0,1
177.75,126.25,2,637.93972,636.08841,1242.0157,-604.07599,456.01263,67685198.0,-0.041376237,0,1
177.75,126.5,2,648.38112,646.20415,1262.2749,-613.89374,456.61263,78638980.0,-0.04072853,0,1
177.75,126.75,2,659.26957,656.72508,1283.4012,-624.13166,457.21263,91365460.0,-0.040076047,0,1
177.75,127.0,2,670.63496,667.6765,1305.4468,-634.81182,457.81263,106151520.0,-0.039418708,0,1
177.75,127.25,2,682.50973,679.08591,1328.4758,-645.96609,458.61263,129653760.0,-0.038756429,0,1
177.75,127.5,2,694.92943,690.9832,1352.5653,-657.63585,459.21263,150636180.0,-0.038089124,0,1
177.75,127.75,2,707.93282,703.40095,1377.7776,-669.84476,459.81263,175014270.0,-0.037416704,0,1
177.75,128.0,2,721.56247,716.37473,1404.2055,-682.64307,460.61263,213762910.0,-0.036739075,0,1
177.75,128.25,2,735.86519,729.94346,1431.9322,-696.06702,461.41263,261090610.0,-0.036056142,0,1
177.75,128.5,2,750.89244,744.14978,1461.058,-710.16558,462.01263,303344010.0,-0.035367806,0,1
177.75,128.75,2,766.70109,759.04055,1491.694,-724.99292,462.81263,370505210.0,-0.034673965,0,1
177.75,129.0,2,783.35414,774.66737,1523.9707,-740.61655,463.61263,452536090.0,-0.033974511,0,1
177.75,129.25,2,800.92146,791.08636,1558.0083,-757.08684,464.41263,552728830.0,-0.033269371,0,1
177.75,129.5,2,819.48078,808.36114,1593.965,-774.48422,465.21263,675104510.0,-0.032558399,0,1
177.75,129.75,2,839.11895,826.5616,1632.0057,-792.88674,466.21263,866851350.0,-0.03184148,0,1
177.75,130.0,2,859.93321,845.76545,1672.3208,-812.38757,467.01263,1058774600.0,-0.031118492,0,1
177.75,130.25,2,882.03284,866.05811,1715.1215,-833.08864,468.01263,1359493500.0,-0.030389352,0,1
177.75,130.5,2,905.54105,887.53741,1760.6531,-855.11209,468.81263,1660489200.0,-0.029653899,0,1
177.75,130.75,2,930.5973,910.31244,1809.1724,-878.57513,469.81263,2132110300.0,-0.028911991,0,1
177.75,131.0,2,957.36003,934.5039,1860.9929,-903.63285,470.81263,2737683800.0,-0.028163547,0,1
177.75,131.25,2,986.01008,960.25198,1916.4611,-930.45099,471.81263,3515255600.0,-0.027408374,0,1
177.75,131.5,2,1016.7548,987.71278,1975.9834,-959.22869,472.81263,4513677500.0,-0.026646355,0,1
177.75,131.75,2,1049.8328,1017.0655,2040.0183,-990.18549,474.01263,6092827300.0,-0.025877334,0,1
177.75,132.0,2,1085.5208,1048.5333,2109.1074,-1023.5866,475.21263,8224456600.0,-0.025100724,0,1
177.75,132.25,2,1124.1407,1082.4167,2183.8716,-1059.7309,476.41263,11101855000.0,-0.024314985,0,1
177.75,132.5,2,1166.0697,1119.0093,2265.0443,-1098.9746,477.61263,14985937000.0,-0.023519862,0,1
177.75,132.75,2,1211.7525,1158.6494,2353.4801,-1141.7276,478.81263,20228899000.0,-0.022715192,0,1
177.75,133.0,2,1261.7174,1201.7339,2450.2311,-1188.5136,480.21263,28706174000.0,-0.021900809,0,1
177.75,133.25,2,1316.5965,1248.7317,2556.5168,-1239.9203,481.61263,40736000000.0,-0.021076541,0,1
177.75,133.5,2,1377.1529,1300.201,2673.8279,-1296.6751,483.01263,57807136000.0,-0.020242213,0,1
177.75,133.75,2,1444.3161,1356.8113,2803.9789,-1359.6628,484.41263,82032231000.0,-0.019397646,0,1
177.75,134.0,2,1519.2307,1419.3729,2949.2003,-1429.9696,486.01263,122377710000.0,-0.018542657,0,1
177.75,134.25,2,1603.3216,1488.8758,3112.3351,-1509.0135,487.81263,191926450000.0,-0.017677058,0,1
177.75,134.5,2,1698.3854,1566.5425,3296.8992,-1598.5137,489.41263,286320620000.0,-0.016800658,0,1
177.75,134.75,2,1806.7218,1653.9005,3507.431,-1700.7092,491.21263,449040120000.0,-0.015913258,0,1
177.75,135.0,2,1931.32,1752.8834,3749.934,-1818.6139,493.21263,740341990000.0,-0.015014658,0,1
177.75,135.25,2,2076.1411,1865.9764,4032.2802,-1956.1391,495.21263,1220617600000.0,-0.014104651,0,1
177.75,135.5,2,2246.5455,1996.427,4365.3731,-2118.8275,497.41263,2115639100000.0,-0.013183024,0,1
177.75,135.75,2,2449.9734,2148.5621,4764.3139,-2314.3405,499.81263,3854945800000.0,-0.012249562,0,1
177.75,136.0,2,2697.0572,2328.2774,5251.1226,-2554.0654,502.21263,7024169300000.0,-0.011304042,0,1
177.75,136.25,2,3003.5413,2543.8186,5858.9906,-2855.4493,504.81263,13455083000000.0,-0.010346235,0,1
177.75,136.5,2,3393.7641,2807.0822,6640.5331,-3246.769,507.61263,27095210000000.0,-0.0093759082,0,1
177.75,136.75,2,3907.4188,3135.8875,7684.956,-3777.5372,510.81263,60301498000000.0,-0.0083928219,0,1
177.75,137.0,2,4613.7923,3558.1865,9158.4411,-4544.6489,514.01263,134203450000000.0,-0.0073967301,0,1
177.75,137.25,2,5644.7978,4120.4597,11416.366,-5771.5687,517.81263,347011160000000.0,-0.0063873807,0,1
177.75,137.5,2,7277.6486,4906.1181,15459.306,-8181.657,522.01263,991636840000000.0,-0.0053645151,0,1
177.75,137.75,2,9665.9209,6081.2728,28462.266,-18796.345,526.61263,3131780400000000.0,-0.0043278679,0,1
177.75,138.0,2,1743.5797,8031.0061,70365.328,-68621.748,532.01263,1.208061e+16,-0.0032771666,0,1
178.0,112.0,3,356.14331,356.28778,693.24909,-337.10578,434.01825,277002.98,-0.073869906,0,1
178.0,112.25,3,358.37245,358.51765,697.60481,-339.23236,434.41825,306135.64,-0.073410458,0,1
178.0,112.5,3,360.64102,360.78668,702.03673,-341.39571,434.61825,321831.55,-0.072948772,0,1
178.0,112.75,3,362.95008,363.09632,706.54857,-343.59849,434.81825,338332.21,-0.072484748,0,1
178.0,113.0,3,365.30073,365.44767,711.1414,-345.84067,435.01825,355678.87,-0.072018369,0,1
178.0,113.25,3,367.69416,367.84188,715.81625,-348.12209,435.21825,373914.91,-0.071549616,0,1
178.0,113.5,3,370.13157,370.27981,720.57853,-350.44696,435.61825,413239.89,-0.07107853,0,1
178.0,113.75,3,372.61419,372.76303,725.42863,-352.81444,435.81825,434427.15,-0.070605031,0,1
178.0,114.0,3,375.14332,375.29283,730.36914,-355.22582,436.01825,456700.71,-0.070129091,0,1
178.0,114.25,3,377.72033,377.87056,735.40179,-357.68147,436.41825,504732.34,-0.069650689,0,1
178.0,114.5,3,380.34662,380.49761,740.53218,-360.18556,436.61825,530610.52,-0.069169804,0,1
178.0,114.75,3,383.02363,383.17542,745.76105,-362.73742,436.81825,557815.5,-0.068686412,0,1
178.0,115.0,3,385.7529,385.9054,751.09176,-365.33886,437.21825,616481.47,-0.06820051,0,1
178.0,115.25,3,388.53599,388.68917,756.52721,-367.99122,437.41825,648089.15,-0.067712061,0,1
178.0,115.5,3,391.37456,391.52846,762.07027,-370.69571,437.61825,681317.4,-0.067221027,0,1
178.0,115.75,3,394.27034,394.42496,767.72437,-373.45403,438.01825,752972.17,-0.066727382,0,1
178.0,116.0,3,397.2251,397.38047,773.49445,-376.26935,438.21825,791577.88,-0.066231098,0,1
178.0,116.25,3,400.24071,400.39685,779.38307,-379.14236,438.61825,874828.85,-0.065732148,0,1
178.0,116.5,3,403.31911,403.47603,785.39379,-382.07468,438.81825,919682.29,-0.065230504,0,1
178.0,116.75,3,406.46235,406.62005,791.53067,-385.06832,439.21825,1016406.1,-0.064726136,0,1
178.0,117.0,3,409.67254,409.83103,797.79798,-388.12545,439.41825,1068518.4,-0.064219014,0,1
178.0,117.25,3,412.9519,413.11119,804.19972,-391.24782,439.81825,1180895.4,-0.063709107,0,1
178.0,117.5,3,416.30276,416.46284,810.74068,-394.43793,440.01825,1241441.2,-0.063196383,0,1
178.0,117.75,3,419.72753,419.88841,817.42568,-397.69815,440.41825,1372004.8,-0.062680809,0,1
178.0,118.0,3,423.22878,423.39044,824.25929,-401.03051,440.61825,1442348.9,-0.06216235,0,1
178.0,118.25,3,426.80916,426.97146,831.24707,-404.43791,441.01825,1594042.1,-0.061640994,0,1
178.0,118.5,3,430.47147,430.63426,838.39408,-407.92262,441.41825,1761689.0,-0.0611167,0,1
178.0,118.75,3,434.21864,434.38187,845.70576,-411.48713,441.61825,1852012.7,-0.060589419,0,1
178.0,119.0,3,438.05375,438.21735,853.18897,-415.13522,442.01825,2046790.6,-0.060059113,0,1
178.0,119.25,3,441.98006,442.14392,860.84927,-418.86921,442.41825,2262053.4,-0.059525742,0,1
178.0,119.5,2,446.00097,446.16497,868.69301,-422.69205,442.81825,2499955.7,-0.058989268,0,1
178.0,119.75,2,450.12008,450.2837,876.72789,-426.60781,443.01825,2628131.1,-0.058449696,0,1
178.0,120.0,2,454.34119,454.50404,884.96065,-430.61945,443.41825,2904534.1,-0.057906955,0,1
178.0,120.25,2,458.66833,458.83006,893.39938,-434.73105,443.81825,3210006.6,-0.057360987,0,1
178.0,120.5,2,463.10573,463.26589,902.05185,-438.94612,444.21825,3547605.9,-0.056811748,0,1
178.0,120.75,2,467.65793,467.81524,910.92827,-443.27034,444.61825,3920710.9,-0.056259273,0,1
178.0,121.0,2,472.3297,472.48333,920.03583,-447.70613,445.01825,4333055.7,-0.055703437,0,1
178.0,121.25,2,477.12614,477.275,929.38438,-452.25824,445.41825,4788767.1,-0.055144194,0,1
178.0,121.5,2,482.05269,482.19459,938.98486,-456.93218,445.81825,5292406.2,-0.054581585,0,1
178.0,121.75,2,487.11513,487.24829,948.84677,-461.73164,446.21825,5849013.4,-0.05401547,0,1
178.0,122.0,2,492.31968,492.44134,958.98542,-466.66574,446.61825,6464159.5,-0.053445848,0,1
178.0,122.25,2,497.67292,497.77975,969.41166,-471.73874,447.01825,7144001.1,-0.052872671,0,1
178.0,122.5,2,503.18193,503.27015,980.1385,-476.95657,447.41825,7895342.2,-0.052295859,0,1
178.0,122.75,2,508.85425,508.91877,991.18057,-482.32632,447.81825,8725702.6,-0.051715414,0,1
178.0,123.0,2,514.698,514.73332,1002.5534,-487.85539,448.21825,9643392.8,-0.051131224,0,1
178.0,123.25,2,520.72174,520.72081,1014.2748,-493.55306,448.81825,11204024.0,-0.050543294,0,1
178.0,123.5,2,526.93472,526.88974,1026.3604,-499.42569,449.21825,12382361.0,-0.049951523,0,1
178.0,123.75,2,533.34673,533.24845,1038.8301,-505.48332,449.61825,13684626.0,-0.049355877,0,1
178.0,124.0,2,539.96826,539.80594,1051.7054,-511.73713,450.21825,15899267.0,-0.048756309,0,1
178.0,124.25,2,546.81053,546.57241,1065.0083,-518.19774,450.61825,17571407.0,-0.048152714,0,1
178.0,124.5,2,553.88548,553.55742,1078.7594,-524.87388,451.21825,20415063.0,-0.047545104,0,1
178.0,124.75,2,561.20589,560.77261,1092.9845,-531.77863,451.61825,22562134.0,-0.046933364,0,1
178.0,125.0,2,568.78546,568.22988,1107.7111,-538.92562,452.21825,26213459.0,-0.046317425,0,1
178.0,125.25,2,576.63885,575.9414,1122.9641,-546.32523,452.81825,30455695.0,-0.045697262,0,1
178.0,125.5,2,584.78183,583.92088,1138.7811,-553.99927,453.21825,33658748.0,-0.045072793,0,1
178.0,125.75,2,593.2313,592.18309,1155.1905,-561.9592,453.81825,39105886.0,-0.044443932,0,1
178.0,126.0,2,602.00546,600.74362,1172.2276,-570.22211,454.41825,45434557.0,-0.043810611,0,1
178.0,126.25,2,611.12397,609.61922,1189.9274,-578.80343,455.01825,52787425.0,-0.043172761,0,1
178.0,126.5,2,620.60803,618.82763,1208.3384,-587.73033,455.61825,61330238.0,-0.042530333,0,1
178.0,126.75,2,630.48052,628.38864,1227.4965,-597.01601,456.21825,71255570.0,-0.041883229,0,1
178.0,127.0,2,640.76638,638.32339,1247.4592,-606.69279,456.81825,82787161.0,-0.041231366,0,1
178.0,127.25,2,651.49248,648.65466,1268.2676,-616.77514,457.41825,96184959.0,-0.040574664,0,1
178.0,127.5,2,662.68824,659.40716,1289.9911,-627.3029,458.01825,111750980.0,-0.039913041,0,1
178.0,127.75,2,674.38555,670.6077,1312.6796,-638.29405,458.61825,129836110.0,-0.039246411,0,1
178.0,128.0,2,686.61934,682.28543,1336.4101,-649.79081,459.41825,158582190.0,-0.038574684,0,1
178.0,128.25,2,699.42777,694.47214,1361.2485,-661.82077,460.01825,184246220.0,-0.037897769,0,1
178.0,128.5,2,712.85266,707.2025,1387.279,-674.42634,460.81825,225038840.0,-0.037215571,0,1
178.0,128.75,2,726.94002,720.51443,1414.5953,-687.65526,461.41825,261457830.0,-0.036527992,0,1
178.0,129.0,2,741.7405,734.44933,1443.2869,-701.54642,462.21825,319345310.0,-0.035834936,0,1
178.0,129.25,2,757.30997,749.05252,1473.466,-716.15604,463.01825,390049240.0,-0.035136315,0,1
178.0,129.5,2,773.71031,764.37457,1505.2502,-731.53988,463.81825,476407220.0,-0.034432,0,1
178.0,129.75,2,791.01022,780.4709,1538.7813,-747.77109,464.61825,581885090.0,-0.033721879,0,1
178.0,130.0,2,809.28617,797.40281,1574.1957,-764.90951,465.41825,710716060.0,-0.033005834,0,1
178.0,130.25,2,828.62343,815.23744,1611.6623,-783.03889,466.41825,912577480.0,-0.032283779,0,1
178.0,130.5,2,849.11756,834.05054,1651.3667,-802.24918,467.21825,1114624700.0,-0.031555576,0,1
178.0,130.75,2,870.87591,853.92678,1693.5167,-822.6408,468.01825,1361405600.0,-0.030821079,0,1
178.0,131.0,2,894.01951,874.95933,1738.3458,-844.32632,469.01825,1748079400.0,-0.030080192,0,1
178.0,131.25,2,918.68531,897.25401,1786.1187,-867.43342,470.01825,2244578400.0,-0.029332769,0,1
178.0,131.5,2,945.02894,920.9303,1837.1412,-892.1123,471.01825,2882095700.0,-0.02857865,0,1
178.0,131.75,2,973.22796,946.12076,1891.7519,-918.52396,472.01825,3700684200.0,-0.027817744,0,1
178.0,132.0,2,1003.4859,972.97985,1950.3475,-946.86165,473.21825,4995401100.0,-0.027049836,0,1
178.0,132.25,2,1036.0371,1001.7002,2013.3852,-977.34809,474.21825,6414222000.0,-0.026274274,0,1
178.0,132.5,2,1071.1529,1032.5399,2081.3878,-1010.235,475.41825,8658294100.0,-0.025489519,0,1
178.0,132.75,2,1109.1491,1065.7438,2154.9713,-1045.8221,476.61825,11687475000.0,-0.024695376,0,1
178.0,133.0,2,1150.3959,1101.5945,2234.8554,-1084.4595,477.81825,15776440000.0,-0.023891681,0,1
178.0,133.25,2,1195.3292,1140.4211,2321.8872,-1126.558,479.01825,21295967000.0,-0.023078268,0,1
178.0,133.5,2,1244.4669,1182.6101,2417.0772,-1172.6103,480.41825,30220416000.0,-0.022254965,0,1
178.0,133.75,2,1298.4286,1228.6174,2521.6328,-1223.2042,481.81825,42884811000.0,-0.021421596,0,1
178.0,134.0,2,1357.9618,1278.9857,2637.006,-1279.0441,483.21825,60856444000.0,-0.020577982,0,1
178.0,134.25,2,1423.9771,1334.3656,2765.0053,-1341.0281,484.81825,90787146000.0,-0.019723939,0,1
178.0,134.5,2,1497.5947,1395.5435,2907.8169,-1410.2222,486.21825,128833090000.0,-0.01885928,0,1
178.0,134.75,2,1580.2087,1463.4799,3068.1628,-1487.9542,488.01825,202050510000.0,-0.01798381,0,1
178.0,135.0,2,1673.5769,1539.3596,3249.5729,-1575.996,489.61825,301423940000.0,-0.017097334,0,1
178.0,135.25,2,1779.9463,1624.6615,3456.47,-1676.5237,491.41825,472726840000.0,-0.016199648,0,1
178.0,135.5,2,1902.2372,1721.2561,3694.6609,-1792.4237,493.41825,779394790000.0,-0.015290546,0,1
178.0,135.75,2,2044.3156,1831.5438,3971.9687,-1927.6532,495.41825,1285004800000.0,-0.014369815,0,1
178.0,136.0,2,2211.4093,1958.6575,4298.9043,-2087.495,497.61825,2227238400000.0,-0.013437237,0,1
178.0,136.25,2,2410.7654,2106.7645,4690.3292,-2279.5638,500.01825,4058293000000.0,-0.01249259,0,1
178.0,136.5,2,2652.7294,2281.5321,5167.7331,-2515.0037,502.41825,7394691900000.0,-0.011535645,0,1
178.0,136.75,2,2952.5965,2490.8696,5763.5302,-2810.9337,505.01825,14164834000000.0,-0.010566167,0,1
178.0,137.0,2,3333.9651,2746.1575,6528.81,-3194.8449,507.81825,28524473000000.0,-0.0095839168,0,1
178.0,137.25,2,3835.2257,3064.3879,7550.6843,-3715.4586,510.81825,60386311000000.0,-0.0085886467,0,1
178.0,137.5,2,4523.1602,3472.1087,8990.1583,-4466.9981,514.21825,141282640000000.0,-0.0075801041,0,1
178.0,137.75,2,5524.2715,4013.2398,11191.878,-5667.6069,518.01825,365315890000000.0,-0.0065580295,0,1
178.0,138.0,2,7101.9863,4766.0627,15127.059,-8025.073,522.01825,993031550000000.0,-0.0055221568,0,1
178.25,112.0,3,348.56216,348.70525,678.44715,-329.88499,433.82387,263863.46,-0.075476193,0,1
178.25,112.25,3,350.6861,350.82968,682.59666,-331.91056,434.02387,277392.03,-0.075019151,0,1
178.25,112.5,3,352.84684,352.99103,686.81987,-333.97303,434.22387,291614.22,-0.074559813,0,1
178.25,112.75,3,355.04532,355.19025,691.116,-336.07068,434.42387,306565.61,-0.074098164,0,1
178.25,113.0,3,357.28256,357.42796,695.48664,-338.20407,434.62387,322283.56,-0.073634265,0,1
178.25,113.25,3,359.55966,359.70559,699.93651,-340.37686,435.02387,356178.42,-0.073168017,0,1
178.25,113.5,3,361.87767,362.02425,704.46588,-342.58821,435.22387,374440.08,-0.072699397,0,1
178.25,113.75,3,364.23774,364.38506,709.07701,-344.83926,435.42387,393638.03,-0.072228387,0,1
178.25,114.0,3,366.64107,366.78905,713.7716,-347.13053,435.62387,413820.28,-0.071754991,0,1
178.25,114.25,3,369.08888,369.23741,718.55417,-349.46529,436.02387,457342.14,-0.071279194,0,1
178.25,114.5,3,371.58243,371.73158,723.42582,-351.84339,436.22387,480790.58,-0.07080094,0,1
178.25,114.75,3,374.12305,374.27287,728.38895,-354.2659,436.42387,505441.23,-0.070320205,0,1
178.25,115.0,3,376.71212,376.86266,733.44589,-356.73377,436.82387,558598.95,-0.069836967,0,1
178.25,115.25,3,379.35109,379.50236,738.60041,-359.24932,437.02387,587238.93,-0.069351202,0,1
178.25,115.5,3,382.04143,382.19347,743.85561,-361.81418,437.22387,617347.32,-0.068862886,0,1
178.25,115.75,3,384.7847,384.93751,749.21383,-364.42913,437.62387,682274.3,-0.068371994,0,1
178.25,116.0,3,387.58251,387.73607,754.67822,-367.09571,437.82387,717255.25,-0.067878505,0,1
178.25,116.25,3,390.43654,390.59081,760.25216,-369.81561,438.02387,754029.72,-0.067382397,0,1
178.25,116.5,3,393.34856,393.50355,765.93885,-372.59029,438.42387,833331.72,-0.066883627,0,1
178.25,116.75,3,396.32039,396.47613,771.74212,-375.42173,438.62387,876057.55,-0.066382168,0,1
178.25,117.0,3,399.35395,399.51045,777.66462,-378.31067,439.02387,968193.32,-0.065877989,0,1
178.25,117.25,3,402.45124,402.6085,783.71233,-381.26109,439.22387,1017833.7,-0.065371062,0,1
178.25,117.5,3,405.61432,405.77236,789.88797,-384.27364,439.62387,1124880.2,-0.064861355,0,1
178.25,117.75,3,408.84539,409.00415,796.19628,-387.35089,439.82387,1182554.0,-0.064348846,0,1
178.25,118.0,3,412.14672,412.30612,802.64135,-390.49463,440.22387,1306924.3,-0.063833505,0,1
178.25,118.25,3,415.5207,415.6807,809.22746,-393.70677,440.42387,1373931.7,-0.063315292,0,1
178.25,118.5,3,418.96981,419.13039,815.9598,-396.98998,440.82387,1518429.4,-0.06279417,0,1
178.25,118.75,3,422.49669,422.65779,822.8436,-400.34691,441.22387,1678124.0,-0.062270105,0,1
178.25,119.0,3,426.10407,426.26565,829.88394,-403.77987,441.42387,1764163.3,-0.061743059,0,1
178.25,119.25,3,429.79485,429.95683,837.08635,-407.29151,441.82387,1949701.9,-0.061212995,0,1
178.25,119.5,3,433.57204,433.73434,844.45801,-410.88597,442.22387,2154753.9,-0.060679874,0,1
178.25,119.75,3,437.43886,437.601,852.00284,-414.56398,442.62387,2381371.3,-0.060143704,0,1
178.25,120.0,3,441.39864,441.56036,859.72836,-418.32971,442.82387,2503466.8,-0.05960441,0,1
178.25,120.25,2,445.45495,445.61599,867.6412,-422.18625,443.22387,2766758.7,-0.059061941,0,1
178.25,120.5,2,449.61152,449.77154,875.74897,-426.13745,443.62387,3057741.3,-0.058516252,0,1
178.25,120.75,2,453.87233,454.03044,884.05848,-430.18615,444.02387,3379326.7,-0.057967359,0,1
178.25,121.0,2,458.24157,458.39699,892.57873,-434.33716,444.42387,3734733.6,-0.057415179,0,1
178.25,121.25,2,462.72371,462.87563,901.31774,-438.59403,444.82387,4127519.0,-0.056859647,0,1
178.25,121.5,2,467.32349,467.47042,910.28475,-442.96126,445.02387,4339141.4,-0.056300772,0,1
178.25,121.75,2,472.04598,472.18623,919.48924,-447.44326,445.42387,4795492.9,-0.055738485,0,1
178.25,122.0,2,476.89655,477.02839,928.94159,-452.04504,445.82387,5299839.3,-0.055172702,0,1
178.25,122.25,2,481.88097,482.00129,938.65314,-456.77217,446.22387,5857228.3,-0.054603474,0,1
178.25,122.5,2,487.00537,487.11141,948.63452,-461.62915,446.82387,6805128.4,-0.054030648,0,1
178.25,122.75,2,492.27635,492.36396,958.89863,-466.62228,447.22387,7520830.0,-0.053454248,0,1
178.25,123.0,2,497.70089,497.76559,969.46111,-471.76022,447.62387,8311802.6,-0.052874176,0,1
178.25,123.25,2,503.28646,503.32253,980.33226,-477.0458,448.02387,9185962.5,-0.052290417,0,1
178.25,123.5,2,509.04109,509.04213,991.53281,-482.49173,448.42387,10152059.0,-0.051702882,0,1
178.25,123.75,2,514.97324,514.93133,1003.0733,-488.10007,449.02387,11795009.0,-0.051111563,0,1
178.25,124.0,2,521.09204,520.99869,1014.977,-493.88497,449.42387,13035501.0,-0.050516336,0,1
178.25,124.25,2,527.40716,527.25157,1027.2587,-499.85156,449.82387,14406457.0,-0.049917243,0,1
178.25,124.5,2,533.92891,533.69982,1039.9389,-506.01,450.42387,16737915.0,-0.049314135,0,1
178.25,124.75,2,540.66831,540.3526,1053.0402,-512.37186,450.82387,18498257.0,-0.048706983,0,1
178.25,125.0,2,547.63713,547.2197,1066.585,-518.9479,451.42387,21491908.0,-0.048095756,0,1
178.25,125.25,2,554.84794,554.31245,1080.5973,-525.74933,451.82387,23752232.0,-0.047480342,0,1
178.25,125.5,2,562.31422,561.64238,1095.1041,-532.78993,452.42387,27596156.0,-0.046860682,0,1
178.25,125.75,2,570.05037,569.22116,1110.1331,-540.08269,452.82387,30498469.0,-0.046236765,0,1
178.25,126.0,2,578.07188,577.06264,1125.7108,-547.6389,453.42387,35434166.0,-0.045608472,0,1
178.25,126.25,2,586.39542,585.18099,1141.8768,-555.48134,454.02387,41168628.0,-0.044975735,0,1
178.25,126.5,2,595.03884,593.59145,1158.6609,-563.62201,454.62387,47831121.0,-0.044338484,0,1
178.25,126.75,2,604.02147,602.31038,1176.0983,-572.07679,455.22387,55571835.0,-0.043696649,0,1
178.25,127.0,2,613.36418,611.35527,1194.2358,-580.87164,455.82387,64565260.0,-0.043050165,0,1
178.25,127.25,2,623.08948,620.74517,1213.11,-590.0205,456.42387,75014130.0,-0.042398953,0,1
178.25,127.5,2,633.22184,630.50082,1232.7765,-599.55466,457.02387,87153985.0,-0.04174292,0,1
178.25,127.75,2,643.78775,640.64445,1253.2772,-609.48948,457.62387,101258480.0,-0.041081984,0,1
178.25,128.0,2,654.81608,651.20017,1274.6771,-619.86105,458.22387,117645570.0,-0.04041606,0,1
178.25,128.25,2,666.33824,662.19412,1297.0288,-630.69054,458.82387,136684660.0,-0.03974506,0,1
178.25,128.5,2,678.38852,673.65475,1320.4011,-642.01261,459.62387,166947020.0,-0.039068892,0,1
178.25,128.75,2,691.00451,685.61303,1344.8741,-653.86956,460.22387,193964760.0,-0.038387463,0,1
178.25,129.0,2,704.2273,698.10251,1370.5156,-666.28828,461.02387,236909090.0,-0.037700688,0,1
178.25,129.25,2,718.10208,711.16014,1397.4193,-679.31724,461.62387,275249100.0,-0.037008465,0,1
178.25,129.5,2,732.67868,724.82654,1425.6848,-693.00616,462.42387,336190010.0,-0.036310681,0,1
178.25,129.75,2,748.01206,739.14615,1455.4112,-707.39918,463.22387,410623400.0,-0.035607228,0,1
178.25,130.0,2,764.16301,754.16786,1486.7185,-722.55551,464.02387,501536560.0,-0.034897993,0,1
178.25,130.25,2,781.19904,769.94529,1519.7392,-738.5402,464.82387,612578130.0,-0.034182877,0,1
178.25,130.5,2,799.19526,786.53752,1554.6157,-755.42047,465.62387,748204620.0,-0.033461779,0,1
178.25,130.75,2,818.23553,804.01133,1591.5134,-773.27791,466.42387,913859190.0,-0.032734545,0,1
178.25,131.0,2,838.41375,822.43998,1630.6198,-792.20607,467.42387,1173418400.0,-0.032001053,0,1
178.25,131.25,2,859.83535,841.90399,1672.1258,-812.2905,468.22387,1433216500.0,-0.031261219,0,1
178.25,131.5,2,882.61922,862.49619,1716.2705,-833.6513,469.22387,1840286400.0,-0.030514854,0,1
178.25,131.75,2,906.89987,884.31791,1763.3095,-856.40965,470.22387,2362974500.0,-0.029761859,0,1
178.25,132.0,2,932.83013,907.48488,1813.5436,-880.71345,471.22387,3034119400.0,-0.029002076,0,1
178.25,132.25,2,960.58432,932.12712,1867.3081,-906.72382,472.22387,3895886400.0,-0.02823536,0,1
178.25,132.5,2,990.36222,958.41639,1924.9918,-934.62954,473.42387,5258896500.0,-0.027460867,0,1
178.25,132.75,2,1022.3939,986.57212,1987.0422,-964.64835,474.42387,6752556800.0,-0.026677163,0,1
178.25,133.0,2,1056.9455,1016.801,2053.9748,-997.0293,475.62387,9114998300.0,-0.025884067,0,1
178.25,133.25,2,1094.3271,1049.3404,2126.3924,-1032.0652,476.82387,12303961000.0,-0.025081417,0,1
178.25,133.5,2,1134.9015,1084.4656,2205.0041,-1070.1026,478.02387,16608610000.0,-0.024269045,0,1
178.25,133.75,2,1179.0964,1122.4973,2290.627,-1111.5305,479.22387,22419278000.0,-0.023446777,0,1
178.25,134.0,2,1227.4195,1163.8115,2384.2785,-1156.8589,480.62387,31814470000.0,-0.02261444,0,1
178.25,134.25,2,1280.4779,1208.8519,2487.1339,-1206.6559,482.02387,45146882000.0,-0.021771853,0,1
178.25,134.5,2,1339.004,1258.1461,2600.6243,-1261.6203,483.42387,64066475000.0,-0.020918831,0,1
178.25,134.75,2,1403.8895,1312.3261,2726.4986,-1322.6091,485.02387,95575950000.0,-0.020055187,0,1
178.25,135.0,2,1476.2312,1372.1558,2866.9017,-1390.6706,486.42387,135628730000.0,-0.019180726,0,1
178.25,135.25,2,1557.3933,1438.567,3024.5575,-1467.1642,488.22387,212708190000.0,-0.018295252,0,1
178.25,135.5,2,1649.0946,1512.7082,3202.8433,-1553.7487,489.82387,317323330000.0,-0.01739856,0,1
178.25,135.75,2,1753.5319,1596.0119,3406.1112,-1652.5793,491.82387,523177720000.0,-0.016490444,0,1
178.25,136.0,2,1873.5576,1690.2876,3640.1194,-1766.5618,493.62387,820506000000.0,-0.01557069,0,1
178.25,136.25,2,2012.9454,1797.855,3912.3963,-1899.4509,495.62387,1352785700000.0,-0.014639081,0,1
178.25,136.5,2,2176.7932,1921.7372,4233.36,-2056.5667,497.82387,2344719900000.0,-0.013695393,0,1
178.25,136.75,2,2372.1624,2065.9493,4617.4405,-2245.2781,500.22387,4272358200000.0,-0.012739396,0,1
178.25,137.0,2,2609.1188,2235.9417,5085.6211,-2476.5023,502.62387,7784744200000.0,-0.011770855,0,1
178.25,137.25,2,2902.5224,2439.3043,5669.4621,-2766.9398,505.22387,14911995000000.0,-0.010789529,0,1
178.25,137.5,2,3275.2571,2686.9304,6418.9516,-3143.6945,508.02387,30029071000000.0,-0.0097951718,0,1
178.25,137.75,2,3764.4593,2995.0339,7418.4738,-3654.0145,511.02387,63571544000000.0,-0.0087875283,0,1
178.25,138.0,2,4434.5127,3388.8485,8824.8798,-4390.3671,514.42387,148734960000000.0,-0.0077663387,0,1
178.5,112.0,3,341.25927,341.40094,664.18625,-322.92698,433.42947,239088.39,-0.077091015,0,1
178.5,112.25,3,343.2844,343.42671,668.1439,-324.8595,433.62947,251346.72,-0.076636279,0,1
178.5,112.5,3,345.34387,345.48671,672.16928,-326.82541,433.82947,264233.54,-0.076179327,0,1
178.5,112.75,3,347.43857,347.58188,676.26307,-328.8245,434.02947,277781.08,-0.075720129,0,1
178.5,113.0,3,349.56945,349.71336,680.42693,-330.85748,434.42947,306995.57,-0.075258622,0,1
178.5,113.25,3,351.73747,351.88208,684.66401,-332.92654,434.62947,322735.57,-0.074794787,0,1
178.5,113.5,3,353.94362,354.08874,688.97523,-335.03161,434.82947,339282.58,-0.07432867,0,1
178.5,113.75,3,356.18895,356.33459,693.36222,-337.17326,435.02947,356677.97,-0.073860202,0,1
178.5,114.0,3,358.47454,358.62079,697.82877,-339.35423,435.22947,374965.24,-0.073389346,0,1
178.5,114.25,3,360.8015,360.94843,702.37561,-341.57412,435.62947,414400.68,-0.072916082,0,1
178.5,114.5,3,363.17098,363.31866,707.0051,-343.83412,435.82947,435647.45,-0.07244039,0,1
178.5,114.75,3,365.5842,365.73244,711.71943,-346.13523,436.02947,457983.58,-0.071962293,0,1
178.5,115.0,3,368.04242,368.19123,716.52243,-348.48002,436.42947,506150.13,-0.071481727,0,1
178.5,115.25,3,370.54691,370.69635,721.4155,-350.86859,436.62947,532101.0,-0.070998662,0,1
178.5,115.5,3,373.09904,373.24915,726.40128,-353.30224,436.82947,559382.4,-0.070513074,0,1
178.5,115.75,3,375.70022,375.85103,731.48251,-355.78229,437.22947,618213.16,-0.070024939,0,1
178.5,116.0,3,378.3519,378.50343,736.66144,-358.30953,437.42947,649909.63,-0.069534232,0,1
178.5,116.25,3,381.05563,381.20787,741.9428,-360.88717,437.62947,683231.21,-0.069040928,0,1
178.5,116.5,3,383.81297,383.96594,747.32898,-363.51601,438.02947,755087.26,-0.068545,0,1
178.5,116.75,3,386.62557,386.77927,752.82234,-366.19677,438.22947,793801.41,-0.068046421,0,1
178.5,117.0,3,389.49517,389.6496,758.42682,-368.93165,438.62947,877286.24,-0.067545162,0,1
178.5,117.25,3,392.42356,392.5787,764.14582,-371.72226,438.82947,922265.67,-0.067041195,0,1
178.5,117.5,3,395.41261,395.56845,769.98289,-374.57028,439.02947,969551.24,-0.06653449,0,1
178.5,117.75,3,398.46428,398.62081,775.94191,-377.47763,439.42947,1071519.8,-0.066025015,0,1
178.5,118.0,3,401.58062,401.73781,782.02696,-380.44634,439.62947,1126457.8,-0.06551274,0,1
178.5,118.25,3,404.76376,404.9216,788.24201,-383.47825,440.02947,1244928.4,-0.064997632,0,1
178.5,118.5,3,408.01595,408.1744,794.59141,-386.57546,440.42947,1375858.7,-0.064479657,0,1
178.5,118.75,3,411.33952,411.49855,801.07985,-389.74034,440.62947,1446400.5,-0.06395878,0,1
178.5,119.0,3,414.73692,414.8965,807.71196,-392.97504,441.02947,1598519.7,-0.063434966,0,1
178.5,119.25,3,418.21073,418.3708,814.49275,-396.28202,441.22947,1680477.6,-0.062908178,0,1
178.5,119.5,3,421.76365,421.92415,821.42736,-399.66372,441.62947,1857215.0,-0.06237838,0,1
178.5,119.75,3,425.3985,425.55902,828.52103,-403.12253,442.02947,2052540.0,-0.061845582,0,1
178.5,120.0,3,429.11828,429.27864,835.78014,-406.66186,442.22947,2157776.0,-0.061309701,0,1
178.5,120.25,3,432.92612,433.08613,843.21042,-410.2843,442.62947,2384711.2,-0.060770695,0,1
178.5,120.5,3,436.82534,436.98475,850.81799,-413.99265,443.02947,2635513.5,-0.060228521,0,1
178.5,120.75,3,440.81943,440.97766,858.6099,-417.79047,443.42947,2912692.9,-0.059683172,0,1
178.5,121.0,2,444.91209,445.06839,866.59284,-421.68075,443.82947,3219023.5,-0.059134609,0,1
178.5,121.25,2,449.10725,449.26101,874.77485,-425.6676,444.02947,3384066.3,-0.05858275,0,1
178.5,121.5,2,453.40906,453.55937,883.1635,-429.75444,444.42947,3739971.7,-0.058027563,0,1
178.5,121.75,2,457.82194,457.9672,891.7675,-433.94556,444.82947,4133308.0,-0.057469061,0,1
178.5,122.0,2,462.35061,462.48946,900.59611,-438.2455,445.22947,4568011.7,-0.056907124,0,1
178.5,122.25,2,467.00008,467.13046,909.65826,-442.65817,445.62947,5048433.7,-0.056341745,0,1
178.5,122.5,2,471.77571,471.89498,918.96453,-447.18881,446.02947,5579382.1,-0.055772886,0,1
178.5,122.75,2,476.68321,476.78861,928.52585,-451.84264,446.42947,6166170.9,-0.055200449,0,1
178.5,123.0,2,481.72867,481.81599,938.35333,-456.62466,446.82947,6814672.7,-0.054624474,0,1
178.5,123.25,2,486.91863,486.98383,948.45902,-461.5404,447.22947,7531378.1,-0.054044802,0,1
178.5,123.5,2,492.26001,492.29719,958.85887,-466.59887,447.82947,8750213.0,-0.053461498,0,1
178.5,123.75,2,497.76021,497.76354,969.56345,-471.80324,448.22947,9670480.9,-0.052874393,0,1
178.5,124.0,2,503.42715,503.38869,980.59228,-477.16513,448.62947,10687534.0,-0.052283545,0,1
178.5,124.25,2,509.26921,509.18076,991.95793,-482.68871,449.02947,11811552.0,-0.051688805,0,1
178.5,124.5,2,515.29534,515.1469,1003.6788,-488.38342,449.62947,13723066.0,-0.051090174,0,1
178.5,124.75,2,521.51508,521.29546,1015.7734,-494.25835,450.02947,15166333.0,-0.050487578,0,1
178.5,125.0,2,527.93859,527.63545,1028.2628,-500.32421,450.42947,16761390.0,-0.049880926,0,1
178.5,125.25,2,534.57671,534.17544,1041.1669,-506.59016,451.02947,19473957.0,-0.049270227,0,1
178.5,125.5,2,541.44102,540.92586,1054.5087,-513.0677,451.42947,21522051.0,-0.048655365,0,1
178.5,125.75,2,548.54387,547.89735,1068.312,-519.76814,452.02947,25005056.0,-0.04803627,0,1
178.5,126.0,2,555.8985,555.10092,1082.6021,-526.70356,452.62947,29051730.0,-0.047412902,0,1
178.5,126.25,2,563.51909,562.54846,1097.407,-533.88791,453.02947,32107127.0,-0.046785205,0,1
178.5,126.5,2,571.42086,570.25328,1112.7525,-541.33169,453.62947,37303160.0,-0.046153079,0,1
178.5,126.75,2,579.62019,578.22922,1128.6779,-549.05771,454.22947,43340089.0,-0.045516457,0,1
178.5,127.0,2,588.13466,586.49112,1145.2132,-557.07856,454.82947,50353999.0,-0.044875266,0,1
178.5,127.25,2,596.98326,595.05498,1162.391,-565.40772,455.22947,55649775.0,-0.044229434,0,1
178.5,127.5,2,606.1865,603.93801,1180.259,-574.07245,455.82947,64655815.0,-0.043578885,0,1
178.5,127.75,2,615.76655,613.15862,1198.8532,-583.08661,456.42947,75119340.0,-0.042923551,0,1
178.5,128.0,2,625.74743,622.73708,1218.2266,-592.47921,457.02947,87276221.0,-0.042263333,0,1
178.5,128.25,2,636.15524,632.69511,1238.4234,-602.26815,457.82947,106599420.0,-0.041598148,0,1
178.5,128.5,2,647.0183,643.05621,1259.5031,-612.48484,458.42947,123850850.0,-0.040927907,0,1
178.5,128.75,2,658.36759,653.84588,1281.5221,-623.15455,459.02947,143894160.0,-0.040252521,0,1
178.5,129.0,2,670.23676,665.09159,1304.5475,-634.31075,459.82947,175752730.0,-0.039571911,0,1
178.5,129.25,2,682.66274,676.8237,1328.6486,-645.98589,460.42947,204195540.0,-0.038885969,0,1
178.5,129.5,2,695.68602,689.07513,1353.9116,-658.22561,461.22947,249404990.0,-0.038194594,0,1
178.5,129.75,2,709.35101,701.8819,1380.4123,-671.06132,461.82947,289767260.0,-0.037497683,0,1
178.5,130.0,2,723.70663,715.28341,1408.2492,-684.54257,462.62947,353922530.0,-0.036795128,0,1
178.5,130.25,2,738.80692,729.32296,1437.5257,-698.71874,463.42947,432281950.0,-0.036086818,0,1
178.5,130.5,2,754.7117,744.04728,1468.3664,-713.65474,464.22947,527990370.0,-0.035372678,0,1
178.5,130.75,2,771.48728,759.50941,1500.888,-729.40075,465.02947,644888890.0,-0.03465256,0,1
178.5,131.0,2,789.20748,775.76746,1535.2373,-746.02979,465.82947,787669070.0,-0.033926333,0,1
178.5,131.25,2,807.95469,792.8849,1571.5743,-763.61964,466.62947,962061180.0,-0.033193904,0,1
178.5,131.5,2,827.82115,810.93307,1610.0774,-782.25627,467.62947,1235311000.0,-0.032455138,0,1
178.5,131.75,2,848.91045,829.99214,1650.9486,-802.0381,468.42947,1508812300.0,-0.031709873,0,1
178.5,132.0,2,871.33939,850.14899,1694.4127,-823.07328,469.42947,1937353300.0,-0.030958038,0,1
178.5,132.25,2,895.24007,871.50495,1740.7267,-845.48666,470.42947,2487610900.0,-0.030199421,0,1
178.5,132.5,2,920.76256,894.17008,1790.1813,-869.41877,471.42947,3194155600.0,-0.029433936,0,1
178.5,132.75,2,948.07803,918.29793,1843.1101,-895.03204,472.42947,4101377000.0,-0.028660573,0,1
178.5,133.0,2,977.3826,944.07622,1899.8924,-922.50979,473.62947,5536279800.0,-0.027877987,0,1
178.5,133.25,2,1008.902,971.68044,1960.9682,-952.06615,474.62947,7108724000.0,-0.027086009,0,1
178.5,133.5,2,1042.8976,1001.3115,2026.846,-983.94832,475.82947,9595773700.0,-0.026284473,0,1
178.5,133.75,2,1079.6734,1033.2009,2098.1147,-1018.4412,477.02947,12952940000.0,-0.025473211,0,1
178.5,134.0,2,1119.5854,1067.6168,2175.4695,-1055.8842,478.22947,17484640000.0,-0.024652052,0,1
178.5,134.25,2,1163.0528,1104.8715,2259.7274,-1096.6746,479.42947,23601795000.0,-0.02382082,0,1
178.5,134.5,2,1210.5734,1145.3311,2351.8613,-1141.2878,480.82947,33492541000.0,-0.022979333,0,1
178.5,134.75,2,1262.7423,1189.4274,2453.037,-1190.2947,482.22947,47528178000.0,-0.022127408,0,1
178.5,135.0,2,1320.277,1237.6734,2564.6414,-1244.3644,483.62947,67445696000.0,-0.021264855,0,1
178.5,135.25,2,1384.0509,1290.6834,2688.4288,-1304.378,485.22947,100617150000.0,-0.020391481,0,1
178.5,135.5,2,1455.1374,1349.1992,2826.4885,-1371.351,486.82947,150103160000.0,-0.019507087,0,1
178.5,135.75,2,1534.8717,1414.125,2981.437,-1446.5653,488.42947,223927600000.0,-0.01861147,0,1
178.5,136.0,2,1624.935,1486.5747,3156.6673,-1531.7322,490.02947,334060720000.0,-0.017704421,0,1
178.5,136.25,2,1727.4742,1567.9359,3356.4126,-1628.9383,492.02947,550773010000.0,-0.016785728,0,1
178.5,136.5,2,1845.2763,1659.9597,3586.2416,-1740.9654,493.82947,863784020000.0,-0.015855171,0,1
178.5,136.75,2,1982.0242,1764.8883,3853.6391,-1871.6149,495.82947,1424139100000.0,-0.014912527,0,1
178.5,137.0,2,2142.6909,1885.6402,4168.6667,-2025.9758,498.02947,2468393400000.0,-0.013957565,0,1
178.5,137.25,2,2334.155,2026.085,4545.4948,-2211.3398,500.22947,4278350300000.0,-0.01299005,0,1
178.5,137.5,2,2566.2124,2191.4669,5004.5995,-2438.3871,502.82947,8195354600000.0,-0.012009739,0,1
178.5,137.75,2,2853.3022,2389.0727,5576.7648,-2723.4626,505.42947,15698536000000.0,-0.011016385,0,1
178.5,138.0,2,3217.6183,2629.3352,6310.7141,-3093.0958,508.22947,31612970000000.0,-0.010009734,0,1
178.75,112.0,3,334.21968,334.36023,650.43749,-316.21781,433.03507,216639.11,-0.07871434,0,1
178.75,112.25,3,336.15186,336.2928,654.21485,-318.06299,433.43507,239423.25,-0.078261994,0,1
178.75,112.5,3,338.11614,338.25757,658.05454,-319.9384,433.63507,251698.74,-0.077807409,0,1
178.75,112.75,3,340.11335,340.25542,661.95749,-321.84414,433.83507,264603.61,-0.077350554,0,1
178.75,113.0,3,342.14435,342.28692,665.92762,-323.78328,434.03507,278170.13,-0.076891472,0,1
178.75,113.25,3,344.20999,344.35304,669.96495,-325.75496,434.23507,292432.22,-0.076430124,0,1
178.75,113.5,3,346.31123,346.45485,674.07102,-327.75979,434.43507,307425.54,-0.075966451,0,1
178.75,113.75,3,348.44899,348.59329,678.24937,-329.80038,434.63507,323187.58,-0.075500436,0,1
178.75,114.0,3,350.62426,350.7691,682.50063,-331.87637,435.03507,357177.52,-0.075032109,0,1
178.75,114.25,3,352.83804,352.98339,686.82603,-333.98798,435.23507,375490.4,-0.074561426,0,1
178.75,114.5,3,355.09143,355.23735,691.22984,-336.13841,435.43507,394742.2,-0.074088338,0,1
178.75,114.75,3,357.3855,357.53206,695.71297,-338.32747,435.63507,414981.07,-0.073612825,0,1
178.75,115.0,3,359.72138,359.86864,700.27741,-340.55603,436.03507,458625.01,-0.073134866,0,1
178.75,115.25,3,362.10026,362.24822,704.92549,-342.82523,436.23507,482139.22,-0.072654449,0,1
178.75,115.5,3,364.52338,364.67189,709.6594,-345.13602,436.43507,506859.02,-0.072171576,0,1
178.75,115.75,3,366.99201,367.14111,714.48278,-347.49076,436.63507,532846.24,-0.071686185,0,1
178.75,116.0,3,369.50747,369.65719,719.39756,-349.89009,437.03507,588886.17,-0.07119825,0,1
178.75,116.25,3,372.07114,372.22151,724.40601,-352.33487,437.23507,619079.01,-0.070707749,0,1
178.75,116.5,3,374.68445,374.8355,729.5112,-354.82674,437.63507,684188.12,-0.070214654,0,1
178.75,116.75,3,377.34891,377.50065,734.71611,-357.36719,437.83507,719267.19,-0.069718941,0,1
178.75,117.0,3,380.06607,380.2185,740.02281,-359.95674,438.03507,756144.81,-0.069220581,0,1
178.75,117.25,3,382.83755,382.99067,745.43642,-362.59886,438.43507,835669.25,-0.068719547,0,1
178.75,117.5,3,385.66505,385.81884,750.9591,-365.29405,438.63507,878514.93,-0.06821581,0,1
178.75,117.75,3,388.55032,388.70479,756.59445,-368.04413,439.03507,970909.15,-0.067709341,0,1
178.75,118.0,3,391.4952,391.65034,762.34588,-370.85069,439.23507,1020688.7,-0.067200108,0,1
178.75,118.25,3,394.50161,394.65741,768.21699,-373.71537,439.63507,1128035.5,-0.066688081,0,1
178.75,118.5,3,397.57157,397.728,774.21185,-376.64028,439.83507,1185871.1,-0.066173227,0,1
178.75,118.75,3,400.70717,400.86421,780.3344,-379.62723,440.23507,1310590.3,-0.065655512,0,1
178.75,119.0,3,403.9106,404.06824,786.58938,-382.67877,440.43507,1377785.7,-0.065134902,0,1
178.75,119.25,3,407.18417,407.34236,792.98053,-385.79636,440.83507,1522688.7,-0.064611362,0,1
178.75,119.5,3,410.53028,410.68895,799.5129,-388.98261,441.03507,1600758.6,-0.064084863,0,1
178.75,119.75,3,413.95147,414.11029,806.19126,-392.2398,441.43507,1769111.8,-0.0635554,0,1
178.75,120.0,3,417.45037,417.60923,813.02091,-395.57053,441.83507,1955170.9,-0.0630229,0,1
178.75,120.25,3,421.0298,421.18855,820.00697,-398.97717,442.03507,2055414.7,-0.062487323,0,1
178.75,120.5,3,424.69267,424.85113,827.15522,-402.46256,442.43507,2271584.5,-0.061948628,0,1
178.75,120.75,3,428.44208,428.59994,834.47231,-406.03022,442.83507,2510489.2,-0.061406787,0,1
178.75,121.0,3,432.28132,432.43781,841.96378,-409.68246,443.23507,2774519.6,-0.060861803,0,1
178.75,121.25,3,436.21382,436.3685,849.63606,-413.42224,443.43507,2916772.3,-0.060313577,0,1
178.75,121.5,3,440.24325,440.39551,857.49627,-417.25302,443.83507,3223531.9,-0.059762064,0,1
178.75,121.75,2,444.37348,444.52212,865.55183,-421.17836,444.23507,3562553.7,-0.059207279,0,1
178.75,122.0,2,448.60864,448.75243,873.81073,-425.20209,444.63507,3937230.8,-0.058649142,0,1
178.75,122.25,2,452.95311,453.09075,882.28139,-429.32829,445.03507,4351312.9,-0.058087579,0,1
178.75,122.5,2,457.41157,457.54073,890.97252,-433.56095,445.43507,4808944.5,-0.057522627,0,1
178.75,122.75,2,461.98901,462.10747,899.89248,-437.90347,445.83507,5314705.6,-0.056954165,0,1
178.75,123.0,2,466.69076,466.79551,909.05487,-442.36411,446.23507,5873658.1,-0.056382173,0,1
178.75,123.25,2,471.52247,471.60977,918.46785,-446.94538,446.63507,6491396.1,-0.055806615,0,1
178.75,123.5,2,476.49019,476.55588,928.14378,-451.65359,447.03507,7174102.2,-0.055227406,0,1
178.75,123.75,2,481.6004,481.63901,938.09332,-456.49292,447.43507,7928609.1,-0.054644546,0,1
178.75,124.0,2,486.85995,486.86558,948.33303,-461.47308,447.83507,8762468.2,-0.054057929,0,1
178.75,124.25,2,492.27617,492.24149,958.87395,-466.59778,448.43507,10180536.0,-0.053467547,0,1
178.75,124.5,2,497.85683,497.77366,969.73219,-471.87536,448.83507,11251232.0,-0.052873319,0,1
178.75,124.75,2,503.61022,503.46924,980.92659,-477.31637,449.23507,12434534.0,-0.05227518,0,1
178.75,125.0,2,509.54517,509.33531,992.46966,-482.92449,449.63507,13742286.0,-0.051673121,0,1
178.75,125.25,2,515.67104,515.38049,1004.3824,-488.7114,450.23507,15966258.0,-0.051067019,0,1
178.75,125.5,2,521.99783,521.61288,1016.6835,-494.68565,450.63507,17645444.0,-0.050456854,0,1
178.75,125.75,2,528.5362,528.04149,1029.3936,-500.85743,451.23507,20501081.0,-0.04984257,0,1
178.75,126.0,2,535.29753,534.67635,1042.5351,-507.23753,451.63507,22657199.0,-0.049224068,0,1
178.75,126.25,2,542.29398,541.52773,1056.1291,-513.83509,452.23507,26323909.0,-0.048601288,0,1
178.75,126.5,2,549.53857,548.60614,1070.2059,-520.66737,452.63507,29092419.0,-0.047974208,0,1
178.75,126.75,2,557.04522,555.92377,1084.7897,-527.74446,453.23507,33800569.0,-0.047342723,0,1
178.75,127.0,2,564.82889,563.49332,1099.9064,-535.07747,453.83507,39270658.0,-0.046706756,0,1
178.75,127.25,2,572.90573,571.32827,1115.5952,-542.68945,454.43507,45625995.0,-0.046066239,0,1
178.75,127.5,2,581.29297,579.44316,1131.8834,-550.59039,454.83507,50424523.0,-0.045421099,0,1
178.75,127.75,2,590.00933,587.85357,1148.8064,-558.79702,455.43507,58584937.0,-0.04477126,0,1
178.75,128.0,2,599.07495,596.57631,1166.4083,-567.33336,456.03507,68065986.0,-0.044116644,0,1
178.75,128.25,2,608.51165,605.62951,1184.7257,-576.21408,456.63507,79081394.0,-0.043457171,0,1
178.75,128.5,2,618.34302,615.03273,1203.8101,-585.4671,457.23507,91879471.0,-0.042792755,0,1
178.75,128.75,2,628.59477,624.80713,1223.7058,-595.11099,458.03507,112221840.0,-0.042123311,0,1
178.75,129.0,2,639.29474,634.97563,1244.4684,-605.17371,458.63507,130383180.0,-0.041448748,0,1
178.75,129.25,2,650.47332,645.5631,1266.1609,-615.68753,459.23507,151483640.0,-0.040768974,0,1
178.75,129.5,2,662.16373,656.59657,1288.8418,-626.67807,459.83507,175998880.0,-0.040083891,0,1
178.75,129.75,2,674.40219,668.10545,1312.5831,-638.18092,460.63507,214965520.0,-0.0393934,0,1
178.75,130.0,2,687.22848,680.12184,1337.4613,-650.23284,461.43507,262559470.0,-0.038697397,0,1
178.75,130.25,2,700.68634,692.6808,1363.5677,-662.88137,462.03507,305050590.0,-0.037995777,0,1
178.75,130.5,2,714.82385,705.82052,1390.9856,-676.16176,462.83507,372589630.0,-0.037288438,0,1
178.75,130.75,2,729.69411,719.58259,1419.8222,-690.12811,463.63507,455082000.0,-0.036575294,0,1
178.75,131.0,2,745.35588,734.01392,1450.1908,-704.83491,464.43507,555838410.0,-0.035856193,0,1
178.75,131.25,2,761.87437,749.16556,1482.2178,-720.34342,465.23507,678902570.0,-0.035131013,0,1
178.75,131.5,2,779.32213,765.09273,1516.0499,-736.72777,466.03507,829213470.0,-0.03439968,0,1
178.75,131.75,2,797.78013,781.85867,1551.8331,-754.05294,466.83507,1012803600.0,-0.033662024,0,1
178.75,132.0,2,817.33897,799.53253,1589.7478,-772.40888,467.83507,1300465600.0,-0.032917917,0,1
178.75,132.25,2,838.10043,818.19047,1629.9922,-791.89173,468.63507,1588392300.0,-0.03216726,0,1
178.75,132.5,2,860.17921,837.91992,1672.7879,-812.6087,469.63507,2039536000.0,-0.031409857,0,1
178.75,132.75,2,883.70507,858.81549,1718.3861,-834.68101,470.63507,2618816100.0,-0.030645634,0,1
178.75,133.0,2,908.82538,881.01414,1767.0722,-858.24679,471.63507,3362626400.0,-0.029873465,0,1
178.75,133.25,2,935.70817,904.67777,1819.1775,-883.46937,472.63507,4317697800.0,-0.029092066,0,1
178.75,133.5,2,964.54598,929.95624,1875.0701,-910.52408,473.83507,5828282400.0,-0.028301272,0,1
178.75,133.75,2,995.56039,957.02051,1935.1846,-939.62416,474.83507,7483662800.0,-0.027500921,0,1
178.75,134.0,2,1029.0078,986.06652,2000.0184,-971.01061,476.03507,10101888000.0,-0.026690841,0,1
178.75,134.25,2,1065.1865,1017.32,2070.1535,-1004.967,477.23507,13636123000.0,-0.025870863,0,1
178.75,134.5,2,1104.4456,1051.0422,2146.2683,-1041.8227,478.43507,18406840000.0,-0.025040808,0,1
178.75,134.75,2,1147.1963,1087.5374,2229.1566,-1081.9602,479.63507,24846635000.0,-0.024200497,0,1
178.75,135.0,2,1193.9267,1127.1621,2319.7967,-1125.87,481.03507,35259054000.0,-0.023349744,0,1
178.75,135.25,2,1245.2198,1170.3364,2419.317,-1174.0972,482.43507,50034979000.0,-0.022488359,0,1
178.75,135.5,2,1301.7786,1217.5594,2529.094,-1227.3153,483.83507,71003015000.0,-0.021616149,0,1
178.75,135.75,2,1364.4584,1269.4281,2650.8142,-1286.3558,485.43507,105924050000.0,-0.020732915,0,1
178.75,136.0,2,1434.3104,1326.6632,2786.5317,-1352.2213,487.03507,158020120000.0,-0.019838453,0,1
178.75,136.25,2,1512.641,1390.1424,2938.8726,-1426.2317,488.63507,235738310000.0,-0.018932554,0,1
178.75,136.5,2,1601.0941,1460.9458,3111.0719,-1509.9778,490.23507,351680240000.0,-0.018015004,0,1
178.75,136.75,2,1701.7692,1540.4182,3307.3073,-1605.5381,492.23507,579822690000.0,-0.017085585,0,1
178.75,137.0,2,1817.3879,1630.2546,3533.0861,-1715.6981,494.03507,909342990000.0,-0.01614407,0,1
178.75,137.25,2,1951.5465,1732.6231,3795.6179,-1844.0714,496.03507,1499253100000.0,-0.015190231,0,1
178.75,137.5,2,2109.0942,1850.3417,4104.8215,-1995.7273,498.23507,2598585000000.0,-0.014223829,0,1
178.75,137.75,2,2296.7344,1987.1418,4474.604,-2177.8696,500.43507,4504005300000.0,-0.013244624,0,1
178.75,138.0,2,2524.0001,2148.0705,4924.8143,-2400.8142,503.03507,8627606000000.0,-0.012252366,0,1
179.0,112.0,3,327.42944,327.56863,637.17517,-309.74573,432.84066,206361.71,-0.080346354,0,1
179.0,112.25,3,329.27412,329.41381,640.78177,-311.50765,433.04066,216942.11,-0.079896302,0,1
179.0,112.5,3,331.14883,331.28918,644.44573,-313.2969,433.24066,228064.97,-0.079444023,0,1
179.0,112.75,3,333.05436,333.19504,648.1713,-315.11694,433.44066,239758.11,-0.078989606,0,1
179.0,113.0,3,334.99145,335.13264,651.958,-316.96655,433.64066,252050.77,-0.078532921,0,1
179.0,113.25,3,336.96093,337.10276,655.80707,-318.84614,433.84066,264973.69,-0.078073954,0,1
179.0,113.5,3,338.96365,339.10596,659.72234,-320.75869,434.24066,292841.21,-0.077612748,0,1
179.0,113.75,3,341.00045,341.14322,663.70344,-322.70299,434.44066,307855.5,-0.077149255,0,1
179.0,114.0,3,343.07223,343.21557,667.75203,-324.6798,434.64066,323639.59,-0.076683424,0,1
179.0,114.25,3,345.17995,345.32394,671.8721,-326.69214,434.84066,340232.95,-0.076215235,0,1
179.0,114.5,3,347.32455,347.46911,676.06376,-328.73921,435.04066,357677.07,-0.075744704,0,1
179.0,114.75,3,349.50703,349.65208,680.32913,-330.8221,435.24066,376015.56,-0.075271811,0,1
179.0,115.0,3,351.72843,351.87404,684.66978,-332.94134,435.64066,415561.46,-0.074796496,0,1
179.0,115.25,3,353.98985,354.13605,689.08934,-335.0995,435.84066,436867.75,-0.074318739,0,1
179.0,115.5,3,356.29237,356.43923,693.58909,-337.29672,436.04066,459266.44,-0.073838519,0,1
179.0,115.75,3,358.63716,358.78472,698.17098,-339.53382,436.24066,482813.54,-0.073355813,0,1
179.0,116.0,3,361.02544,361.17365,702.83771,-341.81227,436.64066,533591.48,-0.072870613,0,1
179.0,116.25,3,363.45846,363.60722,707.59105,-344.13259,436.84066,560949.3,-0.0723829,0,1
179.0,116.5,3,365.93751,366.08687,712.43487,-346.49736,437.04066,589709.79,-0.071892623,0,1
179.0,116.75,3,368.46395,368.61392,717.37122,-348.90727,437.44066,651730.11,-0.071399758,0,1
179.0,117.0,3,371.03918,371.1898,722.40264,-351.36346,437.64066,685145.02,-0.07090428,0,1
179.0,117.25,3,373.66468,373.81594,727.53165,-353.86697,438.04066,757202.35,-0.07040616,0,1
179.0,117.5,3,376.34197,376.49389,732.76188,-356.41992,438.24066,796024.95,-0.069905372,0,1
179.0,117.75,3,379.07263,379.22521,738.09611,-359.02348,438.44066,836838.02,-0.069401886,0,1
179.0,118.0,3,381.85834,382.01158,743.53753,-361.67919,438.84066,924849.04,-0.068895674,0,1
179.0,118.25,3,384.70082,384.8547,749.08932,-364.3885,439.04066,972267.07,-0.068386705,0,1
179.0,118.5,3,387.60187,387.7564,754.75527,-367.1534,439.44066,1074521.3,-0.067874947,0,1
179.0,118.75,3,390.56338,390.71854,760.53881,-369.97542,439.64066,1129613.2,-0.067360369,0,1
179.0,119.0,3,393.58733,393.7431,766.44419,-372.85686,440.04066,1248415.6,-0.066842937,0,1
179.0,119.25,3,396.67576,396.83212,772.47541,-375.79965,440.24066,1312423.3,-0.066322617,0,1
179.0,119.5,3,399.83084,399.98766,778.63664,-378.8058,440.64066,1450452.0,-0.065799392,0,1
179.0,119.75,3,403.05483,403.21192,784.93176,-381.87693,441.04066,1602997.4,-0.065273232,0,1
179.0,120.0,3,406.35009,406.50736,791.36534,-385.01525,441.24066,1685184.8,-0.06474408,0,1
179.0,120.25,3,409.7191,409.87645,797.94261,-388.22351,441.64066,1862417.3,-0.064211899,0,1
179.0,120.5,3,413.16449,413.32176,804.6683,-391.50382,441.84066,1957905.4,-0.063676649,0,1
179.0,120.75,3,416.68899,416.84602,811.54769,-394.85871,442.24066,2163820.2,-0.063138291,0,1
179.0,121.0,3,420.29549,420.45167,818.58638,-398.29088,442.64066,2391391.1,-0.062596839,0,1
179.0,121.25,3,423.98706,424.14196,825.79059,-401.80353,443.04066,2642895.9,-0.062052208,0,1
179.0,121.5,3,427.76692,427.9201,833.16597,-405.39906,443.24066,2778400.1,-0.061504344,0,1
179.0,121.75,3,431.63847,431.78927,840.71927,-409.08079,443.64066,3070607.0,-0.060953216,0,1
179.0,122.0,3,435.60536,435.75251,848.45736,-412.852,444.04066,3393545.5,-0.060398838,0,1
179.0,122.25,3,439.67141,439.81391,856.38775,-416.71634,444.44066,3750447.8,-0.059841093,0,1
179.0,122.5,3,443.84073,443.97715,864.51818,-420.67745,444.84066,4144885.8,-0.059279954,0,1
179.0,122.75,2,448.11768,448.24582,872.85709,-424.73941,445.24066,4580807.3,-0.058715428,0,1
179.0,123.0,2,452.50689,452.62472,881.41295,-428.90607,445.64066,5062575.0,-0.058147388,0,1
179.0,123.25,2,457.01332,457.11768,890.19558,-433.18227,446.04066,5595010.7,-0.057575864,0,1
179.0,123.5,2,461.64226,461.72979,899.21354,-437.57128,446.44066,6183443.1,-0.057000752,0,1
179.0,123.75,2,466.39935,466.46575,908.48092,-442.08157,446.84066,6833761.5,-0.056422031,0,1
179.0,124.0,2,471.29054,471.33084,918.00635,-446.7158,447.24066,7552474.4,-0.055839641,0,1
179.0,124.25,2,476.32229,476.33052,927.80334,-451.48105,447.64066,8346775.1,-0.055253535,0,1
179.0,124.5,2,481.50132,481.4707,937.88372,-456.38239,448.04066,9224613.1,-0.054663649,0,1
179.0,124.75,2,486.8349,486.75729,948.26523,-461.43033,448.44066,10194774.0,-0.054069955,0,1
179.0,125.0,2,492.33068,492.19737,958.95802,-466.62734,449.04066,11844638.0,-0.05347234,0,1
179.0,125.25,2,497.99682,497.79697,969.97996,-471.98314,449.44066,13090349.0,-0.052870842,0,1
179.0,125.5,2,503.84199,503.56427,981.34833,-477.50634,449.84066,14467073.0,-0.052265315,0,1
179.0,125.75,2,509.87543,509.50691,993.08078,-483.20535,450.44066,16808341.0,-0.051655717,0,1
179.0,126.0,2,516.10696,515.63273,1005.1961,-489.08918,450.84066,18576090.0,-0.051042037,0,1
179.0,126.25,2,522.54707,521.95115,1017.7153,-495.16819,451.24066,20529754.0,-0.050424154,0,1
179.0,126.5,2,529.20692,528.47157,1030.6593,-501.45242,451.84066,23852171.0,-0.049802008,0,1
179.0,126.75,2,536.09848,535.20376,1044.0495,-507.95103,452.44066,27712269.0,-0.04917556,0,1
179.0,127.0,2,543.23457,542.15851,1057.9164,-514.6818,452.84066,30626794.0,-0.048544742,0,1
179.0,127.25,2,550.62886,549.34755,1072.2824,-521.65354,453.44066,35583258.0,-0.047909461,0,1
179.0,127.5,2,558.29606,556.7832,1087.1736,-528.87755,454.04066,41341848.0,-0.047269646,0,1
179.0,127.75,2,566.25204,564.47865,1102.6273,-536.37528,454.44066,45689808.0,-0.046625227,0,1
179.0,128.0,2,574.51375,572.44806,1118.6722,-544.15847,455.04066,53083983.0,-0.045976128,0,1
179.0,128.25,2,583.09962,580.70666,1135.3438,-552.2442,455.64066,61674789.0,-0.045322272,0,1
179.0,128.5,2,592.02941,589.27086,1152.6794,-560.65002,456.24066,71655882.0,-0.044663578,0,1
179.0,128.75,2,601.32463,598.15833,1170.7272,-569.40253,456.84066,83252258.0,-0.043999964,0,1
179.0,129.0,2,611.00845,607.38817,1189.5224,-578.51392,457.44066,96725324.0,-0.043331343,0,1
179.0,129.25,2,621.10613,616.98101,1209.124,-588.01783,458.04066,112378790.0,-0.042657626,0,1
179.0,129.5,2,631.6451,626.95921,1229.5763,-597.93125,458.84066,137259770.0,-0.04197872,0,1
179.0,129.75,2,642.6552,637.34701,1250.9406,-608.28537,459.44066,159473100.0,-0.04129453,0,1
179.0,130.0,2,654.16908,648.17074,1273.2841,-619.115,460.04066,185281310.0,-0.040604957,0,1
179.0,130.25,2,666.22242,659.45909,1296.6697,-630.44729,460.84066,226303100.0,-0.039909898,0,1
179.0,130.5,2,678.8543,671.24331,1321.1742,-642.31993,461.44066,262926690.0,-0.039209248,0,1
179.0,130.75,2,692.10767,683.55716,1346.8814,-654.77376,462.24066,321139380.0,-0.038502918,0,1
179.0,131.0,2,706.02984,696.4379,1373.8907,-667.86082,463.04066,392240530.0,-0.0377908,0,1
179.0,131.25,2,720.67304,709.92689,1402.2905,-681.61743,463.84066,479083660.0,-0.037072754,0,1
179.0,131.5,2,736.09498,724.0692,1432.1985,-696.10347,464.64066,585154110.0,-0.03634866,0,1
179.0,131.75,2,752.35976,738.91318,1463.7391,-711.3793,465.44066,714708840.0,-0.035618454,0,1
179.0,132.0,2,769.53865,754.51479,1497.0498,-727.51118,466.24066,872947350.0,-0.034881947,0,1
179.0,132.25,2,787.71121,770.93408,1532.285,-744.57376,467.04066,1066220300.0,-0.034139034,0,1
179.0,132.5,2,806.96647,788.23793,1569.6179,-762.65142,468.04066,1369054000.0,-0.033389595,0,1
179.0,132.75,2,827.40443,806.50188,1609.2419,-781.83743,468.84066,1672166300.0,-0.032633458,0,1
179.0,133.0,2,849.13773,825.80831,1651.3751,-802.23735,469.84066,2147104000.0,-0.031870526,0,1
179.0,133.25,2,872.29383,846.27883,1696.2657,-823.97183,470.84066,2756936100.0,-0.031099614,0,1
179.0,133.5,2,897.01743,868.05428,1744.1964,-847.17898,471.84066,3539976100.0,-0.030319469,0,1
179.0,133.75,2,923.47351,891.26335,1795.4838,-872.01029,472.84066,4545419300.0,-0.029529931,0,1
179.0,134.0,2,951.85106,916.05228,1850.5009,-898.64983,473.84066,5836433900.0,-0.028730833,0,1
179.0,134.25,2,982.36758,942.58785,1909.6654,-927.29782,475.04066,7878361600.0,-0.027922008,0,1
179.0,134.5,2,1015.2746,971.06119,1973.4704,-958.19573,476.24066,10634676000.0,-0.027103282,0,1
179.0,134.75,2,1050.8649,1001.6924,2042.4878,-991.62295,477.44066,14355311000.0,-0.026274479,0,1
179.0,135.0,2,1089.4808,1034.7361,2117.3812,-1027.9005,478.64066,19377643000.0,-0.025435417,0,1
179.0,135.25,2,1131.5256,1070.4889,2198.9391,-1067.4135,479.84066,26157082000.0,-0.024585912,0,1
179.0,135.5,2,1177.4775,1109.2977,2288.1067,-1110.6292,481.24066,37118666000.0,-0.023725773,0,1
179.0,135.75,2,1227.9082,1151.5716,2385.9908,-1158.0826,482.64066,52673894000.0,-0.022854805,0,1
179.0,136.0,2,1283.5064,1197.796,2493.9384,-1210.432,484.04066,74747814000.0,-0.021972811,0,1
179.0,136.25,2,1345.1098,1248.5514,2613.6294,-1268.5196,485.64066,111510640000.0,-0.021079584,0,1
179.0,136.5,2,1413.7474,1304.5379,2747.0773,-1333.3299,487.24066,166354320000.0,-0.020174917,0,1
179.0,136.75,2,1490.6975,1366.6078,2896.7918,-1406.0943,488.84066,248171480000.0,-0.019258595,0,1
179.0,137.0,2,1577.5686,1435.8088,3066.0202,-1488.4516,490.44066,370228350000.0,-0.018330397,0,1
179.0,137.25,2,1676.4121,1513.4442,3258.8421,-1582.43,492.44066,610403350000.0,-0.017390099,0,1
179.0,137.5,2,1789.8879,1601.1555,3480.5772,-1690.6893,494.24066,957303010000.0,-0.01643747,0,1
179.0,137.75,2,1921.5057,1701.0395,3738.3907,-1816.885,496.24066,1578325800000.0,-0.015472272,0,1
179.0,138.0,2,2075.9967,1815.8182,4041.9018,-1965.905,498.44066,2735638000000.0,-0.014494263,0,1
179.25,112.0,3,320.87558,321.01364,624.37305,-303.49747,432.44625,186984.59,-0.081986998,0,1
179.25,112.25,3,322.63781,322.77642,627.81864,-305.18083,432.64625,196571.49,-0.081539243,0,1
179.25,112.5,3,324.42818,324.56714,631.31851,-306.89033,432.84625,206649.93,-0.081089371,0,1
179.25,112.75,3,326.24738,326.38687,634.87553,-308.62815,433.04625,217245.1,-0.080637268,0,1
179.25,113.0,3,328.09612,328.23619,638.48921,-310.3931,433.44625,240092.96,-0.080182947,0,1
179.25,113.25,3,329.97517,330.1156,642.16312,-312.18795,433.64625,252402.79,-0.07972645,0,1
179.25,113.5,3,331.88526,332.02621,645.89727,-314.012,433.84625,265343.76,-0.079267673,0,1
179.25,113.75,3,333.82721,333.96879,649.69271,-315.8655,434.04625,278948.23,-0.0788066,0,1
179.25,114.0,3,335.80184,335.94388,653.55328,-317.75144,434.24625,293250.21,-0.07834328,0,1
179.25,114.25,3,337.80999,337.95249,657.47888,-319.66888,434.44625,308285.47,-0.077877649,0,1
179.25,114.5,3,339.85254,339.9956,661.47138,-321.61883,434.64625,324091.6,-0.077409664,0,1
179.25,114.75,3,341.93043,342.07411,665.53227,-323.60184,435.04625,358176.61,-0.076939306,0,1
179.25,115.0,3,344.04458,344.18885,669.66496,-325.62038,435.24625,376540.72,-0.076466582,0,1
179.25,115.25,3,346.19597,346.34072,673.86988,-327.6739,435.44625,395846.38,-0.075991484,0,1
179.25,115.5,3,348.38563,348.53091,678.14928,-329.76366,435.64625,416141.86,-0.075513948,0,1
179.25,115.75,3,350.61462,350.76048,682.50509,-331.89047,436.04625,459907.88,-0.075033952,0,1
179.25,116.0,3,352.88403,353.03051,686.94052,-334.05649,436.24625,483487.86,-0.074551475,0,1
179.25,116.25,3,355.19499,355.34212,691.45667,-336.26168,436.44625,508276.81,-0.074066494,0,1
179.25,116.5,3,357.54868,357.6965,696.05623,-338.50755,436.64625,534336.72,-0.073578985,0,1
179.25,116.75,3,359.94635,360.0948,700.7414,-340.79506,437.04625,590533.4,-0.073088934,0,1
179.25,117.0,3,362.38926,362.53828,705.51395,-343.12469,437.24625,620810.7,-0.07259632,0,1
179.25,117.25,3,364.87875,365.02836,710.37865,-345.4999,437.44625,652640.34,-0.072101097,0,1
179.25,117.5,3,367.41619,367.56641,715.33663,-347.92043,437.84625,721279.13,-0.071603238,0,1
179.25,117.75,3,370.00303,370.15386,720.39049,-350.38747,438.04625,758259.9,-0.071102716,0,1
179.25,118.0,3,372.64075,372.79221,725.54395,-352.9032,438.44625,838006.79,-0.070599503,0,1
179.25,118.25,3,375.33093,375.48302,730.79945,-355.46853,438.64625,880972.31,-0.070093569,0,1
179.25,118.5,3,378.07518,378.2279,736.16022,-358.08504,438.84625,926140.73,-0.069584885,0,1
179.25,118.75,3,380.87521,381.02856,741.62994,-360.75473,439.24625,1023543.8,-0.069073418,0,1
179.25,119.0,3,383.73279,383.88675,747.21155,-363.47876,439.44625,1076022.0,-0.068559138,0,1
179.25,119.25,3,386.64976,386.80433,752.90887,-366.25911,439.84625,1189188.2,-0.068042012,0,1
179.25,119.5,3,389.62807,389.78306,758.72571,-369.09764,440.04625,1250159.2,-0.067522035,0,1
179.25,119.75,3,392.66973,392.82507,764.66585,-371.99612,440.44625,1381639.6,-0.066999147,0,1
179.25,120.0,3,395.77687,395.9325,770.7335,-374.95664,440.84625,1526947.9,-0.066473314,0,1
179.25,120.25,3,398.9517,399.10753,776.93275,-377.98105,441.04625,1605236.2,-0.065944497,0,1
179.25,120.5,3,402.19654,402.35248,783.2683,-381.07176,441.44625,1774060.4,-0.065412658,0,1
179.25,120.75,3,405.51386,405.66976,789.74495,-384.23109,441.64625,1865018.4,-0.06487776,0,1
179.25,121.0,3,408.9062,409.06171,796.36713,-387.46093,442.04625,2061164.1,-0.064339792,0,1
179.25,121.25,3,412.37629,412.53094,803.14076,-390.76446,442.44625,2277938.6,-0.063798718,0,1
179.25,121.5,3,415.92698,416.08043,810.07084,-394.14386,442.84625,2517511.5,-0.063254465,0,1
179.25,121.75,3,419.56128,419.71311,817.16318,-397.6019,443.04625,2646587.1,-0.062706988,0,1
179.25,122.0,3,423.28239,423.4317,824.424,-401.14162,443.44625,2924931.1,-0.062156293,0,1
179.25,122.25,3,427.09368,427.2395,831.85976,-404.76608,443.84625,3232548.8,-0.061602322,0,1
179.25,122.5,3,430.99876,431.14011,839.47747,-408.47872,444.24625,3572518.9,-0.061044993,0,1
179.25,122.75,3,435.00143,435.13671,847.28415,-412.28272,444.64625,3948244.0,-0.060484314,0,1
179.25,123.0,3,439.10577,439.23307,855.28781,-416.18204,444.84625,4150674.8,-0.059920226,0,1
179.25,123.25,3,443.3161,443.43346,863.49653,-420.18042,445.24625,4587205.1,-0.059352636,0,1
179.25,123.5,2,447.63705,447.74121,871.91891,-424.28186,445.64625,5069645.6,-0.058781601,0,1
179.25,123.75,2,452.07352,452.16146,880.56432,-428.4908,446.04625,5602824.9,-0.058206963,0,1
179.25,124.0,2,456.63079,456.69815,889.44234,-432.81155,446.44625,6192079.2,-0.057628753,0,1
179.25,124.25,2,461.31441,461.35658,898.56591,-437.2515,446.84625,6843305.8,-0.057046862,0,1
179.25,124.5,2,466.13032,466.1414,907.94296,-441.81264,447.44625,7950787.0,-0.05646129,0,1
179.25,124.75,2,471.08484,471.05847,917.58948,-446.50464,447.84625,8786978.6,-0.055871928,0,1
179.25,125.0,2,476.18468,476.11286,927.51589,-451.33121,448.24625,9711113.2,-0.055278795,0,1
179.25,125.25,2,481.43693,481.31131,937.73623,-456.2993,448.64625,10732440.0,-0.054681751,0,1
179.25,125.5,2,486.84916,486.65949,948.26573,-461.41657,449.04625,11861180.0,-0.054080821,0,1
179.25,125.75,2,492.4294,492.16466,959.12012,-466.69072,449.64625,13780726.0,-0.053475894,0,1
179.25,126.0,2,498.18619,497.83412,970.31589,-472.1297,450.04625,15230057.0,-0.052866896,0,1
179.25,126.25,2,504.12859,503.67481,981.87089,-477.7423,450.44625,16831816.0,-0.052253845,0,1
179.25,126.5,2,510.26627,509.69548,993.80401,-483.53774,451.04625,19555781.0,-0.051636606,0,1
179.25,126.75,2,516.60954,515.90479,1006.1349,-489.52534,451.44625,21612480.0,-0.051015121,0,1
179.25,127.0,2,523.16937,522.31177,1018.885,-495.71567,452.04625,25110119.0,-0.050389339,0,1
179.25,127.25,2,529.95752,528.92603,1032.0762,-502.11865,452.44625,27750974.0,-0.049759217,0,1
179.25,127.5,2,536.98661,535.75845,1045.7331,-508.74651,453.04625,32242031.0,-0.049124648,0,1
179.25,127.75,2,544.27006,542.82022,1059.8843,-515.61419,453.64625,37459896.0,-0.048485565,0,1
179.25,128.0,2,551.82236,550.12338,1074.5527,-522.73039,454.04625,41399588.0,-0.047841895,0,1
179.25,128.25,2,559.65909,557.68079,1089.776,-530.11695,454.64625,48099459.0,-0.047193566,0,1
179.25,128.5,2,567.79694,565.50629,1105.5784,-537.78147,455.24625,55883598.0,-0.046540499,0,1
179.25,128.75,2,576.25401,573.61474,1122.0031,-545.74911,455.84625,64927478.0,-0.045882616,0,1
179.25,129.0,2,585.04976,582.02215,1139.0797,-554.02989,456.44625,75434967.0,-0.045219834,0,1
179.25,129.25,2,594.20529,590.74575,1156.8564,-562.65112,457.04625,87642928.0,-0.044552068,0,1
179.25,129.5,2,603.74347,599.80418,1175.3718,-571.62831,457.64625,101826550.0,-0.043879229,0,1
179.25,129.75,2,613.68906,609.21756,1194.6756,-580.98655,458.24625,118305580.0,-0.043201225,0,1
179.25,130.0,2,624.06907,619.00768,1214.8239,-590.75486,458.84625,137451470.0,-0.042517962,0,1
179.25,130.25,2,634.91287,629.19818,1235.8683,-600.95546,459.64625,167883610.0,-0.041829341,0,1
179.25,130.5,2,646.2525,639.81471,1257.872,-611.61948,460.24625,195052920.0,-0.041135261,0,1
179.25,130.75,2,658.12305,650.88523,1280.9083,-622.78528,461.04625,238238180.0,-0.040435616,0,1
179.25,131.0,2,670.563,662.43974,1305.0434,-634.48044,461.64625,276793270.0,-0.039730323,0,1
179.25,131.25,2,683.61454,674.51149,1330.3631,-646.74851,462.44625,338076070.0,-0.039019268,0,1
179.25,131.5,2,697.32417,687.13717,1356.958,-659.63382,463.24625,412927040.0,-0.038302316,0,1
179.25,131.75,2,711.74319,700.35661,1384.9269,-673.18368,464.04625,504350230.0,-0.037579349,0,1
179.25,132.0,2,726.92837,714.21252,1414.3788,-687.4504,464.84625,616014760.0,-0.036850299,0,1
179.25,132.25,2,742.94273,728.75421,1445.4436,-702.50083,465.64625,752402120.0,-0.036114982,0,1
179.25,132.5,2,759.85628,744.03428,1478.2451,-718.38885,466.44625,918986030.0,-0.035373296,0,1
179.25,132.75,2,777.74719,760.11139,1512.9407,-735.19351,467.24625,1122452100.0,-0.034625116,0,1
179.25,133.0,2,796.70292,777.05132,1549.7,-752.99712,468.24625,1441257000.0,-0.033870279,0,1
179.25,133.25,2,816.8217,794.92578,1588.7127,-771.89097,469.04625,1760355300.0,-0.033108682,0,1
179.25,133.5,2,838.2142,813.84304,1630.1944,-791.98021,470.04625,2260340900.0,-0.032339092,0,1
179.25,133.75,2,861.00556,833.92648,1674.3885,-813.38293,471.04625,2902335200.0,-0.03156027,0,1
179.25,134.0,2,885.33788,855.28719,1721.5702,-836.23232,472.04625,3726672100.0,-0.030772056,0,1
179.25,134.25,2,911.37313,878.05087,1772.0554,-860.68226,473.04625,4785141700.0,-0.029974283,0,1
179.25,134.5,2,939.29685,902.36025,1826.2041,-886.90723,474.04625,6144243600.0,-0.029166783,0,1
179.25,134.75,2,969.32247,928.37808,1884.4319,-915.10946,475.24625,8293861300.0,-0.028349382,0,1
179.25,135.0,2,1001.6969,956.29085,1947.222,-945.52513,476.44625,11195542000.0,-0.027521904,0,1
179.25,135.25,2,1036.7072,986.31314,2015.1352,-978.42803,477.64625,15112401000.0,-0.026684168,0,1
179.25,135.5,2,1074.6892,1018.6933,2088.8219,-1014.1327,478.84625,20399607000.0,-0.025835986,0,1
179.25,135.75,2,1116.0384,1053.7201,2169.0488,-1053.0103,480.04625,27536589000.0,-0.02497717,0,1
179.25,136.0,2,1161.2238,1091.7316,2256.7577,-1095.5339,481.44625,39076280000.0,-0.024107524,0,1
179.25,136.25,2,1210.8055,1133.1259,2353.0372,-1142.2318,482.84625,55451881000.0,-0.023226849,0,1
179.25,136.5,2,1265.4582,1178.3755,2459.2082,-1193.7501,484.24625,78689965000.0,-0.02233494,0,1
179.25,136.75,2,1326.0023,1228.0446,2576.8948,-1250.8926,485.84625,117391630000.0,-0.021431587,0,1
179.25,137.0,2,1393.4454,1282.8137,2708.0671,-1314.6217,487.44625,175127740000.0,-0.020516575,0,1
179.25,137.25,2,1469.0384,1343.5104,2855.25,-1386.2116,489.04625,261259890000.0,-0.019589685,0,1
179.25,137.5,2,1554.3543,1411.1513,3021.5354,-1467.1811,490.64625,389753950000.0,-0.01865069,0,1
179.25,137.75,2,1651.3992,1486.9999,3210.9666,-1559.5674,492.64625,642595630000.0,-0.017699359,0,1
179.25,138.0,2,1762.7708,1572.646,3428.7732,-1666.0024,494.44625,1007790600000.0,-0.016735455,0,1
179.5,112.0,3,314.54603,314.68305,612.00795,-297.46192,432.25182,178113.31,-0.08363636,0,1
179.5,112.25,3,316.23048,316.36786,615.30095,-299.07046,432.45182,187245.38,-0.083190958,0,1
179.5,112.5,3,317.94134,318.07924,618.64672,-300.70539,432.65182,196845.65,-0.082743359,0,1
179.5,112.75,3,319.67919,319.81755,622.04487,-302.36568,432.85182,206938.14,-0.082293625,0,1
179.5,113.0,3,321.44474,321.58348,625.49646,-304.05172,433.05182,217548.09,-0.08184172,0,1
179.5,113.25,3,323.23863,323.37793,629.00416,-305.76552,433.25182,228702.02,-0.081387573,0,1
179.5,113.5,3,325.06158,325.20138,632.56794,-307.50636,433.45182,240427.82,-0.080931221,0,1
179.5,113.75,3,326.91434,327.05453,636.19013,-309.27579,433.65182,252754.82,-0.080472652,0,1
179.5,114.0,3,328.79763,328.93834,639.87243,-311.0748,433.85182,265713.84,-0.080011789,0,1
179.5,114.25,3,330.71223,330.85359,643.61506,-312.90282,434.25182,293659.21,-0.079548616,0,1
179.5,114.5,3,332.65899,332.80075,647.42076,-314.76177,434.45182,308715.43,-0.079083191,0,1
179.5,114.75,3,334.6387,334.78091,651.29109,-316.65239,434.65182,324543.61,-0.078615429,0,1
179.5,115.0,3,336.65223,336.79499,655.22723,-318.57501,434.85182,341183.32,-0.078145298,0,1
179.5,115.25,3,338.70049,338.84387,659.23035,-320.52986,435.05182,358676.16,-0.077672778,0,1
179.5,115.5,3,340.78441,340.9284,663.3041,-322.51969,435.25182,377065.88,-0.077197867,0,1
179.5,115.75,3,342.90495,343.04939,667.44913,-324.54418,435.65182,416722.25,-0.076720571,0,1
179.5,116.0,3,345.0631,345.20805,671.66745,-326.60436,435.85182,438088.05,-0.07624082,0,1
179.5,116.25,3,347.2599,347.40542,675.9602,-328.7003,436.05182,460549.31,-0.075758591,0,1
179.5,116.5,3,349.49644,349.64254,680.33169,-330.83526,436.25182,484162.18,-0.075273863,0,1
179.5,116.75,3,351.77382,351.92054,684.78273,-333.00891,436.65182,535081.96,-0.074786612,0,1
179.5,117.0,3,354.0932,354.24056,689.31562,-335.22242,436.85182,562516.2,-0.074296814,0,1
179.5,117.25,3,356.45579,356.6038,693.93271,-337.47693,437.05182,591357.02,-0.073804445,0,1
179.5,117.5,3,358.86284,359.0115,698.63643,-339.77359,437.45182,653550.58,-0.073309477,0,1
179.5,117.75,3,361.31565,361.46491,703.42939,-342.11374,437.65182,687058.83,-0.072811894,0,1
179.5,118.0,3,363.81559,363.96544,708.31336,-344.49777,437.85182,722285.09,-0.07231166,0,1
179.5,118.25,3,366.36406,366.51451,713.29299,-346.92893,438.25182,798248.48,-0.07180874,0,1
179.5,118.5,3,368.96254,369.11358,718.37008,-349.40755,438.45182,839175.56,-0.071303107,0,1
179.5,118.75,3,371.61254,371.76419,723.54751,-351.93497,438.85182,927432.42,-0.070794728,0,1
179.5,119.0,3,374.31567,374.46791,728.82828,-354.51261,439.05182,974982.9,-0.070283579,0,1
179.5,119.25,3,377.0736,377.22634,734.21609,-357.14249,439.45182,1077522.7,-0.069769638,0,1
179.5,119.5,3,379.88806,380.04126,739.71411,-359.82606,439.65182,1132768.5,-0.069252862,0,1
179.5,119.75,3,382.76086,382.91448,745.32541,-362.56455,440.05182,1251902.8,-0.068733219,0,1
179.5,120.0,3,385.69392,385.8479,751.05402,-365.36011,440.25182,1316089.3,-0.068210673,0,1
179.5,120.25,3,388.68921,388.84349,756.90406,-368.21486,440.65182,1454503.6,-0.067685189,0,1
179.5,120.5,3,391.74881,391.90331,762.87915,-371.13034,440.85182,1529077.6,-0.06715673,0,1
179.5,120.75,3,394.87492,395.02954,768.98384,-374.10892,441.25182,1689892.0,-0.066625258,0,1
179.5,121.0,3,398.06981,398.22439,775.22184,-377.15203,441.45182,1776534.7,-0.06609074,0,1
179.5,121.25,3,401.3359,401.48994,781.59869,-380.26279,441.85182,1963374.4,-0.065553187,0,1
179.5,121.5,3,404.67572,404.82896,788.11889,-383.44317,442.25182,2169864.3,-0.065012506,0,1
179.5,121.75,3,408.09194,408.24406,794.78856,-386.69661,442.45182,2281115.7,-0.064468655,0,1
179.5,122.0,3,411.58739,411.73796,801.6113,-390.02391,442.85182,2521022.7,-0.06392159,0,1
179.5,122.25,3,415.16504,415.31301,808.59323,-393.42818,443.25182,2786161.0,-0.063371348,0,1
179.5,122.5,3,418.82806,418.97267,815.74107,-396.91301,443.65182,3079184.1,-0.062817809,0,1
179.5,122.75,3,422.5798,422.72012,823.06058,-400.48077,444.05182,3403024.7,-0.062260924,0,1
179.5,123.0,3,426.42383,426.55812,830.55905,-404.13522,444.25182,3577501.5,-0.061700724,0,1
179.5,123.25,3,430.36394,430.49056,838.24286,-407.87893,444.65182,3953750.6,-0.061137102,0,1
179.5,123.5,3,434.40418,434.52106,846.12027,-411.71609,445.05182,4369570.2,-0.06057001,0,1
179.5,123.75,3,438.54886,438.65299,854.20057,-415.65171,445.45182,4829121.9,-0.059999466,0,1
179.5,124.0,3,442.80255,442.89103,862.49138,-419.68883,445.85182,5337005.1,-0.059425328,0,1
179.5,124.25,2,447.17014,447.23866,871.00205,-423.83191,446.25182,5898302.8,-0.058847652,0,1
179.5,124.5,2,451.65685,451.70108,879.74162,-428.08476,446.65182,6518632.7,-0.058266287,0,1
179.5,124.75,2,456.26818,456.28231,888.72336,-432.45518,447.05182,7204203.3,-0.057681274,0,1
179.5,125.0,2,461.01002,460.98806,897.95611,-436.94609,447.45182,7961876.0,-0.057092466,0,1
179.5,125.25,2,465.88857,465.82273,907.45228,-441.56371,447.85182,8799233.8,-0.056499916,0,1
179.5,125.5,2,470.91045,470.79271,917.22723,-446.31678,448.45182,10223251.0,-0.055903468,0,1
179.5,125.75,2,476.08268,475.9033,927.29189,-451.20921,448.85182,11298440.0,-0.055303137,0,1
179.5,126.0,2,481.41268,481.16099,937.66099,-456.24831,449.25182,12486707.0,-0.054698834,0,1
179.5,126.25,2,486.90835,486.57263,948.35062,-461.44227,449.65182,13799946.0,-0.054090476,0,1
179.5,126.5,2,492.57808,492.14463,959.37698,-466.79891,450.25182,16033249.0,-0.053478071,0,1
179.5,126.75,2,498.43078,497.88491,970.75728,-472.3265,450.65182,17719481.0,-0.052861504,0,1
179.5,127.0,2,504.47597,503.80148,982.50772,-478.03175,451.25182,20587100.0,-0.052240706,0,1
179.5,127.25,2,510.72378,509.90269,994.65328,-483.9295,451.65182,22752264.0,-0.051615623,0,1
179.5,127.5,2,517.185,516.19719,1007.2116,-490.02661,452.25182,26434359.0,-0.050986223,0,1
179.5,127.75,2,523.87117,522.69499,1020.2043,-496.33311,452.65182,29214485.0,-0.050352396,0,1
179.5,128.0,2,530.79471,529.40634,1033.657,-502.8623,453.25182,33942389.0,-0.049714072,0,1
179.5,128.25,2,537.96881,536.34219,1047.596,-509.62715,453.65182,37512141.0,-0.049071182,0,1
179.5,128.5,2,545.40775,543.51427,1062.0446,-516.63688,454.25182,43582890.0,-0.048423651,0,1
179.5,128.75,2,553.12679,550.93514,1077.0399,-523.91316,454.85182,50636094.0,-0.047771404,0,1
179.5,129.0,2,561.1424,558.6183,1092.6058,-531.46339,455.45182,58830748.0,-0.047114362,0,1
179.5,129.25,2,569.47233,566.57827,1108.7834,-539.31103,456.05182,68351578.0,-0.046452444,0,1
179.5,129.5,2,578.13578,574.83064,1125.6049,-547.46917,456.65182,79413204.0,-0.045785564,0,1
179.5,129.75,2,587.15343,583.39226,1143.1117,-555.95829,457.25182,92264980.0,-0.045113635,0,1
179.5,130.0,2,596.54782,592.28126,1161.3528,-564.80497,457.85182,107196610.0,-0.044436566,0,1
179.5,130.25,2,606.34329,601.51729,1180.3666,-574.02332,458.45182,124544700.0,-0.043754262,0,1
179.5,130.5,2,616.56635,611.12157,1200.2085,-583.64212,459.05182,144700290.0,-0.043066627,0,1
179.5,130.75,2,627.24594,621.11715,1220.939,-593.69311,459.85182,176737340.0,-0.04237356,0,1
179.5,131.0,2,638.41356,631.52904,1242.6114,-604.19788,460.45182,205339490.0,-0.041674956,0,1
179.5,131.25,2,650.1037,642.3841,1265.2959,-615.19221,461.25182,250802220.0,-0.04097073,0,1
179.5,131.5,2,662.35413,653.71184,1289.0656,-626.71145,461.85182,291390600.0,-0.040260775,0,1
179.5,131.75,2,675.20641,665.545,1314.0054,-638.79897,462.65182,355905290.0,-0.039544952,0,1
179.5,132.0,2,688.70623,677.91897,1340.1975,-651.49125,463.45182,434703700.0,-0.038823143,0,1
179.5,132.25,2,702.90401,690.87139,1367.7405,-664.8365,464.25182,530948300.0,-0.038095289,0,1
179.5,132.5,2,717.85554,704.44592,1396.7436,-678.88806,465.05182,648501720.0,-0.0373612,0,1
179.5,132.75,2,733.62271,718.68892,1427.3277,-693.70499,465.85182,792081780.0,-0.036620775,0,1
179.5,133.0,2,750.27436,733.65173,1459.6255,-709.35112,466.65182,967450880.0,-0.035873895,0,1
179.5,133.25,2,767.88729,749.39211,1493.7864,-725.8991,467.45182,1181647200.0,-0.035120392,0,1
179.5,133.5,2,786.54745,765.97245,1529.9776,-743.43017,468.45182,1517265000.0,-0.034360172,0,1
179.5,133.75,2,806.3513,783.48916,1568.3919,-762.0406,469.25182,1853191700.0,-0.033591971,0,1
179.5,134.0,2,827.40757,802.0513,1609.2304,-781.82286,470.25182,2379545200.0,-0.032814541,0,1
179.5,134.25,2,849.83913,821.7552,1652.7345,-802.89536,471.25182,3055396500.0,-0.032027719,0,1
179.5,134.5,2,873.78551,842.70939,1699.1772,-825.39168,472.25182,3923206800.0,-0.031231342,0,1
179.5,134.75,2,899.40576,865.0366,1748.869,-849.46327,473.25182,5037497200.0,-0.030425239,0,1
179.5,135.0,2,926.88197,888.87618,1802.1565,-875.27453,474.25182,6468274400.0,-0.029609236,0,1
179.5,135.25,2,956.42366,914.38699,1859.4611,-903.03743,475.45182,8731257200.0,-0.028783158,0,1
179.5,135.5,2,988.27305,941.75093,1921.2503,-932.97721,476.65182,11785964000.0,-0.027946821,0,1
179.5,135.75,2,1022.7118,971.17733,1988.0717,-965.35987,477.85182,15909388000.0,-0.027100041,0,1
179.5,136.0,2,1060.0694,1002.9082,2060.5708,-1000.5014,479.05182,21475427000.0,-0.026242625,0,1
179.5,136.25,2,1100.7335,1037.2252,2139.5079,-1038.7744,480.25182,28988795000.0,-0.025374379,0,1
179.5,136.5,2,1145.1639,1074.4574,2225.7817,-1080.6178,481.65182,41137058000.0,-0.024495104,0,1
179.5,136.75,2,1193.9095,1114.9925,2320.4704,-1126.561,483.05182,58376264000.0,-0.023604593,0,1
179.5,137.0,2,1247.6315,1159.2902,2424.8672,-1177.2357,484.45182,82839862000.0,-0.022702638,0,1
179.5,137.25,2,1307.1335,1207.8994,2540.5772,-1233.4437,486.05182,123582550000.0,-0.021789021,0,1
179.5,137.5,2,1373.4015,1261.4813,2669.5464,-1296.1448,487.65182,184363500000.0,-0.020863524,0,1
179.5,137.75,2,1447.6601,1320.8397,2814.186,-1366.5258,489.25182,275038030000.0,-0.01992592,0,1
179.5,138.0,2,1531.448,1386.9614,2977.6047,-1446.1567,490.85182,410308520000.0,-0.018975976,0,1
179.75,112.0,3,308.4295,308.56538,600.0576,-291.62811,431.85739,161388.05,-0.08529455,0,1
179.75,112.25,3,310.04056,310.17697,603.20779,-293.16723,432.05739,169662.59,-0.084851385,0,1
179.75,112.5,3,311.67637,311.81314,606.40699,-294.73062,432.25739,178361.38,-0.084406144,0,1
179.75,112.75,3,313.33751,313.4747,609.65473,-296.31722,432.45739,187506.16,-0.083958754,0,1
179.75,113.0,3,315.02461,315.16238,612.95418,-297.92957,432.65739,197119.81,-0.083509158,0,1
179.75,113.25,3,316.73827,316.87637,616.30515,-299.56688,432.85739,207226.36,-0.083057455,0,1
179.75,113.5,3,318.47916,318.6177,619.70889,-301.22972,433.25739,229020.55,-0.082603526,0,1
179.75,113.75,3,320.24794,320.38705,623.1676,-302.91966,433.45739,240762.68,-0.082147343,0,1
179.75,114.0,3,322.04528,322.18481,626.68163,-304.63635,433.65739,253106.85,-0.08168897,0,1
179.75,114.25,3,323.87193,324.01187,630.25298,-306.38105,433.85739,266083.91,-0.081228335,0,1
179.75,114.5,3,325.72861,325.86908,633.88327,-308.15467,434.05739,279726.33,-0.080765394,0,1
179.75,114.75,3,327.61607,327.75719,637.57334,-309.95727,434.25739,294068.2,-0.080300131,0,1
179.75,115.0,3,329.53514,329.67662,641.32491,-311.78976,434.45739,309145.4,-0.07983261,0,1
179.75,115.25,3,331.48662,331.62855,645.14039,-313.65378,434.65739,324995.62,-0.079362723,0,1
179.75,115.5,3,333.47134,333.61382,649.0205,-315.54916,435.05739,359175.71,-0.078890452,0,1
179.75,115.75,3,335.4902,335.63329,652.96619,-317.47599,435.25739,377591.04,-0.078415777,0,1
179.75,116.0,3,337.54412,337.68781,656.98162,-319.43749,435.45739,396950.55,-0.077938689,0,1
179.75,116.25,3,339.63403,339.77816,661.06722,-321.43319,435.65739,417302.64,-0.077459201,0,1
179.75,116.5,3,341.76091,341.90554,665.22468,-323.46378,435.85739,438698.21,-0.076977241,0,1
179.75,116.75,3,343.92577,344.07094,669.45613,-325.53036,436.25739,484836.5,-0.076492786,0,1
179.75,117.0,3,346.12968,346.27542,673.76304,-327.63336,436.45739,509694.6,-0.076005813,0,1
179.75,117.25,3,348.37373,348.52006,678.14931,-329.77557,436.65739,535827.2,-0.075516299,0,1
179.75,117.5,3,350.65906,350.80599,682.61604,-331.95698,437.05739,592180.64,-0.075024217,0,1
179.75,117.75,3,352.98685,353.13439,687.16552,-334.17867,437.25739,622542.39,-0.074529545,0,1
179.75,118.0,3,355.35832,355.50647,691.80013,-336.44181,437.45739,654460.82,-0.074032253,0,1
179.75,118.25,3,357.77476,357.92351,696.52231,-338.74755,437.85739,723291.06,-0.073532317,0,1
179.75,118.5,3,360.23749,360.38683,701.33477,-341.09728,438.05739,760374.99,-0.073029708,0,1
179.75,118.75,3,362.7479,362.89782,706.24016,-343.49226,438.25739,799360.25,-0.072524396,0,1
179.75,119.0,3,365.30743,365.4579,711.24134,-345.9339,438.65739,883429.7,-0.072016352,0,1
179.75,119.25,3,367.91759,368.06858,716.34075,-348.42316,438.85739,928724.11,-0.071505546,0,1
179.75,119.5,3,370.57994,370.73142,721.54188,-350.96194,439.25739,1026398.9,-0.070991946,0,1
179.75,119.75,3,373.29611,373.44805,726.84848,-353.55238,439.45739,1079023.5,-0.070475519,0,1
179.75,120.0,3,376.06781,376.22016,732.26319,-356.19538,439.85739,1192505.4,-0.069956232,0,1
179.75,120.25,3,378.89682,379.04954,737.78939,-358.89257,440.05739,1253646.4,-0.06943405,0,1
179.75,120.5,3,381.78501,381.93804,743.43134,-361.64632,440.45739,1385493.6,-0.068908939,0,1
179.75,120.75,3,384.73434,384.88759,749.19245,-364.45811,440.65739,1456529.3,-0.068380861,0,1
179.75,121.0,3,387.74685,387.90023,755.07605,-367.3292,441.05739,1609713.9,-0.067849779,0,1
179.75,121.25,3,390.82468,390.97786,761.08677,-370.26209,441.45739,1779008.9,-0.067315692,0,1
179.75,121.5,3,393.97009,394.12276,767.22872,-373.25863,441.65739,1870220.7,-0.066778546,0,1
179.75,121.75,3,397.18546,397.33737,773.50705,-376.32159,442.05739,2066913.5,-0.066238282,0,1
179.75,122.0,3,400.47328,400.62412,779.92579,-379.45251,442.25739,2172886.4,-0.065694858,0,1
179.75,122.25,3,403.8362,403.98542,786.49076,-382.65456,442.65739,2401410.9,-0.065148254,0,1
179.75,122.5,3,407.277,407.42371,793.20659,-385.92959,443.05739,2653969.5,-0.064598462,0,1
179.75,122.75,3,410.79864,410.94213,800.0795,-389.28087,443.45739,2933089.9,-0.06404538,0,1
179.75,123.0,3,414.40425,414.54359,807.1149,-392.71065,443.65739,3083472.6,-0.063488968,0,1
179.75,123.25,3,418.09718,418.23061,814.31958,-396.22241,444.05739,3407764.3,-0.062929266,0,1
179.75,123.5,3,421.88095,422.00699,821.7001,-399.81914,444.45739,3766162.0,-0.062366136,0,1
179.75,123.75,3,425.75936,425.8759,829.2637,-403.50434,444.85739,4162252.7,-0.061799565,0,1
179.75,124.0,3,429.73641,429.84067,837.01668,-407.28027,445.25739,4600000.6,-0.061229537,0,1
179.75,124.25,3,433.8164,433.90556,844.97018,-411.15378,445.65739,5083786.9,-0.06065593,0,1
179.75,124.5,3,438.00387,438.07369,853.13128,-415.12741,446.05739,5618453.4,-0.060078808,0,1
179.75,124.75,3,442.30366,442.35009,861.50789,-419.20422,446.45739,6209351.4,-0.059497999,0,1
179.75,125.0,3,446.72095,446.73828,870.11321,-423.39226,446.85739,6862394.5,-0.058913566,0,1
179.75,125.25,2,451.26115,451.24372,878.95395,-427.6928,447.25739,7584118.9,-0.058325344,0,1
179.75,125.5,2,455.93008,455.87036,888.04506,-432.11498,447.65739,8381747.6,-0.057733399,0,1
179.75,125.75,2,460.73389,460.62415,897.39564,-436.66174,448.05739,9263263.7,-0.057137571,0,1
179.75,126.0,2,465.67907,465.51004,907.01919,-441.34012,448.45739,10237490.0,-0.056537868,0,1
179.75,126.25,2,470.77251,470.53391,916.92944,-446.15693,449.05739,11894266.0,-0.055934215,0,1
179.75,126.5,2,476.02154,475.70214,927.14039,-451.11885,449.45739,13145197.0,-0.055326522,0,1
179.75,126.75,2,481.43391,481.02063,937.66776,-456.23386,449.85739,14527689.0,-0.054714795,0,1
179.75,127.0,2,487.01787,486.49663,948.52663,-461.50876,450.25739,16055580.0,-0.054098926,0,1
179.75,127.25,2,492.78218,492.13753,959.7352,-466.95302,450.85739,18653922.0,-0.053478841,0,1
179.75,127.5,2,498.7362,497.95098,971.308,-472.5718,451.25739,20615773.0,-0.05285449,0,1
179.75,127.75,2,504.88989,503.94487,983.27059,-478.38071,451.85739,23952110.0,-0.052225841,0,1
179.75,128.0,2,511.25384,510.12843,995.63968,-484.38584,452.25739,26471176.0,-0.051592783,0,1
179.75,128.25,2,517.83943,516.51099,1008.4356,-490.59617,452.85739,30755119.0,-0.050955247,0,1
179.75,128.5,2,524.65884,523.10257,1021.6875,-497.02869,453.45739,35732350.0,-0.050313164,0,1
179.75,128.75,2,531.72505,529.91384,1035.4171,-503.69205,453.85739,39490354.0,-0.049666461,0,1
179.75,129.0,2,539.05211,536.95626,1049.6496,-510.59749,454.45739,45881245.0,-0.049015064,0,1
179.75,129.25,2,546.655,544.24209,1064.4187,-517.76367,455.05739,53306402.0,-0.048358893,0,1
179.75,129.5,2,554.54997,551.78451,1079.752,-525.20202,455.65739,61933203.0,-0.047697869,0,1
179.75,129.75,2,562.75441,559.59767,1095.6833,-532.92887,456.25739,71956116.0,-0.047031906,0,1
179.75,130.0,2,571.28724,567.69679,1112.255,-540.96776,456.85739,83601080.0,-0.046360919,0,1
179.75,130.25,2,580.1688,576.09829,1129.4995,-549.33075,457.45739,97130597.0,-0.045684817,0,1
179.75,130.5,2,589.4212,584.81987,1147.4614,-558.04022,458.05739,112849650.0,-0.045003507,0,1
179.75,130.75,2,599.06846,593.88066,1166.1923,-567.12385,458.65739,131112590.0,-0.044316892,0,1
179.75,131.0,2,609.13661,603.30137,1185.7356,-576.599,459.25739,152331100.0,-0.043624872,0,1
179.75,131.25,2,619.65407,613.10444,1206.1489,-586.49488,460.05739,186057630.0,-0.042927344,0,1
179.75,131.5,2,630.65184,623.31407,1227.4973,-596.84543,460.65739,216168120.0,-0.042224211,0,1
179.75,131.75,2,642.16386,633.95631,1249.8382,-607.67433,461.25739,251151520.0,-0.041515392,0,1
179.75,132.0,2,654.22724,645.06053,1273.2477,-619.0205,462.05739,306757160.0,-0.040800737,0,1
179.75,132.25,2,666.88281,656.65822,1297.8047,-630.92192,462.85739,374674050.0,-0.040080127,0,1
179.75,132.5,2,680.17549,668.78291,1323.596,-643.42055,463.65739,457627910.0,-0.039353495,0,1
179.75,132.75,2,694.15484,681.47295,1350.7229,-656.56806,464.25739,531687780.0,-0.038620675,0,1
179.75,133.0,2,708.87574,694.76964,1379.2835,-670.40774,465.05739,649404920.0,-0.037881542,0,1
179.75,133.25,2,724.39898,708.71776,1409.3985,-684.99957,466.05739,833852430.0,-0.037136003,0,1
179.75,133.5,2,740.7922,723.36851,1441.1999,-700.40773,466.85739,1018469700.0,-0.036383869,0,1
179.75,133.75,2,758.13085,738.77603,1474.8345,-716.70367,467.65739,1243961600.0,-0.035625066,0,1
179.75,134.0,2,776.49936,755.02616,1510.4661,-733.96671,468.65739,1597278400.0,-0.034858322,0,1
179.75,134.25,2,795.99252,772.21623,1548.2784,-752.2859,469.45739,1950920200.0,-0.034082352,0,1
179.75,134.5,2,816.71707,790.43007,1588.4805,-771.7634,470.45739,2505031100.0,-0.033296994,0,1
179.75,134.75,2,838.79372,809.76181,1631.3045,-792.51075,471.45739,3216523600.0,-0.032502082,0,1
179.75,135.0,2,862.35947,830.31747,1677.0183,-814.65879,472.45739,4130098100.0,-0.031697448,0,1
179.75,135.25,2,887.57047,852.21693,1725.9272,-838.3567,473.45739,5303150900.0,-0.030882917,0,1
179.75,135.5,2,914.60544,875.59623,1778.3783,-863.77285,474.45739,6809380600.0,-0.030058313,0,1
179.75,135.75,2,943.67001,900.61043,1834.7705,-891.1005,475.65739,9191702400.0,-0.029223451,0,1
179.75,136.0,2,975.00188,927.43703,1895.5706,-920.56873,476.85739,12407500000.0,-0.028378148,0,1
179.75,136.25,2,1008.8774,956.28019,1961.3177,-952.44031,478.05739,16748374000.0,-0.027522211,0,1
179.75,136.5,2,1045.6196,987.37595,2032.6428,-987.02329,479.25739,22607940000.0,-0.026655445,0,1
179.75,136.75,2,1085.6088,1020.9986,2110.2841,-1024.6753,480.45739,30517527000.0,-0.025777649,0,1
179.75,137.0,2,1129.2957,1057.4691,2195.1436,-1065.8479,481.85739,43306432000.0,-0.024888619,0,1
179.75,137.25,2,1177.2183,1097.1647,2288.2721,-1111.0538,483.25739,61454752000.0,-0.023988144,0,1
179.75,137.5,2,1230.0242,1140.5329,2390.9416,-1160.9174,484.65739,87208444000.0,-0.023076008,0,1
179.75,137.75,2,1288.5006,1188.1075,2504.6854,-1216.1849,486.25739,130099710000.0,-0.02215199,0,1
179.75,138.0,2,1353.6131,1240.5315,2631.4677,-1277.8546,487.65739,184620280000.0,-0.021215863,0,1
180.0,112.0,3,302.51547,302.65045,588.5015,-285.98603,431.66295,153730.58,-0.086961525,0,1
180.0,112.25,3,304.05718,304.1925,591.51703,-287.45985,431.86295,161612.51,-0.08652069,0,1
180.0,112.5,3,305.62212,305.75784,594.57774,-288.95562,432.06295,169898.56,-0.086077743,0,1
180.0,112.75,3,307.21086,307.34712,597.68439,-290.47353,432.26295,178609.45,-0.085632638,0,1
180.0,113.0,3,308.82393,308.96048,600.8392,-292.01527,432.46295,187766.95,-0.085185474,0,1
180.0,113.25,3,310.46193,310.59895,604.04192,-293.57999,432.66295,197393.97,-0.084736105,0,1
180.0,113.5,3,312.12545,312.26298,607.29549,-295.17005,432.86295,207514.57,-0.084284552,0,1
180.0,113.75,3,313.81508,313.95295,610.59955,-296.78447,433.06295,218154.07,-0.083830858,0,1
180.0,114.0,3,315.5315,315.66983,613.95579,-298.42429,433.26295,229339.07,-0.083374913,0,1
180.0,114.25,3,317.27533,317.41426,617.36587,-300.09054,433.46295,241097.54,-0.082916706,0,1
180.0,114.5,3,319.04725,319.18651,620.83064,-301.78339,433.66295,253458.87,-0.082456319,0,1
180.0,114.75,3,320.84799,320.98769,624.35139,-303.50341,433.86295,266453.99,-0.081993628,0,1
180.0,115.0,3,322.67825,322.81849,627.93024,-305.252,434.26295,294477.2,-0.081528616,0,1
180.0,115.25,3,324.53877,324.67959,631.56799,-307.02922,434.46295,309575.37,-0.081061286,0,1
180.0,115.5,3,326.43036,326.57156,635.26587,-308.83551,434.66295,325447.63,-0.080591663,0,1
180.0,115.75,3,328.35381,328.49547,639.02676,-310.67295,434.86295,342133.69,-0.080119659,0,1
180.0,116.0,3,330.30995,330.45214,642.85135,-312.54141,435.06295,359675.26,-0.079645256,0,1
180.0,116.25,3,332.29963,332.44241,646.74109,-314.44146,435.26295,378116.21,-0.079168433,0,1
180.0,116.5,3,334.32377,334.46715,650.69771,-316.37394,435.66295,417883.03,-0.078689178,0,1
180.0,116.75,3,336.38328,336.5271,654.72409,-318.34081,435.86295,439308.36,-0.078207505,0,1
180.0,117.0,3,338.47913,338.62343,658.82127,-320.34215,436.06295,461832.18,-0.077723343,0,1
180.0,117.25,3,340.6123,340.75713,662.99105,-322.37875,436.26295,485510.82,-0.077236668,0,1
180.0,117.5,3,342.78384,342.92921,667.23573,-324.45189,436.66295,536572.44,-0.076747457,0,1
180.0,117.75,3,344.99482,345.14076,671.55676,-326.56194,436.86295,564083.09,-0.076255685,0,1
180.0,118.0,3,347.24637,347.39287,675.95772,-328.71135,437.06295,593004.25,-0.075761327,0,1
180.0,118.25,3,349.53962,349.68671,680.43993,-330.90031,437.46295,655371.06,-0.075264357,0,1
180.0,118.5,3,351.8758,352.02346,685.00598,-333.13018,437.66295,688972.65,-0.074764748,0,1
180.0,118.75,3,354.25616,354.40437,689.65812,-335.40196,437.86295,724297.03,-0.074262473,0,1
180.0,119.0,3,356.68199,356.83075,694.39878,-337.7168,438.26295,800472.01,-0.073757502,0,1
180.0,119.25,3,359.15465,359.30395,699.23084,-340.07619,438.46295,841513.09,-0.073249806,0,1
180.0,119.5,3,361.67557,361.82538,704.15699,-342.48143,438.66295,884658.39,-0.072739356,0,1
180.0,119.75,3,364.24621,364.3965,709.17989,-344.93368,439.06295,977698.73,-0.072226118,0,1
180.0,120.0,3,366.86811,367.01886,714.30294,-347.43482,439.26295,1027826.4,-0.071710062,0,1
180.0,120.25,3,369.54288,369.69404,719.52875,-349.98587,439.66295,1135923.9,-0.071191154,0,1
180.0,120.5,3,372.27219,372.42371,724.86105,-352.58886,439.86295,1194163.9,-0.07066936,0,1
180.0,120.75,3,375.0578,375.20962,730.3029,-355.2451,440.26295,1319755.2,-0.070144644,0,1
180.0,121.0,3,377.90153,378.05358,735.85797,-357.95644,440.46295,1387420.5,-0.069616971,0,1
180.0,121.25,3,380.80531,380.95745,741.52997,-360.72467,440.86295,1533336.8,-0.069086311,0,1
180.0,121.5,3,383.77115,383.92301,747.32258,-363.55144,441.26295,1694599.3,-0.068552665,0,1
180.0,121.75,3,386.80116,386.95254,753.24009,-366.43893,441.46295,1781483.2,-0.068015951,0,1
180.0,122.0,3,389.89757,390.04824,759.28685,-369.38928,441.86295,1968843.5,-0.067476128,0,1
180.0,122.25,3,393.06272,393.21237,765.46693,-372.40421,442.06295,2069788.2,-0.066933156,0,1
180.0,122.5,3,396.29908,396.44706,771.78544,-375.48635,442.46295,2287469.7,-0.066387035,0,1
180.0,122.75,3,399.60926,399.75484,778.24731,-378.63805,442.86295,2528045.0,-0.065837715,0,1
180.0,123.0,3,402.99604,403.13851,784.85772,-381.86168,443.26295,2793921.9,-0.065285117,0,1
180.0,123.25,3,406.46233,406.60071,791.62232,-385.15999,443.46295,2937169.3,-0.064729216,0,1
180.0,123.5,3,410.01126,410.14394,798.54721,-388.53595,443.86295,3246074.1,-0.06417002,0,1
180.0,123.75,3,413.64614,413.7717,805.63839,-391.99225,444.26295,3587466.7,-0.063607408,0,1
180.0,124.0,3,417.37049,417.48682,812.90249,-395.532,444.66295,3964763.8,-0.06304138,0,1
180.0,124.25,3,421.18807,421.29257,820.34707,-399.159,445.06295,4381741.7,-0.062471895,0,1
180.0,124.5,3,425.10288,425.19277,827.97789,-402.875,445.46295,4842573.5,-0.061898853,0,1
180.0,124.75,3,429.11918,429.19043,835.80689,-406.68771,445.86295,5351871.4,-0.061322302,0,1
180.0,125.0,3,433.24146,433.29018,843.83995,-410.59849,446.06295,5626267.7,-0.060742076,0,1
180.0,125.25,3,437.47454,437.49522,852.08576,-414.61121,446.66295,6536790.5,-0.060158247,0,1
180.0,125.5,3,441.82349,441.81068,860.55669,-418.73319,447.06295,7224270.7,-0.059570641,0,1
180.0,125.75,3,446.29373,446.2402,869.2609,-422.96717,447.46295,7984053.9,-0.058979323,0,1
180.0,126.0,2,450.89094,450.7893,878.21019,-427.31925,447.86295,8823744.2,-0.058384139,0,1
180.0,126.25,2,455.62117,455.46252,887.41659,-431.79542,448.26295,9751745.5,-0.057785096,0,1
180.0,126.5,2,460.49083,460.26531,896.89224,-436.40141,448.66295,10777346.0,-0.057182118,0,1
180.0,126.75,2,465.5067,465.20357,906.65118,-441.14449,449.06295,11910809.0,-0.056575114,0,1
180.0,127.0,2,470.67597,470.28268,916.70646,-446.03049,449.66295,13838386.0,-0.055964096,0,1
180.0,127.25,2,476.00627,475.50938,927.07367,-451.0674,450.06295,15293781.0,-0.055348951,0,1
180.0,127.5,2,481.50571,480.89045,937.768,-456.26228,450.46295,16902242.0,-0.054729606,0,1
180.0,127.75,2,487.18291,486.43284,948.80655,-461.62364,451.06295,19637604.0,-0.054106021,0,1
180.0,128.0,2,493.04703,492.1439,960.20482,-467.15779,451.46295,21702909.0,-0.053478149,0,1
180.0,128.25,2,499.1079,498.03204,971.98699,-472.87909,452.06295,25215182.0,-0.052845887,0,1
180.0,128.5,2,505.37592,504.10582,984.16979,-478.79387,452.46295,27867086.0,-0.052209167,0,1
180.0,128.75,2,511.86228,510.37438,996.77284,-484.91057,453.06295,32376935.0,-0.05156792,0,1
180.0,129.0,2,518.57894,516.84747,1009.8254,-491.24643,453.46295,35782047.0,-0.050922074,0,1
180.0,129.25,2,525.53869,523.53552,1023.3453,-497.80661,454.06295,41572808.0,-0.050271556,0,1
180.0,129.5,2,532.75532,530.44972,1037.3666,-504.6113,454.66295,48300712.0,-0.049616286,0,1
180.0,129.75,2,540.24358,537.60203,1051.9105,-511.66688,455.26295,56117421.0,-0.048956187,0,1
180.0,130.0,2,548.01943,545.0053,1067.0158,-518.99642,455.66295,62019341.0,-0.048291173,0,1
180.0,130.25,2,556.10002,552.67334,1082.7085,-526.60851,456.26295,72056194.0,-0.047621159,0,1
180.0,130.5,2,564.50386,560.621,1099.026,-534.52216,456.86295,83717354.0,-0.046946056,0,1
180.0,130.75,2,573.25108,568.86428,1116.0142,-542.76317,457.46295,97265689.0,-0.046265772,0,1
180.0,131.0,2,582.36334,577.42044,1133.7052,-551.3419,458.26295,118800580.0,-0.04558021,0,1
180.0,131.25,2,591.86423,586.30814,1152.1497,-560.28544,458.86295,138026580.0,-0.044889272,0,1
180.0,131.5,2,601.77943,595.54753,1171.4012,-569.62176,459.46295,160364010.0,-0.044192854,0,1
180.0,131.75,2,612.13684,605.1605,1191.5059,-579.3691,460.06295,186316400.0,-0.043490851,0,1
180.0,132.0,2,622.96695,615.17015,1212.5261,-589.55915,460.86295,227567360.0,-0.042783196,0,1
180.0,132.25,2,634.30307,625.60268,1234.5272,-600.22411,461.46295,264395550.0,-0.042069745,0,1
180.0,132.5,2,646.18178,636.48629,1257.5844,-611.40266,462.26295,322933460.0,-0.041350372,0,1
180.0,132.75,2,658.64318,647.85108,1281.7676,-623.12446,463.06295,394431820.0,-0.040624992,0,1
180.0,133.0,2,671.73141,659.73051,1307.1654,-635.43397,463.66295,458264390.0,-0.039893479,0,1
180.0,133.25,2,685.4952,672.16179,1333.8724,-648.37719,464.46295,559725390.0,-0.03915567,0,1
180.0,133.5,2,699.98843,685.18377,1361.9938,-662.00539,465.26295,683650140.0,-0.038411513,0,1
180.0,133.75,2,715.27088,698.8421,1391.6455,-676.37459,466.06295,835012160.0,-0.037660789,0,1
180.0,134.0,2,731.40902,713.18409,1422.956,-691.54694,467.06295,1072176800.0,-0.036903438,0,1
180.0,134.25,2,748.47699,728.28566,1456.0687,-707.59174,467.86295,1309559800.0,-0.036138217,0,1
